date,open,high,low,close,volume,div,split
2016-08-05,17.27,17.44,17.23,17.40,49691456,,
2016-08-08,17.50,17.56,17.43,17.51,31611788,,
2016-08-09,17.50,17.61,17.49,17.60,46273940,,
2016-08-10,17.57,17.65,17.51,17.65,25991192,,
2016-08-11,17.55,17.64,17.36,17.49,43613680,,
2016-08-12,17.54,17.62,17.51,17.55,21034824,,
2016-08-15,17.55,17.62,17.48,17.59,19189900,,
2016-08-16,17.57,17.62,17.43,17.49,17727968,,
2016-08-17,17.48,17.52,17.44,17.51,35701440,,
2016-08-18,17.50,17.54,17.45,17.48,13100136,,
2016-08-19,17.48,17.61,17.30,17.30,33199204,,
2016-08-22,17.25,17.29,17.11,17.18,28333644,,
2016-08-23,17.23,17.40,17.23,17.35,28336036,,
2016-08-24,17.34,17.39,17.30,17.30,20285916,,
2016-08-25,17.32,17.54,17.32,17.50,32090272,,
2016-08-26,17.49,17.57,17.45,17.52,11967756,,
2016-08-29,17.48,17.54,17.30,17.51,14219696,,
2016-08-30,17.50,17.56,17.45,17.50,15164888,,
2016-08-31,17.46,17.51,17.32,17.35,20824324,,
2016-09-01,17.32,17.32,17.15,17.26,23860716,,
2016-09-02,17.27,17.32,17.20,17.29,10461928,,
2016-09-05,17.45,17.57,17.45,17.57,34092164,,
2016-09-06,17.56,17.73,17.56,17.71,29371884,,
2016-09-07,17.74,17.98,17.74,17.96,38747108,,
2016-09-08,17.95,17.95,17.85,17.90,18697316,,
2016-09-09,17.73,17.73,17.59,17.60,20921496,,
2016-09-12,17.34,17.34,17.18,17.21,28945744,,
2016-09-13,17.27,17.30,17.05,17.21,28493144,,
2016-09-14,17.12,17.26,17.11,17.11,22496644,,
2016-09-19,17.35,17.75,17.35,17.75,39551620,,
2016-09-20,17.73,17.75,17.65,17.73,11180720,,
2016-09-21,17.69,17.84,17.64,17.81,48624876,,
2016-09-22,17.98,18.00,17.81,17.85,19717528,,
2016-09-23,17.88,17.98,17.85,17.98,16862952,,
2016-09-26,17.88,17.88,17.75,17.75,14946312,,
2016-09-27,17.75,17.75,17.75,17.75,0,,
2016-09-28,17.75,17.75,17.75,17.75,0,,
2016-09-29,17.96,18.04,17.85,17.98,38497932,,
2016-09-30,17.79,17.84,17.70,17.74,23375756,,
2016-10-03,17.80,17.90,17.77,17.86,15552136,,
2016-10-04,17.86,17.94,17.82,17.94,20679396,,
2016-10-05,17.90,17.96,17.86,17.88,11353240,,
2016-10-06,17.93,17.94,17.86,17.93,8287072,,
2016-10-07,17.90,17.95,17.90,17.91,12213700,,
2016-10-11,18.09,18.11,17.80,17.86,27783292,,
2016-10-12,17.88,18.07,17.84,18.06,24228792,,
2016-10-13,18.05,18.07,17.86,17.93,21819768,,
2016-10-14,17.82,17.98,17.82,17.86,14532872,,
2016-10-17,17.86,17.90,17.65,17.86,17688392,,
2016-10-18,17.88,17.99,17.82,17.99,14479784,,
2016-10-19,18.00,18.15,18.00,18.09,86301328,,
2016-10-20,18.09,18.19,18.09,18.16,19344128,,
2016-10-21,18.16,18.26,18.14,18.15,16938960,,
2016-10-24,18.21,18.24,18.15,18.18,13060488,,
2016-10-25,18.21,18.38,18.21,18.35,14863092,,
2016-10-26,18.25,18.29,18.23,18.25,11473816,,
2016-10-27,18.25,18.29,18.10,18.15,12681616,,
2016-10-28,18.15,18.19,18.11,18.15,17100148,,
2016-10-31,18.06,18.18,17.93,18.15,21856584,,
2016-11-01,18.06,18.15,18.02,18.15,8097348,,
2016-11-02,17.99,18.00,17.90,17.94,22009916,,
2016-11-03,17.86,17.90,17.77,17.80,18218928,,
2016-11-04,17.75,17.80,17.71,17.75,17385484,,
2016-11-07,17.95,18.00,17.86,18.00,12941500,,
2016-11-08,18.04,18.10,18.00,18.09,10776436,,
2016-11-09,18.21,18.26,17.50,17.50,79746700,,
2016-11-10,17.95,18.02,17.94,18.00,26798796,,
2016-11-11,17.59,17.68,17.49,17.51,33503324,,
2016-11-14,17.49,17.57,17.36,17.52,28468604,,
2016-11-15,17.45,17.52,17.44,17.48,16062736,,
2016-11-16,17.55,17.62,17.49,17.50,98998440,,
2016-11-17,17.50,17.55,17.44,17.55,13253944,,
2016-11-18,17.52,17.60,17.48,17.60,8478156,,
2016-11-21,17.57,17.62,17.52,17.62,10599960,,
2016-11-22,17.69,17.91,17.69,17.86,21175128,,
2016-11-23,17.88,17.98,17.86,17.95,7630868,,
2016-11-24,17.90,17.90,17.80,17.85,9213640,,
2016-11-25,17.84,17.91,17.81,17.84,10597000,,
2016-11-28,17.84,18.00,17.84,17.94,10584196,,
2016-11-29,17.98,18.00,17.91,17.91,5671484,,
2016-11-30,17.93,17.98,17.88,17.93,7673300,,
2016-12-01,17.90,18.02,17.90,18.00,7823268,,
2016-12-02,17.80,17.80,17.73,17.80,13230792,,
2016-12-05,17.80,17.80,17.70,17.77,5552676,,
2016-12-06,17.95,18.05,17.94,18.00,9743816,,
2016-12-07,18.05,18.09,17.98,18.00,5869508,,
2016-12-08,18.07,18.25,18.07,18.23,24342380,,
2016-12-09,18.26,18.30,18.24,18.29,21673124,,
2016-12-12,18.32,18.39,18.19,18.21,12834224,,
2016-12-13,18.21,18.25,18.16,18.24,10194560,,
2016-12-14,18.30,18.32,18.23,18.27,11311920,,
2016-12-15,18.14,18.25,18.10,18.25,12071144,,
2016-12-16,18.20,18.20,18.07,18.07,8593712,,
2016-12-19,18.06,18.07,17.96,17.96,10723840,,
2016-12-20,17.99,17.99,17.89,17.94,8119164,,
2016-12-21,17.94,17.96,17.88,17.93,37284788,,
2016-12-22,17.89,17.89,17.70,17.70,19886148,,
2016-12-23,17.65,17.71,17.59,17.64,20503824,,
2016-12-26,17.66,17.70,17.64,17.70,8419716,,
2016-12-27,17.70,17.73,17.66,17.69,9977116,,
2016-12-28,17.71,17.90,17.71,17.90,14744040,,
2016-12-29,17.86,17.86,17.80,17.81,7644424,,
2016-12-30,17.91,18.00,17.89,17.95,10905812,,
2017-01-03,17.93,17.98,17.88,17.98,9325724,,
2017-01-04,18.00,18.02,17.94,17.96,17136780,,
2017-01-05,17.96,18.12,17.95,18.12,18294400,,
2017-01-06,18.11,18.19,18.11,18.16,15011992,,
2017-01-09,18.19,18.24,18.07,18.11,20153160,,
2017-01-10,18.11,18.15,18.10,18.10,7431412,,
2017-01-11,18.20,18.21,18.10,18.10,7592212,,
2017-01-12,18.15,18.32,18.15,18.29,19429836,,
2017-01-13,18.20,18.20,18.15,18.15,15639440,,
2017-01-16,18.10,18.10,17.95,18.00,9673756,,
2017-01-17,18.00,18.10,18.00,18.07,6290964,,
2017-01-18,18.05,18.05,18.01,18.04,15351272,,
2017-01-19,17.96,18.02,17.90,17.99,16262236,,
2017-01-20,17.99,18.06,17.99,18.04,9688696,,
2017-01-23,18.14,18.25,18.14,18.19,23860356,,
2017-01-24,18.25,18.32,18.23,18.32,18300416,,
2017-02-02,18.38,18.41,18.19,18.23,27996588,,
2017-02-03,18.24,18.29,18.16,18.21,11236776,,
2017-02-06,18.25,18.35,18.24,18.31,11788984,,
2017-02-07,18.27,18.36,18.27,18.32,17220928,,
2017-02-08,17.98,17.98,17.84,17.94,17735756,0.425,
2017-02-09,17.94,18.05,17.91,18.00,14193680,,
2017-02-10,18.02,18.24,18.02,18.20,19479148,,
2017-02-13,18.20,18.27,18.20,18.24,13320588,,
2017-02-14,18.35,18.38,18.27,18.30,24286672,,
2017-02-15,18.32,18.48,18.30,18.48,37628016,,
2017-02-16,18.50,18.55,18.34,18.36,21866524,,
2017-02-17,18.41,18.43,18.34,18.34,20771092,,
2017-02-20,18.39,18.41,18.27,18.27,11210424,,
2017-02-21,18.30,18.35,18.26,18.31,13349556,,
2017-02-22,18.40,18.43,18.29,18.32,11753588,,
2017-02-23,18.31,18.39,18.27,18.27,9329768,,
2017-02-24,18.26,18.32,18.21,18.29,7379160,,
2017-03-01,18.27,18.27,18.09,18.09,12429400,,
2017-03-02,18.24,18.31,18.06,18.14,28231488,,
2017-03-03,18.07,18.09,18.00,18.02,17640904,,
2017-03-06,18.01,18.06,18.00,18.04,8709452,,
2017-03-07,18.06,18.15,18.06,18.11,8109184,,
2017-03-08,18.16,18.21,18.11,18.21,8728588,,
2017-03-09,18.15,18.15,17.99,18.01,13525580,,
2017-03-10,17.99,18.01,17.89,18.00,21693140,,
2017-03-13,18.04,18.12,18.04,18.12,10061528,,
2017-03-14,18.15,18.27,18.15,18.25,15793412,,
2017-03-15,18.20,18.25,18.15,18.21,13961488,,
2017-03-16,18.32,18.46,18.32,18.45,30180596,,
2017-03-17,18.46,18.52,18.44,18.50,21063500,,
2017-03-20,18.49,18.54,18.46,18.49,20292744,,
2017-03-21,18.57,18.73,18.57,18.73,34045080,,
2017-03-22,18.56,18.56,18.50,18.55,19759900,,
2017-03-23,18.65,18.66,18.54,18.59,16423820,,
2017-03-24,18.59,18.60,18.52,18.56,13232480,,
2017-03-27,18.50,18.60,18.46,18.55,9897360,,
2017-03-28,18.64,18.65,18.49,18.56,22262136,,
2017-03-29,18.61,18.62,18.50,18.50,9856772,,
2017-03-30,18.50,18.56,18.48,18.48,8725832,,
2017-03-31,18.49,18.52,18.43,18.43,8035548,,
2017-04-05,18.49,18.70,18.49,18.66,14377472,,
2017-04-06,18.70,18.70,18.57,18.60,11244600,,
2017-04-07,18.57,18.57,18.35,18.52,7556660,,
2017-04-10,18.52,18.56,18.50,18.55,4243156,,
2017-04-11,18.52,18.60,18.44,18.48,5067836,,
2017-04-12,18.48,18.52,18.41,18.51,7760588,,
2017-04-13,18.48,18.61,18.48,18.60,24018700,,
2017-04-14,18.48,18.48,18.38,18.39,10697120,,
2017-04-17,18.39,18.45,18.34,18.40,21357960,,
2017-04-18,18.46,18.50,18.38,18.40,16399696,,
2017-04-19,18.27,18.31,18.16,18.20,36741784,,
2017-04-20,18.14,18.23,18.12,18.20,12569024,,
2017-04-21,18.31,18.38,18.27,18.38,12988852,,
2017-04-24,18.48,18.49,18.36,18.41,17237856,,
2017-04-25,18.46,18.60,18.43,18.59,22792244,,
2017-04-26,18.68,18.68,18.60,18.64,16471812,,
2017-04-27,18.59,18.62,18.54,18.62,14741160,,
2017-04-28,18.62,18.65,18.57,18.64,17692400,,
2017-05-02,18.75,18.85,18.75,18.80,62913456,,
2017-05-03,18.82,18.91,18.82,18.89,18847812,,
2017-05-04,18.89,18.91,18.84,18.91,15987300,,
2017-05-05,18.86,18.86,18.77,18.79,21151260,,
2017-05-08,18.89,18.93,18.81,18.93,16333496,,
2017-05-09,18.93,19.12,18.93,18.99,16760944,,
2017-05-10,19.04,19.09,19.00,19.06,7052140,,
2017-05-11,19.02,19.12,19.00,19.12,8073252,,
2017-05-12,19.06,19.12,19.04,19.07,11243956,,
2017-05-15,19.07,19.14,19.05,19.12,5142880,,
2017-05-16,19.12,19.15,19.06,19.12,6393328,,
2017-05-17,19.07,19.10,19.01,19.07,5326112,,
2017-05-18,18.91,18.98,18.82,18.98,17087712,,
2017-05-19,18.91,18.98,18.91,18.96,4651388,,
2017-05-22,18.99,19.04,18.94,19.01,10304548,,
2017-05-23,19.01,19.11,19.00,19.09,15377404,,
2017-05-24,19.09,19.11,19.06,19.07,11545072,,
2017-05-25,19.18,19.25,19.11,19.25,18727908,,
2017-05-26,19.25,19.29,19.19,19.24,16073316,,
2017-05-31,19.24,19.38,19.10,19.12,10805204,,
2017-06-01,19.12,19.23,19.12,19.23,8886768,,
2017-06-02,19.32,19.32,19.26,19.30,14163736,,
2017-06-05,19.34,19.50,19.31,19.50,13127008,,
2017-06-06,19.49,19.49,19.43,19.49,4812028,,
2017-06-07,19.48,19.52,19.43,19.49,7379160,,
2017-06-08,19.49,19.56,19.45,19.56,7547444,,
2017-06-09,19.51,19.59,19.49,19.50,12041656,,
2017-06-12,19.29,19.38,19.26,19.29,13203260,,
2017-06-13,19.29,19.32,19.25,19.31,6463920,,
2017-06-14,19.35,19.35,19.12,19.21,13522368,,
2017-06-15,19.20,19.23,19.15,19.23,6029904,,
2017-06-16,19.23,19.43,19.21,19.43,16932372,,
2017-06-19,19.43,19.64,19.43,19.64,20579340,,
2017-06-20,19.65,19.91,19.65,19.86,16187336,,
2017-06-21,19.80,19.98,19.71,19.89,54451816,,
2017-06-22,19.90,19.96,19.89,19.94,24451200,,
2017-06-23,19.94,20.01,19.91,19.93,34068356,,
2017-06-26,19.95,20.38,19.95,20.35,57017924,,
2017-06-27,20.35,20.38,20.25,20.32,12104808,,
2017-06-28,20.23,20.26,20.07,20.14,25147648,,
2017-06-29,20.25,20.26,20.12,20.16,5709020,,
2017-06-30,20.02,20.10,19.95,20.10,12282612,,
2017-07-03,20.10,20.15,20.05,20.11,6204184,,
2017-07-04,20.11,20.15,20.00,20.00,4948796,,
2017-07-05,20.02,20.19,19.94,20.19,9097248,,
2017-07-06,20.19,20.19,20.05,20.10,9969676,,
2017-07-07,20.06,20.06,19.95,19.99,14279240,,
2017-07-10,20.00,20.11,20.00,20.09,14199716,,
2017-07-11,20.18,20.39,20.14,20.39,16555084,,
2017-07-12,20.38,20.45,20.32,20.39,15792908,,
2017-07-13,20.49,20.60,20.44,20.55,15970496,,
2017-07-14,20.50,20.54,20.45,20.51,9126536,,
2017-07-17,20.62,20.64,20.50,20.55,10750572,,
2017-07-18,20.55,20.60,20.46,20.60,13110824,,
2017-07-19,20.59,20.75,20.59,20.68,29070760,,
2017-07-20,20.71,20.73,20.64,20.66,8082744,,
2017-07-21,20.65,20.65,20.51,20.52,17863648,,
2017-07-24,20.49,20.57,20.44,20.57,9457268,,
2017-07-25,20.57,20.62,20.52,20.61,8506584,,
2017-07-26,20.64,20.69,20.51,20.54,9429780,,
2017-07-27,20.55,20.75,20.55,20.75,8854880,,
2017-07-28,20.60,20.61,20.49,20.52,17606404,,
2017-07-31,20.36,20.38,20.26,20.34,11226396,0.175,
2017-08-01,20.54,20.54,20.39,20.45,10569560,,
2017-08-02,20.50,20.66,20.50,20.62,20181832,,
2017-08-03,20.46,20.59,20.43,20.55,16116432,,
2017-08-04,20.54,20.59,20.51,20.59,4575992,,
2017-08-07,20.61,20.75,20.61,20.74,16435276,,
2017-08-08,20.76,20.81,20.64,20.73,11942984,,
2017-08-09,20.64,20.65,20.51,20.54,12488912,,
2017-08-10,20.59,20.61,20.34,20.40,12675976,,
2017-08-11,20.21,20.34,20.19,20.31,10989160,,
2017-08-14,20.36,20.40,20.19,20.19,8981648,,
2017-08-15,20.32,20.38,20.24,20.32,10835444,,
2017-08-16,20.29,20.31,20.15,20.25,25131344,,
2017-08-17,20.31,20.43,20.29,20.41,7875208,,
2017-08-18,20.25,20.29,20.16,20.29,9262572,,
2017-08-21,20.26,20.30,20.19,20.26,8201116,,
2017-08-22,20.36,20.48,20.36,20.46,15946580,,
2017-08-23,20.50,20.56,20.44,20.44,22018028,,
2017-08-24,20.46,20.64,20.46,20.64,13951484,,
2017-08-25,20.66,20.69,20.60,20.68,10459032,,
2017-08-28,20.68,20.70,20.60,20.64,11092904,,
2017-08-29,20.56,20.60,20.49,20.57,4914728,,
2017-08-30,20.66,20.73,20.65,20.68,16479772,,
2017-08-31,20.79,20.79,20.68,20.74,13137268,,
2017-09-01,20.74,20.80,20.66,20.75,17717428,,
2017-09-04,20.73,20.76,20.68,20.71,10383840,,
2017-09-05,20.73,20.75,20.66,20.74,10256056,,
2017-09-06,20.68,20.73,20.59,20.65,11565836,,
2017-09-07,20.70,20.71,20.55,20.56,5475400,,
2017-09-08,20.60,20.73,20.60,20.68,11367228,,
2017-09-11,20.81,20.84,20.62,20.64,6510960,,
2017-09-12,20.74,20.76,20.66,20.71,5577004,,
2017-09-13,20.73,20.75,20.56,20.57,8701656,,
2017-09-14,20.57,20.64,20.54,20.59,6998744,,
2017-09-15,20.59,20.62,20.52,20.59,7284024,,
2017-09-18,20.71,20.79,20.65,20.79,10771272,,
2017-09-19,20.80,20.82,20.66,20.69,5825792,,
2017-09-20,20.62,20.66,20.52,20.55,39854696,,
2017-09-21,20.51,20.70,20.49,20.68,7320912,,
2017-09-22,20.65,20.65,20.39,20.40,22423144,,
2017-09-25,20.39,20.39,20.19,20.24,28284184,,
2017-09-26,20.20,20.26,20.07,20.07,47009200,,
2017-09-27,20.15,20.23,20.14,20.18,24971608,,
2017-09-28,20.19,20.20,20.07,20.10,27597268,,
2017-09-29,20.11,20.16,20.07,20.16,13775460,,
2017-10-02,20.31,20.40,20.31,20.38,13040768,,
2017-10-03,20.39,20.43,20.32,20.38,6312412,,
2017-10-05,20.38,20.52,20.38,20.46,25628312,,
2017-10-06,20.52,20.55,20.49,20.52,16507124,,
2017-10-11,20.61,20.85,20.61,20.85,63901824,,
2017-10-12,20.89,21.05,20.89,21.05,35080176,,
2017-10-13,20.99,21.01,20.94,21.01,14384064,,
2017-10-16,21.01,21.12,21.01,21.12,16182852,,
2017-10-17,21.14,21.18,21.07,21.07,12935588,,
2017-10-18,21.20,21.25,21.07,21.15,17890512,,
2017-10-19,21.18,21.30,21.18,21.23,9789764,,
2017-10-20,21.10,21.21,21.10,21.14,6902248,,
2017-10-23,21.18,21.24,21.11,21.12,7087432,,
2017-10-24,21.12,21.12,21.05,21.10,4288612,,
2017-10-25,21.07,21.15,21.05,21.09,9666564,,
2017-10-26,21.04,21.10,21.00,21.06,12905928,,
2017-10-27,21.07,21.19,21.05,21.07,8564552,,
2017-10-30,21.27,21.34,21.20,21.24,13431968,,
2017-10-31,21.25,21.34,21.20,21.30,8525736,,
2017-11-01,21.34,21.35,21.24,21.27,5254992,,
2017-11-02,21.24,21.26,21.18,21.20,6250148,,
2017-11-03,21.24,21.26,21.15,21.18,5823476,,
2017-11-06,21.30,21.32,21.15,21.21,6293204,,
2017-11-07,21.25,21.32,21.21,21.32,8845884,,
2017-11-08,21.30,21.30,21.24,21.24,3239520,,
2017-11-09,21.24,21.26,21.10,21.10,5033196,,
2017-11-10,21.07,21.14,20.99,21.14,3692824,,
2017-11-13,21.06,21.10,21.05,21.07,3917128,,
2017-11-14,21.07,21.07,20.99,21.04,4063196,,
2017-11-15,20.95,20.96,20.79,20.82,24280764,,
2017-11-16,20.82,20.94,20.80,20.90,8707248,,
2017-11-17,21.07,21.11,21.04,21.09,28784476,,
2017-11-20,21.10,21.11,20.98,21.00,9204096,,
2017-11-21,20.98,21.20,20.98,21.19,17878752,,
2017-11-22,21.29,21.40,21.23,21.29,19654892,,
2017-11-23,21.29,21.34,21.24,21.30,6208204,,
2017-11-24,21.31,21.32,21.24,21.29,4274136,,
2017-11-27,21.29,21.29,21.02,21.04,8509216,,
2017-11-28,20.99,21.00,20.88,20.90,8028492,,
2017-11-29,20.91,20.99,20.89,20.93,5527436,,
2017-11-30,20.75,20.75,20.56,20.56,32153968,,
2017-12-01,20.54,20.73,20.41,20.65,22481288,,
2017-12-04,20.66,20.74,20.59,20.73,6014996,,
2017-12-05,20.64,20.66,20.55,20.56,7520528,,
2017-12-06,20.52,20.52,20.21,20.21,52941612,,
2017-12-07,20.30,20.31,20.11,20.23,29236120,,
2017-12-08,20.38,20.38,20.16,20.23,25120068,,
2017-12-11,20.30,20.41,20.30,20.38,10955980,,
2017-12-12,20.35,20.38,20.14,20.24,15762584,,
2017-12-13,20.27,20.30,20.23,20.25,6707996,,
2017-12-14,20.39,20.50,20.34,20.44,8985120,,
2017-12-15,20.41,20.41,20.16,20.27,16308644,,
2017-12-18,20.30,20.31,20.21,20.30,15370456,,
2017-12-19,20.30,20.35,20.18,20.20,16380392,,
2017-12-20,20.20,20.27,20.19,20.26,18609096,,
2017-12-21,20.27,20.34,20.25,20.25,4963292,,
2017-12-22,20.20,20.34,20.18,20.32,6579364,,
2017-12-25,20.32,20.39,20.32,20.36,4011732,,
2017-12-26,20.36,20.36,20.12,20.16,10312784,,
2017-12-27,20.15,20.23,20.14,20.23,14400572,,
2017-12-28,20.31,20.44,20.31,20.43,12379264,,
2017-12-29,20.44,20.55,20.44,20.54,18761184,,
2018-01-02,20.54,20.65,20.54,20.65,14452796,,
2018-01-03,20.74,20.86,20.74,20.84,28785748,,
2018-01-04,20.88,20.91,20.80,20.88,22510260,,
2018-01-05,20.88,20.95,20.82,20.94,30467184,,
2018-01-08,20.95,21.04,20.93,21.02,20758444,,
2018-01-09,21.02,21.06,20.98,21.04,14658864,,
2018-01-10,21.02,21.06,20.89,20.94,22998388,,
2018-01-11,20.91,20.93,20.77,20.85,10316900,,
2018-01-12,20.89,21.05,20.88,21.02,11484772,,
2018-01-15,21.14,21.18,21.10,21.16,11279408,,
2018-01-16,21.16,21.25,21.12,21.25,15823364,,
2018-01-17,21.16,21.36,21.16,21.29,22793072,,
2018-01-18,21.38,21.64,21.38,21.57,27595212,,
2018-01-19,21.59,21.79,21.59,21.79,21208288,,
2018-01-22,21.79,21.99,21.79,21.99,17764244,,
2018-01-23,22.01,22.10,21.98,22.07,23199728,,
2018-01-24,22.00,22.00,21.71,21.80,20413716,,
2018-01-25,21.81,22.07,21.79,21.86,19934736,,
2018-01-26,21.86,21.90,21.71,21.88,31098692,,
2018-01-29,21.38,21.54,21.30,21.39,25783188,0.55,
2018-01-30,21.30,21.34,21.12,21.14,19865044,,
2018-01-31,21.10,21.25,21.04,21.16,17006956,,
2018-02-01,21.19,21.38,21.19,21.31,11658156,,
2018-02-02,21.21,21.29,21.09,21.23,12326368,,
2018-02-05,20.80,20.94,20.73,20.90,28303608,,
2018-02-06,20.21,20.27,19.70,19.91,128890380,,
2018-02-07,20.34,20.35,20.15,20.16,40727628,,
2018-02-08,20.16,20.24,20.07,20.15,18058764,,
2018-02-09,19.65,19.80,19.50,19.76,64844948,,
2018-02-12,19.89,19.98,19.85,19.93,33775180,,
2018-02-21,20.35,20.43,20.27,20.38,46584340,,
2018-02-22,20.38,20.38,20.19,20.25,14999640,,
2018-02-23,20.35,20.52,20.35,20.50,14317264,,
2018-02-26,20.64,20.70,20.59,20.60,13156828,,
2018-02-27,20.77,20.80,20.59,20.59,30654984,,
2018-03-01,20.39,20.49,20.29,20.44,17376880,,
2018-03-02,20.21,20.30,20.11,20.29,25049444,,
2018-03-05,20.27,20.38,20.16,20.19,14895028,,
2018-03-06,20.41,20.54,20.40,20.54,22128816,,
2018-03-07,20.44,20.61,20.43,20.45,10476644,,
2018-03-08,20.54,20.70,20.54,20.69,12930332,,
2018-03-09,20.73,20.75,20.68,20.71,11328256,,
2018-03-12,20.90,21.06,20.89,21.04,35009296,,
2018-03-13,21.09,21.24,21.07,21.24,39349740,,
2018-03-14,21.09,21.11,21.00,21.07,13663712,,
2018-03-15,21.00,21.07,20.98,21.06,14027592,,
2018-03-16,21.00,21.05,20.77,20.98,22042684,,
2018-03-19,20.91,21.02,20.86,20.96,8142136,,
2018-03-20,20.80,20.95,20.80,20.95,11581400,,
2018-03-21,20.95,21.02,20.90,20.96,19566108,,
2018-03-22,21.00,21.15,20.86,20.89,13719700,,
2018-03-23,20.46,20.60,20.45,20.52,32238952,,
2018-03-26,20.46,20.55,20.40,20.55,17476488,,
2018-03-27,20.75,20.85,20.74,20.85,13110272,,
2018-03-28,20.73,20.73,20.55,20.56,16644768,,
2018-03-29,20.56,20.59,20.45,20.52,16399420,,
2018-03-30,20.66,20.76,20.66,20.71,19976360,,
2018-04-02,20.71,20.74,20.54,20.56,14949196,,
2018-04-03,20.38,20.39,20.30,20.38,24750092,,
2018-04-09,20.54,20.57,20.40,20.55,13605720,,
2018-04-10,20.52,20.71,20.44,20.62,15441988,,
2018-04-11,20.73,20.77,20.69,20.71,10414612,,
2018-04-12,20.76,20.79,20.56,20.62,14366292,,
2018-04-13,20.68,20.70,20.57,20.62,11930928,,
2018-04-16,20.66,20.66,20.50,20.57,7236792,,
2018-04-17,20.60,20.60,20.34,20.35,17300160,,
2018-04-18,20.40,20.52,20.34,20.40,14959348,,
2018-04-19,20.48,20.66,20.48,20.66,17845076,,
2018-04-20,20.25,20.27,20.12,20.19,36070860,,
2018-04-23,20.06,20.11,19.98,19.99,42499120,,
2018-04-24,19.98,19.99,19.76,19.89,67471148,,
2018-04-25,19.81,19.82,19.70,19.82,65843988,,
2018-04-26,19.93,19.93,19.70,19.76,65943112,,
2018-04-27,19.90,19.91,19.70,19.80,49582444,,
2018-04-30,19.91,20.04,19.76,20.00,26067932,,
2018-05-02,20.01,20.04,19.85,19.85,22053992,,
2018-05-03,19.76,19.76,19.59,19.64,35293736,,
2018-05-04,19.64,19.75,19.60,19.74,13901692,,
2018-05-07,19.88,19.89,19.70,19.88,15433528,,
2018-05-08,19.85,20.01,19.84,20.00,21408464,,
2018-05-09,20.00,20.14,20.00,20.11,13436088,,
2018-05-10,20.18,20.18,20.11,20.16,23909216,,
2018-05-11,20.27,20.43,20.26,20.40,70617188,,
2018-05-14,20.50,20.65,20.48,20.62,68790744,,
2018-05-15,20.59,20.60,20.41,20.41,28889928,,
2018-05-16,20.36,20.45,20.35,20.44,33174404,,
2018-05-17,20.49,20.50,20.30,20.30,7763112,,
2018-05-18,20.30,20.38,20.21,20.24,9442848,,
2018-05-21,20.30,20.52,20.30,20.51,15558644,,
2018-05-22,20.45,20.57,20.44,20.44,7349796,,
2018-05-23,20.48,20.50,20.32,20.34,8497492,,
2018-05-24,20.34,20.43,20.31,20.39,4541296,,
2018-05-25,20.39,20.51,20.35,20.46,12462992,,
2018-05-28,20.51,20.56,20.50,20.55,11761532,,
2018-05-29,20.55,20.55,20.38,20.46,5554160,,
2018-05-30,20.35,20.35,20.07,20.10,24711276,,
2018-05-31,20.20,20.24,20.14,20.19,6423688,,
2018-06-01,20.20,20.36,20.20,20.34,7394776,,
2018-06-04,20.45,20.65,20.45,20.65,28324256,,
2018-06-05,20.68,20.68,20.56,20.62,10783684,,
2018-06-06,20.66,20.84,20.66,20.82,25593288,,
2018-06-07,20.88,20.90,20.75,20.86,26817272,,
2018-06-08,20.82,20.82,20.62,20.64,13878156,,
2018-06-11,20.70,20.74,20.60,20.66,13057500,,
2018-06-12,20.56,20.62,20.49,20.62,8972896,,
2018-06-13,20.61,20.77,20.59,20.75,18672580,,
2018-06-14,20.62,20.64,20.44,20.44,14257072,,
2018-06-15,20.40,20.49,20.30,20.49,15448488,,
2018-06-19,20.27,20.30,20.15,20.15,19976952,,
2018-06-20,20.16,20.43,20.07,20.38,31467980,,
2018-06-21,20.38,20.40,20.30,20.31,8539404,,
2018-06-22,20.20,20.30,20.09,20.29,25929844,,
2018-06-25,20.21,20.26,20.18,20.23,31972724,,
2018-06-26,20.18,20.18,20.00,20.18,65736564,,
2018-06-27,20.19,20.23,20.07,20.10,33232196,,
2018-06-28,20.01,20.10,19.95,20.01,48256080,,
2018-06-29,20.07,20.39,20.05,20.36,26336852,,
2018-07-02,20.38,20.48,20.25,20.26,16702512,,
2018-07-03,20.32,20.49,20.15,20.29,20094748,,
2018-07-04,20.29,20.40,20.27,20.35,6985796,,
2018-07-05,20.36,20.36,20.15,20.19,12476328,,
2018-07-06,20.27,20.29,20.05,20.24,21405968,,
2018-07-09,20.44,20.61,20.39,20.56,36155112,,
2018-07-10,20.66,20.70,20.59,20.61,19655208,,
2018-07-11,20.43,20.48,20.32,20.43,15596276,,
2018-07-12,20.40,20.66,20.38,20.66,27531384,,
2018-07-13,20.75,20.85,20.70,20.84,54647116,,
2018-07-16,20.82,20.86,20.75,20.75,21321728,,
2018-07-17,20.71,20.71,20.60,20.64,11971004,,
2018-07-18,20.79,20.88,20.74,20.76,52697820,,
2018-07-19,20.77,20.95,20.76,20.82,52870644,,
2018-07-20,21.00,21.18,21.00,21.16,73613480,,
2018-07-23,21.07,21.19,20.96,21.14,34017888,0.175,
2018-07-24,21.11,21.18,21.04,21.18,20467256,,
2018-07-25,21.01,21.21,21.01,21.19,25408804,,
2018-07-26,21.19,21.31,21.19,21.25,33884680,,
2018-07-27,21.27,21.44,21.27,21.43,23788472,,
2018-07-30,21.41,21.48,21.35,21.39,12921640,,
2018-07-31,21.34,21.43,21.26,21.39,10958652,,
2018-08-01,21.45,21.55,21.45,21.54,16050028,,
2018-08-02,21.52,21.54,21.21,21.21,19099800,,
2018-08-03,21.35,21.43,21.34,21.39,4900664,,
2018-08-06,21.39,21.52,21.34,21.43,9698684,,
2018-08-07,21.43,21.45,21.35,21.38,4797124,,
2018-08-08,21.45,21.60,21.45,21.54,16299936,,
2018-08-09,21.52,21.56,21.43,21.54,6527156,,
2018-08-10,21.43,21.54,21.41,21.43,5119668,,
2018-08-13,21.26,21.26,20.91,20.99,29139736,,
2018-08-14,21.10,21.15,21.01,21.14,8972820,,
2018-08-15,21.12,21.12,20.86,20.94,17118684,,
2018-08-16,20.81,21.02,20.76,20.95,18130168,,
2018-08-17,20.99,21.04,20.90,20.91,18560156,,
2018-08-20,20.98,21.02,20.93,20.99,12591984,,
2018-08-21,20.98,21.16,20.98,21.14,20092232,,
2018-08-22,21.18,21.21,21.09,21.16,14183072,,
2018-08-23,21.20,21.30,21.15,21.26,15476944,,
2018-08-24,21.25,21.27,21.11,21.20,10196696,,
2018-08-27,21.25,21.39,21.25,21.39,20073816,,
2018-08-28,21.49,21.60,21.49,21.56,33152312,,
2018-08-29,21.61,21.84,21.61,21.81,53535384,,
2018-08-30,21.95,22.09,21.86,21.89,39576708,,
2018-08-31,21.75,21.75,21.61,21.74,16982440,,
2018-09-03,21.74,21.80,21.60,21.61,14668308,,
2018-09-04,21.70,21.75,21.61,21.75,9430900,,
2018-09-05,21.75,21.82,21.68,21.75,9985232,,
2018-09-06,21.73,21.73,21.55,21.62,7783556,,
2018-09-07,21.55,21.61,21.50,21.60,10023632,,
2018-09-10,21.65,21.65,21.41,21.50,21205124,,
2018-09-11,21.49,21.50,21.35,21.41,78101616,,
2018-09-12,21.46,21.48,21.31,21.39,74335892,,
2018-09-13,21.45,21.45,21.23,21.24,83984800,,
2018-09-14,21.44,21.62,21.40,21.62,34465500,,
2018-09-17,21.62,21.62,21.43,21.46,35955840,,
2018-09-18,21.40,21.43,21.30,21.35,24562284,,
2018-09-19,21.45,21.57,21.43,21.54,27526508,,
2018-09-20,21.61,21.64,21.45,21.48,16639104,,
2018-09-21,21.56,21.71,21.48,21.71,29481756,,
2018-09-25,21.66,21.79,21.65,21.77,30025008,,
2018-09-26,21.73,21.75,21.69,21.73,32146012,,
2018-09-27,21.65,21.86,21.65,21.84,111200144,,
2018-09-28,21.84,21.91,21.65,21.73,52809484,,
2018-10-01,21.73,21.85,21.73,21.84,23648936,,
2018-10-02,21.81,21.81,21.50,21.51,21737328,,
2018-10-03,21.51,21.57,21.45,21.49,17478760,,
2018-10-04,21.43,21.43,21.20,21.23,38947872,,
2018-10-05,21.12,21.12,20.75,20.86,106976384,,
2018-10-08,20.74,20.85,20.62,20.75,186048816,,
2018-10-09,20.76,20.85,20.70,20.81,82123588,,
2018-10-11,20.04,20.04,19.34,19.35,274206496,,
2018-10-12,19.43,20.01,19.38,20.01,92733128,,
2018-10-15,19.88,19.88,19.66,19.80,196954632,,
2018-10-16,19.75,19.88,19.65,19.82,66706580,,
2018-10-17,20.11,20.12,19.84,19.85,81220148,,
2018-10-18,19.88,19.94,19.74,19.79,31893128,,
2018-10-19,19.55,19.82,19.50,19.82,48256144,,
2018-10-22,19.59,19.89,19.50,19.80,49813812,,
2018-10-23,19.52,19.65,19.43,19.44,99593568,,
2018-10-24,19.45,19.49,19.18,19.35,52010000,,
2018-10-25,18.88,19.05,18.82,18.88,115743544,,
2018-10-26,19.06,19.11,18.62,18.85,71135124,,
2018-10-29,18.96,19.02,18.84,18.94,39533040,,
2018-10-30,18.95,19.06,18.88,18.99,24460200,,
2018-10-31,19.15,19.39,19.15,19.39,39552896,,
2018-11-01,19.46,19.61,19.39,19.60,27189176,,
2018-11-02,19.60,19.70,19.50,19.66,26829316,,
2018-11-05,19.52,19.56,19.40,19.56,18483000,,
2018-11-06,19.61,19.62,19.44,19.50,24737928,,
2018-11-07,19.55,19.64,19.51,19.60,24743000,,
2018-11-08,19.79,19.85,19.62,19.71,41055940,,
2018-11-09,19.62,19.62,19.41,19.45,147344044,,
2018-11-12,19.44,19.57,19.39,19.50,24513040,,
2018-11-13,19.04,19.31,18.93,19.27,42823476,,
2018-11-14,19.31,19.35,19.25,19.34,25145500,,
2018-11-15,19.38,19.41,19.19,19.40,22737472,,
2018-11-16,19.49,19.49,19.21,19.24,35511616,,
2018-11-19,19.26,19.29,19.15,19.18,28221480,,
2018-11-20,19.10,19.12,18.94,19.00,34404492,,
2018-11-21,18.82,19.01,18.71,19.00,60492172,,
2018-11-22,19.02,19.06,18.90,18.90,23731212,,
2018-11-23,18.93,18.96,18.76,18.84,16128860,,
2018-11-26,18.98,19.24,18.94,19.04,25285068,,
2018-11-27,18.99,19.01,18.80,19.01,30455732,,
2018-11-28,19.04,19.24,18.94,19.23,30123040,,
2018-11-29,19.43,19.49,19.26,19.26,35502348,,
2018-11-30,19.30,19.34,19.19,19.19,16836844,,
2018-12-03,19.46,19.75,19.45,19.70,55367944,,
2018-12-04,19.62,19.62,19.52,19.56,16317136,,
2018-12-05,19.27,19.30,19.16,19.16,38529464,,
2018-12-06,18.96,18.96,18.71,18.77,81301684,,
2018-12-07,18.90,18.94,18.82,18.86,27108032,,
2018-12-10,18.62,18.73,18.61,18.61,52041136,,
2018-12-11,18.62,18.77,18.61,18.76,21232912,,
2018-12-12,18.91,19.06,18.85,19.05,34658780,,
2018-12-13,19.05,19.12,18.99,19.07,24950320,,
2018-12-14,18.95,18.95,18.74,18.84,35047356,,
2018-12-17,18.84,19.01,18.79,18.99,22553732,,
2018-12-18,18.88,18.89,18.76,18.82,30620004,,
2018-12-19,18.88,18.99,18.84,18.98,17973840,,
2018-12-20,18.75,18.89,18.75,18.76,38230852,,
2018-12-21,18.74,18.81,18.61,18.80,33860572,,
2018-12-24,18.71,18.75,18.64,18.68,23809316,,
2018-12-25,18.54,18.54,18.32,18.44,48285016,,
2018-12-26,18.50,18.57,18.38,18.39,35679876,,
2018-12-27,18.70,18.79,18.62,18.76,38461436,,
2018-12-28,18.77,18.88,18.71,18.88,18519500,,
2019-01-02,18.96,18.98,18.49,18.51,34128292,,
2019-01-03,18.45,18.50,18.31,18.34,53388588,,
2019-01-04,18.20,18.20,18.00,18.05,85169860,,
2019-01-07,18.39,18.51,18.31,18.49,58422552,,
2019-01-08,18.54,18.54,18.39,18.41,44026800,,
2019-01-09,18.49,18.79,18.49,18.75,45722092,,
2019-01-10,18.70,18.73,18.62,18.70,11293132,,
2019-01-11,18.82,18.94,18.79,18.88,41451660,,
2019-01-14,18.86,18.86,18.69,18.75,21193620,,
2019-01-15,18.76,18.95,18.76,18.91,47345800,,
2019-01-16,18.91,18.93,18.84,18.89,61370012,,
2019-01-17,18.90,18.98,18.79,18.89,40082956,,
2019-01-18,18.94,19.02,18.85,18.99,33173964,,
2019-01-21,19.09,19.18,19.06,19.12,41019024,,
2019-01-22,18.60,18.60,18.45,18.51,35355724,0.575,
2019-01-23,18.50,18.50,18.41,18.43,25629768,,
2019-01-24,18.49,18.54,18.44,18.51,14002024,,
2019-01-25,18.65,18.77,18.64,18.75,29283112,,
2019-01-28,18.79,18.86,18.76,18.79,15300572,,
2019-01-29,18.62,18.64,18.55,18.62,17679160,,
2019-01-30,18.62,18.66,18.55,18.59,21020916,,
2019-02-11,18.84,18.91,18.71,18.79,26459600,,
2019-02-12,18.84,18.94,18.84,18.91,24656600,,
2019-02-13,18.99,18.99,18.85,18.88,16630800,,
2019-02-14,18.88,18.94,18.81,18.81,14566168,,
2019-02-15,18.82,18.90,18.73,18.76,14064444,,
2019-02-18,18.88,18.98,18.88,18.91,26384652,,
2019-02-19,18.93,18.93,18.88,18.88,11448276,,
2019-02-20,18.98,19.12,18.98,19.09,137231412,,
2019-02-21,19.10,19.27,19.10,19.27,74659260,,
2019-02-22,19.24,19.24,19.12,19.24,39524068,,
2019-02-25,19.34,19.44,19.32,19.38,77461416,,
2019-02-26,19.41,19.45,19.32,19.43,63612204,,
2019-02-27,19.43,19.43,19.34,19.41,51629956,,
2019-03-04,19.39,19.39,19.18,19.24,33878280,,
2019-03-05,19.15,19.23,19.11,19.19,37601972,,
2019-03-06,19.21,19.26,19.19,19.24,78319168,,
2019-03-07,19.23,19.26,19.15,19.16,72959080,,
2019-03-08,19.05,19.09,18.95,19.00,39900800,,
2019-03-11,18.96,19.04,18.93,19.04,18569560,,
2019-03-12,19.21,19.36,19.20,19.31,55429872,,
2019-03-13,19.26,19.30,19.20,19.27,40594116,,
2019-03-14,19.32,19.35,19.24,19.26,20835024,,
2019-03-15,19.34,19.43,19.29,19.40,45935004,,
2019-03-18,19.44,19.52,19.41,19.52,48874832,,
2019-03-19,19.52,19.60,19.46,19.60,34417184,,
2019-03-20,19.59,19.64,19.55,19.62,47424108,,
2019-03-21,19.70,19.79,19.66,19.79,45364852,,
2019-03-22,19.88,19.93,19.76,19.84,27721428,,
2019-03-25,19.52,19.59,19.50,19.54,28083024,,
2019-03-26,19.62,19.68,19.60,19.66,10800360,,
2019-03-27,19.61,19.68,19.55,19.62,10222736,,
2019-03-28,19.57,19.65,19.54,19.62,13661728,,
2019-03-29,19.68,19.79,19.56,19.79,22721936,,
2019-04-01,20.00,20.10,19.90,19.96,44213620,,
2019-04-02,20.02,20.11,20.02,20.04,22420368,,
2019-04-03,20.10,20.11,19.99,20.04,27468696,,
2019-04-08,20.20,20.25,20.18,20.23,31963128,,
2019-04-09,20.24,20.35,20.21,20.35,61088188,,
2019-04-10,20.27,20.39,20.27,20.38,43452644,,
2019-04-11,20.34,20.39,20.23,20.29,33089720,,
2019-04-12,20.29,20.32,20.25,20.27,29993636,,
2019-04-15,20.41,20.50,20.39,20.46,30726216,,
2019-04-16,20.46,20.54,20.45,20.52,31071724,,
2019-04-17,20.57,20.73,20.57,20.69,92419348,,
2019-04-18,20.73,20.84,20.61,20.68,82761460,,
2019-04-19,20.81,20.88,20.68,20.70,50062636,,
2019-04-22,20.75,20.77,20.66,20.68,11497248,,
2019-04-23,20.68,20.80,20.64,20.76,24048124,,
2019-04-24,20.85,20.89,20.73,20.80,12434224,,
2019-04-25,20.77,20.86,20.75,20.85,14116156,,
2019-04-26,20.70,20.70,20.55,20.61,15260360,,
2019-04-29,20.65,20.74,20.62,20.70,12647828,,
2019-04-30,20.70,20.73,20.60,20.70,12991564,,
2019-05-02,20.74,20.86,20.73,20.75,24622252,,
2019-05-03,20.77,20.95,20.77,20.94,121297864,,
2019-05-06,20.65,20.65,20.51,20.57,29854448,,
2019-05-07,20.66,20.82,20.66,20.79,56045768,,
2019-05-08,20.60,20.71,20.56,20.64,54292568,,
2019-05-09,20.54,20.55,20.31,20.39,27694692,,
2019-05-10,20.39,20.54,20.23,20.38,47176540,,
2019-05-13,20.27,20.27,20.02,20.04,74712424,,
2019-05-14,19.90,20.01,19.73,19.91,81118520,,
2019-05-15,19.91,20.00,19.86,19.94,69047356,,
2019-05-16,19.88,19.90,19.75,19.76,68399896,,
2019-05-17,19.88,19.89,19.56,19.56,94295304,,
2019-05-20,19.62,19.70,19.54,19.55,57219052,,
2019-05-21,19.50,19.61,19.43,19.60,79259372,,
2019-05-22,19.55,19.66,19.52,19.60,42231964,,
2019-05-23,19.46,19.46,19.21,19.24,102730308,,
2019-05-24,19.26,19.38,19.25,19.34,24117696,,
2019-05-27,19.38,19.38,19.21,19.29,46164288,,
2019-05-28,19.31,19.31,19.21,19.27,39249240,,
2019-05-29,19.12,19.20,19.07,19.19,38638076,,
2019-05-30,19.19,19.38,19.19,19.35,30634636,,
2019-05-31,19.34,19.61,19.32,19.61,30265240,,
2019-06-03,19.55,19.66,19.41,19.64,24070776,,
2019-06-04,19.61,19.65,19.50,19.51,28915316,,
2019-06-05,19.71,19.74,19.56,19.57,28207576,,
2019-06-06,19.43,19.46,19.36,19.43,29824812,,
2019-06-10,19.66,19.76,19.59,19.76,30667052,,
2019-06-11,19.80,19.95,19.76,19.85,42495944,,
2019-06-12,19.85,19.95,19.81,19.93,37033184,,
2019-06-13,19.85,19.89,19.74,19.76,23659764,,
2019-06-14,19.75,19.79,19.70,19.73,12656348,,
2019-06-17,19.61,19.74,19.52,19.68,24564512,,
2019-06-18,19.70,19.75,19.65,19.73,11561508,,
2019-06-19,20.00,20.20,19.99,20.19,87330036,,
2019-06-20,20.19,20.25,20.16,20.21,46327976,,
2019-06-21,20.27,20.30,20.20,20.21,61374128,,
2019-06-24,20.20,20.38,20.18,20.30,66402988,,
2019-06-25,20.29,20.35,20.15,20.19,31764512,,
2019-06-26,20.15,20.15,20.06,20.09,23653408,,
2019-06-27,20.14,20.40,20.14,20.38,61405316,,
2019-06-28,20.36,20.39,20.21,20.23,15762744,,
2019-07-01,20.51,20.70,20.51,20.66,55085580,,
2019-07-02,20.66,20.68,20.60,20.61,20837160,,
2019-07-03,20.59,20.59,20.34,20.38,34461696,,
2019-07-04,20.45,20.55,20.45,20.50,23110224,,
2019-07-05,20.52,20.59,20.45,20.48,6451732,,
2019-07-08,20.45,20.50,20.35,20.40,15436232,,
2019-07-09,20.44,20.44,20.35,20.38,16332620,,
2019-07-10,20.49,20.56,20.46,20.55,17710920,,
2019-07-11,20.66,20.76,20.62,20.71,41519092,,
2019-07-12,20.71,20.75,20.68,20.69,11890020,,
2019-07-15,20.71,20.84,20.56,20.80,37344172,,
2019-07-16,20.80,20.86,20.79,20.84,22012980,,
2019-07-17,20.81,20.81,20.70,20.70,42394120,,
2019-07-18,20.65,20.74,20.65,20.68,30164104,,
2019-07-19,20.75,20.86,20.75,20.75,39123688,0.175,
2019-07-22,20.77,20.88,20.77,20.85,33474176,,
2019-07-23,20.90,20.98,20.88,20.90,23596464,,
2019-07-24,20.94,20.98,20.89,20.89,13457344,,
2019-07-25,20.89,20.95,20.85,20.95,19726636,,
2019-07-26,20.85,20.85,20.80,20.81,12518748,,
2019-07-29,20.77,20.86,20.76,20.86,12168984,,
2019-07-30,20.90,20.93,20.80,20.80,8333496,,
2019-07-31,20.79,20.79,20.61,20.70,12477048,,
2019-08-01,20.55,20.64,20.52,20.57,20171772,,
2019-08-02,20.26,20.30,20.15,20.24,67385608,,
2019-08-05,20.18,20.21,19.98,20.04,82638024,,
2019-08-06,19.66,20.11,19.62,20.02,99607384,,
2019-08-07,20.04,20.05,19.89,19.93,67424016,,
2019-08-08,20.01,20.20,20.00,20.16,20144484,,
2019-08-12,20.16,20.21,20.04,20.15,12672120,,
2019-08-13,20.04,20.04,19.89,19.93,29726076,,
2019-08-14,20.18,20.20,20.07,20.07,29528552,,
2019-08-15,19.80,19.90,19.77,19.85,63888356,,
2019-08-16,19.86,20.09,19.81,20.09,24634992,,
2019-08-19,20.19,20.23,20.07,20.20,25901408,,
2019-08-20,20.21,20.27,20.20,20.25,16716788,,
2019-08-21,20.24,20.29,20.23,20.27,24371584,,
2019-08-22,20.32,20.41,20.20,20.23,37517592,,
2019-08-23,20.23,20.27,20.19,20.25,12844144,,
2019-08-26,19.95,20.02,19.90,19.91,49169240,,
2019-08-27,20.04,20.05,19.94,19.96,10143456,,
2019-08-28,20.02,20.14,20.02,20.10,13272752,,
2019-08-29,20.11,20.15,20.00,20.14,12934596,,
2019-08-30,20.29,20.48,20.29,20.46,77483576,,
2019-09-02,20.45,20.50,20.41,20.48,25831480,,
2019-09-03,20.46,20.50,20.30,20.30,20211700,,
2019-09-04,20.36,20.55,20.35,20.54,42995084,,
2019-09-05,20.64,20.80,20.64,20.75,101717560,,
2019-09-06,20.81,20.89,20.81,20.88,68905212,,
2019-09-10,20.99,20.99,20.80,20.85,20687388,,
2019-09-11,20.94,20.98,20.82,20.86,18984800,,
2019-09-12,21.02,21.06,20.94,20.98,37124488,,
2019-09-16,21.00,21.11,20.99,21.10,43719168,,
2019-09-17,21.10,21.11,21.05,21.06,19867120,,
2019-09-18,21.10,21.25,21.09,21.24,67997944,,
2019-09-19,21.24,21.29,21.10,21.11,31109456,,
2019-09-20,21.16,21.23,21.16,21.18,32926796,,
2019-09-23,21.16,21.21,21.12,21.12,17479356,,
2019-09-24,21.12,21.21,21.09,21.16,19408048,,
2019-09-25,21.09,21.09,20.98,21.02,15710696,,
2019-09-26,21.11,21.18,21.04,21.07,20778748,,
2019-09-27,21.23,21.30,21.12,21.15,35538780,,
2019-10-01,21.20,21.50,21.20,21.49,36467632,,
2019-10-02,21.40,21.48,21.40,21.41,22614632,,
2019-10-03,21.10,21.27,21.07,21.20,19472948,,
2019-10-04,21.30,21.35,21.19,21.29,14987948,,
2019-10-07,21.35,21.41,21.30,21.36,16562988,,
2019-10-08,21.46,21.65,21.46,21.62,48781740,,
2019-10-09,21.54,21.55,21.45,21.45,27667316,,
2019-10-14,21.75,21.89,21.75,21.89,37965192,,
2019-10-15,21.89,21.96,21.82,21.93,17510440,,
2019-10-16,22.00,22.04,21.96,22.02,15934688,,
2019-10-17,22.01,22.04,21.95,22.04,10163532,,
2019-10-18,22.04,22.16,21.98,21.99,11263192,,
2019-10-21,21.99,22.00,21.94,21.96,4310608,,
2019-10-22,22.05,22.20,22.05,22.18,13025596,,
2019-10-23,22.18,22.20,22.07,22.11,10322624,,
2019-10-24,22.18,22.20,22.12,22.20,10318236,,
2019-10-25,22.30,22.30,22.15,22.20,31884760,,
2019-10-28,22.31,22.32,22.25,22.30,20039096,,
2019-10-29,22.38,22.41,22.34,22.36,29643940,,
2019-10-30,22.36,22.46,22.32,22.46,21537080,,
2019-10-31,22.48,22.65,22.48,22.52,37832656,,
2019-11-01,22.50,22.55,22.44,22.52,11227112,,
2019-11-04,22.64,23.06,22.64,23.05,26922724,,
2019-11-05,23.10,23.23,23.09,23.23,15865116,,
2019-11-06,23.24,23.34,23.19,23.34,17977276,,
2019-11-07,23.30,23.30,23.09,23.21,12200472,,
2019-11-08,23.25,23.26,23.10,23.14,11562144,,
2019-11-11,23.10,23.11,22.76,22.79,23437376,,
2019-11-12,22.89,23.00,22.89,23.00,9705188,,
2019-11-13,22.89,22.91,22.76,22.86,7742180,,
2019-11-14,22.90,22.95,22.80,22.85,8697124,,
2019-11-15,23.00,23.12,23.00,23.07,10043516,,
2019-11-18,23.12,23.23,23.10,23.23,8350452,,
2019-11-19,23.23,23.40,23.16,23.40,11286496,,
2019-11-20,23.40,23.40,23.27,23.31,31818476,,
2019-11-21,23.07,23.14,22.95,23.12,13135352,,
2019-11-22,23.14,23.19,23.10,23.14,6026176,,
2019-11-25,23.25,23.27,23.14,23.15,10082776,,
2019-11-26,23.24,23.32,23.20,23.21,15309920,,
2019-11-27,23.21,23.30,23.19,23.30,7830704,,
2019-11-28,23.31,23.31,23.20,23.24,5410880,,
2019-11-29,23.21,23.21,22.86,22.88,21376832,,
2019-12-02,22.99,23.04,22.94,23.01,8273364,,
2019-12-03,22.93,23.05,22.90,23.01,5643176,,
2019-12-04,22.96,22.98,22.85,22.93,9242032,,
2019-12-05,23.09,23.25,23.05,23.23,13764200,,
2019-12-06,23.32,23.38,23.19,23.26,13577732,,
2019-12-09,23.30,23.45,23.30,23.41,11648776,,
2019-12-10,23.35,23.35,23.20,23.25,21181724,,
2019-12-11,23.25,23.44,23.24,23.44,7747088,,
2019-12-12,23.59,24.02,23.59,23.96,33680444,,
2019-12-13,24.19,24.35,24.18,24.23,23520544,,
2019-12-16,24.24,24.26,24.16,24.21,281792,,
2019-12-17,24.19,24.54,24.18,24.54,18812892,,
2019-12-18,24.50,24.57,24.45,24.55,15049420,,
2019-12-19,24.54,24.55,24.39,24.41,9084028,,
2019-12-20,24.39,24.39,24.18,24.24,13413940,,
2019-12-23,24.25,24.32,24.24,24.29,13666916,,
2019-12-24,24.32,24.36,24.30,24.30,5638912,,
2019-12-25,24.30,24.36,24.26,24.34,7156668,,
2019-12-26,24.39,24.39,24.27,24.34,12383876,,
2019-12-27,24.40,24.54,24.40,24.50,11912188,,
2019-12-30,24.50,24.56,24.40,24.45,12555048,,
2019-12-31,24.27,24.30,24.24,24.24,17215788,,
2020-01-02,24.26,24.50,24.26,24.41,19528060,,
2020-01-03,24.57,24.68,24.25,24.41,27254188,,
2020-01-06,24.26,24.27,24.10,24.10,37287072,,
2020-01-07,24.11,24.18,23.85,24.02,25314408,,
2020-01-08,23.80,24.05,23.76,23.91,34067980,,
2020-01-09,24.07,24.27,24.07,24.24,28655772,,
2020-01-10,24.38,24.45,24.24,24.32,36287700,,
2020-01-13,24.46,24.52,24.38,24.50,26603592,,
2020-01-14,24.62,24.71,24.60,24.65,46179824,,
2020-01-15,24.68,24.68,24.36,24.40,41037416,,
2020-01-16,24.29,24.38,24.25,24.32,34745996,,
2020-01-17,24.43,24.44,24.27,24.32,32484536,,
2020-01-20,24.39,24.50,24.39,24.43,27879780,,
2020-01-30,23.75,23.75,23.04,23.04,129051496,,
2020-01-31,22.66,22.66,22.41,22.49,89991068,0.725,
2020-02-03,22.12,22.29,21.90,22.26,63294372,,
2020-02-04,24.24,24.24,22.65,22.65,35617884,,
2020-02-05,22.75,22.82,22.57,22.71,26806032,,
2020-02-06,22.91,23.07,22.84,23.07,42785908,,
2020-02-07,22.91,22.91,22.74,22.80,38219312,,
2020-02-10,22.50,22.80,22.40,22.75,29235632,,
2020-02-11,22.84,22.99,22.84,22.94,20461608,,
2020-02-12,23.00,23.23,23.00,23.16,22560468,,
2020-02-13,23.25,23.31,23.18,23.20,23017268,,
2020-02-14,23.20,23.31,23.14,23.24,19952660,,
2020-02-17,23.07,23.14,22.99,23.07,25064844,,
2020-02-18,22.85,22.90,22.75,22.76,50117424,,
2020-02-19,22.79,23.06,22.76,23.02,31788044,,
2020-02-20,23.09,23.12,22.84,22.93,26153344,,
2020-02-21,22.91,22.99,22.74,22.81,21604752,,
2020-02-24,22.56,22.60,22.43,22.52,54287744,,
2020-02-25,22.38,22.62,22.36,22.59,35360416,,
2020-02-26,22.29,22.44,22.23,22.36,60324012,,
2020-02-27,22.34,22.38,22.09,22.16,98752216,,
2020-03-02,21.88,22.06,21.71,21.84,111578564,,
2020-03-03,22.21,22.24,22.06,22.15,44287600,,
2020-03-04,22.20,22.30,22.10,22.30,33749660,,
2020-03-05,22.45,22.56,22.44,22.55,39141932,,
2020-03-06,22.41,22.41,22.07,22.09,68385504,,
2020-03-09,21.70,21.70,21.40,21.46,110937704,,
2020-03-10,21.25,21.57,21.23,21.57,95137380,,
2020-03-11,21.61,21.64,21.26,21.32,61226280,,
2020-03-12,21.12,21.12,20.29,20.54,179640984,,
2020-03-13,19.50,20.35,18.99,20.25,214819440,,
2020-03-16,20.00,20.10,19.24,19.32,135255804,,
2020-03-17,18.57,19.18,18.57,18.71,204583328,,
2020-03-18,18.74,18.81,18.20,18.20,187162012,,
2020-03-19,17.75,17.75,16.81,17.14,272153360,,
2020-03-20,17.75,18.50,17.73,18.50,163642132,,
2020-03-23,17.75,18.02,17.39,17.70,89860468,,
2020-03-24,18.46,18.82,18.43,18.56,107027372,,
2020-03-25,19.20,19.36,19.02,19.21,130751280,,
2020-03-26,19.35,19.36,19.00,19.30,76862752,,
2020-03-27,19.57,19.68,19.11,19.15,87815604,,
2020-03-30,18.68,19.04,18.51,18.96,54423532,,
2020-03-31,19.20,19.30,18.90,19.04,39056000,,
2020-04-01,19.12,19.16,18.96,18.98,39792068,,
2020-04-06,19.24,19.27,18.94,19.26,48830504,,
2020-04-07,19.62,19.73,19.51,19.62,61208152,,
2020-04-08,19.62,19.93,19.59,19.90,60922792,,
2020-04-09,19.96,20.02,19.71,19.81,62600420,,
2020-04-10,19.75,19.84,19.68,19.82,23299116,,
2020-04-13,19.75,19.85,19.64,19.70,29723656,,
2020-04-14,19.76,20.24,19.76,20.24,52487168,,
2020-04-15,20.31,20.38,20.25,20.30,69444464,,
2020-04-16,20.05,20.27,20.01,20.20,49638100,,
2020-04-17,20.75,21.00,20.68,20.81,138128152,,
2020-04-20,20.81,20.88,20.70,20.75,49345664,,
2020-04-21,20.66,20.66,20.12,20.15,84329816,,
2020-04-22,20.00,20.15,19.88,20.15,43584604,,
2020-04-23,20.29,20.50,20.07,20.23,53195792,,
2020-04-24,20.20,20.25,20.11,20.23,23059008,,
2020-04-27,20.54,20.65,20.41,20.64,55670896,,
2020-04-28,20.73,20.73,20.50,20.64,30226644,,
2020-04-29,20.76,20.98,20.74,20.93,47496316,,
2020-04-30,21.11,21.38,21.10,21.38,75140624,,
2020-05-04,20.60,20.82,20.55,20.75,62593520,,
2020-05-05,20.88,20.95,20.75,20.85,31242544,,
2020-05-06,20.82,20.94,20.65,20.88,24570372,,
2020-05-07,20.88,21.04,20.82,20.96,24563980,,
2020-05-08,21.15,21.19,21.00,21.09,24136052,,
2020-05-11,21.25,21.35,21.18,21.26,26621688,,
2020-05-12,21.15,21.15,20.91,21.01,46197460,,
2020-05-13,20.93,21.10,20.90,21.07,19868660,,
2020-05-14,20.95,20.96,20.80,20.82,34973072,,
2020-05-15,21.01,21.06,20.76,20.96,24763124,,
2020-05-18,20.76,20.86,20.70,20.79,33086812,,
2020-05-19,21.10,21.12,20.91,20.98,21911100,,
2020-05-20,21.00,21.05,20.88,20.95,39576564,,
2020-05-21,21.04,21.20,21.02,21.12,30272188,,
2020-05-22,20.95,20.98,20.73,20.74,53416584,,
2020-05-25,20.79,20.88,20.54,20.88,21002176,,
2020-05-26,21.06,21.16,20.96,21.11,61819796,,
2020-05-27,21.18,21.21,21.01,21.09,18359068,,
2020-05-28,21.23,21.23,20.89,20.96,29907636,,
2020-05-29,20.85,21.11,20.75,21.11,21282760,,
2020-06-01,21.11,21.29,21.10,21.23,33461284,,
2020-06-02,21.25,21.38,21.25,21.32,47788240,,
2020-06-03,21.54,21.73,21.52,21.70,72468976,,
2020-06-04,21.88,21.94,21.79,21.90,60146212,,
2020-06-05,21.93,22.09,21.93,22.09,39666328,,
2020-06-08,22.23,22.45,22.20,22.38,62198168,,
2020-06-09,22.40,22.45,22.24,22.40,45426316,,
2020-06-10,22.41,22.68,22.39,22.61,43995588,,
2020-06-11,22.61,22.71,22.25,22.26,56716768,,
2020-06-12,21.81,22.12,21.77,22.06,86253484,,
2020-06-15,22.02,22.07,21.73,21.75,38294800,,
2020-06-16,22.04,22.30,22.04,22.23,43364188,,
2020-06-17,22.30,22.30,22.07,22.25,46040944,,
2020-06-18,22.26,22.32,22.09,22.23,20143004,,
2020-06-19,22.25,22.29,22.16,22.21,9335940,,
2020-06-22,22.21,22.43,22.21,22.26,42317824,,
2020-06-23,22.40,22.51,22.20,22.36,34659556,,
2020-06-24,22.45,22.62,22.45,22.50,40247616,,
2020-06-29,22.31,22.40,22.16,22.27,39140028,,
2020-06-30,22.39,22.49,22.35,22.48,32140548,,
2020-07-01,22.49,22.73,22.49,22.62,39917000,,
2020-07-02,22.66,22.88,22.65,22.88,30405896,,
2020-07-03,23.02,23.19,23.02,23.14,59932652,,
2020-07-06,23.30,23.57,23.30,23.54,57877356,,
2020-07-07,23.75,23.88,23.52,23.62,55711092,,
2020-07-08,23.62,23.85,23.60,23.79,44581472,,
2020-07-09,23.93,23.96,23.79,23.86,28966628,,
2020-07-10,23.89,23.93,23.65,23.66,46010216,,
2020-07-13,23.85,24.02,23.81,24.01,48218048,,
2020-07-14,23.95,24.16,23.93,24.16,53922656,,
2020-07-15,24.32,24.49,24.18,24.26,85262896,,
2020-07-16,24.25,24.25,23.96,24.02,30528516,,
2020-07-17,24.26,24.43,24.18,24.30,72041880,,
2020-07-20,24.30,24.34,24.06,24.26,37945628,,
2020-07-21,24.29,24.77,24.27,24.68,98963900,0.175,
2020-07-22,24.64,24.81,24.59,24.74,28975572,,
2020-07-23,24.71,24.73,24.52,24.71,24035888,,
2020-07-24,24.75,25.02,24.56,24.62,69510488,,
2020-07-27,25.45,25.89,25.45,25.82,91496696,,
2020-07-28,26.81,27.18,25.82,25.90,89691044,,
2020-07-29,25.70,25.95,25.52,25.64,38546660,,
2020-07-30,26.05,26.25,25.82,26.01,26348340,,
2020-07-31,25.98,26.07,25.86,25.95,21256084,,
2020-08-03,25.86,25.88,25.50,25.50,29035656,,
2020-08-04,25.64,25.84,25.64,25.82,19192588,,
2020-08-05,26.02,26.12,25.94,26.07,20425524,,
2020-08-06,26.36,26.49,26.21,26.35,29720380,,
2020-08-07,26.39,26.39,26.07,26.16,27214920,,
2020-08-10,26.02,26.46,26.02,26.40,23623008,,
2020-08-11,26.35,26.41,26.19,26.20,12796564,,
2020-08-12,26.00,26.00,25.75,25.81,23666892,,
2020-08-13,26.18,26.23,26.01,26.06,21845004,,
2020-08-14,25.95,26.12,25.88,26.12,15119800,,
2020-08-17,26.12,26.43,26.06,26.40,22566640,,
2020-08-18,26.43,26.48,26.16,26.25,14982444,,
2020-08-19,26.25,26.36,26.02,26.06,24173256,,
2020-08-20,25.95,25.95,24.68,25.15,74952860,,
2020-08-21,25.54,25.75,25.43,25.70,32530852,,
2020-08-24,25.71,25.89,25.57,25.77,14874236,,
2020-08-25,25.86,26.09,25.84,25.98,14439236,,
2020-08-26,26.00,26.09,25.90,26.07,10662080,,
2020-08-27,26.27,26.43,26.11,26.14,22824424,,
2020-08-28,25.96,26.06,25.75,25.88,15653196,,
2020-08-31,26.02,26.06,25.45,25.45,23039732,,
2020-09-01,25.61,25.84,25.46,25.84,22942548,,
2020-09-02,25.91,26.01,25.57,25.75,16532332,,
2020-09-03,25.93,26.07,25.80,25.82,20516792,,
2020-09-04,25.50,25.68,25.48,25.64,23664048,,
2020-09-07,25.64,25.76,25.48,25.60,21998628,,
2020-09-08,25.69,25.77,25.61,25.75,18017812,,
2020-09-09,25.44,25.59,25.29,25.57,25096132,,
2020-09-10,25.70,25.84,25.65,25.80,14325348,,
2020-09-11,25.80,25.84,25.70,25.81,11621164,,
2020-09-14,25.88,26.14,25.81,26.14,23013896,,
2020-09-15,26.11,26.30,26.06,26.24,21755072,,
2020-09-16,26.64,26.75,26.59,26.64,59421060,,
2020-09-17,26.51,26.59,26.27,26.35,34995384,,
2020-09-18,26.35,26.43,26.21,26.32,19806876,,
2020-09-21,26.30,26.48,26.09,26.11,22838940,,
2020-09-22,26.07,26.07,25.74,25.77,26544220,,
2020-09-23,25.88,25.88,25.60,25.74,21448400,,
2020-09-24,25.39,25.45,25.06,25.11,63139092,,
2020-09-25,25.19,25.36,25.01,25.16,37995720,,
2020-09-28,25.34,25.57,25.25,25.57,24107520,,
2020-09-29,25.69,25.81,25.54,25.64,15037048,,
2020-09-30,25.69,25.86,25.65,25.75,14181940,,
2020-10-05,25.86,26.01,25.75,25.76,23650396,,
2020-10-06,26.00,26.09,25.96,26.06,27501040,,
2020-10-07,26.00,26.25,25.88,26.20,16044556,,
2020-10-08,26.36,26.59,26.32,26.55,53883596,,
2020-10-12,26.68,26.93,26.68,26.76,39351996,,
2020-10-13,26.84,26.90,26.55,26.77,21642456,,
2020-10-14,26.76,26.80,26.61,26.68,10251440,,
2020-10-15,26.62,26.62,26.27,26.43,18200616,,
2020-10-16,26.43,26.57,26.27,26.31,12956020,,
2020-10-19,26.41,26.65,26.40,26.65,13837292,,
2020-10-20,26.60,26.61,26.50,26.50,5656128,,
2020-10-21,26.50,26.64,26.41,26.49,29197548,,
2020-10-22,26.43,26.52,26.38,26.52,8633040,,
2020-10-23,26.62,26.66,26.41,26.52,12823320,,
2020-10-26,26.52,26.65,26.45,26.52,11397560,,
2020-10-27,26.44,26.44,26.29,26.38,13401076,,
2020-10-28,26.38,26.38,26.20,26.25,18679320,,
2020-10-29,26.00,26.02,25.81,25.96,27817540,,
2020-10-30,25.89,25.90,25.68,25.75,25728748,,
2020-11-02,25.79,25.86,25.57,25.85,40253256,,
2020-11-03,26.05,26.21,26.01,26.15,17541280,,
2020-11-04,26.25,26.55,26.18,26.54,20039872,,
2020-11-05,26.55,26.60,26.39,26.51,17073216,,
2020-11-06,26.59,26.76,26.57,26.68,24951576,,
2020-11-09,26.94,27.10,26.81,27.02,45122576,,
2020-11-10,27.00,27.00,26.70,26.77,17402444,,
2020-11-11,26.77,27.19,26.77,27.19,34070304,,
2020-11-12,27.25,27.35,27.18,27.20,15213688,,
2020-11-13,27.15,27.32,27.11,27.31,15047188,,
2020-11-16,27.60,28.20,27.60,28.20,36918392,,
2020-11-17,28.75,28.94,28.35,28.40,32548044,,
2020-11-18,28.40,28.74,28.29,28.59,78556616,,
2020-11-19,28.61,28.64,28.45,28.54,17636132,,
2020-11-20,28.54,28.54,28.34,28.50,18833544,,
2020-11-23,28.66,28.96,28.66,28.86,22791684,,
2020-11-24,28.99,28.99,28.69,28.73,24011592,,
2020-11-25,28.93,28.93,28.48,28.49,16114800,,
2020-11-26,28.51,28.75,28.51,28.71,9998860,,
2020-11-27,28.62,28.71,28.52,28.66,20880260,,
2020-11-30,28.70,28.79,28.32,28.32,37349512,,
2020-12-01,28.45,28.57,28.34,28.57,19992688,,
2020-12-02,28.75,28.89,28.62,28.85,24192848,,
2020-12-03,28.86,29.02,28.75,28.85,23526348,,
2020-12-04,28.98,29.36,28.98,29.32,48885676,,
2020-12-07,29.62,29.69,29.38,29.60,26824392,,
2020-12-08,29.61,30.01,29.49,30.01,25060472,,
2020-12-09,30.00,30.05,29.88,30.01,24530532,,
2020-12-10,29.79,29.79,29.51,29.65,32259652,,
2020-12-11,29.70,29.79,29.31,29.69,18466948,,
2020-12-14,29.66,29.66,29.50,29.56,9507816,,
2020-12-15,29.49,29.50,29.19,29.26,37529272,,
2020-12-16,29.48,29.82,29.46,29.81,53189928,,
2020-12-17,29.79,29.79,29.50,29.65,11618644,,
2020-12-18,29.64,29.68,29.50,29.55,9963540,,
2020-12-21,29.56,29.85,29.38,29.84,17230064,,
2020-12-22,29.76,29.88,29.46,29.50,22844676,,
2020-12-23,29.46,29.57,29.38,29.54,16682148,,
2020-12-24,29.60,29.71,29.55,29.70,9804560,,
2020-12-25,29.77,29.90,29.65,29.74,11205268,,
2020-12-28,29.76,30.00,29.76,30.00,13629768,,
2020-12-29,30.01,30.05,29.84,29.98,12375916,,
2020-12-30,30.00,30.40,29.98,30.40,21472816,,
2020-12-31,30.54,30.60,30.43,30.56,22965352,,
2021-01-04,30.55,31.12,30.50,31.09,24563188,,
2021-01-05,31.05,31.16,30.94,31.15,18926280,,
2021-01-06,31.52,31.79,31.02,31.49,42348292,,
2021-01-07,31.64,32.25,31.64,32.23,26764652,,
2021-01-08,32.65,32.81,32.39,32.80,51960980,,
2021-01-11,32.80,33.08,32.62,33.08,40583424,,
2021-01-12,33.08,33.29,32.90,33.02,43497448,,
2021-01-13,33.19,33.86,33.17,33.83,42755604,,
2021-01-14,33.75,33.76,33.34,33.51,48001796,,
2021-01-15,34.29,34.50,33.60,33.62,86095908,,
2021-01-18,33.65,33.74,33.02,33.60,56811080,,
2021-01-19,33.80,34.52,33.80,34.49,48277244,,
2021-01-20,34.52,34.88,34.41,34.55,119861744,,
2021-01-21,34.60,35.81,34.59,35.75,54689548,,
2021-01-22,34.55,34.75,33.75,34.36,95071252,0.7625,
2021-01-25,34.30,34.33,33.55,33.90,55002504,,
2021-01-26,33.89,34.15,32.95,33.21,57505908,,
2021-01-27,33.33,33.60,33.06,33.26,31419364,,
2021-01-28,32.50,32.83,32.35,32.59,58015204,,
2021-01-29,32.90,32.96,32.05,32.05,56158664,,
2021-02-01,32.05,32.74,31.89,32.69,56531932,,
2021-02-02,33.12,33.76,33.12,33.61,43553492,,
2021-02-03,33.86,33.88,33.55,33.59,28327880,,
2021-02-04,33.35,33.64,33.09,33.39,26233916,,
2021-02-05,33.70,34.08,33.55,33.70,35199004,,
2021-02-17,34.75,35.21,34.75,35.14,75622784,,
2021-02-18,35.14,35.31,34.90,35.09,41912192,,
2021-02-19,34.89,34.89,34.40,34.71,35106384,,
2021-02-22,34.95,35.19,34.69,34.70,27254544,,
2021-02-23,34.29,34.67,34.11,34.62,30629724,,
2021-02-24,34.25,34.55,34.06,34.11,41942244,,
2021-02-25,34.46,34.54,34.17,34.39,40729192,,
2021-02-26,33.66,33.80,33.33,33.35,105334836,,
2021-03-02,33.88,33.91,33.36,33.36,28506280,,
2021-03-03,33.44,33.85,33.17,33.85,33512376,,
2021-03-04,33.59,33.59,32.92,33.19,66353052,,
2021-03-05,32.51,33.15,32.38,32.99,56613844,,
2021-03-08,33.44,33.45,32.88,32.96,48210408,,
2021-03-09,32.64,32.90,32.44,32.84,53095728,,
2021-03-10,33.08,33.15,32.85,32.98,21353912,,
2021-03-11,33.01,33.74,33.01,33.67,36663172,,
2021-03-12,33.81,33.91,33.62,33.81,22112176,,
2021-03-15,33.81,33.81,33.61,33.73,14718124,,
2021-03-16,33.86,33.91,33.69,33.84,26876500,,
2021-03-17,33.84,33.85,33.50,33.55,26582624,,
2021-03-18,33.77,34.01,33.70,33.73,27618816,,
2021-03-19,33.36,33.38,33.08,33.20,39701288,,
2021-03-22,33.10,33.40,32.90,33.35,21224136,,
2021-03-23,33.48,33.67,33.40,33.40,27467604,,
2021-03-24,32.95,33.11,32.83,32.88,40972516,,
2021-03-25,32.77,33.14,32.65,32.99,19540068,,
2021-03-26,33.26,33.60,33.14,33.59,31879756,,
2021-03-29,33.80,33.98,33.76,33.86,32263336,,
2021-03-30,33.95,33.99,33.80,33.98,19052992,,
2021-03-31,33.95,33.95,33.65,33.69,30413248,,
2021-04-01,33.92,34.01,33.80,33.94,28893264,,
2021-04-07,34.42,34.49,34.29,34.45,17117556,,
2021-04-08,34.34,34.56,34.16,34.56,24794268,,
2021-04-09,34.71,34.73,34.41,34.49,14374740,,
2021-04-12,34.51,34.60,34.16,34.29,23586236,,
2021-04-13,34.30,34.70,34.25,34.29,22351296,,
2021-04-14,34.34,34.48,34.01,34.48,25502040,,
2021-04-15,34.51,34.76,34.40,34.76,30128784,,
2021-04-16,34.73,34.81,34.60,34.81,44717424,,
2021-04-19,34.81,34.94,34.66,34.88,31997080,,
2021-04-20,34.71,34.89,34.70,34.81,19005996,,
2021-04-21,34.74,34.74,34.50,34.50,31261660,,
2021-04-22,34.64,34.76,34.42,34.48,15844676,,
2021-04-23,34.48,34.79,34.35,34.79,23838556,,
2021-04-26,35.00,35.34,34.98,35.30,47495696,,
2021-04-27,35.30,35.42,35.20,35.31,26350460,,
2021-04-28,35.31,35.31,35.05,35.10,11847132,,
2021-04-29,35.25,35.50,35.15,35.15,35394172,,
2021-05-03,35.10,35.10,34.52,34.56,26886696,,
2021-05-04,34.56,34.59,33.75,34.26,53149348,,
2021-05-05,34.26,34.33,33.92,33.94,35123544,,
2021-05-06,34.08,34.38,33.88,34.24,31910052,,
2021-05-07,34.54,34.86,34.49,34.85,27887364,,
2021-05-10,34.88,34.88,34.52,34.61,17145392,,
2021-05-11,33.94,33.95,33.15,33.31,101487268,,
2021-05-12,33.23,33.23,30.30,32.35,153849896,,
2021-05-13,31.56,32.50,31.25,31.88,108572604,,
2021-05-14,32.12,32.56,31.96,32.24,60858732,,
2021-05-17,31.30,32.20,31.18,31.62,126414496,,
2021-05-18,32.09,33.08,32.00,33.08,65091716,,
2021-05-19,33.05,33.16,32.62,32.85,67681988,,
2021-05-20,32.84,32.85,32.42,32.62,38038476,,
2021-05-21,33.12,33.46,32.83,33.09,40364120,,
2021-05-24,32.89,33.16,32.79,33.04,40898176,,
2021-05-25,33.23,33.66,33.23,33.60,36364972,,
2021-05-26,33.71,33.79,33.49,33.62,20554356,,
2021-05-27,33.38,33.42,33.09,33.39,22624404,,
2021-05-28,33.73,33.98,33.58,33.95,38184028,,
2021-05-31,33.95,34.39,33.95,34.27,41441512,,
2021-06-01,34.30,34.52,34.30,34.42,22239920,,
2021-06-02,34.45,34.50,34.16,34.42,19776268,,
2021-06-03,34.49,34.61,34.38,34.40,19899456,,
2021-06-04,34.25,34.25,34.08,34.24,12430320,,
2021-06-07,34.30,34.35,33.66,34.33,42978416,,
2021-06-08,34.33,34.38,34.12,34.12,11574400,,
2021-06-09,34.08,34.08,33.76,33.88,23961704,,
2021-06-10,34.00,34.46,33.95,34.40,27041116,,
2021-06-11,34.52,34.62,34.46,34.52,13123036,,
2021-06-15,34.65,34.75,34.60,34.71,15841824,,
2021-06-16,34.67,34.74,34.54,34.67,28848448,,
2021-06-17,34.45,34.58,34.29,34.58,12704604,,
2021-06-18,34.71,34.71,34.49,34.50,8566312,,
2021-06-21,34.23,34.25,33.65,33.67,62771964,,
2021-06-22,33.90,34.01,33.62,33.71,23116784,,
2021-06-23,33.75,34.29,33.70,34.26,25554192,,
2021-06-24,34.26,34.31,34.11,34.17,24711284,,
2021-06-25,34.36,34.49,34.17,34.24,25873856,,
2021-06-28,34.25,34.38,34.12,34.30,15924228,,
2021-06-29,34.48,34.67,34.33,34.40,35947620,,
2021-06-30,34.52,34.84,34.51,34.74,37738688,,
2021-07-01,34.75,34.80,34.51,34.58,18035100,,
2021-07-02,34.58,34.62,34.48,34.58,18841708,,
2021-07-05,34.69,35.00,34.69,34.90,30418260,,
2021-07-06,34.96,35.01,34.86,34.94,25581352,,
2021-07-07,34.90,34.91,34.65,34.75,26349512,,
2021-07-08,34.79,34.88,34.55,34.71,15770840,,
2021-07-09,34.48,34.48,34.24,34.44,26946384,,
2021-07-12,34.76,35.01,34.64,34.75,54207240,,
2021-07-13,35.00,35.25,34.99,35.04,54740836,,
2021-07-14,35.05,35.27,35.04,35.12,37822716,,
2021-07-15,35.24,35.46,35.20,35.45,48290328,,
2021-07-16,34.95,35.00,34.76,34.98,37001536,,
2021-07-19,34.75,34.80,34.39,34.58,41802040,,
2021-07-20,34.45,34.58,34.26,34.30,31443692,,
2021-07-21,34.50,34.50,34.02,34.17,50775656,0.0875,
2021-07-22,34.45,34.64,34.31,34.41,24405396,,
2021-07-23,34.51,34.58,34.34,34.41,12374240,,
2021-07-26,34.44,34.51,34.06,34.11,46350908,,
2021-07-27,34.12,34.26,34.01,34.10,41265188,,
2021-07-28,34.02,34.02,33.44,33.56,120230996,,
2021-07-29,33.96,34.15,33.81,34.12,42856636,,
2021-07-30,34.15,34.15,34.00,34.01,15472072,,
2021-08-02,34.25,34.50,34.01,34.48,28890076,,
2021-08-03,34.49,34.61,34.42,34.61,24320952,,
2021-08-04,34.66,34.83,34.61,34.81,21724496,,
2021-08-05,34.81,34.86,34.71,34.75,22573208,,
2021-08-06,34.73,34.75,34.45,34.70,15681916,,
2021-08-09,34.55,34.64,34.17,34.60,20148264,,
2021-08-10,34.61,34.62,34.38,34.41,9903104,,
2021-08-11,34.34,34.41,34.15,34.30,14460116,,
2021-08-12,34.30,34.31,34.12,34.24,8938108,,
2021-08-13,34.15,34.21,33.89,33.91,28719444,,
2021-08-16,33.88,33.94,33.73,33.84,42835976,,
2021-08-17,33.85,33.88,33.58,33.59,52037948,,
2021-08-18,33.40,33.74,33.11,33.73,85849596,,
2021-08-19,33.62,33.62,32.90,32.95,105585004,,
2021-08-20,33.05,33.20,32.55,32.69,62649456,,
2021-08-23,33.06,33.61,33.04,33.59,23545608,,
2021-08-24,33.80,33.84,33.65,33.69,19796404,,
2021-08-25,33.79,34.02,33.79,34.01,27403636,,
2021-08-26,34.36,34.50,34.09,34.25,28349696,,
2021-08-27,34.17,34.62,34.11,34.54,66067832,,
2021-08-30,34.66,34.88,34.61,34.88,85414624,,
2021-08-31,34.85,35.09,34.52,35.09,64500216,,
2021-09-01,35.04,35.33,35.01,35.25,72891272,,
2021-09-02,35.23,35.35,34.98,34.98,27917864,,
2021-09-03,35.16,35.52,35.11,35.48,44336692,,
2021-09-06,35.48,35.88,35.40,35.64,55343340,,
2021-09-07,35.70,35.70,35.36,35.48,32844564,,
2021-09-08,35.44,35.50,34.99,35.16,27915944,,
2021-09-09,34.91,35.25,34.83,35.08,12250292,,
2021-09-10,35.17,35.52,35.12,35.49,11929744,,
2021-09-13,35.46,35.46,35.29,35.36,12939284,,
2021-09-14,35.46,35.55,35.34,35.40,9637564,,
2021-09-15,35.33,35.36,35.10,35.19,47972592,,
2021-09-16,35.20,35.25,34.94,35.02,32048512,,
2021-09-17,35.02,35.26,34.88,35.12,15056364,,
2021-09-22,34.27,34.40,34.08,34.30,95626476,,
2021-09-23,34.50,34.62,34.40,34.50,22950432,,
2021-09-24,34.70,34.91,34.67,34.91,24728896,,
2021-09-27,34.96,35.09,34.80,35.00,46916492,,
2021-09-28,34.81,34.84,34.56,34.75,70802024,,
2021-09-29,34.23,34.23,33.86,34.00,118838624,,
2021-09-30,34.08,34.27,33.80,34.26,66370156,,
2021-10-01,34.08,34.08,33.41,33.49,108369932,,
2021-10-04,33.67,33.70,33.21,33.29,93019620,,
2021-10-05,33.00,33.25,32.73,33.24,107861208,,
2021-10-06,33.50,33.50,33.00,33.25,88152372,,
2021-10-07,33.51,33.90,33.49,33.84,54266868,,
2021-10-08,33.91,33.91,33.49,33.55,30805556,,
2021-10-12,33.17,33.29,32.90,33.21,44110052,,
2021-10-13,33.35,33.40,33.04,33.10,21732664,,
2021-10-14,33.38,33.42,33.12,33.19,13018476,,
2021-10-15,33.66,34.09,33.58,34.06,53612692,,
2021-10-18,34.17,34.23,33.90,33.96,21166076,,
2021-10-19,34.05,34.31,34.01,34.24,33879576,,
2021-10-20,34.26,34.33,34.11,34.15,58064224,,
2021-10-21,34.17,34.45,34.02,34.02,52200656,,
2021-10-22,34.06,34.19,33.91,34.12,20749424,,
2021-10-25,34.00,34.17,33.80,34.10,29361584,,
2021-10-26,34.16,34.44,34.15,34.39,42011924,,
2021-10-27,34.24,34.39,34.17,34.39,29550340,,
2021-10-28,34.36,34.41,34.15,34.29,17775576,,
2021-10-29,34.26,34.26,33.84,33.95,19783344,,
2021-11-01,34.05,34.19,34.05,34.12,12073852,,
2021-11-02,34.20,34.41,34.04,34.06,15930308,,
2021-11-03,34.10,34.25,34.10,34.15,9295528,,
2021-11-04,34.31,34.38,34.04,34.04,10037280,,
2021-11-05,34.27,34.55,34.20,34.52,44980008,,
2021-11-08,34.55,34.80,34.55,34.80,29547192,,
2021-11-09,35.04,35.30,35.02,35.17,49103720,,
2021-11-10,35.16,35.16,35.00,35.12,21403752,,
2021-11-11,34.77,34.94,34.70,34.81,17749988,,
2021-11-12,34.98,35.20,34.88,34.92,22775288,,
2021-11-15,35.14,35.31,35.14,35.24,25918820,,
2021-11-16,35.24,35.36,35.20,35.30,22967136,,
2021-11-17,35.33,35.42,35.29,35.41,81202148,,
2021-11-18,35.44,35.64,35.41,35.61,23376840,,
2021-11-19,35.88,35.89,35.66,35.70,23825376,,
2021-11-22,35.67,35.73,35.60,35.61,14822488,,
2021-11-23,35.50,35.50,35.26,35.27,17951904,,
2021-11-24,35.27,35.29,35.04,35.12,12176628,,
2021-11-25,35.12,35.23,35.00,35.11,9909604,,
2021-11-26,34.89,34.96,34.49,34.54,46647920,,
2021-11-29,34.40,34.70,34.38,34.54,44655660,,
2021-11-30,34.70,34.90,34.46,34.50,41102956,,
2021-12-01,34.52,35.12,34.51,35.08,16704276,,
2021-12-02,35.02,35.49,34.92,35.45,35537196,,
2021-12-03,35.49,35.54,35.27,35.44,19330520,,
2021-12-06,35.17,35.48,35.00,35.34,15418468,,
2021-12-07,35.34,35.45,35.09,35.45,12050156,,
2021-12-08,35.77,35.90,35.58,35.59,43552320,,
2021-12-09,35.61,35.66,35.42,35.50,18162644,,
2021-12-10,35.45,35.52,35.34,35.49,13121360,,
2021-12-13,35.55,35.61,35.38,35.38,18437204,,
2021-12-14,35.09,35.17,34.99,35.02,18753476,,
2021-12-15,35.02,35.15,34.92,35.08,39734372,,
2021-12-16,35.34,35.51,35.29,35.51,22468220,,
2021-12-17,35.39,35.50,35.30,35.48,19549972,,
2021-12-20,35.45,35.46,35.08,35.16,17373652,,
2021-12-21,35.17,35.49,35.17,35.46,26402952,,
2021-12-22,35.49,35.50,35.41,35.46,16285780,,
2021-12-23,35.69,35.80,35.56,35.66,55705360,,
2021-12-24,35.75,35.90,35.74,35.76,50101524,,
2021-12-27,35.80,36.06,35.77,36.04,26048796,,
2021-12-28,36.08,36.33,36.08,36.33,89823980,,
2021-12-29,36.36,36.54,36.26,36.49,90088896,,
2021-12-30,36.49,36.50,36.34,36.38,24985712,,
2022-01-03,36.50,36.84,36.50,36.60,27136808,,
2022-01-04,36.92,37.40,36.92,37.40,38537760,,
2022-01-05,37.52,37.64,37.27,37.33,45626404,,
2022-01-06,37.08,37.19,36.75,36.98,34484932,,
2022-01-07,37.08,37.25,36.62,36.65,27956496,,
2022-01-10,36.50,36.95,36.35,36.89,62807884,,
2022-01-11,36.90,37.12,36.67,37.08,71021608,,
2022-01-12,37.34,37.40,37.17,37.39,40619208,,
2022-01-13,37.39,37.61,37.39,37.58,29812384,,
2022-01-14,37.70,37.80,37.26,37.58,40446116,,
2022-01-17,37.77,38.10,37.77,38.00,27711192,,
2022-01-18,38.05,38.06,37.54,37.58,57660460,,
2022-01-19,37.25,37.41,37.06,37.12,58657148,,
2022-01-20,37.12,37.30,36.90,37.27,65053388,,
2022-01-21,35.98,35.99,35.58,35.66,119510380,0.8,
2022-01-24,35.52,36.00,35.42,36.00,52641948,,
2022-01-25,35.64,35.64,35.31,35.41,96087792,,
2022-01-26,35.29,35.55,35.26,35.39,71003288,,
2022-02-07,35.65,35.70,35.30,35.58,96090320,,
2022-02-08,35.83,35.88,35.70,35.73,44340368,,
2022-02-09,35.88,35.88,35.66,35.85,32243600,,
2022-02-10,35.98,36.26,35.88,36.26,24016868,,
2022-02-11,36.17,36.26,36.01,36.24,17259684,,
2022-02-14,35.99,35.99,35.55,35.67,47456160,,
2022-02-15,35.67,35.80,35.49,35.51,29444908,,
2022-02-16,35.98,36.11,35.95,36.10,26800172,,
2022-02-17,36.10,36.25,36.00,36.12,19763216,,
2022-02-18,35.88,36.04,35.76,36.02,15468844,,
2022-02-21,35.86,35.96,35.70,35.95,18011756,,
2022-02-22,35.65,35.66,35.19,35.46,74872596,,
2022-02-23,35.46,35.60,35.41,35.56,17635428,,
2022-02-24,35.27,35.27,34.58,34.70,117813808,,
2022-02-25,34.76,34.80,34.46,34.62,90309080,,
2022-03-01,34.76,35.20,34.71,35.11,32958060,,
2022-03-02,35.00,35.02,34.80,34.91,24524616,,
2022-03-03,35.12,35.20,34.96,34.99,17755472,,
2022-03-04,34.62,34.71,34.49,34.61,50396708,,
2022-03-07,34.23,34.23,33.44,33.50,208177676,,
2022-03-08,33.11,33.29,32.75,32.79,167283432,,
2022-03-09,33.05,33.31,33.05,33.12,83526340,,
2022-03-10,33.80,34.14,33.80,34.09,57746092,,
2022-03-11,33.96,33.96,33.55,33.60,42419380,,
2022-03-14,33.75,33.84,33.50,33.60,34346608,,
2022-03-15,33.29,33.29,32.85,32.91,94122712,,
2022-03-16,33.30,33.31,32.77,33.05,75954080,,
2022-03-17,33.86,34.12,33.80,34.10,56006192,,
2022-03-18,34.15,34.15,33.88,34.02,50581376,,
2022-03-21,34.20,34.41,34.20,34.25,30873588,,
2022-03-22,34.20,34.25,34.08,34.20,24184288,,
2022-03-23,34.40,34.59,34.39,34.52,41079752,,
2022-03-24,34.38,34.52,34.26,34.50,17108564,,
2022-03-25,34.60,34.62,34.48,34.55,19496792,,
2022-03-28,34.25,34.25,33.89,34.17,42024708,,
2022-03-29,34.25,34.30,34.15,34.21,25774216,,
2022-03-30,34.51,34.67,34.51,34.64,32665068,,
2022-03-31,34.64,34.66,34.52,34.52,14238552,,
2022-04-01,34.15,34.24,34.04,34.24,30795024,,
2022-04-06,33.81,34.09,33.75,34.06,46251656,,
2022-04-07,33.77,33.77,33.45,33.45,58991464,,
2022-04-08,33.52,33.64,33.44,33.64,35768872,,
2022-04-11,33.54,33.61,33.05,33.11,66837660,,
2022-04-12,33.04,33.21,32.90,33.14,56875520,,
2022-04-13,33.35,33.80,33.30,33.76,28186852,,
2022-04-14,33.94,33.94,33.64,33.64,19791976,,
2022-04-15,33.21,33.26,33.00,33.06,82769516,,
2022-04-18,33.00,33.06,32.79,32.89,71848084,,
2022-04-19,33.06,33.24,32.96,33.00,36238036,,
2022-04-20,33.05,33.17,32.91,33.16,27048540,,
2022-04-21,33.31,33.40,33.16,33.19,15936376,,
2022-04-22,32.85,32.94,32.71,32.90,44801348,,
2022-04-25,32.50,32.51,32.16,32.31,128851880,,
2022-04-26,32.44,32.45,32.21,32.31,37409408,,
2022-04-27,31.75,31.75,31.51,31.64,114986256,,
2022-04-28,31.84,31.85,31.49,31.77,46171364,,
2022-04-29,32.23,32.38,32.06,32.19,47537724,,
2022-05-03,32.14,32.17,31.86,31.95,25125076,,
2022-05-04,32.08,32.11,31.88,31.95,39598772,,
2022-05-05,32.38,32.45,32.24,32.31,24902416,,
2022-05-06,31.61,31.71,31.49,31.66,68203532,,
2022-05-09,31.38,31.39,31.12,31.14,51720992,,
2022-05-10,30.54,31.02,30.39,31.00,55376572,,
2022-05-11,30.96,31.11,30.82,31.05,32199604,,
2022-05-12,30.75,30.75,30.30,30.31,47755260,,
2022-05-13,30.52,30.59,30.39,30.59,28106200,,
2022-05-16,30.86,31.00,30.62,30.75,22904664,,
2022-05-17,30.79,31.12,30.79,31.09,16662204,,
2022-05-18,31.34,31.50,31.31,31.43,25266444,,
2022-05-19,30.86,30.95,30.66,30.82,29033480,,
2022-05-20,30.94,31.24,30.91,31.16,14661664,,
2022-05-23,31.32,31.40,31.12,31.23,10715572,,
2022-05-24,31.25,31.30,30.85,30.88,20276748,,
2022-05-25,30.93,31.18,30.86,31.11,10270292,,
2022-05-26,31.25,31.25,30.71,30.73,23219872,,
2022-05-27,31.04,31.45,31.01,31.38,46801572,,
2022-05-30,31.81,32.15,31.76,32.14,58170520,,
2022-05-31,32.11,32.45,31.90,32.45,28102668,,
2022-06-01,32.33,32.51,32.25,32.29,25626728,,
2022-06-02,32.11,32.11,31.90,31.95,17718612,,
2022-06-06,32.06,32.25,31.86,32.17,16111300,,
2022-06-07,31.99,31.99,31.71,31.85,19365760,,
2022-06-08,32.12,32.27,32.04,32.20,15916200,,
2022-06-09,32.05,32.12,31.91,32.10,7709100,,
2022-06-10,31.70,31.85,31.60,31.77,16998412,,
2022-06-13,31.02,31.06,30.86,30.89,67467100,,
2022-06-14,30.65,30.89,30.52,30.84,47559120,,
2022-06-15,30.75,30.90,30.66,30.69,35393308,,
2022-06-16,31.02,31.25,30.56,30.62,51071688,,
2022-06-17,30.25,30.38,30.10,30.21,78686220,,
2022-06-20,30.23,30.24,29.88,29.94,42257108,,
2022-06-21,30.24,30.55,30.09,30.55,25930500,,
2022-06-22,30.43,30.43,29.84,29.88,60435976,,
2022-06-23,29.95,29.95,29.31,29.48,67491772,,
2022-06-24,29.66,29.82,29.49,29.54,43073528,,
2022-06-27,29.95,30.36,29.95,30.24,66723816,,
2022-06-28,30.20,30.20,29.81,29.95,43233840,,
2022-06-29,29.68,29.89,29.62,29.70,25087984,,
2022-06-30,29.43,29.45,28.88,28.95,81720980,,
2022-07-01,28.91,28.91,27.80,27.89,138878240,,
2022-07-04,27.81,28.05,27.50,27.61,105770848,,
2022-07-05,28.14,28.24,27.25,27.75,64857832,,
2022-07-06,27.75,27.76,27.11,27.21,62447924,,
2022-07-07,27.36,28.04,27.14,28.02,53732760,,
2022-07-08,28.32,28.48,28.07,28.31,40711428,,
2022-07-11,28.41,28.43,27.96,28.06,30291812,,
2022-07-12,27.74,27.74,27.29,27.39,44533776,,
2022-07-13,28.25,28.41,28.15,28.36,99299588,,
2022-07-14,28.18,28.56,27.95,28.50,59001712,,
2022-07-15,28.65,28.91,28.44,28.88,74221248,,
2022-07-18,28.66,28.71,28.49,28.55,88829376,0.45,
2022-07-19,28.49,28.66,28.40,28.57,53005460,,
2022-07-20,28.96,29.05,28.68,28.76,67345152,,
2022-07-21,28.85,29.09,28.75,29.09,35213080,,
2022-07-22,29.15,29.30,29.07,29.20,62459656,,
2022-07-25,29.07,29.24,29.00,29.18,42173440,,
2022-07-26,29.15,29.15,28.82,28.91,50495728,,
2022-07-27,28.88,29.18,28.79,29.18,31668200,,
2022-07-28,29.46,29.49,29.23,29.23,33228832,,
2022-07-29,29.54,29.62,29.41,29.50,32121328,,
2022-08-01,29.52,29.52,29.30,29.41,38018536,,
2022-08-02,29.14,29.14,28.77,28.89,70777800,0.0575,
2022-08-03,28.91,29.06,28.88,29.06,31360808,,
2022-08-04,29.09,29.20,28.80,29.14,27397668,,
2022-08-05,29.50,29.88,29.48,29.88,37238236,,
2022-08-08,29.75,29.81,29.57,29.81,34765628,,
2022-08-09,29.60,29.88,29.50,29.79,31536632,,
2022-08-10,29.50,29.55,29.38,29.48,28891416,,
2022-08-11,29.95,30.11,29.90,30.01,42912384,,
2022-08-12,30.14,30.25,30.07,30.20,33697348,,
2022-08-15,30.36,30.52,30.31,30.48,38189448,,
2022-08-16,30.50,30.57,30.48,30.52,39489064,,
2022-08-17,30.52,30.57,30.45,30.54,55419464,,
2022-08-18,30.35,30.36,30.24,30.34,21088012,,
2022-08-19,30.31,30.50,30.23,30.39,16104076,,
2022-08-22,30.00,30.06,29.94,30.01,20028000,,
2022-08-23,29.64,29.75,29.55,29.55,41302508,,
2022-08-24,29.70,29.74,29.41,29.48,28253912,,
2022-08-25,29.62,29.86,29.61,29.75,19574876,,
2022-08-26,29.96,30.02,29.86,29.90,39838948,,
2022-08-29,29.06,29.24,29.00,29.14,63102952,,
2022-08-30,29.14,29.30,29.05,29.19,48621412,,
2022-08-31,28.99,29.40,28.95,29.40,28183656,,
2022-09-01,28.88,28.90,28.69,28.79,84246316,,
2022-09-02,28.77,28.77,28.46,28.48,55976232,,
2022-09-05,28.52,28.69,28.43,28.54,35512716,,
2022-09-06,28.70,28.85,28.56,28.73,25904464,,
2022-09-07,28.27,28.29,28.02,28.05,61955568,,
2022-09-08,28.26,28.26,28.10,28.25,28468684,,
2022-09-12,28.82,28.91,28.75,28.85,30181272,,
2022-09-13,29.02,29.10,28.94,29.00,18161944,,
2022-09-14,28.26,28.49,28.20,28.41,43782264,,
2022-09-15,28.38,28.56,28.30,28.46,14736400,,
2022-09-16,28.16,28.21,28.07,28.14,51803628,,
2022-09-19,28.24,28.24,27.98,28.01,28709272,,
2022-09-20,28.14,28.29,28.06,28.26,23028824,,
2022-09-21,28.20,28.20,27.95,28.02,44046172,,
2022-09-22,27.60,27.69,27.38,27.69,59646724,,
2022-09-23,27.56,27.59,27.34,27.43,58395944,,
2022-09-26,27.01,27.01,26.79,26.91,79683304,,
2022-09-27,26.95,26.99,26.75,26.88,35851112,,
2022-09-28,26.90,26.91,26.31,26.31,75593876,,
2022-09-29,26.61,26.61,26.15,26.23,41608432,,
2022-09-30,25.82,25.98,25.75,25.86,50705712,,
2022-10-03,25.62,25.90,25.51,25.55,43969468,,
2022-10-04,26.14,26.20,26.02,26.20,30114732,,
2022-10-05,26.62,26.96,26.59,26.81,42787184,,
2022-10-06,26.95,27.00,26.88,27.00,33828044,,
2022-10-07,26.85,26.85,26.52,26.55,34802512,,
2022-10-11,25.50,25.54,25.12,25.18,125921740,,
2022-10-12,25.10,25.18,24.89,25.05,53397184,,
2022-10-13,25.14,25.14,24.75,24.75,83371040,,
2022-10-14,25.44,25.57,25.27,25.46,45731032,,
2022-10-17,24.99,25.02,24.76,24.99,78771904,,
2022-10-18,25.38,25.39,24.99,25.27,25608136,,
2022-10-19,25.20,25.25,24.89,24.94,62496316,,
2022-10-20,24.55,24.86,24.34,24.80,75939888,,
2022-10-21,24.82,24.96,24.68,24.73,48662404,,
2022-10-24,25.19,25.20,24.65,24.65,67982140,,
2022-10-25,24.65,24.65,24.12,24.18,80259668,,
2022-10-26,24.21,24.50,24.12,24.40,43837832,,
2022-10-27,24.62,24.84,24.62,24.75,32068688,,
2022-10-28,24.65,24.65,24.31,24.44,45962880,,
2022-10-31,24.71,24.84,24.52,24.76,40352320,,
2022-11-01,24.71,24.99,24.70,24.90,32777216,,
2022-11-02,24.90,25.01,24.85,25.00,28021220,,
2022-11-03,24.62,24.71,24.59,24.68,54132456,,
2022-11-04,24.52,24.74,24.38,24.71,25730140,,
2022-11-07,24.95,25.21,24.89,25.14,48426144,,
2022-11-08,25.36,25.49,25.31,25.40,41625688,,
2022-11-09,25.64,26.12,25.64,26.12,75645316,,
2022-11-10,25.86,25.96,25.80,25.88,58931616,,
2022-11-11,27.14,27.25,26.95,27.25,137249556,,
2022-11-14,27.45,27.60,27.35,27.50,72667064,,
2022-11-15,27.80,28.74,27.80,28.68,135373028,,
2022-11-16,28.75,28.94,28.46,28.62,94684964,,
2022-11-17,28.49,28.66,28.21,28.64,53409672,,
2022-11-18,28.73,28.96,28.51,28.56,42624300,,
2022-11-21,28.59,28.66,28.43,28.46,34742276,,
2022-11-22,28.35,28.75,28.26,28.70,22178072,,
2022-11-23,28.91,28.98,28.76,28.90,31755848,,
2022-11-24,29.00,29.21,28.98,29.18,60955344,,
2022-11-25,29.16,29.24,29.09,29.18,64081944,,
2022-11-28,28.65,28.82,28.48,28.59,60178952,,
2022-11-29,28.46,28.85,28.27,28.85,42685868,,
2022-11-30,28.77,29.10,28.71,29.09,37184264,,
2022-12-01,29.80,29.88,29.50,29.59,98737356,,
2022-12-02,29.32,29.49,29.25,29.32,29920608,,
2022-12-05,29.32,29.62,29.30,29.36,47951016,,
2022-12-06,29.20,29.20,28.80,28.82,39880032,,
2022-12-07,28.62,28.96,28.55,28.65,32901556,,
2022-12-08,28.51,28.52,28.11,28.31,36475576,,
2022-12-09,28.50,28.81,28.49,28.75,24947356,,
2022-12-12,28.55,28.55,28.31,28.48,33456200,,
2022-12-13,28.62,28.62,28.31,28.35,26088568,,
2022-12-14,28.52,28.75,28.50,28.70,31534172,,
2022-12-15,28.57,28.76,28.48,28.73,31236764,,
2022-12-16,28.12,28.32,28.06,28.25,47527104,,
2022-12-19,28.09,28.24,28.00,28.09,24526112,,
2022-12-20,28.04,28.12,27.51,27.57,49743932,,
2022-12-21,27.70,27.85,27.57,27.69,47612612,,
2022-12-22,27.94,28.19,27.94,28.15,20092604,,
2022-12-23,27.68,27.76,27.60,27.68,23941448,,
2022-12-26,27.70,27.80,27.68,27.77,16120680,,
2022-12-27,27.85,28.06,27.85,27.90,16508700,,
2022-12-28,27.62,27.62,27.35,27.50,48701404,,
2022-12-29,27.30,27.40,27.10,27.38,55414224,,
2022-12-30,27.65,27.69,27.55,27.55,34572648,,
2023-01-03,27.40,27.73,27.11,27.69,59242536,,
2023-01-04,27.57,27.70,27.52,27.62,55019412,,
2023-01-05,27.81,27.93,27.74,27.82,48283616,,
2023-01-06,27.80,28.05,27.79,27.95,46347120,,
2023-01-09,28.50,28.95,28.48,28.95,59992304,,
2023-01-10,28.99,29.10,28.94,29.06,47897080,,
2023-01-11,29.16,29.19,28.98,29.09,62409904,,
2023-01-12,29.12,29.15,28.91,28.96,39816908,,
2023-01-13,29.62,29.65,29.24,29.30,113933548,,
2023-01-16,29.52,29.64,29.50,29.52,110397484,,
2023-01-17,29.59,29.59,29.45,29.52,56226344,,
2023-01-30,30.20,30.25,30.00,30.18,173329284,0.65,
2023-01-31,30.15,30.15,29.57,29.57,86450304,,
2023-02-01,29.77,29.86,29.61,29.75,26163640,,
2023-02-02,30.07,30.27,30.06,30.25,62178044,,
2023-02-03,30.24,30.30,30.05,30.25,38029112,,
2023-02-06,30.02,30.02,29.81,29.81,53519476,,
2023-02-07,29.77,29.81,29.64,29.75,33203448,,
2023-02-08,30.02,30.24,30.00,30.21,35659720,,
2023-02-09,30.12,30.25,30.07,30.23,19396980,,
2023-02-10,30.23,30.27,30.15,30.25,24871900,,
2023-02-13,30.18,30.23,29.98,30.19,15322364,,
2023-02-14,30.31,30.45,30.31,30.41,30469028,,
2023-02-15,29.99,30.06,29.70,29.71,49084992,,
2023-02-16,29.82,30.12,29.82,30.07,44040076,,
2023-02-17,29.82,29.82,29.60,29.69,31532096,,
2023-02-20,29.64,29.84,29.52,29.75,23364440,,
2023-02-21,29.75,29.77,29.64,29.74,17772152,,
2023-02-22,29.38,29.44,29.27,29.41,43550488,,
2023-02-23,29.49,29.95,29.49,29.85,24790780,,
2023-02-24,29.98,30.02,29.70,29.70,21990924,,
2023-03-01,29.32,29.86,29.21,29.84,29869272,,
2023-03-02,29.84,29.84,29.57,29.81,13924924,,
2023-03-03,29.95,30.02,29.80,29.84,12403748,,
2023-03-06,30.04,30.23,29.98,30.12,37364848,,
2023-03-07,30.14,30.35,30.05,30.32,29874380,,
2023-03-08,30.12,30.15,29.95,30.07,24727856,,
2023-03-09,30.19,30.20,30.05,30.05,13108684,,
2023-03-10,29.71,29.74,29.50,29.57,52548684,,
2023-03-13,29.49,29.77,29.35,29.70,74943036,,
2023-03-14,29.39,29.49,29.29,29.38,44186128,,
2023-03-15,29.60,29.68,29.36,29.40,48857440,,
2023-03-16,29.30,29.35,29.12,29.26,62425580,,
2023-03-17,29.46,29.74,29.45,29.74,43399212,,
2023-03-20,29.74,29.76,29.46,29.52,28429916,,
2023-03-21,29.62,29.69,29.55,29.66,14367480,,
2023-03-22,29.86,30.23,29.86,30.23,56968508,,
2023-03-23,30.16,30.57,30.11,30.46,62131916,,
2023-03-24,30.50,30.57,30.39,30.55,53829576,,
2023-03-27,30.44,30.48,30.30,30.36,42578380,,
2023-03-28,30.24,30.29,30.05,30.10,38965956,,
2023-03-29,30.16,30.26,30.04,30.15,12297708,,
2023-03-30,30.35,30.43,30.19,30.30,45522456,,
2023-03-31,30.43,30.59,30.35,30.40,59806560,,
2023-04-06,30.21,30.25,30.05,30.25,30005676,,
2023-04-07,30.31,30.36,30.20,30.25,17655436,,
2023-04-10,30.31,30.41,30.23,30.25,15124112,,
2023-04-11,30.25,30.29,30.10,30.21,23765992,,
2023-04-12,30.21,30.21,30.04,30.14,11568680,,
2023-04-13,30.01,30.04,29.88,29.88,26200016,,
2023-04-14,30.00,30.23,29.96,30.16,12363216,,
2023-04-17,30.09,30.12,29.95,30.09,22756672,,
2023-04-18,30.09,30.10,29.94,29.99,19338552,,
2023-04-19,30.00,30.01,29.70,29.76,31139140,,
2023-04-20,29.71,29.85,29.60,29.73,25631852,,
2023-04-21,29.86,29.89,29.62,29.65,19224952,,
2023-04-24,29.45,29.62,29.43,29.54,26235392,,
2023-04-25,29.57,29.57,29.14,29.15,74111004,,
2023-04-26,29.14,29.15,28.91,29.02,51812420,,
2023-04-27,29.01,29.16,28.88,29.00,37843400,,
2023-04-28,29.21,29.39,29.21,29.35,22563740,,
2023-05-02,29.36,29.50,29.27,29.43,20658196,,
2023-05-03,29.34,29.34,29.20,29.30,16713728,,
2023-05-04,29.25,29.38,29.18,29.38,14828800,,
2023-05-05,29.43,29.51,29.35,29.45,8875004,,
2023-05-08,29.62,29.73,29.59,29.64,24044836,,
2023-05-09,29.65,29.75,29.57,29.73,18544840,,
2023-05-10,29.70,29.70,29.41,29.45,16300476,,
2023-05-11,29.56,29.61,29.39,29.39,14739856,,
2023-05-12,29.29,29.38,29.19,29.30,15253396,,
2023-05-15,29.24,29.34,29.16,29.30,16478796,,
2023-05-16,29.48,29.75,29.46,29.65,31605876,,
2023-05-17,29.66,30.18,29.66,30.14,104119624,,
2023-05-18,30.45,30.60,30.40,30.54,87894220,,
2023-05-19,30.65,30.71,30.55,30.62,136498504,,
2023-05-22,30.62,30.66,30.52,30.57,71936104,,
2023-05-23,30.57,30.66,30.45,30.55,49062812,,
2023-05-24,30.41,30.45,30.27,30.40,43519312,,
2023-05-25,30.75,30.85,30.61,30.76,45771436,,
2023-05-26,31.25,31.51,31.25,31.49,95122080,,
2023-05-29,31.86,31.89,31.62,31.69,57995472,,
2023-05-30,31.69,31.76,31.61,31.69,48495216,,
2023-05-31,31.68,31.68,31.29,31.54,35461188,,
2023-06-01,31.34,31.40,31.23,31.29,15517372,,
2023-06-02,31.45,31.75,31.45,31.69,31771276,,
2023-06-05,31.69,31.70,31.56,31.59,25440488,,
2023-06-06,31.59,31.81,31.54,31.68,26369656,,
2023-06-07,31.75,32.06,31.75,32.02,48306172,,
2023-06-08,31.98,32.05,31.64,31.71,20562940,,
2023-06-09,31.88,32.05,31.85,31.95,22207812,,
2023-06-12,32.12,32.33,32.12,32.25,54885148,,
2023-06-13,32.55,32.99,32.55,32.89,93752808,,
2023-06-14,32.85,32.90,32.75,32.88,26707972,,
2023-06-15,32.89,33.00,32.88,32.98,44164476,,
2023-06-16,32.95,32.95,32.77,32.89,28808864,,
2023-06-19,32.74,32.88,32.64,32.81,23915984,,
2023-06-20,32.77,32.81,32.59,32.64,26115876,,
2023-06-21,32.64,32.76,32.56,32.64,106262060,,
2023-06-26,32.59,32.59,32.35,32.44,29573612,,
2023-06-27,32.29,32.39,32.17,32.23,26296196,,
2023-06-28,32.34,32.42,32.20,32.27,22783412,,
2023-06-29,32.44,32.62,32.23,32.26,22786068,,
2023-06-30,32.20,32.27,32.08,32.27,28116752,,
2023-07-03,32.40,32.67,32.40,32.67,26491300,,
2023-07-04,32.69,32.79,32.64,32.75,22718680,,
2023-07-05,32.75,32.80,32.60,32.70,20003768,,
2023-07-06,32.42,32.42,31.93,31.98,65609104,,
2023-07-07,31.89,32.08,31.77,31.93,32081608,,
2023-07-10,32.02,32.12,31.75,31.86,31486556,,
2023-07-11,32.00,32.30,32.00,32.30,18161736,,
2023-07-12,32.33,32.36,32.21,32.36,13757804,,
2023-07-13,32.83,32.98,32.71,32.73,62665236,,
2023-07-14,32.86,33.12,32.86,33.06,58928984,,
2023-07-17,33.00,33.05,32.94,33.00,61113608,,
2023-07-18,32.75,32.75,32.42,32.46,43350244,0.475,
2023-07-19,32.54,32.62,32.19,32.19,57198712,,
2023-07-20,32.26,32.42,32.25,32.34,14887776,,
2023-07-21,31.85,31.85,31.62,31.80,51028788,,
2023-07-24,31.75,31.91,31.65,31.81,38900724,,
2023-07-25,31.93,32.30,31.93,32.21,27691160,,
2023-07-26,32.27,32.30,32.09,32.12,17586968,,
2023-07-27,32.29,32.38,32.25,32.38,16027612,,
2023-07-28,32.35,32.48,32.25,32.38,10722548,,
2023-07-31,32.58,32.66,32.06,32.20,28994208,,
2023-08-01,32.25,32.39,32.21,32.36,17791060,,
2023-08-02,32.35,32.36,31.86,31.96,48022884,,
2023-08-04,31.81,31.88,31.73,31.81,26939664,,
2023-08-07,31.91,32.17,31.89,32.12,18407492,,
2023-08-08,32.02,32.05,31.60,31.75,42070044,,
2023-08-09,31.70,31.91,31.66,31.80,14657596,,
2023-08-10,31.73,31.75,31.57,31.60,43583592,,
2023-08-11,31.75,31.84,31.54,31.57,30991408,,
2023-08-14,31.41,31.43,31.02,31.12,90266740,,
2023-08-15,31.31,31.36,31.15,31.18,29644352,,
2023-08-16,31.04,31.10,30.90,31.01,72292252,,
2023-08-17,30.90,31.16,30.73,31.15,38535436,,
2023-08-18,31.05,31.20,30.93,30.96,30402880,,
2023-08-21,31.05,31.11,30.75,30.75,40236924,,
2023-08-22,31.00,31.09,30.93,31.00,14564580,,
2023-08-23,31.00,31.29,31.00,31.21,27136280,,
2023-08-24,31.60,31.77,31.56,31.75,26694756,,
2023-08-25,31.38,31.38,31.12,31.14,28754872,,
2023-08-28,31.21,31.43,31.19,31.34,17258996,,
2023-08-29,31.50,31.51,31.18,31.51,25960364,,
2023-08-30,31.69,31.76,31.52,31.65,22997780,,
2023-08-31,31.64,31.64,31.38,31.43,17424156,,
2023-09-01,31.38,31.57,31.27,31.48,12327708,,
2023-09-04,31.48,31.70,31.40,31.69,13690652,,
2023-09-05,31.64,31.65,31.51,31.61,14489636,,
2023-09-06,31.65,31.68,31.46,31.50,29338084,,
2023-09-07,31.32,31.38,31.18,31.21,22600776,,
2023-09-08,31.02,31.12,30.96,31.07,22110532,,
2023-09-11,31.11,31.12,30.85,30.95,33026528,,
2023-09-12,31.02,31.26,30.96,31.26,10398692,,
2023-09-13,31.30,31.40,31.18,31.30,12823132,,
2023-09-14,31.48,31.74,31.39,31.74,28711600,,
2023-09-15,31.75,31.84,31.69,31.84,22933528,,
2023-09-18,31.65,31.65,31.46,31.50,28383636,,
2023-09-19,31.46,31.51,31.34,31.36,16069368,,
2023-09-20,31.26,31.30,31.12,31.19,23793164,,
2023-09-21,30.95,30.96,30.66,30.69,84682840,,
2023-09-22,30.61,30.70,30.51,30.66,38237532,,
2023-09-25,30.69,30.94,30.69,30.89,15972528,,
2023-09-26,30.66,30.75,30.50,30.52,40307016,,
2023-09-27,30.46,30.57,30.39,30.54,26110120,,
2023-09-28,30.69,30.79,30.51,30.66,22157308,,
2023-10-02,30.90,31.12,30.90,31.06,25845048,,
2023-10-03,30.99,31.04,30.86,30.88,20273816,,
2023-10-04,30.52,30.55,30.34,30.48,44900108,,
2023-10-05,30.60,30.91,30.60,30.91,16421960,,
2023-10-06,30.95,31.07,30.95,31.02,19539980,,
2023-10-11,31.48,31.60,31.46,31.56,53988076,,
2023-10-12,31.62,31.84,31.57,31.82,57188056,,
2023-10-13,31.75,31.85,31.62,31.74,25451284,,
2023-10-16,31.57,31.57,31.43,31.56,30968164,,
2023-10-17,31.68,31.75,31.60,31.64,27344148,,
2023-10-18,31.56,31.56,31.20,31.20,38264128,,
2023-10-19,31.10,31.30,31.10,31.21,31304980,,
2023-10-20,31.19,31.36,30.98,31.35,17549164,,
2023-10-23,31.21,31.21,30.89,30.96,32149280,,
2023-10-24,30.95,30.99,30.68,30.99,28788744,,
2023-10-25,31.05,31.23,31.05,31.05,15920360,,
2023-10-26,30.46,30.60,30.40,30.44,87896488,,
2023-10-27,30.54,30.69,30.52,30.57,16275748,,
2023-10-30,30.60,30.71,30.44,30.50,36553408,,
2023-10-31,30.60,30.61,30.27,30.29,43123508,,
2023-11-01,30.50,30.54,30.31,30.44,17689308,,
2023-11-02,30.79,31.12,30.79,31.12,39232848,,
2023-11-03,31.25,31.40,31.18,31.36,34794272,,
2023-11-06,31.64,31.80,31.59,31.64,63692796,,
2023-11-07,31.62,31.70,31.52,31.62,26172452,,
2023-11-08,31.66,31.86,31.62,31.80,44402716,,
2023-11-09,31.73,31.85,31.66,31.81,24907492,,
2023-11-10,31.68,31.71,31.60,31.69,17006284,,
2023-11-13,32.31,32.40,32.12,32.17,101550224,,
2023-11-14,32.30,32.40,32.24,32.25,80377828,,
2023-11-15,32.73,32.75,32.51,32.64,91164196,,
2023-11-16,32.70,32.80,32.58,32.65,73317344,,
2023-11-17,32.65,32.88,32.64,32.75,108590352,,
2023-11-20,32.76,32.76,32.61,32.74,34641500,,
2023-11-21,32.86,33.17,32.86,33.14,113513384,,
2023-11-22,32.81,32.95,32.79,32.84,24548288,,
2023-11-23,32.84,32.86,32.69,32.83,24937264,,
2023-11-24,32.83,32.91,32.76,32.80,53237608,,
2023-11-27,32.80,32.96,32.52,32.59,37727104,,
2023-11-28,32.60,32.95,32.58,32.81,38275884,,
2023-11-29,32.83,33.05,32.76,32.79,26470308,,
2023-11-30,32.83,32.88,32.66,32.84,43669324,,
2023-12-01,32.75,32.95,32.70,32.95,21198560,,
2023-12-04,32.95,33.00,32.73,32.83,17596136,,
2023-12-05,32.65,32.65,32.48,32.59,19111864,,
2023-12-06,32.60,32.85,32.60,32.70,28548196,,
2023-12-07,32.65,32.66,32.50,32.50,10954636,,
2023-12-08,32.79,32.90,32.73,32.76,52095808,,
2023-12-11,32.76,32.84,32.66,32.80,12519352,,
2023-12-12,32.98,33.01,32.84,32.88,21902040,,
2023-12-13,32.90,32.95,32.85,32.89,11761744,,
2023-12-14,33.16,33.36,33.12,33.29,128026068,,
2023-12-15,33.41,33.55,33.41,33.42,73515340,,
2023-12-18,33.41,33.48,33.15,33.48,26607988,,
2023-12-19,33.45,33.45,33.19,33.35,22424988,,
2023-12-20,33.39,33.46,33.35,33.44,26463340,,
2023-12-21,33.05,33.17,33.01,33.15,21419804,,
2023-12-22,33.15,33.27,33.15,33.24,24816776,,
2023-12-25,33.25,33.45,33.24,33.38,32321648,,
2023-12-26,33.38,33.60,33.38,33.56,67267856,,
2023-12-27,33.60,33.98,33.59,33.94,119800140,,
2023-12-28,33.94,34.00,33.86,33.94,59393184,,
2023-12-29,33.92,34.00,33.84,33.86,52446432,,
2024-01-02,33.90,33.99,33.66,33.73,23688304,,
2024-01-03,33.42,33.48,33.08,33.14,54189900,,
2024-01-04,33.14,33.19,33.08,33.12,18270372,,
2024-01-05,33.14,33.24,33.02,33.04,15998684,,
2024-01-08,33.25,33.40,33.19,33.19,37578880,,
2024-01-09,33.46,33.49,33.19,33.25,22804060,,
2024-01-10,33.10,33.16,33.00,33.08,27125880,,
2024-01-11,33.11,33.31,33.09,33.21,22504312,,
2024-01-12,33.05,33.26,32.99,33.16,25937588,,
2024-01-15,33.16,33.16,33.16,33.16,0,,
2024-01-16,33.01,33.08,32.77,32.91,87905184,,
2024-01-17,32.50,32.50,31.82,31.86,145373216,0.75,
2024-01-18,31.98,32.14,31.98,32.08,28368372,,
2024-01-19,32.92,33.27,32.77,33.23,104149832,,
2024-01-22,33.45,33.59,33.34,33.45,51769732,,
2024-01-23,33.48,33.56,33.38,33.51,27609740,,
2024-01-24,33.54,33.60,33.49,33.50,56681432,,
2024-01-25,33.76,33.92,33.73,33.91,104278032,,
2024-01-26,33.91,33.99,33.83,33.91,63300248,,
2024-01-29,33.91,34.16,33.90,34.12,106544936,,
2024-01-30,34.09,34.16,34.01,34.04,38244096,,
2024-01-31,33.81,33.83,33.59,33.59,27139568,,
2024-02-01,33.59,33.62,33.40,33.59,33583900,,
2024-02-02,33.75,33.80,33.66,33.77,35616952,,
2024-02-05,33.77,34.05,33.75,33.99,68850940,,
2024-02-15,35.55,35.67,35.35,35.59,166902248,,
2024-02-16,35.59,35.59,35.30,35.33,70613876,,
2024-02-19,35.25,35.31,35.15,35.27,35994992,,
2024-02-20,35.14,35.50,35.10,35.41,53273328,,
2024-02-21,35.35,35.38,35.26,35.30,41419940,,
2024-02-22,35.74,35.76,35.46,35.70,49482432,,
2024-02-23,35.86,36.02,35.83,35.94,76632740,,
2024-02-26,35.92,36.00,35.75,35.99,39179224,,
2024-02-27,35.99,36.05,35.66,35.84,23922688,,
2024-02-29,35.75,35.99,35.67,35.83,27390448,,
2024-03-01,35.89,35.99,35.70,35.70,34647028,,
2024-03-04,36.25,36.80,36.21,36.74,97571592,,
2024-03-05,36.94,37.14,36.84,37.04,65483708,,
2024-03-06,36.75,37.26,36.60,37.21,66132768,,
2024-03-07,37.75,38.25,37.69,38.08,118461268,,
2024-03-08,38.90,39.11,38.25,38.61,115837004,,
2024-03-11,38.46,38.55,38.14,38.23,52057640,,
2024-03-12,38.05,38.65,38.02,38.62,58684560,,
2024-03-13,38.89,39.04,38.74,38.81,51296604,,
2024-03-14,38.73,38.95,38.58,38.77,33274472,,
2024-03-15,38.58,38.69,38.25,38.25,34403816,,
2024-03-18,38.25,38.62,38.25,38.60,71751072,,
2024-03-19,38.35,38.64,38.25,38.51,34279156,,
2024-03-20,38.55,38.83,38.25,38.30,40321616,,
2024-03-21,38.89,39.42,38.89,39.35,79843224,,
2024-03-22,39.38,39.56,39.12,39.30,27109996,,
2024-03-25,39.30,39.50,39.24,39.38,34332452,,
2024-03-26,39.58,39.80,39.10,39.40,26127772,,
2024-03-27,39.35,39.46,39.23,39.41,17547948,,
2024-03-28,39.33,39.33,38.98,39.23,12641392,,
2024-03-29,39.23,39.49,39.23,39.45,20572000,,
2024-04-01,39.55,39.69,39.31,39.35,21344696,,
2024-04-02,39.61,39.91,39.60,39.91,29364088,,
2024-04-03,39.66,39.73,39.45,39.64,18550252,,
2024-04-08,39.66,39.96,39.64,39.86,22629184,,
2024-04-09,40.00,40.84,39.98,40.81,32581692,,
2024-04-10,40.69,40.83,40.61,40.75,21203720,,
2024-04-11,40.51,40.62,40.41,40.62,17270700,,
2024-04-12,40.65,40.70,40.49,40.52,23321576,,
2024-04-15,40.06,40.14,39.90,40.00,31563124,,
2024-04-16,39.58,39.58,38.69,38.91,66621548,,
2024-04-17,38.99,39.42,38.98,39.35,30823556,,
2024-04-18,39.09,39.74,38.95,39.74,26278092,,
2024-04-19,38.52,38.54,37.38,37.73,121590104,,
2024-04-22,37.60,37.94,37.42,37.61,37041220,,
2024-04-23,38.04,38.11,37.83,37.98,21648704,,
2024-04-24,38.50,39.12,38.50,39.09,30701016,,
2024-04-25,38.52,38.61,38.31,38.38,18805640,,
2024-04-26,39.00,39.20,38.88,39.00,23018032,,
2024-04-29,39.33,39.77,39.33,39.70,30810776,,
2024-04-30,39.65,39.84,39.56,39.56,17931740,,
2024-05-02,39.34,39.34,39.00,39.04,24868108,,
2024-05-03,39.64,39.66,39.11,39.24,22758784,,
2024-05-06,39.75,40.04,39.75,39.80,34385032,,
2024-05-07,40.06,40.14,39.88,40.02,24914944,,
2024-05-08,40.00,40.20,39.91,40.17,23909068,,
2024-05-09,40.19,40.31,40.10,40.12,20302276,,
2024-05-10,40.31,40.52,40.14,40.41,38735812,,
2024-05-13,40.84,40.98,40.74,40.83,36463372,,
2024-05-14,40.80,41.11,40.67,41.10,30997876,,
2024-05-15,41.40,41.96,41.38,41.66,58324000,,
2024-05-16,42.24,42.44,41.77,41.86,48239680,,
2024-05-17,41.89,41.92,41.67,41.81,18716540,,
2024-05-20,41.81,41.85,41.33,41.80,27022924,,
2024-05-21,41.60,41.79,41.46,41.75,17396092,,
2024-05-22,41.80,42.50,41.80,42.50,25594296,,
2024-05-23,42.58,42.86,42.50,42.83,24008260,,
2024-05-24,42.33,42.70,42.33,42.65,14620304,,
2024-05-27,42.94,43.35,42.94,43.24,22741680,,
2024-05-28,43.24,43.35,43.12,43.30,22098816,,
2024-05-29,43.11,43.12,42.64,42.71,27187816,,
2024-05-30,42.00,42.25,41.92,41.98,37110048,,
2024-05-31,42.06,42.23,41.50,41.50,33146844,,
2024-06-03,42.16,42.44,41.83,42.39,35980328,,
2024-06-04,42.19,42.19,41.62,41.71,31950448,,
2024-06-05,41.85,42.20,41.54,42.11,18128396,,
2024-06-06,43.19,43.65,43.16,43.55,68229592,,
2024-06-07,43.33,43.35,43.10,43.21,27000588,,
2024-06-11,43.29,43.56,43.23,43.33,43428272,,
2024-06-12,43.33,44.11,43.33,44.10,30368844,,
2024-06-13,44.73,45.12,44.45,44.74,64426456,,
2024-06-14,44.74,45.00,44.45,45.00,25992432,,
2024-06-17,44.80,45.11,44.70,45.00,32511172,,
2024-06-18,45.62,45.76,45.50,45.75,26253244,,
2024-06-19,46.19,47.23,46.19,46.99,101354688,,
2024-06-20,46.99,47.44,46.95,47.44,45286572,,
2024-06-21,46.77,47.30,46.74,47.15,40956144,,
2024-06-24,46.62,46.62,45.89,46.00,52787124,,
2024-06-25,45.49,45.98,45.20,45.98,52138524,,
2024-06-26,46.24,46.52,46.06,46.34,35664104,,
2024-06-27,45.90,46.33,45.85,46.33,24876244,,
2024-06-28,46.33,46.85,46.16,46.61,16587884,,
2024-07-01,46.64,47.01,46.56,46.65,29279212,,
2024-07-02,46.49,46.69,46.12,46.34,21777344,,
2024-07-03,46.90,46.90,46.60,46.90,25915028,,
2024-07-04,47.65,48.16,47.65,48.12,50576828,,
2024-07-05,48.15,48.21,47.89,47.95,38933332,,
2024-07-08,47.98,49.62,47.96,49.46,69409868,,
2024-07-09,49.36,50.01,48.86,49.41,61955156,,
2024-07-10,49.24,49.60,48.75,49.59,28674444,,
2024-07-11,50.16,50.70,50.00,50.69,39186920,,
2024-07-12,49.55,49.59,49.00,49.09,56633068,,
2024-07-15,49.41,49.52,49.02,49.17,39160740,,
2024-07-16,49.14,49.75,49.00,49.21,53022152,0.25,
2024-07-17,49.10,49.12,48.40,48.52,57959112,,
2024-07-18,47.15,47.73,47.05,47.65,71520052,,
2024-07-19,47.19,47.25,46.55,46.56,65815640,,
2024-07-22,46.35,46.35,45.01,45.17,84847384,,
2024-07-23,45.92,46.58,45.92,46.58,50108316,,
2024-07-26,44.51,44.86,44.27,44.75,103626472,,
2024-07-29,45.45,45.50,44.99,45.15,39785056,,
2024-07-30,44.81,45.33,44.38,45.15,52429524,,
2024-07-31,44.71,45.29,44.65,45.21,36314216,,
2024-08-01,46.25,46.27,45.67,46.00,56246796,,
2024-08-02,44.54,44.73,43.67,43.67,118827260,,
2024-08-05,41.66,41.66,39.60,39.69,222308816,,
2024-08-06,41.83,42.60,40.20,41.88,252563844,,
2024-08-07,42.46,43.69,42.25,43.54,127298960,,
2024-08-08,42.76,43.10,42.25,42.64,103364420,,
2024-08-09,43.75,44.23,43.62,43.96,93415024,,
2024-08-12,44.31,44.95,44.31,44.51,70286956,,
2024-08-13,44.83,44.88,44.50,44.62,43433840,,
2024-08-14,45.09,45.46,44.99,45.19,74857276,,
2024-08-15,45.15,45.25,44.76,44.84,45926588,,
2024-08-16,45.75,45.91,45.59,45.85,52823660,,
2024-08-19,45.88,46.17,45.79,45.91,37122372,,
2024-08-20,46.15,46.30,45.92,45.94,43139504,,
2024-08-21,45.75,45.76,45.36,45.45,46736568,,
2024-08-22,45.52,45.65,45.09,45.21,20872828,,
2024-08-23,44.75,45.34,44.73,45.24,31773940,,
2024-08-26,45.60,45.85,45.20,45.31,45593952,,
2024-08-27,45.10,45.23,44.94,45.11,21167864,,
2024-08-28,45.12,45.75,44.96,45.75,21989684,,
2024-08-29,44.88,45.29,44.79,45.12,43063780,,
2024-08-30,45.24,45.51,45.16,45.34,32202952,,
2024-09-02,45.48,45.61,45.12,45.21,32057896,,
2024-09-03,45.25,45.38,44.92,45.01,38411312,,
2024-09-04,42.75,43.45,42.50,42.81,119635984,,
2024-09-05,43.21,43.66,42.94,43.08,35275304,,
2024-09-06,43.25,43.73,42.96,43.69,34331020,,
2024-09-09,42.60,43.02,42.58,43.01,60735940,,
2024-09-10,43.35,43.35,42.79,43.09,37207812,,
2024-09-11,43.09,43.12,42.88,42.96,20056236,,
2024-09-12,44.02,44.66,44.02,44.58,62978008,,
2024-09-13,44.75,44.84,44.46,44.60,18047504,,
2024-09-16,44.65,44.80,44.58,44.69,23507632,,
2024-09-18,44.62,44.77,44.14,44.46,36769256,,
2024-09-19,44.50,45.05,44.25,45.04,32440304,,
2024-09-20,45.77,46.02,45.61,45.61,54531520,,
2024-09-23,45.64,45.91,45.64,45.81,31601992,,
2024-09-24,45.80,46.25,45.52,46.25,39809384,,
2024-09-25,46.92,47.00,46.84,46.94,46692004,,
2024-09-26,47.40,47.50,47.19,47.33,66903724,,
2024-09-27,47.55,47.81,47.15,47.23,45613256,,
2024-09-30,46.64,46.80,45.99,45.99,52747800,,
2024-10-01,45.98,46.15,45.84,45.90,37640876,,
2024-10-04,46.00,46.33,45.75,45.90,35462652,,
2024-10-07,46.45,47.05,46.45,47.04,53806008,,
2024-10-08,46.74,46.84,46.38,46.81,37917328,,
2024-10-09,47.25,47.55,47.25,47.25,45188240,,
2024-10-11,47.26,48.20,47.26,48.04,49226984,,
2024-10-14,48.02,48.23,47.74,48.08,40439036,,
2024-10-15,48.25,49.15,48.25,49.10,59070828,,
2024-10-16,48.11,48.83,47.91,48.25,71201552,,
2024-10-17,48.50,48.52,47.98,48.33,38164820,,
2024-10-18,49.83,50.05,49.31,49.52,129283608,,
2024-10-21,49.76,49.99,49.50,49.51,52918584,,
2024-10-22,49.30,49.33,48.84,49.33,33857660,,
2024-10-23,49.17,49.23,48.91,49.00,37794896,,
2024-10-24,49.00,49.17,48.62,48.70,32493848,,
2024-10-25,48.75,49.14,48.75,49.10,50566572,,
2024-10-28,49.48,49.54,48.74,49.01,45978476,,
2024-10-29,48.31,48.31,47.55,47.88,96980096,,
2024-10-30,48.24,48.51,47.88,47.95,56626752,,
2024-11-01,46.54,47.64,46.49,47.62,78483628,,
2024-11-04,47.76,48.30,47.70,48.24,29118288,,
2024-11-05,47.89,48.67,47.85,48.41,40432828,,
2024-11-06,48.51,49.51,48.38,48.80,66825504,,
2024-11-07,48.73,49.51,48.62,49.36,53994208,,
2024-11-08,49.85,50.00,49.67,49.75,51800604,,
2024-11-11,49.71,49.77,49.20,49.77,49456052,,
2024-11-12,48.80,48.96,48.50,48.50,105088348,,
2024-11-13,48.46,48.50,48.12,48.19,36778360,,
2024-11-14,48.08,48.12,47.52,47.75,48586460,,
2024-11-15,48.01,48.21,47.71,48.09,29542324,,
2024-11-18,47.86,47.92,47.40,47.41,53578064,,
2024-11-19,47.67,48.24,47.55,48.06,30473284,,
2024-11-20,47.86,47.86,47.86,47.86,312000,,
2024-11-21,47.50,47.54,47.15,47.34,63506468,,
2024-11-22,47.77,48.30,47.77,48.26,31862348,,
2024-11-25,48.67,48.69,48.06,48.09,31306652,,
2024-11-26,47.52,47.58,47.20,47.46,45563288,,
2024-11-27,47.29,47.36,46.75,46.77,56290744,,
2024-11-28,46.75,46.77,46.36,46.70,52436456,,
2024-11-29,46.24,47.00,46.12,46.81,32512880,,
2024-12-02,47.12,47.92,47.12,47.92,42176312,,
2024-12-03,48.58,48.71,48.44,48.58,39812424,,
2024-12-04,48.67,48.86,48.51,48.86,25820996,,
2024-12-05,48.94,49.15,48.91,49.12,29784812,,
2024-12-06,49.12,49.17,48.75,48.94,27238024,,
2024-12-09,49.04,49.06,48.92,49.00,18559456,,
2024-12-10,48.94,49.11,48.64,48.65,17909228,,
2024-12-11,48.25,48.56,48.15,48.23,26858756,,
2024-12-12,48.73,48.94,48.61,48.79,20108964,,
2024-12-13,48.66,48.90,48.52,48.83,18081708,,
2024-12-16,49.25,49.41,48.94,49.02,29374368,,
2024-12-17,49.27,49.51,49.19,49.27,37176916,,
2024-12-18,49.20,49.46,48.90,49.27,26215508,,
2024-12-19,48.59,48.70,48.39,48.60,52180188,,
2024-12-20,48.44,48.44,48.00,48.15,44493576,,
2024-12-23,48.67,49.33,48.62,49.31,44704264,,
2024-12-24,49.62,49.77,49.38,49.45,32783608,,
2024-12-25,49.62,49.62,49.36,49.60,23624492,,
2024-12-26,49.60,49.62,49.50,49.56,19214244,,
2024-12-27,49.40,49.76,49.33,49.73,27949668,,
2024-12-30,49.54,49.66,49.41,49.45,34709064,,
2024-12-31,49.17,49.23,48.90,48.94,31346136,,
2025-01-02,48.91,48.91,48.31,48.51,51190808,,
2025-01-03,49.00,49.24,48.80,49.00,28453484,,
2025-01-06,49.66,50.58,49.65,50.54,98511172,,
2025-01-07,51.24,51.50,51.06,51.10,63775376,,
2025-01-08,50.66,50.84,50.26,50.34,47422868,,
2025-01-09,50.05,50.29,49.75,49.76,33722620,,
2025-01-10,49.75,49.89,49.50,49.75,33285296,,
2025-01-13,49.75,49.75,48.52,48.60,83504716,,
2025-01-14,48.67,48.98,48.51,48.90,43511100,,
2025-01-15,49.00,49.00,48.44,48.52,69536468,,
2025-01-16,49.48,49.88,49.35,49.51,62348392,,
2025-01-17,49.25,49.34,48.60,49.08,60550264,0.675,
2025-01-20,49.29,49.66,49.29,49.58,29670284,,
2025-01-21,49.33,49.80,49.17,49.67,42450952,,
2025-01-22,50.08,50.42,50.08,50.33,51457596,,
2025-02-03,48.08,48.25,47.66,48.17,223159112,,
2025-02-04,48.41,48.64,48.26,48.46,77136476,,
2025-02-05,48.94,49.45,48.94,49.20,60958500,,
2025-02-06,49.50,49.60,49.27,49.41,44838828,,
2025-02-07,49.41,49.65,49.27,49.64,22434376,,
2025-02-10,49.55,49.55,49.02,49.08,65528040,,
2025-02-11,49.38,49.62,49.25,49.38,19842444,,
2025-02-12,49.50,49.66,49.25,49.30,27301116,,
2025-02-13,49.33,49.35,48.89,49.09,56673980,,
2025-02-14,48.79,48.79,48.38,48.50,92217264,,
2025-02-17,48.69,49.24,48.69,49.24,46591960,,
2025-02-18,49.48,49.48,49.15,49.41,32278676,,
2025-02-19,49.41,49.48,49.25,49.33,47313232,,
2025-02-20,49.24,49.24,48.77,49.14,55359052,,
2025-02-21,49.12,49.49,48.98,49.49,33879192,,
2025-02-24,49.04,49.10,48.88,49.05,49672024,,
2025-02-25,48.50,48.51,48.15,48.41,106710684,,
2025-02-26,48.23,48.67,47.98,48.67,73176320,,
2025-02-27,48.74,48.74,48.09,48.12,74694820,,
2025-03-03,47.20,47.25,46.70,47.01,221959024,,
2025-03-04,46.25,46.81,46.16,46.70,114655652,,
2025-03-05,47.00,47.38,47.00,47.31,51369564,,
2025-03-06,47.34,47.34,46.84,47.02,56890884,,
2025-03-07,46.70,46.75,46.45,46.59,68483412,,
2025-03-10,46.59,46.59,46.09,46.31,79006576,,
2025-03-11,45.19,45.52,44.77,45.50,134191768,,
2025-03-12,45.52,46.10,45.40,45.70,51035508,,
2025-03-13,46.30,46.46,45.26,45.27,52268912,,
2025-03-14,45.27,45.29,44.89,45.12,49198232,,
2025-03-17,45.64,45.88,45.40,45.51,43897376,,
2025-03-18,45.77,45.96,45.59,45.70,30603120,,
2025-03-19,45.65,45.66,45.02,45.14,46763368,,
2025-03-20,45.61,46.11,45.61,46.11,30658212,,
2025-03-21,46.00,46.00,45.62,45.74,28538176,,
2025-03-24,46.10,46.10,45.58,45.69,29239460,,
2025-03-25,46.16,46.38,46.00,46.16,31256652,,
2025-03-26,46.30,46.35,45.96,46.12,26915048,,
2025-03-27,45.38,45.40,45.11,45.25,69966552,,
2025-03-28,44.79,44.83,44.50,44.80,78993236,,
2025-03-31,43.40,43.56,43.05,43.19,146065632,,
2025-04-01,43.40,44.14,43.40,44.08,47284600,,
2025-04-02,44.21,44.34,44.00,44.00,41725300,,
2025-04-07,39.60,39.60,39.60,39.60,92658524,,
2025-04-08,37.80,39.36,37.64,38.31,321307308,,
2025-04-09,38.12,38.54,36.25,36.55,300494796,,
2025-04-10,40.20,40.20,40.20,40.20,22371068,,
2025-04-11,39.31,41.14,38.84,41.14,189919436,,
2025-04-14,42.12,42.17,40.88,40.92,175434800,,
2025-04-15,41.01,41.38,40.83,41.34,73965868,,
2025-04-16,40.95,40.95,40.35,40.59,98068248,,
2025-04-17,40.33,40.33,39.86,40.14,72955972,,
2025-04-18,40.35,40.45,40.15,40.23,44335540,,
2025-04-21,40.19,40.19,39.62,39.65,62867512,,
2025-04-22,39.39,39.48,38.99,38.99,75640860,,
2025-04-23,40.08,40.77,40.08,40.71,63235952,,
2025-04-24,40.98,41.01,40.33,40.48,53776468,,
2025-04-25,41.55,41.74,41.38,41.44,70563724,,
2025-04-28,41.70,41.88,41.70,41.79,48371852,,
2025-04-29,41.79,42.00,41.62,41.95,43388416,,
2025-04-30,41.96,42.25,41.88,42.15,37552524,,
2025-05-02,43.00,43.38,42.88,43.38,57160960,,
2025-05-05,43.65,43.65,42.48,42.99,127935288,,
2025-05-06,42.49,43.02,42.34,42.75,116316784,,
2025-05-07,42.95,43.12,42.49,42.59,53137384,,
2025-05-08,43.01,43.30,42.90,43.15,39311228,,
2025-05-09,43.17,43.74,43.09,43.69,51888384,,
2025-05-12,43.88,44.25,43.88,44.17,53767756,,
2025-05-13,45.21,45.27,44.71,44.71,79922716,,
2025-05-14,45.46,45.73,45.34,45.73,90203212,,
2025-05-15,45.73,45.73,45.50,45.62,45677800,,
2025-05-16,45.56,45.80,45.42,45.75,37815732,,
2025-05-19,45.66,45.66,45.09,45.11,37940744,,
2025-05-20,45.46,45.60,45.12,45.20,21364336,,
2025-05-21,45.23,45.96,45.23,45.90,54450212,,
2025-05-22,45.51,45.51,45.15,45.40,33358772,,
2025-05-23,45.69,45.70,45.05,45.21,26094416,,
2025-05-26,45.16,45.38,45.08,45.16,55195720,,
2025-05-27,45.16,45.16,44.50,44.76,48275072,,
2025-05-28,45.23,45.34,44.58,44.84,32309448,,
2025-05-29,45.38,45.42,44.83,44.94,36265824,,
2025-06-02,44.50,44.51,43.81,43.98,70595756,,
2025-06-03,44.38,44.70,44.25,44.29,28229464,,
2025-06-04,44.83,45.33,44.79,45.33,45804932,,
2025-06-05,45.50,45.66,45.38,45.41,40696376,,
2025-06-06,45.48,45.60,45.38,45.49,32768028,,
2025-06-09,45.85,46.01,45.76,45.92,52629020,,
2025-06-10,46.23,47.23,46.23,47.16,116037804,,
2025-06-11,47.16,47.16,47.16,47.16,0,,
2025-06-12,47.16,47.16,47.16,47.16,0,,
2025-06-13,47.16,47.16,47.16,47.16,0,,
2025-06-16,47.16,47.16,47.16,47.16,0,,
2025-06-17,47.16,47.16,47.16,47.16,0,,
2025-06-18,47.50,47.72,47.14,47.57,244697327,,
2025-06-19,47.50,47.55,47.02,47.10,166284920,,
2025-06-20,47.10,47.16,46.69,47.03,80561608,,
2025-06-23,46.54,46.66,46.28,46.64,101938627,,
2025-06-24,47.30,47.49,47.30,47.49,54574616,,
2025-06-25,47.90,48.18,47.89,48.18,77814637,,
2025-06-26,48.30,48.45,48.17,48.24,77281242,,
2025-06-27,48.32,48.37,48.00,48.29,94190611,,
2025-06-30,48.37,48.42,48.24,48.36,59086358,,
2025-07-01,48.38,49.15,48.38,48.64,74674904,,
2025-07-02,48.57,48.75,48.38,48.65,75071035,,
2025-07-03,49.35,49.60,49.26,49.32,61179330,,
2025-07-04,49.40,49.49,48.83,48.86,73712387,,
2025-07-07,48.82,48.82,48.44,48.57,78503277,,
2025-07-08,48.45,48.51,48.21,48.35,50214875,,
2025-07-09,48.35,48.99,48.27,48.85,38540142,,
2025-07-10,49.00,49.47,48.99,49.41,53089295,,
2025-07-11,49.36,49.63,49.28,49.62,44752569,,
2025-07-14,49.59,49.59,49.21,49.33,62300823,,
2025-07-15,49.35,50.10,49.33,50.00,68008041,,
2025-07-16,50.15,50.70,50.15,50.40,90231230,,
2025-07-17,50.60,50.80,50.30,50.70,88235423,,
2025-07-18,51.40,51.60,51.30,51.45,105861549,,
2025-07-21,51.10,51.10,50.75,50.90,75792981,0.36,
2025-07-22,50.90,51.30,50.45,50.55,88841474,,
2025-07-23,50.60,50.85,50.55,50.70,63766890,,
2025-07-24,51.00,51.10,50.80,51.00,79659820,,
2025-07-25,51.00,51.10,50.80,50.90,38620389,,
2025-07-28,51.20,51.40,50.90,51.05,52312766,,
2025-07-29,51.05,51.05,50.25,50.45,102624231,,
2025-07-30,50.80,51.10,50.65,51.00,82807206,,
2025-07-31,51.10,51.60,51.10,51.55,81565859,,
2025-08-01,50.80,51.20,50.65,51.10,98235777,,
2025-08-04,50.65,50.80,50.40,50.80,85556033,,
2025-08-05,51.25,51.45,51.05,51.45,46655329,,
2025-08-06,51.10,51.10,50.85,51.00,48326240,,
2025-08-07,51.65,52.60,51.65,52.45,125733157,,
2025-08-08,52.55,52.60,52.30,52.45,59604000,,
2025-08-11,52.35,53.10,52.05,52.85,71600855,,
2025-08-12,52.85,53.00,52.55,52.90,57519835,,
2025-08-13,53.15,53.40,52.95,53.35,75956144,,
2025-08-14,53.20,53.30,52.95,53.15,57038858,,
2025-08-15,53.15,53.30,52.80,53.15,52736409,,
2025-08-18,52.95,53.35,52.80,53.30,46297216,,
2025-08-19,53.30,53.30,53.05,53.20,29425841,,
2025-08-20,52.55,52.60,51.50,51.70,223798736,,
2025-08-21,51.75,52.10,51.75,52.00,73508730,,
2025-08-22,52.05,52.10,51.65,51.75,44549133,,
2025-08-25,52.45,52.95,52.35,52.70,62750061,,
2025-08-26,52.55,52.85,52.30,52.75,40863870,,
2025-08-27,53.00,53.15,52.90,53.00,90133682,,
2025-08-28,52.80,52.90,52.50,52.50,59176066,,
2025-08-29,52.80,52.95,52.50,52.50,36369305,,
2025-09-01,52.15,52.45,51.75,52.00,76529981,,
2025-09-02,52.30,52.50,51.95,52.00,33217612,,
2025-09-03,51.90,52.20,51.75,51.95,39472404,,
2025-09-04,52.55,52.70,52.25,52.30,37461241,,
2025-09-05,52.70,52.90,52.65,52.85,37395300,,
2025-09-08,53.40,53.55,53.25,53.35,59980892,,
2025-09-09,53.55,53.95,53.50,53.90,56315324,,
2025-09-10,54.40,55.00,54.40,54.95,73272121,,
2025-09-11,55.55,55.90,55.25,55.45,84750243,,
2025-09-12,55.75,56.00,55.70,56.00,57457218,,
2025-09-15,56.00,56.05,55.80,56.00,52544684,,
2025-09-16,56.15,56.85,56.15,56.75,63314427,,
2025-09-17,56.60,56.60,56.25,56.35,66204045,,
2025-09-18,56.50,56.95,56.25,56.95,44089588,,
2025-09-19,57.00,57.10,56.60,57.00,71674519,,
2025-09-22,57.00,57.40,56.75,57.40,56355369,,
2025-09-23,57.85,58.60,57.85,58.45,89181458,,
2025-09-24,58.70,58.95,58.10,58.40,90579906,,
2025-09-25,58.35,58.40,58.00,58.20,56318217,,
2025-09-26,57.90,57.90,56.85,57.25,158564436,,
2025-09-30,57.55,57.90,57.55,57.80,62389962,,
2025-10-01,57.90,58.75,57.90,58.10,74531798,,
2025-10-02,59.00,59.25,58.85,59.20,72057003,,
2025-10-03,59.20,60.10,59.05,60.05,73601535,,
2025-10-07,61.00,61.70,60.90,61.70,132381054,,
2025-10-08,61.00,61.15,60.60,61.15,112448112,,
2025-10-09,61.85,61.95,61.50,61.60,72911291,,
2025-10-13,59.90,61.00,59.60,61.00,261787970,,
2025-10-14,61.85,62.15,60.65,60.70,157148588,,
2025-10-15,61.00,61.80,60.60,61.80,97216134,,
2025-10-16,62.10,63.00,62.10,63.00,112923095,,
2025-10-17,62.05,62.30,61.90,62.05,157583768,,
2025-10-20,62.35,63.20,62.15,63.10,102880277,,
2025-10-21,63.40,63.65,63.05,63.20,124931191,,
2025-10-22,62.60,62.85,62.25,62.70,116660310,,
2025-10-23,62.10,62.40,61.75,62.35,161355781,,
2025-10-27,63.75,63.90,63.45,63.80,102297434,,
2025-10-28,63.55,63.70,63.20,63.35,93730892,,
2025-10-29,63.70,64.45,63.70,64.40,65206490,,
2025-10-30,64.60,64.80,64.00,64.40,91073965,,
2025-10-31,64.60,64.80,64.40,64.75,53629924,,
2025-11-03,64.45,64.80,63.90,64.15,130638786,,
2025-11-04,64.50,64.85,63.85,63.95,83118781,,
2025-11-05,62.95,63.15,62.30,63.15,210997899,,
2025-11-06,63.35,63.50,63.15,63.30,65559913,,
2025-11-07,62.65,62.75,62.40,62.55,102458588,,
2025-11-10,62.80,63.35,62.60,63.35,80256746,,
2025-11-11,63.65,63.70,62.85,62.90,75382949,,
2025-11-12,62.95,63.30,62.75,63.20,59822193,,
2025-11-13,62.80,62.95,62.60,62.90,74963633,,
2025-11-14,61.65,61.90,61.40,61.70,204108022,,
2025-11-17,62.00,62.20,61.80,61.90,86927813,,
2025-11-18,61.30,61.30,60.30,60.45,240526230,,
2025-11-19,60.15,60.50,59.90,60.05,138705085,,
2025-11-20,61.55,61.95,61.35,61.90,81330710,,
2025-11-21,60.10,60.15,59.50,59.85,299502200,,
2025-11-24,60.10,60.10,59.45,59.55,153617414,,
2025-11-25,60.70,60.75,60.10,60.35,61913501,,
2025-11-26,61.10,61.50,61.00,61.35,73622900,,
2025-11-27,61.80,62.10,61.65,61.90,52209933,,
2025-11-28,61.95,62.40,61.85,62.35,66700125,,
2025-12-01,61.80,61.95,61.40,61.50,96548521,,
2025-12-02,61.80,62.20,61.65,61.70,41397425,,
2025-12-03,62.40,62.50,62.10,62.30,44855416,,
2025-12-04,62.40,62.50,62.00,62.20,38785824,,
2025-12-05,62.45,62.75,62.35,62.75,45051403,,
2025-12-08,63.00,63.70,62.95,63.70,76124318,,
2025-12-09,63.80,63.85,63.55,63.60,48271330,,
2025-12-10,63.70,64.20,63.65,64.05,64151249,,
2025-12-11,64.30,64.50,63.20,63.35,94638653,,
2025-12-12,63.55,63.80,63.30,63.45,57687594,,
2025-12-15,62.50,62.85,62.40,62.80,105905436,,
2025-12-16,62.10,62.25,61.70,62.25,155552766,,
2025-12-17,62.15,62.45,61.85,61.90,89657544,,
2025-12-18,61.80,62.10,61.55,61.90,112535790,,
2025-12-19,62.40,62.75,62.35,62.50,79433169,,
2025-12-22,63.30,63.45,63.05,63.40,91596850,,
2025-12-23,63.50,63.80,63.50,63.70,100327038,,
2025-12-24,63.95,64.05,63.75,63.85,62393202,,
2025-12-26,64.20,64.50,64.10,64.40,68362335,,
2025-12-29,64.65,65.35,64.60,65.25,83563905,,
2025-12-30,64.90,65.30,64.75,65.15,58116367,,
2025-12-31,65.10,65.85,64.90,65.60,69494353,,
2026-01-02,66.00,67.00,65.80,66.95,77878570,,
2026-01-05,68.10,70.05,68.05,69.50,225924687,,
2026-01-06,69.45,70.40,68.95,70.40,125256215,,
2026-01-07,70.40,70.45,69.70,69.85,113869755,,
2026-01-08,69.65,70.35,69.40,70.10,71394567,,
2026-01-09,69.80,70.25,68.90,69.85,106682469,,
2026-01-12,70.50,70.55,70.05,70.35,80365400,,
2026-01-13,71.10,71.20,70.30,70.70,99445355,,
2026-01-14,70.95,71.10,70.65,70.75,82266008,,
2026-01-15,70.70,70.70,70.15,70.65,89452635,,
2026-01-16,71.75,72.10,71.20,72.00,97268614,,
2026-01-19,71.70,72.80,71.45,72.60,116848644,,
2026-01-20,71.90,72.65,71.85,72.60,104977401,,
2026-01-21,71.80,72.50,71.70,71.85,161269608,,
2026-01-22,71.90,72.05,71.60,71.80,96360058,1,
2026-01-23,72.10,72.30,71.80,72.25,68701320,,
2026-01-26,72.25,72.65,72.20,72.25,84082813,,
2026-01-27,72.40,73.15,72.35,73.05,70421120,,
2026-01-28,73.55,74.20,73.50,74.20,87294077,,
2026-01-29,74.40,74.50,73.50,73.75,111905919,,
2026-01-30,73.15,73.20,72.30,72.60,159055585,,
2026-02-02,71.55,71.75,70.90,71.50,211262670,,
2026-02-03,73.00,73.05,72.40,72.95,70926930,,
2026-02-04,72.40,73.15,72.30,72.90,56597222,,
2026-02-05,72.05,72.25,71.75,72.00,95746290,,
2026-02-06,71.40,72.25,70.80,71.90,102980565,,
2026-02-09,74.05,74.15,73.75,73.95,118533745,,
2026-02-10,74.65,75.50,74.60,75.50,98559015,,
2026-02-11,75.90,77.45,75.90,77.20,114028587,,
2026-02-23,78.45,78.45,77.20,77.40,212974781,,
2026-02-24,77.95,79.65,77.85,79.40,143721014,,
2026-02-25,80.35,81.80,80.25,81.10,158561421,,
2026-02-26,81.25,81.50,80.80,81.15,123812672,,
2026-03-02,79.50,80.80,79.15,80.35,204278933,,
2026-03-03,80.05,80.40,78.65,78.75,288356288,,
2026-03-04,77.40,77.45,75.50,75.60,455564304,,
2026-03-05,78.30,78.85,76.70,77.40,194777972,,
2026-03-06,76.80,77.30,76.30,76.85,139697065,,
2026-03-09,73.15,73.60,71.65,73.60,493890200,,
2026-03-10,75.90,76.25,74.30,75.20,164247105,,
2026-03-11,76.30,78.50,76.10,78.20,147508364,,
2026-03-12,77.10,77.60,76.35,76.60,120680192,,
2026-03-13,75.15,76.55,75.00,75.95,105970280,,
2026-03-16,76.30,76.70,75.45,75.60,97649824,,
2026-03-17,76.45,77.00,76.30,76.65,61503521,,
2026-03-18,77.75,78.05,77.45,77.80,72305179,,
2026-03-19,76.60,76.80,75.95,76.00,128778782,,
2026-03-20,76.20,76.40,75.50,75.90,67265037,,
2026-03-23,73.50,74.45,73.30,74.25,210502502,,
2026-03-24,75.50,75.60,73.80,74.40,83942753,,
2026-03-25,76.35,76.65,76.00,76.20,91456088,,
2026-03-26,76.30,76.85,75.60,75.80,76157584,,
2026-03-27,74.45,75.10,74.10,75.00,106078935,,
2026-03-30,73.30,74.05,72.80,73.90,158608942,,
2026-03-31,73.35,73.45,72.15,72.35,231400782,,
2026-04-01,75.00,75.60,74.60,75.45,126562159,,
2026-04-02,75.90,76.05,73.80,73.95,105707506,,
2026-04-07,75.15,75.45,74.65,75.30,76885542,,
2026-04-08,78.10,79.25,78.10,79.20,227364928,,
2026-04-09,79.30,79.40,78.80,79.15,92049631,,
2026-04-10,80.00,80.80,79.95,80.75,115520077,,
2026-04-13,80.60,81.00,80.40,80.60,87581345,,
2026-04-14,81.75,83.20,81.75,83.10,123920345,,
2026-04-15,84.10,85.10,83.80,84.15,122414906,,
2026-04-16,84.75,85.10,84.15,85.00,76987129,,
2026-04-17,84.20,84.50,84.00,84.15,93304532,,
2026-04-20,84.55,85.10,84.45,84.55,95994589,,
2026-04-21,85.50,86.10,85.00,86.00,71987659,,
2026-04-22,85.75,86.60,85.55,86.35,64147874,,
2026-04-23,87.65,88.80,85.15,86.35,148310644,,
2026-04-24,87.60,89.95,87.55,89.95,125117290,,
2026-04-27,92.70,94.25,92.70,93.00,183173507,,
2026-04-28,92.55,93.65,91.90,92.00,114706934,,
2026-04-29,90.70,91.50,90.00,90.75,93857452,,
2026-04-30,91.25,91.90,90.30,90.50,82229228,,
2026-05-04,92.50,94.65,92.40,94.60,120393477,,
2026-05-05,94.40,94.75,94.00,94.60,76579608,,
2026-05-06,96.05,96.90,94.70,95.75,105507530,,
2026-05-07,97.95,98.40,97.40,97.70,110289613,,
2026-05-08,97.35,97.70,95.85,97.00,117639791,,
2026-05-11,96.65,97.15,96.50,96.90,88544547,,
2026-05-12,96.85,97.35,95.50,96.85,94676481,,
2026-05-13,94.85,95.80,94.70,95.50,113598688,,
2026-05-14,96.90,97.20,95.75,96.05,53565899,,
2026-05-15,97.65,98.25,95.20,95.40,90487261,,
2026-05-18,94.00,95.20,93.30,94.90,105172915,,
2026-05-19,94.35,94.70,93.10,93.10,116385289,,
2026-05-20,93.00,93.50,92.45,92.50,108931614,,
2026-05-21,94.80,96.05,94.70,95.85,59494294,,
2026-05-22,96.30,97.30,96.00,97.30,60917271,,
2026-05-25,99.55,101.00,99.55,100.80,124114624,,
2026-05-26,101.60,101.80,100.10,100.10,87695026,,
2026-05-27,102.40,103.90,102.00,102.55,90102044,,
2026-05-28,104.00,104.25,100.10,100.50,140421329,,
2026-05-29,103.20,105.40,102.70,105.40,98892043,,
2026-06-01,105.25,106.70,104.50,105.50,127067000,,
2026-06-02,106.30,106.30,104.20,105.70,107794552,,
2026-06-03,107.30,107.85,107.10,107.60,75111550,,
2026-06-04,106.75,107.00,106.05,106.10,108491104,,
2026-06-05,105.00,105.35,102.80,104.15,164564140,,
2026-06-08,98.05,101.30,98.05,100.95,320685641,,
2026-06-09,102.10,103.60,101.35,103.50,89392847,,
2026-06-10,102.60,102.95,100.20,100.25,166445287,,
2026-06-11,100.00,100.55,97.60,99.85,248828975,,
2026-06-12,103.25,103.75,101.55,101.95,73401960,,
2026-06-15,105.10,105.50,104.30,105.25,95906242,,
2026-06-16,106.05,106.05,104.85,105.90,67088029,,
2026-06-17,105.00,106.00,104.50,106.00,75416209,,
2026-06-18,107.00,107.45,106.65,107.30,74587200,,
2026-06-22,109.45,111.20,109.45,111.15,110460961,,
2026-06-23,112.00,112.30,110.05,110.10,120564830,,
2026-06-24,108.00,108.10,106.15,107.15,208531754,,
2026-06-25,108.00,108.05,106.35,107.20,89454929,,
2026-06-26,105.40,105.85,102.80,103.10,251693794,,
2026-06-29,103.35,105.35,103.30,104.45,101519378,,
2026-06-30,106.85,108.25,106.75,107.80,103816325,,
2026-07-01,109.80,109.95,108.60,109.35,72216950,,
2026-07-02,107.20,108.95,106.90,108.80,67727796,,
2026-07-03,106.15,108.80,106.10,108.35,76733905,,
2026-07-06,109.05,109.60,107.70,108.25,70136815,,
2026-07-07,108.55,109.05,105.85,106.20,111060971,,
2026-07-08,106.40,106.60,105.05,106.05,86877553,,
2026-07-09,106.35,107.00,105.45,105.80,51733962,,
2026-07-10,105.80,105.80,105.80,105.80,0,,
2026-07-13,107.00,107.55,105.70,106.00,65558453,,
2026-07-14,105.50,105.50,102.25,104.40,225466504,,
2026-07-15,105.30,106.45,104.65,106.30,106147811,,
2026-07-16,105.35,106.75,104.55,106.40,68042614,,
2026-07-17,102.90,103.05,100.00,100.15,443467989,,
2026-07-20,100.20,100.60,98.30,99.20,335645366,,
2026-07-21,100.00,102.50,99.85,102.50,91004977,0.6,
2026-07-22,104.50,104.80,103.30,103.85,103568792,,
2026-07-23,104.25,104.80,102.90,103.90,51221177,,
2026-07-24,102.55,103.05,101.30,101.70,94377095,,
2026-07-27,101.30,101.60,100.05,101.45,100975462,,
2026-07-28,98.35,98.35,96.90,97.15,403103877,,
2026-07-29,96.95,97.00,91.80,93.70,481594751,,
2026-07-30,93.40,96.00,92.00,93.50,277813661,,
2026-07-31,100.00,102.85,99.80,102.85,335230300,,
2026-08-03,102.00,102.70,101.00,102.00,162020882,,
2026-08-04,100.65,102.25,99.75,100.65,121602683,,
2026-08-05,103.75,104.75,102.90,103.80,168559261,,
