date,open,high,low,close,volume,div,split
2016-08-05,175.00,177.50,174.00,177.00,25759000,,
2016-08-08,178.00,178.00,176.50,178.00,16200000,,
2016-08-09,178.50,179.50,177.00,178.50,16413000,,
2016-08-10,179.00,179.50,178.00,179.50,19279000,,
2016-08-11,177.50,178.00,175.50,176.50,28180000,,
2016-08-12,178.50,178.50,177.00,177.50,22947000,,
2016-08-15,178.50,179.00,177.50,179.00,12020000,,
2016-08-16,178.00,179.00,175.00,175.50,34260000,,
2016-08-17,177.00,177.50,176.00,177.00,21487000,,
2016-08-18,176.00,176.50,175.00,176.00,27253000,,
2016-08-19,177.00,177.50,174.00,174.50,23470000,,
2016-08-22,173.00,174.00,171.50,172.50,21337000,,
2016-08-23,174.00,175.00,173.50,175.00,20888000,,
2016-08-24,175.00,175.50,173.50,173.50,12092000,,
2016-08-25,175.00,177.00,174.50,176.50,23892000,,
2016-08-26,175.00,177.00,175.00,177.00,15076000,,
2016-08-29,175.00,177.00,174.00,176.00,16975000,,
2016-08-30,176.00,176.50,174.00,174.00,19471000,,
2016-08-31,176.50,177.00,174.50,176.50,38524000,,
2016-09-01,176.00,176.00,173.00,174.00,22692000,,
2016-09-02,176.50,176.50,174.00,174.00,16999000,,
2016-09-05,176.50,177.50,176.50,177.00,22381000,,
2016-09-06,177.00,179.00,176.50,178.00,26024000,,
2016-09-07,180.50,185.00,180.00,185.00,49761000,,
2016-09-08,182.50,184.50,182.50,183.00,30204000,,
2016-09-09,181.00,181.00,179.50,180.50,29793000,,
2016-09-12,177.50,177.50,174.00,175.50,43036000,,
2016-09-13,176.50,176.50,173.50,175.50,36834000,,
2016-09-14,174.00,176.00,173.50,174.00,52877000,,
2016-09-19,179.50,183.00,178.50,183.00,57055000,,
2016-09-20,182.00,183.50,181.50,183.50,23641000,,
2016-09-21,181.00,184.00,180.50,184.00,25008000,,
2016-09-22,185.00,185.50,183.50,185.00,20980000,,
2016-09-23,185.00,187.50,184.50,187.00,23213000,,
2016-09-26,183.50,185.00,183.00,183.50,24225000,,
2016-09-27,183.50,183.50,183.50,183.50,0,,
2016-09-28,183.50,183.50,183.50,183.50,0,,
2016-09-29,185.50,187.50,185.50,187.00,54272000,,
2016-09-30,185.50,186.50,182.50,184.00,42592000,,
2016-10-03,186.00,186.50,184.50,186.00,17742000,,
2016-10-04,185.00,187.00,185.00,187.00,16859000,,
2016-10-05,186.00,186.00,184.50,186.00,19148000,,
2016-10-06,185.00,187.50,185.00,187.50,15524000,,
2016-10-07,188.00,188.00,186.00,188.00,15380000,,
2016-10-11,191.00,191.00,186.00,187.50,30294000,,
2016-10-12,186.50,190.00,186.00,189.50,22604000,,
2016-10-13,190.50,191.00,187.00,188.50,37642000,,
2016-10-14,187.00,189.00,186.50,188.00,33248000,,
2016-10-17,186.50,187.50,185.00,186.50,37340000,,
2016-10-18,186.50,187.00,185.50,187.00,38150000,,
2016-10-19,187.50,189.50,187.50,189.50,33272000,,
2016-10-20,189.50,190.50,189.00,190.50,13226000,,
2016-10-21,191.00,192.00,188.50,188.50,21936000,,
2016-10-24,191.00,191.00,189.50,191.00,13459000,,
2016-10-25,192.00,193.00,191.00,193.00,18878000,,
2016-10-26,190.50,192.50,190.50,191.50,21043000,,
2016-10-27,191.50,191.50,188.50,188.50,26231000,,
2016-10-28,189.50,190.00,188.50,189.50,24348000,,
2016-10-31,189.00,190.50,186.50,188.50,25330000,,
2016-11-01,188.50,189.50,187.50,189.50,14290000,,
2016-11-02,187.50,188.00,186.00,186.00,16488000,,
2016-11-03,185.50,186.50,184.50,184.50,25038000,,
2016-11-04,184.50,186.00,184.00,184.50,14860000,,
2016-11-07,186.50,189.00,186.00,189.00,21332000,,
2016-11-08,190.00,190.00,188.00,188.50,15437000,,
2016-11-09,190.00,190.50,182.00,182.00,55541000,,
2016-11-10,187.00,188.00,185.50,185.50,38234000,,
2016-11-11,181.50,183.00,181.00,181.50,67603000,,
2016-11-14,181.00,182.00,180.00,180.50,47989000,,
2016-11-15,179.50,182.00,179.00,180.00,33505000,,
2016-11-16,180.50,183.00,180.00,180.00,34833000,,
2016-11-17,182.00,182.50,180.50,181.50,22434000,,
2016-11-18,181.50,181.50,180.00,181.00,22474000,,
2016-11-21,180.50,181.50,180.00,181.00,15600000,,
2016-11-22,182.00,185.00,181.50,184.00,27599000,,
2016-11-23,184.50,186.50,184.00,185.50,22128000,,
2016-11-24,184.00,185.00,183.00,183.00,14980000,,
2016-11-25,182.50,183.50,182.00,182.00,10116000,,
2016-11-28,181.50,184.00,181.50,184.00,19096000,,
2016-11-29,183.50,185.00,182.00,182.00,24408000,,
2016-11-30,181.50,183.00,181.50,183.00,39671000,,
2016-12-01,182.00,183.00,181.50,183.00,13908000,,
2016-12-02,179.00,179.50,178.00,178.00,53836000,,
2016-12-05,178.00,180.00,178.00,179.00,29191000,,
2016-12-06,181.00,183.00,180.50,182.00,27309000,,
2016-12-07,183.00,183.50,181.50,181.50,14110000,,
2016-12-08,184.00,185.50,183.00,185.50,27257000,,
2016-12-09,186.00,186.00,184.50,186.00,24867000,,
2016-12-12,186.00,187.00,184.00,185.00,18796000,,
2016-12-13,186.50,186.50,184.50,186.00,23591000,,
2016-12-14,186.50,187.50,185.50,187.50,16571000,,
2016-12-15,185.00,187.50,184.50,187.00,22803000,,
2016-12-16,185.50,187.00,185.00,185.00,35985000,,
2016-12-19,184.00,184.50,182.50,182.50,20535000,,
2016-12-20,181.00,182.50,180.00,182.50,24139000,,
2016-12-21,181.00,182.00,180.00,180.00,29690000,,
2016-12-22,180.00,180.50,179.00,179.00,26269000,,
2016-12-23,179.00,180.00,178.50,178.50,22961000,,
2016-12-26,179.00,180.00,179.00,179.50,5675000,,
2016-12-27,180.00,180.50,179.50,180.00,8252000,,
2016-12-28,181.00,182.00,180.50,182.00,21226000,,
2016-12-29,180.00,181.50,180.00,180.00,30200000,,
2016-12-30,181.00,182.50,180.00,181.50,36610000,,
2017-01-03,181.50,183.50,181.00,183.00,22630000,,
2017-01-04,183.00,184.00,181.50,183.00,24369000,,
2017-01-05,182.00,183.50,181.50,183.50,20979000,,
2017-01-06,184.00,184.50,183.50,184.00,22443000,,
2017-01-09,184.00,185.00,183.00,184.00,18569000,,
2017-01-10,184.50,185.50,183.50,184.00,20198000,,
2017-01-11,185.00,185.00,181.50,182.00,29107000,,
2017-01-12,182.50,185.50,182.50,184.50,41130000,,
2017-01-13,180.50,182.50,180.50,181.50,52352000,,
2017-01-16,180.00,180.50,179.00,179.50,30756000,,
2017-01-17,180.50,181.00,179.50,181.00,13159000,,
2017-01-18,180.50,181.00,179.50,181.00,23693000,,
2017-01-19,179.50,181.00,179.50,180.50,24627000,,
2017-01-20,181.00,181.50,180.50,181.00,23429000,,
2017-01-23,182.50,185.00,182.50,185.00,36992000,,
2017-01-24,185.00,186.50,184.50,185.50,55022000,,
2017-02-02,188.00,188.50,184.00,184.50,94089000,,
2017-02-03,186.00,186.00,183.50,184.50,29518000,,
2017-02-06,184.50,185.50,184.00,184.50,24779000,,
2017-02-07,183.50,185.00,183.00,184.50,23616000,,
2017-02-08,183.50,184.50,183.00,183.50,29168000,,
2017-02-09,184.00,185.50,183.50,184.00,18967000,,
2017-02-10,184.50,185.50,184.00,185.50,34747000,,
2017-02-13,186.50,188.00,186.50,187.50,25124000,,
2017-02-14,189.00,190.00,187.50,187.50,45696000,,
2017-02-15,187.00,189.50,186.50,189.00,39347000,,
2017-02-16,190.00,190.50,188.00,189.00,27018000,,
2017-02-17,190.00,190.50,189.00,189.50,20389000,,
2017-02-20,190.00,190.50,189.50,190.00,13254000,,
2017-02-21,190.00,190.00,188.50,190.00,31159000,,
2017-02-22,190.50,191.00,188.50,188.50,25677000,,
2017-02-23,188.00,189.50,187.00,188.50,35725000,,
2017-02-24,187.50,190.50,187.50,189.00,22766000,,
2017-03-01,188.50,188.50,186.00,186.00,46186000,,
2017-03-02,188.00,188.50,185.00,186.00,39980000,,
2017-03-03,184.50,185.00,184.00,184.00,28197000,,
2017-03-06,184.00,184.50,183.50,183.50,12531000,,
2017-03-07,184.00,185.50,184.00,185.50,18812000,,
2017-03-08,186.00,188.00,185.50,187.00,31791000,,
2017-03-09,185.50,186.00,184.00,184.50,28489000,,
2017-03-10,184.00,184.50,183.00,183.50,20053000,,
2017-03-13,185.00,186.50,185.00,186.50,10487000,,
2017-03-14,188.00,188.00,186.00,186.00,22245000,,
2017-03-15,185.50,187.00,185.50,186.50,14131000,,
2017-03-16,188.00,190.00,188.00,190.00,31507000,,
2017-03-17,189.50,191.50,189.00,191.50,33764000,,
2017-03-20,191.50,191.50,189.50,191.50,16215000,,
2017-03-21,192.00,195.00,191.50,195.00,32246000,,
2017-03-22,192.50,193.50,191.50,193.50,27396000,,
2017-03-23,192.00,193.50,192.00,193.50,18472000,,
2017-03-24,192.00,193.00,192.00,192.50,17541000,,
2017-03-27,194.50,194.50,192.00,193.00,29251000,,
2017-03-28,195.00,195.00,192.50,194.50,38259000,,
2017-03-29,194.50,194.50,191.00,191.50,33374000,,
2017-03-30,192.50,193.00,190.50,191.50,28302000,,
2017-03-31,191.00,192.00,189.00,189.00,33635000,,
2017-04-05,189.50,193.00,189.50,193.00,43748000,,
2017-04-06,193.00,193.00,191.00,191.50,16173000,,
2017-04-07,192.00,192.00,188.50,191.00,18911000,,
2017-04-10,191.00,191.50,189.50,190.00,17024000,,
2017-04-11,190.00,191.00,189.00,191.00,8441000,,
2017-04-12,190.50,191.50,190.00,191.00,17283000,,
2017-04-13,189.50,192.00,189.50,191.50,14771000,,
2017-04-14,189.50,189.50,188.00,189.00,30701000,,
2017-04-17,189.00,189.00,187.50,187.50,17096000,,
2017-04-18,188.00,189.50,187.50,188.00,25063000,,
2017-04-19,187.50,187.50,186.50,186.50,30477000,,
2017-04-20,186.50,188.00,186.50,187.00,21488000,,
2017-04-21,187.50,190.00,187.50,190.00,17373000,,
2017-04-24,191.00,191.50,188.50,190.00,19317000,,
2017-04-25,190.50,192.00,189.50,192.00,31932000,,
2017-04-26,192.00,192.00,190.50,191.00,29909000,,
2017-04-27,192.00,193.00,190.50,193.00,27940000,,
2017-04-28,193.50,194.50,193.00,194.50,34852000,,
2017-05-02,198.50,199.00,195.50,196.50,44119000,,
2017-05-03,198.00,198.50,197.00,198.00,25723000,,
2017-05-04,198.50,199.00,197.00,198.00,22088000,,
2017-05-05,197.00,198.50,197.00,197.50,17036000,,
2017-05-08,199.00,202.50,199.00,202.50,36538000,,
2017-05-09,205.50,207.00,203.50,203.50,48077000,,
2017-05-10,204.00,206.00,204.00,205.50,28312000,,
2017-05-11,204.50,208.50,204.00,207.50,43718000,,
2017-05-12,205.00,207.00,205.00,206.00,25009000,,
2017-05-15,204.00,206.00,204.00,206.00,25666000,,
2017-05-16,205.00,205.00,203.50,204.50,33224000,,
2017-05-17,203.00,204.00,203.00,204.00,21567000,,
2017-05-18,202.50,204.00,201.50,203.50,22461000,,
2017-05-19,203.50,204.50,202.50,203.00,16492000,,
2017-05-22,203.50,205.00,203.00,205.00,13726000,,
2017-05-23,205.00,207.00,204.50,205.00,19991000,,
2017-05-24,205.00,206.00,205.00,205.50,13380000,,
2017-05-25,206.00,207.00,205.50,207.00,22328000,,
2017-05-26,205.00,207.00,205.00,207.00,32514000,,
2017-05-31,206.50,207.00,203.00,203.00,67475000,,
2017-06-01,205.00,207.00,204.50,207.00,27589000,,
2017-06-02,208.50,209.00,207.50,209.00,22573000,,
2017-06-05,209.50,212.00,209.00,212.00,21457000,,
2017-06-06,210.50,211.50,210.50,210.50,14912000,,
2017-06-07,212.00,212.50,210.00,211.50,29514000,,
2017-06-08,212.00,213.00,211.50,213.00,18437000,,
2017-06-09,214.50,215.00,212.00,212.00,31774000,,
2017-06-12,207.00,210.00,207.00,207.50,58256000,,
2017-06-13,207.00,208.50,206.50,208.00,43566000,,
2017-06-14,208.50,209.50,206.00,207.00,36293000,,
2017-06-15,207.50,208.00,207.00,208.00,17748000,,
2017-06-16,207.50,212.00,207.00,211.50,32816000,,
2017-06-19,211.00,213.00,210.50,213.00,15632000,,
2017-06-20,215.00,218.00,214.50,216.50,28630000,,
2017-06-21,216.00,217.00,214.50,215.50,44789000,,
2017-06-22,217.00,218.00,216.50,218.00,24139000,,
2017-06-23,218.00,218.50,217.00,217.00,39621000,,
2017-06-26,212.00,215.00,212.00,215.00,58686000,7,
2017-06-27,214.00,214.00,211.00,211.50,43269000,,
2017-06-28,209.50,210.00,208.00,208.50,48568000,,
2017-06-29,210.50,210.50,208.50,210.00,26019000,,
2017-06-30,206.50,208.50,206.50,208.50,30867000,,
2017-07-03,207.50,209.00,207.00,209.00,19027000,,
2017-07-04,208.00,208.50,207.00,207.00,21132000,,
2017-07-05,207.00,208.50,206.50,208.50,23276000,,
2017-07-06,208.00,208.50,207.00,207.50,15242000,,
2017-07-07,207.00,207.50,205.50,206.00,20655000,,
2017-07-10,206.50,207.00,206.00,206.00,13292000,,
2017-07-11,208.00,212.00,207.50,212.00,33265000,,
2017-07-12,211.00,212.50,210.50,210.50,26426000,,
2017-07-13,212.00,216.00,211.50,214.50,50090000,,
2017-07-14,213.00,214.50,212.00,213.00,22335000,,
2017-07-17,215.00,215.50,211.50,213.00,21372000,,
2017-07-18,213.00,214.00,212.00,214.00,18613000,,
2017-07-19,212.50,215.00,212.50,214.50,20637000,,
2017-07-20,215.00,215.50,214.00,215.50,20770000,,
2017-07-21,214.00,215.00,213.50,214.00,15032000,,
2017-07-24,213.50,214.50,213.00,214.50,19972000,,
2017-07-25,214.00,214.50,213.50,214.00,13344000,,
2017-07-26,215.00,215.00,212.50,213.00,14684000,,
2017-07-27,213.50,216.00,213.50,215.50,23013000,,
2017-07-28,213.00,214.00,212.50,213.00,19724000,,
2017-07-31,211.50,214.50,211.50,214.50,19993000,,
2017-08-01,212.50,214.00,212.00,212.00,19704000,,
2017-08-02,214.00,216.00,214.00,216.00,27320000,,
2017-08-03,213.00,214.00,212.50,213.50,25694000,,
2017-08-04,213.50,214.00,212.50,213.00,21831000,,
2017-08-07,213.50,216.50,213.50,216.00,21564000,,
2017-08-08,217.50,219.00,216.00,217.50,25122000,,
2017-08-09,215.00,215.50,213.50,214.50,28050000,,
2017-08-10,215.50,215.50,212.50,214.00,26273000,,
2017-08-11,211.00,213.50,210.50,212.50,41417000,,
2017-08-14,213.50,214.00,210.00,211.00,29299000,,
2017-08-15,213.00,214.50,213.00,214.00,13512000,,
2017-08-16,214.50,214.50,211.00,213.00,25176000,,
2017-08-17,213.50,214.00,213.00,214.00,8334000,,
2017-08-18,212.00,213.00,211.00,212.50,13711000,,
2017-08-21,212.50,213.00,211.50,211.50,11882499,,
2017-08-22,213.50,214.50,213.00,214.50,14211415,,
2017-08-23,215.50,216.00,214.00,215.50,11589917,,
2017-08-24,216.00,217.00,215.50,217.00,15224842,,
2017-08-25,217.50,217.50,216.00,217.50,10125387,,
2017-08-28,215.00,216.50,215.00,216.00,15236159,,
2017-08-29,216.00,216.00,215.00,216.00,16160161,,
2017-08-30,216.00,218.00,216.00,217.50,19674310,,
2017-08-31,217.50,218.00,215.50,216.50,26434202,,
2017-09-01,215.00,217.50,215.00,216.50,17805405,,
2017-09-04,216.50,218.00,215.50,217.50,15023185,,
2017-09-05,218.00,218.00,216.50,218.00,17357347,,
2017-09-06,216.50,218.00,216.00,217.00,16012662,,
2017-09-07,218.00,218.50,216.00,217.00,19135540,,
2017-09-08,217.00,218.00,216.50,218.00,25512045,,
2017-09-11,219.00,219.50,216.50,217.00,19026886,,
2017-09-12,219.00,219.50,217.50,219.00,21588321,,
2017-09-13,217.50,219.00,217.50,218.00,17555541,,
2017-09-14,218.50,219.00,217.50,218.50,18315567,,
2017-09-15,218.50,219.00,217.00,218.50,44551103,,
2017-09-18,219.00,220.00,218.00,219.50,17654705,,
2017-09-19,221.50,221.50,220.00,221.50,23410233,,
2017-09-20,221.00,222.00,220.00,221.50,20320237,,
2017-09-21,221.00,223.00,220.00,221.00,18645565,,
2017-09-22,221.50,222.00,218.50,218.50,21557370,,
2017-09-25,217.50,218.50,217.00,217.00,16876286,,
2017-09-26,217.50,218.00,214.00,214.00,23070901,,
2017-09-27,217.50,217.50,215.00,215.00,22590510,,
2017-09-28,215.00,216.00,213.50,214.00,31616062,,
2017-09-29,216.00,217.50,215.50,216.50,21380708,,
2017-10-02,219.50,220.50,218.50,220.50,27983551,,
2017-10-03,219.00,223.00,219.00,222.50,36679938,,
2017-10-05,222.00,225.50,222.00,224.50,23349939,,
2017-10-06,225.00,225.50,223.50,224.50,15642516,,
2017-10-11,226.50,233.50,226.50,233.00,63667562,,
2017-10-12,235.00,237.50,234.50,237.50,42390186,,
2017-10-13,237.50,237.50,234.50,237.50,23145071,,
2017-10-16,237.50,238.00,236.00,238.00,19964072,,
2017-10-17,238.00,238.00,235.00,235.50,17652304,,
2017-10-18,239.50,239.50,237.00,237.50,28886850,,
2017-10-19,239.50,241.50,239.00,239.00,23481776,,
2017-10-20,238.00,239.50,237.50,237.50,24722035,,
2017-10-23,239.00,240.00,238.50,239.00,15772559,,
2017-10-24,240.00,240.00,238.00,238.00,14975093,,
2017-10-25,238.50,239.00,237.50,238.00,16880187,,
2017-10-26,237.00,238.00,236.00,236.00,12959717,,
2017-10-27,237.50,240.00,237.50,239.00,17773541,,
2017-10-30,242.00,245.00,241.50,243.00,27784990,,
2017-10-31,243.50,245.00,241.50,243.00,22582013,,
2017-11-01,243.50,245.00,241.50,242.50,20389054,,
2017-11-02,242.00,242.50,240.50,241.00,15810342,,
2017-11-03,240.50,241.00,238.50,239.00,16528682,,
2017-11-06,243.50,244.00,239.00,239.50,21029415,,
2017-11-07,242.00,244.00,241.50,244.00,20200261,,
2017-11-08,243.00,243.50,242.00,242.50,14129103,,
2017-11-09,240.50,243.00,240.00,241.00,20313949,,
2017-11-10,240.00,242.00,239.50,240.50,14121296,,
2017-11-13,240.00,241.50,239.50,239.50,12087858,,
2017-11-14,241.00,241.00,239.00,240.00,16880176,,
2017-11-15,239.00,239.50,236.00,237.50,28720308,,
2017-11-16,238.00,240.00,237.50,238.00,16487172,,
2017-11-17,240.50,242.50,240.50,241.50,18676825,,
2017-11-20,241.00,241.50,238.00,238.50,16265271,,
2017-11-21,240.00,243.00,239.50,243.00,20513024,,
2017-11-22,244.50,244.50,242.00,242.00,26626431,,
2017-11-23,242.00,243.50,241.50,242.50,9346763,,
2017-11-24,242.00,244.50,241.50,244.00,11154453,,
2017-11-27,240.00,240.00,237.00,237.00,32247324,,
2017-11-28,234.50,235.00,233.00,234.00,44803178,,
2017-11-29,235.00,236.00,234.50,234.50,25762797,,
2017-11-30,226.50,230.50,226.00,226.00,109231770,,
2017-12-01,228.50,233.50,227.50,231.00,37446265,,
2017-12-04,232.50,234.50,231.00,234.00,21635032,,
2017-12-05,231.00,231.00,228.50,229.50,29664765,,
2017-12-06,228.00,229.50,226.50,227.00,32371690,,
2017-12-07,226.50,226.50,222.50,226.50,41343903,,
2017-12-08,231.00,231.00,224.50,227.00,37959260,,
2017-12-11,228.50,229.00,227.00,227.50,20649609,,
2017-12-12,229.50,229.50,225.00,227.50,21796584,,
2017-12-13,227.50,228.00,226.50,227.00,17920331,,
2017-12-14,228.00,230.50,227.50,230.50,17193313,,
2017-12-15,228.50,230.00,226.50,230.00,42625779,,
2017-12-18,227.00,228.00,226.50,227.00,14564664,,
2017-12-19,226.50,228.50,224.00,225.00,25714129,,
2017-12-20,225.00,225.50,223.50,224.50,26289333,,
2017-12-21,226.50,227.00,224.50,225.00,18558164,,
2017-12-22,225.00,227.50,224.00,227.50,19036483,,
2017-12-25,228.00,229.50,226.50,228.50,4579675,,
2017-12-26,229.00,229.00,225.00,226.00,13755843,,
2017-12-27,225.00,226.00,225.00,225.00,12515245,,
2017-12-28,226.50,228.00,225.00,226.00,24304371,,
2017-12-29,227.50,230.00,226.50,229.50,25007443,,
2018-01-02,231.50,232.50,231.00,232.50,18055269,,
2018-01-03,236.00,238.00,235.50,237.00,29308091,,
2018-01-04,240.00,240.00,236.50,239.50,29096613,,
2018-01-05,240.00,240.00,238.00,240.00,22438255,,
2018-01-08,242.00,242.50,240.50,242.00,20233692,,
2018-01-09,242.00,242.00,239.50,242.00,19043123,,
2018-01-10,241.50,242.00,236.00,236.50,23631220,,
2018-01-11,235.00,236.00,232.50,235.00,30446338,,
2018-01-12,234.50,238.00,233.50,237.00,21513291,,
2018-01-15,240.00,240.00,238.00,240.00,27476533,,
2018-01-16,240.00,240.50,238.00,240.50,21691632,,
2018-01-17,240.50,243.00,239.00,242.00,38046119,,
2018-01-18,245.00,250.00,245.00,248.50,49896952,,
2018-01-19,253.50,255.50,251.50,255.50,50549292,,
2018-01-22,257.50,262.00,257.00,261.50,43400509,,
2018-01-23,262.50,266.00,262.50,266.00,33527444,,
2018-01-24,263.00,263.00,256.50,258.00,41874813,,
2018-01-25,258.00,264.00,256.50,258.00,44643756,,
2018-01-26,256.50,257.50,253.50,255.00,39555523,,
2018-01-29,259.00,261.50,255.00,258.50,30071234,,
2018-01-30,256.00,257.50,252.50,253.00,36860591,,
2018-01-31,253.00,257.50,252.00,255.00,44136808,,
2018-02-01,257.50,261.00,257.00,259.50,30559457,,
2018-02-02,259.00,260.00,255.00,259.50,25707560,,
2018-02-05,251.00,254.50,250.50,253.00,45594379,,
2018-02-06,242.50,243.50,234.00,239.00,102409048,,
2018-02-07,245.00,245.50,239.50,240.00,80063178,,
2018-02-08,239.50,242.00,238.00,238.50,30989550,,
2018-02-09,230.00,233.00,228.50,232.50,65735265,,
2018-02-12,235.50,237.50,235.00,236.50,35635236,,
2018-02-21,244.50,244.50,242.00,242.50,71504174,,
2018-02-22,244.00,244.00,239.00,239.50,39239993,,
2018-02-23,241.00,245.00,241.00,245.00,26985776,,
2018-02-26,247.00,247.50,245.00,246.50,35901810,,
2018-02-27,250.50,250.50,246.00,246.00,40818119,,
2018-03-01,244.00,245.00,242.00,243.00,39719984,,
2018-03-02,240.00,241.00,238.50,240.00,35139170,,
2018-03-05,242.50,243.00,240.50,241.50,27337846,,
2018-03-06,245.50,250.00,245.50,250.00,34890780,,
2018-03-07,248.00,248.50,246.00,247.00,30391219,,
2018-03-08,249.50,251.50,249.00,249.50,20645694,,
2018-03-09,250.00,251.00,248.50,250.50,19831063,,
2018-03-12,252.00,255.00,251.50,254.00,24492615,,
2018-03-13,255.50,259.00,255.00,259.00,33756883,,
2018-03-14,256.50,257.50,255.50,257.00,23772838,,
2018-03-15,258.00,258.00,255.00,255.00,19396493,,
2018-03-16,253.00,256.00,249.50,255.00,62929326,,
2018-03-19,252.50,255.50,251.00,255.00,21440766,,
2018-03-20,253.00,254.00,251.50,253.00,21840151,,
2018-03-21,255.00,255.00,251.00,252.50,28976737,,
2018-03-22,254.50,254.50,249.50,251.50,27000668,,
2018-03-23,245.00,247.00,244.00,245.00,52498390,,
2018-03-26,241.50,244.50,241.50,243.50,36987945,,
2018-03-27,248.00,251.00,247.00,251.00,31008260,,
2018-03-28,247.50,248.00,244.00,245.00,29637411,,
2018-03-29,243.00,247.00,242.50,244.00,36165345,,
2018-03-30,247.50,249.50,246.00,246.00,16996346,,
2018-04-02,248.50,249.00,245.00,246.50,17696003,,
2018-04-03,243.00,244.50,242.00,244.00,35813944,,
2018-04-09,248.00,248.00,243.50,245.00,34694824,,
2018-04-10,244.50,249.00,243.50,245.50,25156994,,
2018-04-11,246.50,248.50,246.50,248.00,21607935,,
2018-04-12,248.50,248.50,244.00,245.00,20409657,,
2018-04-13,246.00,246.00,244.00,244.50,19742548,,
2018-04-16,243.00,244.00,242.00,243.50,18350139,,
2018-04-17,243.00,243.50,237.50,238.00,42756389,,
2018-04-18,239.50,241.50,236.50,238.00,42500048,,
2018-04-19,242.00,244.50,241.00,244.50,31901989,,
2018-04-20,228.00,231.50,228.00,229.00,128452087,,
2018-04-23,226.50,227.50,225.00,226.50,71009975,,
2018-04-24,225.00,227.50,225.00,227.00,40967892,,
2018-04-25,225.50,226.00,224.00,225.00,46771110,,
2018-04-26,225.00,225.50,221.00,222.00,48023557,,
2018-04-27,225.00,225.50,221.00,223.50,34174459,,
2018-04-30,224.50,228.00,222.50,227.00,28500789,,
2018-05-02,227.00,227.50,222.50,223.00,38167942,,
2018-05-03,221.00,222.50,220.00,220.50,31690731,,
2018-05-04,221.00,224.00,220.50,223.00,27208722,,
2018-05-07,225.00,225.50,221.50,223.50,23268759,,
2018-05-08,224.00,228.50,223.50,228.00,40324763,,
2018-05-09,228.50,232.00,228.50,229.50,33778934,,
2018-05-10,231.00,231.50,229.00,229.50,27530377,,
2018-05-11,232.00,234.00,230.50,233.00,30693910,,
2018-05-14,234.50,234.50,232.50,233.00,19921437,,
2018-05-15,233.50,234.00,229.50,230.50,23771769,,
2018-05-16,229.50,230.50,228.50,230.50,14409556,,
2018-05-17,231.00,231.50,226.50,226.50,26852737,,
2018-05-18,225.50,227.50,223.50,223.50,27664541,,
2018-05-21,225.00,230.00,225.00,229.00,16127815,,
2018-05-22,230.00,233.50,229.00,229.00,22355097,,
2018-05-23,231.50,231.50,228.50,228.50,23062899,,
2018-05-24,229.50,230.00,228.50,229.00,12996610,,
2018-05-25,228.50,229.50,228.00,228.50,15971294,,
2018-05-28,229.50,230.00,226.50,227.00,16373270,,
2018-05-29,226.50,226.50,223.50,225.00,23764776,,
2018-05-30,224.00,224.00,220.50,221.00,49163788,,
2018-05-31,221.50,224.00,220.50,224.00,96069458,,
2018-06-01,224.50,226.50,224.00,224.00,27617994,,
2018-06-04,227.50,229.00,227.00,229.00,25959480,,
2018-06-05,230.00,230.00,226.50,229.00,26534884,,
2018-06-06,229.00,230.00,227.00,230.00,24767441,,
2018-06-07,231.00,231.50,228.00,230.00,24958266,,
2018-06-08,229.00,229.00,226.00,227.00,23548851,,
2018-06-11,226.50,227.00,225.00,226.00,21696933,,
2018-06-12,225.00,229.00,224.00,229.00,29501260,,
2018-06-13,229.00,232.00,228.00,232.00,28944970,,
2018-06-14,230.00,230.00,226.50,226.50,33408041,,
2018-06-15,225.00,231.00,224.00,231.00,48059679,,
2018-06-19,225.50,226.00,224.00,225.00,56889624,,
2018-06-20,224.50,227.50,223.50,226.00,40708701,,
2018-06-21,227.50,228.00,226.00,226.50,31242557,,
2018-06-22,224.50,227.50,224.00,227.50,43581409,,
2018-06-25,220.00,220.50,218.00,218.00,45025211,8,
2018-06-26,215.50,216.00,212.50,214.50,38446346,,
2018-06-27,216.00,216.00,212.50,213.00,39888414,,
2018-06-28,211.00,214.50,210.00,212.00,37940780,,
2018-06-29,212.00,217.00,212.00,216.50,34313680,,
2018-07-02,218.50,219.00,214.00,214.00,32449442,,
2018-07-03,215.50,218.00,213.50,214.50,28323220,,
2018-07-04,217.00,217.50,215.50,216.00,15212295,,
2018-07-05,214.00,215.00,213.00,214.50,18225416,,
2018-07-06,217.50,217.50,215.00,217.00,29033762,,
2018-07-09,219.50,223.00,218.50,221.50,38734793,,
2018-07-10,223.00,224.00,222.00,222.00,20118957,,
2018-07-11,220.00,220.00,218.00,220.00,19854690,,
2018-07-12,218.00,222.00,218.00,220.50,23666051,,
2018-07-13,222.50,224.50,222.50,224.50,29716311,,
2018-07-16,224.50,225.00,223.50,223.50,15819254,,
2018-07-17,222.50,223.50,221.00,221.50,21548436,,
2018-07-18,223.00,224.00,222.00,223.00,39898658,,
2018-07-19,225.50,227.00,224.50,224.50,39661216,,
2018-07-20,235.00,237.50,233.00,237.50,97969023,,
2018-07-23,239.00,245.00,238.50,241.00,52256877,,
2018-07-24,240.00,241.50,238.50,241.00,27239267,,
2018-07-25,239.00,241.00,239.00,240.50,20962512,,
2018-07-26,241.00,242.50,239.50,241.00,30606388,,
2018-07-27,242.00,244.50,241.00,244.50,27129646,,
2018-07-30,244.50,245.50,244.00,245.50,22788730,,
2018-07-31,243.50,246.00,242.00,246.00,27059442,,
2018-08-01,247.00,248.00,246.50,248.00,29136161,,
2018-08-02,249.00,249.50,243.50,244.50,22402110,,
2018-08-03,246.00,248.00,245.00,247.00,24719097,,
2018-08-06,245.00,247.00,244.00,245.50,22364568,,
2018-08-07,245.00,245.50,241.50,241.50,23992418,,
2018-08-08,245.00,247.50,244.50,247.50,24382432,,
2018-08-09,247.00,248.00,246.00,247.00,15128655,,
2018-08-10,246.50,247.00,244.50,245.00,15890492,,
2018-08-13,241.50,243.00,239.00,240.50,17881194,,
2018-08-14,245.00,245.00,242.50,243.50,17358913,,
2018-08-15,244.50,244.50,239.50,241.50,18473321,,
2018-08-16,238.00,241.50,238.00,239.00,19155966,,
2018-08-17,239.50,241.00,239.00,239.50,18324474,,
2018-08-20,239.50,240.00,238.00,239.50,16933437,,
2018-08-21,239.00,241.00,238.50,241.00,12014127,,
2018-08-22,241.50,242.50,240.50,242.00,12614240,,
2018-08-23,243.00,244.50,243.00,244.50,14839240,,
2018-08-24,245.50,246.00,243.00,243.50,14355943,,
2018-08-27,246.00,246.50,244.50,245.00,15152299,,
2018-08-28,248.50,250.00,248.00,249.50,36792531,,
2018-08-29,253.50,259.00,253.50,259.00,56993182,,
2018-08-30,264.50,268.00,262.50,263.50,48957808,,
2018-08-31,257.50,259.00,254.00,256.00,69069506,,
2018-09-03,259.00,260.00,256.50,257.00,26720905,,
2018-09-04,258.50,259.50,255.50,257.50,34304615,,
2018-09-05,260.00,264.50,259.00,264.00,44864459,,
2018-09-06,268.00,268.00,261.00,261.00,35698488,,
2018-09-07,263.00,264.00,260.50,264.00,38663728,,
2018-09-10,266.50,266.50,262.50,264.50,41659795,,
2018-09-11,263.00,263.50,258.00,260.00,34350276,,
2018-09-12,261.00,262.00,258.00,260.50,37885965,,
2018-09-13,260.00,260.00,253.50,255.00,37576180,,
2018-09-14,257.00,261.50,257.00,261.00,37903219,,
2018-09-17,262.50,262.50,257.00,258.00,24765758,,
2018-09-18,256.50,257.00,254.00,254.50,33960152,,
2018-09-19,258.00,260.00,257.00,258.00,59227711,,
2018-09-20,261.50,261.50,257.50,260.00,29649071,,
2018-09-21,261.50,261.50,258.00,261.50,35012974,,
2018-09-25,261.50,264.00,260.50,263.50,24397062,,
2018-09-26,263.00,263.50,261.00,263.50,24859115,,
2018-09-27,264.00,266.00,262.00,265.00,38495371,,
2018-09-28,266.00,266.00,260.00,262.50,39626486,,
2018-10-01,262.00,264.00,261.00,263.00,22254380,,
2018-10-02,262.00,263.00,257.00,257.50,38391491,,
2018-10-03,257.50,260.00,257.00,260.00,25228536,,
2018-10-04,257.00,257.50,254.00,254.00,36408727,,
2018-10-05,250.00,253.00,248.50,250.00,40204660,,
2018-10-08,245.50,246.50,241.00,243.50,50876958,,
2018-10-09,243.50,245.00,242.00,244.00,28905345,,
2018-10-11,233.50,233.50,227.00,227.50,94589657,,
2018-10-12,231.00,237.00,229.00,237.00,47175769,,
2018-10-15,234.00,234.00,230.50,230.50,42168280,,
2018-10-16,229.50,237.00,229.00,237.00,37818077,,
2018-10-17,241.50,243.00,238.00,238.50,42494858,,
2018-10-18,238.00,239.00,235.50,236.50,25676430,,
2018-10-19,231.00,236.50,230.00,236.00,28358460,,
2018-10-22,232.50,238.00,231.50,237.00,29275777,,
2018-10-23,232.00,234.00,230.00,230.00,32827745,,
2018-10-24,230.00,231.00,227.00,229.50,44321950,,
2018-10-25,220.50,222.00,219.50,219.50,75524118,,
2018-10-26,223.00,224.00,217.00,221.00,38439644,,
2018-10-29,223.00,224.00,221.00,222.50,18463792,,
2018-10-30,221.00,225.00,220.50,223.00,28877931,,
2018-10-31,228.00,234.00,228.00,234.00,57283201,,
2018-11-01,236.00,237.00,233.00,235.50,41974797,,
2018-11-02,236.50,236.50,233.50,236.50,30722361,,
2018-11-05,233.00,235.50,232.00,235.00,25452065,,
2018-11-06,234.00,235.50,232.50,234.50,30468176,,
2018-11-07,233.00,236.00,232.50,234.00,34424652,,
2018-11-08,237.50,237.50,236.00,236.50,24739146,,
2018-11-09,234.50,234.50,231.00,231.00,23219081,,
2018-11-12,230.00,234.50,230.00,231.50,23228445,,
2018-11-13,224.50,228.00,224.50,227.50,36104127,,
2018-11-14,230.00,231.00,228.50,228.50,20028279,,
2018-11-15,229.50,232.00,228.50,231.00,22072228,,
2018-11-16,229.00,229.00,225.00,226.00,46738909,,
2018-11-19,225.00,225.00,221.00,222.00,48944754,,
2018-11-20,219.00,220.50,218.00,218.00,41569756,,
2018-11-21,214.50,220.00,214.00,219.00,35206343,,
2018-11-22,221.50,222.00,219.00,219.00,21929610,,
2018-11-23,220.50,220.50,217.00,218.50,14883334,,
2018-11-26,219.00,224.00,218.50,223.00,30599804,,
2018-11-27,220.00,224.50,219.00,224.00,26584349,,
2018-11-28,222.50,227.00,222.00,226.50,24429026,,
2018-11-29,231.50,231.50,229.00,229.00,44383207,,
2018-11-30,229.50,231.00,225.50,225.50,55827957,,
2018-12-03,231.00,235.00,231.00,235.00,45333986,,
2018-12-04,233.00,234.50,231.00,234.00,39746162,,
2018-12-05,226.50,227.50,225.00,226.00,42835576,,
2018-12-06,220.00,222.00,219.50,220.00,40149112,,
2018-12-07,222.50,223.50,220.50,221.00,25063568,,
2018-12-10,219.50,220.00,218.50,219.00,19433461,,
2018-12-11,220.00,223.00,219.00,222.50,27375220,,
2018-12-12,223.50,227.00,222.50,226.50,26433846,,
2018-12-13,227.00,227.50,225.00,226.00,32087141,,
2018-12-14,223.00,223.50,220.50,222.50,38646159,,
2018-12-17,221.00,225.00,220.00,223.50,18938952,,
2018-12-18,221.00,223.00,220.50,222.50,30203541,,
2018-12-19,222.00,225.50,222.00,225.50,23390082,,
2018-12-20,221.00,222.50,221.00,221.00,35027116,,
2018-12-21,219.00,224.00,219.00,223.50,43507532,,
2018-12-24,221.50,221.50,219.50,220.00,22976100,,
2018-12-25,215.50,218.00,215.00,217.50,19402777,,
2018-12-26,218.50,219.50,216.00,216.50,16463259,,
2018-12-27,222.00,224.00,220.50,223.00,21491484,,
2018-12-28,223.50,225.50,222.50,225.50,29456773,,
2019-01-02,226.50,226.50,219.00,219.50,32900482,,
2019-01-03,214.00,218.00,214.00,215.50,34087620,,
2019-01-04,211.50,211.50,206.50,208.00,65943521,,
2019-01-07,212.00,214.00,211.00,213.00,35442176,,
2019-01-08,212.00,212.50,210.00,211.00,22694481,,
2019-01-09,212.00,216.50,211.00,215.50,46295446,,
2019-01-10,216.00,216.50,214.50,216.00,20754593,,
2019-01-11,219.00,220.50,218.00,220.50,28102288,,
2019-01-14,218.50,220.00,217.00,218.50,17612296,,
2019-01-15,216.50,221.00,215.50,221.00,38882923,,
2019-01-16,218.50,220.00,217.50,217.50,28978282,,
2019-01-17,218.00,221.00,218.00,220.50,21163986,,
2019-01-18,219.00,220.00,217.50,218.50,49627569,,
2019-01-21,220.00,223.00,220.00,221.00,29384866,,
2019-01-22,220.00,223.00,219.00,223.00,28926483,,
2019-01-23,221.50,222.00,220.00,220.50,16671213,,
2019-01-24,222.50,222.50,220.50,222.50,26417924,,
2019-01-25,226.50,227.00,225.00,226.00,46692764,,
2019-01-28,229.50,229.50,228.00,229.00,26026257,,
2019-01-29,222.50,225.00,222.00,222.50,41122520,,
2019-01-30,220.50,221.50,220.00,221.00,44755945,,
2019-02-11,228.00,229.00,226.50,228.00,78307106,,
2019-02-12,230.00,230.00,229.00,230.00,29406670,,
2019-02-13,232.00,232.00,228.50,229.00,28634925,,
2019-02-14,229.50,230.00,226.00,227.00,23647751,,
2019-02-15,229.00,229.00,226.50,227.00,22369799,,
2019-02-18,229.00,230.50,228.50,230.00,16978916,,
2019-02-19,230.00,230.50,229.00,229.00,16577023,,
2019-02-20,231.50,234.50,231.00,234.50,30479710,,
2019-02-21,235.50,236.50,234.50,236.50,33764489,,
2019-02-22,235.50,236.50,234.00,236.50,22032163,,
2019-02-25,237.50,239.00,236.00,238.00,24105138,,
2019-02-26,239.00,240.00,236.50,239.50,24522789,,
2019-02-27,238.50,239.50,237.00,239.00,35240889,,
2019-03-04,239.50,239.50,234.50,235.50,39655513,,
2019-03-05,234.00,234.50,232.50,233.00,22641407,,
2019-03-06,235.00,235.50,233.50,234.00,20433226,,
2019-03-07,235.00,235.00,233.00,234.00,17126192,,
2019-03-08,231.00,231.50,229.00,230.00,22190659,,
2019-03-11,228.00,230.50,227.50,230.50,23200793,,
2019-03-12,233.00,237.00,232.50,235.50,23588085,,
2019-03-13,234.00,237.00,234.00,237.00,20500195,,
2019-03-14,239.00,239.00,234.00,234.50,17175356,,
2019-03-15,237.00,239.50,235.50,239.00,33649729,,
2019-03-18,239.50,241.00,239.00,241.00,26856532,,
2019-03-19,239.00,240.50,238.00,240.50,14479009,,
2019-03-20,242.00,242.00,239.50,242.00,22975971,,
2019-03-21,242.50,245.50,241.00,245.50,26179502,,
2019-03-22,248.00,248.50,244.50,248.50,22931467,,
2019-03-25,240.50,243.50,240.50,241.50,19211254,,
2019-03-26,243.00,244.00,241.00,244.00,19920170,,
2019-03-27,242.00,242.50,240.50,241.50,22590089,,
2019-03-28,240.50,242.50,240.00,242.00,13933054,,
2019-03-29,243.00,245.50,240.50,245.50,28220810,,
2019-04-01,251.00,251.00,245.00,245.50,35330656,,
2019-04-02,249.50,249.50,246.00,246.00,24105053,,
2019-04-03,249.00,249.00,246.50,246.50,24945323,,
2019-04-08,251.00,253.00,250.50,253.00,45184821,,
2019-04-09,253.00,254.00,252.00,254.00,22355674,,
2019-04-10,253.00,254.50,252.00,254.00,25849934,,
2019-04-11,253.00,254.00,251.50,252.00,24896840,,
2019-04-12,251.50,253.00,251.00,252.00,13548148,,
2019-04-15,255.00,256.00,254.00,255.50,17192002,,
2019-04-16,257.00,257.00,255.50,257.00,19652648,,
2019-04-17,260.00,263.00,259.50,261.50,37864191,,
2019-04-18,264.00,266.00,263.50,264.50,38006795,,
2019-04-19,269.00,269.50,263.50,264.50,44658699,,
2019-04-22,266.50,267.50,265.00,266.00,24967393,,
2019-04-23,266.50,268.00,266.00,268.00,25336847,,
2019-04-24,270.00,270.00,267.50,269.00,26449755,,
2019-04-25,268.50,269.00,267.00,267.50,32386724,,
2019-04-26,262.00,263.00,257.50,260.00,47518804,,
2019-04-29,260.00,262.00,258.50,259.50,31126618,,
2019-04-30,260.00,260.50,258.00,259.00,33799419,,
2019-05-02,261.50,262.50,258.50,259.00,27091394,,
2019-05-03,262.00,265.00,260.50,265.00,29840246,,
2019-05-06,260.00,260.00,258.00,259.00,32823187,,
2019-05-07,259.50,263.00,259.00,262.50,25686126,,
2019-05-08,260.00,261.50,259.50,260.00,25542364,,
2019-05-09,259.50,259.50,256.00,256.50,33587574,,
2019-05-10,257.00,259.00,255.00,256.00,18617212,,
2019-05-13,253.00,254.00,249.50,250.50,28284535,,
2019-05-14,247.50,251.00,245.00,248.50,45055708,,
2019-05-15,251.00,252.00,249.00,249.00,36825479,,
2019-05-16,248.50,249.50,246.00,247.00,29713519,,
2019-05-17,249.00,249.00,241.50,241.50,38647856,,
2019-05-20,242.50,243.00,238.00,238.00,39157661,,
2019-05-21,233.50,236.00,232.50,234.00,80042775,,
2019-05-22,236.50,240.50,235.50,238.00,34622034,,
2019-05-23,233.50,233.50,230.00,230.00,58752627,,
2019-05-24,230.00,234.00,230.00,233.00,36000789,,
2019-05-27,234.00,235.00,231.00,231.00,35562033,,
2019-05-28,232.00,232.00,230.50,230.50,95240033,,
2019-05-29,228.00,230.50,227.00,229.50,26533236,,
2019-05-30,230.00,231.50,229.00,231.00,28500328,,
2019-05-31,232.00,237.50,231.00,235.50,46070338,,
2019-06-03,235.50,238.50,232.00,238.00,31054092,,
2019-06-04,237.50,238.00,233.00,233.00,24443428,,
2019-06-05,238.00,238.00,234.00,235.00,29139584,,
2019-06-06,231.50,232.00,229.50,232.00,34651731,,
2019-06-10,237.50,240.00,234.50,240.00,35373888,,
2019-06-11,240.00,246.00,239.00,244.50,31965670,,
2019-06-12,244.50,247.50,243.00,246.00,29675556,,
2019-06-13,242.50,244.00,240.00,240.00,32981724,,
2019-06-14,238.50,239.50,236.00,236.00,31951556,,
2019-06-17,231.50,235.00,230.50,233.00,51017012,,
2019-06-18,234.00,235.50,233.00,235.50,28578087,,
2019-06-19,242.50,244.00,240.50,244.00,50164372,,
2019-06-20,242.00,245.50,241.00,245.00,37836291,,
2019-06-21,248.00,248.50,246.00,248.50,61164304,,
2019-06-24,241.00,242.00,240.00,241.00,43300507,8,
2019-06-25,241.00,241.50,237.00,238.50,28559283,,
2019-06-26,235.00,236.50,234.00,234.50,27607041,,
2019-06-27,236.00,241.50,236.00,240.50,42007834,,
2019-06-28,241.50,241.50,238.00,239.00,25962203,,
2019-07-01,245.50,250.00,245.00,248.50,66307875,,
2019-07-02,249.50,250.00,247.50,249.00,24181202,,
2019-07-03,244.00,245.00,242.00,242.50,29449774,,
2019-07-04,244.50,245.00,242.50,244.00,17481240,,
2019-07-05,244.50,245.00,241.50,243.00,22867074,,
2019-07-08,240.00,244.50,240.00,242.50,27787909,,
2019-07-09,241.50,243.00,240.50,242.00,16418987,,
2019-07-10,243.00,247.00,243.00,247.00,23812131,,
2019-07-11,250.00,250.00,247.50,250.00,31160289,,
2019-07-12,252.00,252.00,249.50,250.50,23479432,,
2019-07-15,251.00,254.50,249.50,254.50,29727300,,
2019-07-16,254.00,256.50,253.50,256.00,21361249,,
2019-07-17,254.00,254.00,251.00,252.00,25573648,,
2019-07-18,252.00,254.50,251.50,254.00,20842575,,
2019-07-19,259.50,261.00,259.00,259.00,59709798,,
2019-07-22,263.00,264.00,262.00,264.00,31522639,,
2019-07-23,265.50,266.50,262.50,264.00,29273223,,
2019-07-24,266.50,266.50,263.00,265.00,23734039,,
2019-07-25,264.00,265.00,261.50,265.00,30433545,,
2019-07-26,261.00,262.50,261.00,261.00,20438071,,
2019-07-29,260.00,262.00,259.50,261.00,17509320,,
2019-07-30,262.50,263.00,260.00,260.00,22670612,,
2019-07-31,260.00,260.00,257.00,259.50,31635601,,
2019-08-01,257.50,257.50,255.50,256.50,30017526,,
2019-08-02,252.00,253.50,250.50,251.50,54021644,,
2019-08-05,251.00,252.00,245.50,246.50,51535721,,
2019-08-06,240.00,250.00,240.00,248.50,58625879,,
2019-08-07,250.00,250.50,246.50,248.00,29435460,,
2019-08-08,248.00,254.00,248.00,253.50,29725266,,
2019-08-12,254.50,254.50,251.00,251.00,21794603,,
2019-08-13,249.00,249.50,246.50,246.50,23121107,,
2019-08-14,252.50,254.00,249.50,249.50,35216703,,
2019-08-15,247.00,248.50,246.00,248.00,27624412,,
2019-08-16,249.50,252.00,248.00,250.00,25370715,,
2019-08-19,251.50,253.00,250.50,252.00,24060514,,
2019-08-20,254.00,254.50,252.50,254.50,19960494,,
2019-08-21,254.50,255.00,253.00,254.50,20269296,,
2019-08-22,257.00,257.50,254.00,254.00,21900840,,
2019-08-23,253.50,254.50,253.00,254.00,14166877,,
2019-08-26,249.00,250.50,248.50,248.50,31678620,,
2019-08-27,250.50,251.00,248.50,250.00,50234951,,
2019-08-28,250.50,253.00,250.50,252.00,15132882,,
2019-08-29,253.00,254.00,251.00,254.00,19587767,,
2019-08-30,256.50,259.00,256.00,259.00,35184201,,
2019-09-02,258.00,258.00,256.00,257.50,14614854,,
2019-09-03,256.50,258.00,253.00,254.00,25762495,,
2019-09-04,254.00,258.00,254.00,257.50,22540733,,
2019-09-05,263.00,263.00,260.50,263.00,48791728,,
2019-09-06,265.00,265.00,263.00,263.50,25408515,,
2019-09-10,263.50,264.00,260.50,261.50,29308866,,
2019-09-11,264.00,264.50,260.50,263.00,36196015,,
2019-09-12,265.00,265.00,261.50,262.50,26017293,,
2019-09-16,262.00,265.50,261.50,265.50,32573966,,
2019-09-17,266.50,266.50,264.50,265.00,27600844,,
2019-09-18,267.00,269.50,266.50,267.00,47684759,,
2019-09-19,268.00,268.00,264.00,265.00,25233567,2,
2019-09-20,266.00,266.50,264.00,264.00,43868865,,
2019-09-23,264.00,264.00,263.00,264.00,13093208,,
2019-09-24,263.50,265.50,262.00,265.00,24244943,,
2019-09-25,262.50,266.00,262.00,266.00,21003163,,
2019-09-26,269.00,269.50,266.50,268.00,29940103,,
2019-09-27,271.50,272.50,271.00,272.00,41235817,,
2019-10-01,273.00,280.50,273.00,280.00,71743890,,
2019-10-02,280.00,281.00,279.00,279.50,29295953,,
2019-10-03,274.00,277.50,274.00,276.50,31890864,,
2019-10-04,279.50,280.00,275.00,276.50,35169613,,
2019-10-07,279.00,279.50,277.50,278.00,17510230,,
2019-10-08,283.50,286.50,282.50,286.50,35278551,,
2019-10-09,283.50,286.00,282.00,282.00,34777456,,
2019-10-14,291.50,291.50,288.50,290.00,46683517,,
2019-10-15,293.50,296.00,292.00,293.50,38018567,,
2019-10-16,298.00,298.00,293.50,296.50,40297144,,
2019-10-17,295.00,295.50,292.00,293.50,40271938,,
2019-10-18,293.00,295.50,291.00,293.00,45102984,,
2019-10-21,291.00,291.00,288.50,290.00,34634365,,
2019-10-22,292.50,294.00,291.50,294.00,26005020,,
2019-10-23,293.50,293.50,290.50,293.00,28675408,,
2019-10-24,294.50,294.50,291.00,293.00,29040827,,
2019-10-25,294.50,294.50,292.50,293.50,22682711,,
2019-10-28,295.00,295.50,294.00,294.50,20076561,,
2019-10-29,297.00,298.50,296.50,298.50,36682131,,
2019-10-30,298.50,299.50,296.50,299.50,32370342,,
2019-10-31,300.00,301.50,298.50,298.50,40944514,,
2019-11-01,299.50,299.50,296.50,299.00,30121678,,
2019-11-04,302.50,308.00,301.00,307.00,44899671,,
2019-11-05,307.50,310.50,307.00,310.50,32201184,,
2019-11-06,309.00,311.50,308.00,311.00,22149743,,
2019-11-07,310.00,310.00,306.50,309.00,28291659,,
2019-11-08,308.50,309.00,305.50,305.50,25651542,,
2019-11-11,305.00,305.00,300.00,301.00,35165583,,
2019-11-12,302.50,305.00,302.00,305.00,17540708,,
2019-11-13,303.00,304.00,301.50,304.00,18172438,,
2019-11-14,304.50,305.00,302.00,303.50,15734835,,
2019-11-15,305.50,307.50,304.50,307.00,28848445,,
2019-11-18,308.50,311.00,307.00,311.00,18691325,,
2019-11-19,312.50,315.00,311.00,315.00,31634197,,
2019-11-20,314.00,314.00,312.00,313.50,22387973,,
2019-11-21,309.50,311.00,307.00,311.00,28108833,,
2019-11-22,310.00,310.50,308.00,309.00,24737984,,
2019-11-25,310.50,310.50,307.00,307.00,19530177,,
2019-11-26,310.00,310.50,307.00,307.00,101224622,,
2019-11-27,307.50,311.50,307.50,311.00,18467648,,
2019-11-28,310.00,312.00,308.50,309.50,19077982,,
2019-11-29,309.00,309.50,305.00,305.00,30963561,,
2019-12-02,307.00,308.00,306.50,307.50,24016807,,
2019-12-03,305.00,307.00,305.00,307.00,24690319,,
2019-12-04,305.00,306.00,304.00,306.00,25492686,,
2019-12-05,309.00,312.00,309.00,312.00,34521842,,
2019-12-06,315.00,316.00,311.00,313.00,17695703,,
2019-12-09,314.00,316.50,314.00,316.00,23256081,,
2019-12-10,315.00,315.50,312.50,313.50,20570594,,
2019-12-11,314.00,319.00,313.00,319.00,31223148,,
2019-12-12,325.00,334.50,324.00,331.50,52742851,,
2019-12-13,340.00,343.00,338.00,339.00,58198939,,
2019-12-16,336.50,338.50,336.00,336.00,102188,,
2019-12-17,335.00,345.00,335.00,345.00,40813458,,
2019-12-18,341.50,345.00,341.50,344.50,39682841,,
2019-12-19,340.00,342.00,335.00,335.00,54888012,2.5,
2019-12-20,332.00,333.00,328.50,329.00,86280459,,
2019-12-23,329.50,334.00,329.50,334.00,26639340,,
2019-12-24,334.00,334.50,332.00,332.00,13488907,,
2019-12-25,332.00,334.50,331.00,333.00,12262954,,
2019-12-26,333.00,334.00,331.50,333.00,11427884,,
2019-12-27,335.00,338.00,335.00,338.00,16677806,,
2019-12-30,338.00,339.00,334.00,334.50,21531263,,
2019-12-31,331.00,333.50,331.00,331.00,22890517,,
2020-01-02,332.50,339.00,332.50,339.00,31754120,,
2020-01-03,344.00,345.00,335.50,339.50,41811268,,
2020-01-06,333.00,334.50,332.00,332.00,45343057,,
2020-01-07,332.50,333.00,326.50,329.50,50879181,,
2020-01-08,325.00,333.00,325.00,329.50,37567748,,
2020-01-09,335.00,337.50,333.50,337.50,31481504,,
2020-01-10,340.50,341.00,336.00,339.50,27032115,,
2020-01-13,342.00,342.00,339.00,341.50,30663332,,
2020-01-14,345.50,346.00,344.50,346.00,30223993,,
2020-01-15,345.00,345.00,337.50,340.00,47434274,,
2020-01-16,330.00,336.50,330.00,334.50,55211420,,
2020-01-17,334.00,335.50,332.00,333.00,52060097,,
2020-01-20,334.00,335.50,333.00,333.00,32658203,,
2020-01-30,326.00,326.00,316.50,316.50,125451049,,
2020-01-31,323.00,323.50,319.00,320.00,62526055,,
2020-02-03,315.00,316.50,312.00,315.00,59560849,,
2020-02-04,336.50,337.00,325.00,325.00,51890496,,
2020-02-05,329.00,329.50,324.50,327.50,36601453,,
2020-02-06,329.50,332.50,329.00,332.50,29267094,,
2020-02-07,330.00,330.50,326.00,328.00,28798327,,
2020-02-10,321.50,328.00,321.00,327.50,30632424,,
2020-02-11,330.50,332.50,330.00,331.50,27524935,,
2020-02-12,333.50,336.00,333.00,335.00,37612639,,
2020-02-13,338.00,338.00,335.00,335.00,22757021,,
2020-02-14,337.00,337.00,334.50,335.00,16933683,,
2020-02-17,331.50,333.00,330.50,331.50,15937079,,
2020-02-18,324.50,326.50,322.00,322.00,61825604,,
2020-02-19,322.50,327.00,322.00,326.50,38781218,,
2020-02-20,328.00,329.00,325.00,325.50,27011736,,
2020-02-21,325.50,326.50,323.00,325.00,22813534,,
2020-02-24,319.50,321.50,319.50,320.00,41693680,,
2020-02-25,320.00,323.50,317.50,322.00,36195011,,
2020-02-26,317.00,320.50,316.50,318.50,60479362,,
2020-02-27,319.00,320.00,315.00,316.00,61250927,,
2020-03-02,308.00,317.00,308.00,311.00,79912942,,
2020-03-03,318.50,320.00,316.00,317.50,49679411,,
2020-03-04,322.00,322.00,317.00,320.50,42941146,,
2020-03-05,325.00,326.00,323.00,323.00,37861525,,
2020-03-06,320.00,320.50,315.00,315.00,51546760,,
2020-03-09,307.50,310.00,305.50,305.50,87871277,,
2020-03-10,301.50,309.00,301.00,307.00,71950130,,
2020-03-11,309.00,310.50,302.00,302.00,62216710,,
2020-03-12,299.00,299.00,287.00,294.00,113527351,,
2020-03-13,275.00,294.00,272.50,290.00,149995148,,
2020-03-16,285.00,291.00,275.50,276.50,103873228,,
2020-03-17,265.00,276.50,265.00,268.00,121323651,,
2020-03-18,269.50,272.50,260.00,260.00,117437643,,
2020-03-19,252.00,253.00,235.50,248.00,160811697,2.5,
2020-03-20,258.50,270.00,256.00,270.00,157664726,,
2020-03-23,257.00,262.50,252.00,255.00,76466709,,
2020-03-24,268.00,274.00,266.00,267.50,81952933,,
2020-03-25,276.50,280.00,274.00,277.00,79447199,,
2020-03-26,279.50,280.00,275.50,280.00,52845633,,
2020-03-27,284.00,286.00,273.00,273.00,68752306,,
2020-03-30,263.50,269.00,262.50,267.50,49159956,,
2020-03-31,273.00,274.00,269.50,274.00,48837923,,
2020-04-01,276.50,276.50,271.50,271.50,44515034,,
2020-04-06,273.00,275.50,270.00,275.50,56392754,,
2020-04-07,283.50,284.00,280.50,283.00,48787346,,
2020-04-08,285.00,285.50,283.00,285.00,37912826,,
2020-04-09,287.50,288.00,282.50,283.00,27620430,,
2020-04-10,280.00,282.00,279.00,279.50,27252858,,
2020-04-13,278.50,281.50,278.50,278.50,22196596,,
2020-04-14,281.00,285.50,280.00,285.00,48809688,,
2020-04-15,287.00,288.50,286.00,287.50,55216434,,
2020-04-16,283.00,288.50,283.00,286.50,47815280,,
2020-04-17,303.50,308.50,300.50,306.50,116368201,,
2020-04-20,308.00,309.00,302.50,304.00,41381669,,
2020-04-21,300.50,301.50,293.50,295.00,61479357,,
2020-04-22,294.50,295.00,290.50,294.00,42192580,,
2020-04-23,300.00,300.00,294.00,295.50,39474478,,
2020-04-24,295.50,297.00,294.00,294.00,26008090,,
2020-04-27,298.00,298.50,296.00,298.00,38493406,,
2020-04-28,298.50,298.50,294.50,296.50,37395165,,
2020-04-29,299.00,301.50,298.00,299.00,44059301,,
2020-04-30,302.00,305.00,301.50,304.50,55126085,,
2020-05-04,294.50,296.50,294.00,295.00,71581861,,
2020-05-05,296.50,298.00,295.00,295.50,23547405,,
2020-05-06,294.50,296.00,292.50,296.00,34240479,,
2020-05-07,294.50,299.00,294.50,297.50,27621198,,
2020-05-08,300.00,300.00,296.00,297.50,32295893,,
2020-05-11,300.00,301.50,298.50,301.00,28727019,,
2020-05-12,297.50,298.50,295.00,295.00,52089788,,
2020-05-13,293.00,297.00,292.50,297.00,26156418,,
2020-05-14,293.00,295.00,292.50,293.00,34315948,,
2020-05-15,297.50,298.50,294.50,298.00,42494804,,
2020-05-18,291.00,293.50,290.00,290.00,84986065,,
2020-05-19,294.00,294.00,291.50,291.50,51250214,,
2020-05-20,293.00,294.00,291.00,294.00,32677994,,
2020-05-21,296.00,298.00,295.00,297.50,30997468,,
2020-05-22,294.50,295.00,291.00,292.00,40192923,,
2020-05-25,290.50,293.00,288.50,292.00,26803223,,
2020-05-26,295.00,297.50,293.50,295.50,33856481,,
2020-05-27,297.00,298.00,295.50,296.50,23375959,,
2020-05-28,298.50,298.50,293.00,294.00,28444568,,
2020-05-29,292.00,292.50,290.00,292.00,79774181,,
2020-06-01,294.00,296.50,293.50,295.50,35811214,,
2020-06-02,296.00,297.50,296.00,296.50,24771587,,
2020-06-03,300.00,301.00,298.00,301.00,65176337,,
2020-06-04,305.00,306.00,304.00,306.00,46572451,,
2020-06-05,308.50,312.00,308.00,311.50,42981262,,
2020-06-08,316.00,319.00,315.00,318.00,50302921,,
2020-06-09,316.50,319.00,314.00,319.00,36417082,,
2020-06-10,319.00,324.00,318.00,322.50,39984259,,
2020-06-11,325.50,327.00,318.50,320.50,50104255,,
2020-06-12,313.00,317.50,312.50,316.00,45992918,,
2020-06-15,316.00,317.50,308.50,309.50,51032404,,
2020-06-16,317.00,317.00,314.00,315.00,36608216,,
2020-06-17,316.50,317.00,313.50,315.00,34522968,,
2020-06-18,314.50,315.00,313.00,314.50,29044474,2.5,
2020-06-19,314.00,314.50,312.00,314.50,48130280,,
2020-06-22,314.50,316.50,312.00,312.00,37374616,,
2020-06-23,316.00,316.50,312.50,315.00,41300084,,
2020-06-24,319.00,320.00,316.00,317.50,54147024,,
2020-06-29,314.00,315.00,310.00,312.00,56580892,,
2020-06-30,313.50,314.00,311.00,313.00,48991860,,
2020-07-01,315.00,318.00,314.00,317.50,29532342,,
2020-07-02,319.00,322.00,318.00,322.00,34526178,,
2020-07-03,327.00,330.50,326.50,329.50,53341987,,
2020-07-06,332.50,338.00,332.00,338.00,57256220,,
2020-07-07,343.50,346.00,338.00,338.50,59046323,,
2020-07-08,337.50,342.50,337.50,341.00,30720218,,
2020-07-09,346.00,347.00,343.00,345.00,35522376,,
2020-07-10,352.50,353.00,345.50,348.50,60902108,,
2020-07-13,351.00,354.50,350.50,354.50,48069523,,
2020-07-14,355.00,364.00,354.50,363.50,61764150,,
2020-07-15,366.00,370.00,361.00,363.00,73438362,,
2020-07-16,359.00,361.00,353.50,357.50,68220512,,
2020-07-17,361.00,369.00,360.00,367.00,65727485,,
2020-07-20,370.00,370.00,362.50,366.00,42769238,,
2020-07-21,372.50,387.00,371.50,383.00,64219128,,
2020-07-22,381.00,386.00,379.00,384.00,43759670,,
2020-07-23,382.00,383.00,379.00,381.50,45209282,,
2020-07-24,390.00,395.00,382.00,386.00,86682734,,
2020-07-27,420.50,424.50,416.50,424.50,99333798,,
2020-07-28,464.00,466.50,428.50,435.00,166307746,,
2020-07-29,428.00,431.50,419.50,422.00,85663166,,
2020-07-30,436.50,441.00,428.50,434.00,69293949,,
2020-07-31,426.00,432.00,425.50,425.50,49897674,,
2020-08-03,420.50,424.00,415.00,416.00,76429571,,
2020-08-04,421.50,425.50,418.50,425.50,41223445,,
2020-08-05,430.50,433.50,426.00,429.00,47223834,,
2020-08-06,437.50,438.00,431.00,435.00,41029627,,
2020-08-07,433.50,434.00,428.00,433.00,36589460,,
2020-08-10,427.50,437.50,427.50,435.50,36067500,,
2020-08-11,432.00,435.00,429.00,429.00,34545313,,
2020-08-12,422.00,423.50,419.00,419.00,52143474,,
2020-08-13,428.00,429.00,424.50,429.00,44352335,,
2020-08-14,424.00,428.00,423.00,427.00,23419955,,
2020-08-17,427.00,435.00,425.50,435.00,34137731,,
2020-08-18,440.00,440.50,432.00,433.00,41643160,,
2020-08-19,436.00,436.50,427.50,427.50,31486800,,
2020-08-20,427.00,427.50,401.00,415.00,75097235,,
2020-08-21,421.50,427.00,420.00,424.50,41609467,,
2020-08-24,427.50,434.50,425.00,428.00,48375406,,
2020-08-25,433.50,436.00,430.50,434.50,35977899,,
2020-08-26,435.50,442.00,435.00,442.00,39243340,,
2020-08-27,448.00,453.50,444.00,444.00,53072712,,
2020-08-28,440.00,440.50,431.00,435.00,56842210,,
2020-08-31,437.00,439.50,426.50,426.50,81480538,,
2020-09-01,430.00,435.00,428.00,435.00,37429577,,
2020-09-02,441.00,441.00,430.50,433.00,34871407,,
2020-09-03,439.50,439.50,433.50,436.00,34951617,,
2020-09-04,427.00,432.50,427.00,429.00,46119911,,
2020-09-07,428.00,432.50,425.00,426.00,32019312,,
2020-09-08,428.00,433.00,427.50,431.00,23714670,,
2020-09-09,425.00,428.00,423.00,427.00,40551362,,
2020-09-10,432.50,435.00,430.50,435.00,35098921,,
2020-09-11,435.50,436.50,432.50,436.50,34298469,,
2020-09-14,436.00,442.00,435.50,441.00,39085833,,
2020-09-15,440.50,447.00,439.50,445.00,39061449,,
2020-09-16,460.00,462.00,455.50,458.00,64261238,,
2020-09-17,453.00,455.00,446.50,448.50,42058506,2.5,
2020-09-18,447.00,449.50,443.00,444.00,52454922,,
2020-09-21,443.50,450.00,440.00,440.00,39463920,,
2020-09-22,440.00,441.00,436.00,437.00,36130639,,
2020-09-23,436.00,438.50,432.00,433.50,45710963,,
2020-09-24,425.50,429.00,423.00,423.00,79806381,,
2020-09-25,427.00,428.00,421.00,424.00,38775269,,
2020-09-28,427.00,431.50,424.50,431.50,34156973,,
2020-09-29,432.50,435.00,428.00,431.00,32230502,,
2020-09-30,430.50,435.00,430.50,433.00,27334204,,
2020-10-05,438.00,438.00,431.50,432.50,32945832,,
2020-10-06,441.50,442.00,437.50,439.50,35775395,,
2020-10-07,435.00,445.00,435.00,443.00,42926239,,
2020-10-08,450.00,454.00,448.50,453.00,60853811,,
2020-10-12,458.00,462.00,457.50,460.00,64719223,,
2020-10-13,465.00,465.00,456.50,462.00,45750738,,
2020-10-14,460.50,461.00,457.00,459.00,40809241,,
2020-10-15,456.00,456.50,450.00,453.00,47775028,,
2020-10-16,451.00,456.00,448.50,449.00,46876801,,
2020-10-19,453.00,457.50,451.00,457.50,34470906,,
2020-10-20,455.50,457.00,451.00,451.00,25205638,,
2020-10-21,453.50,456.00,451.00,453.00,28058921,,
2020-10-22,450.00,455.00,449.50,455.00,23438547,,
2020-10-23,458.00,458.00,451.50,452.00,18777385,,
2020-10-26,455.00,455.00,450.00,450.00,15059581,,
2020-10-27,447.50,448.50,445.50,447.00,20117660,,
2020-10-28,445.00,447.00,443.00,444.00,24710230,,
2020-10-29,436.50,439.50,435.50,437.00,41285612,,
2020-10-30,437.00,437.00,432.00,432.00,47668895,,
2020-11-02,433.00,435.50,428.00,435.50,33477443,,
2020-11-03,439.50,443.00,438.00,441.00,30328495,,
2020-11-04,444.50,451.50,443.00,450.00,37512790,,
2020-11-05,451.50,451.50,445.50,451.00,34886108,,
2020-11-06,455.00,455.50,450.00,452.50,30154140,,
2020-11-09,458.00,460.00,454.00,458.50,39245881,,
2020-11-10,452.00,454.50,448.50,451.00,34820499,,
2020-11-11,448.50,457.00,448.50,457.00,36765561,,
2020-11-12,463.00,463.50,457.50,458.00,40100880,,
2020-11-13,459.00,462.00,456.50,462.00,31037438,,
2020-11-16,470.00,484.50,469.00,484.00,81994937,,
2020-11-17,502.00,506.00,485.50,485.50,72413868,,
2020-11-18,490.00,497.00,486.50,497.00,50387727,,
2020-11-19,499.00,499.00,490.00,490.00,44220053,,
2020-11-20,486.00,490.00,486.00,488.00,32281453,,
2020-11-23,494.50,498.50,492.00,496.50,38084006,,
2020-11-24,499.50,500.00,491.50,492.00,35479226,,
2020-11-25,495.00,495.50,487.00,487.00,41419632,,
2020-11-26,489.00,493.50,488.00,489.00,28893033,,
2020-11-27,487.50,492.00,486.50,489.00,32960189,,
2020-11-30,493.00,493.50,480.50,480.50,119895176,,
2020-12-01,489.50,490.00,483.50,490.00,37018651,,
2020-12-02,499.50,500.00,493.50,499.00,50621339,,
2020-12-03,499.50,499.50,495.00,497.00,35651379,,
2020-12-04,498.50,505.00,497.50,503.00,51172005,,
2020-12-07,512.00,515.00,506.00,514.00,44271244,,
2020-12-08,514.00,525.00,509.00,524.00,40771761,,
2020-12-09,521.00,524.00,520.00,520.00,43314115,,
2020-12-10,511.00,515.00,510.00,512.00,42556926,,
2020-12-11,517.00,517.00,505.00,516.00,45660960,,
2020-12-14,512.00,513.00,508.00,508.00,30260485,,
2020-12-15,507.00,510.00,504.00,504.00,39852366,,
2020-12-16,509.00,515.00,507.00,512.00,52012348,,
2020-12-17,515.00,515.00,508.00,508.00,38215179,2.5,
2020-12-18,508.00,512.00,507.00,510.00,39924864,,
2020-12-21,512.00,517.00,508.00,516.00,34813281,,
2020-12-22,512.00,516.00,509.00,509.00,22454277,,
2020-12-23,508.00,511.00,506.00,509.00,18086715,,
2020-12-24,511.00,512.00,508.00,510.00,14950143,,
2020-12-25,514.00,515.00,510.00,511.00,12327895,,
2020-12-28,512.00,515.00,509.00,515.00,19087382,,
2020-12-29,515.00,517.00,513.00,515.00,19907528,,
2020-12-30,516.00,525.00,514.00,525.00,46292401,,
2020-12-31,526.00,530.00,524.00,530.00,29970398,,
2021-01-04,530.00,540.00,528.00,536.00,38770328,,
2021-01-05,536.00,542.00,535.00,542.00,34411866,,
2021-01-06,555.00,555.00,541.00,549.00,53030554,,
2021-01-07,554.00,570.00,553.00,565.00,51166782,,
2021-01-08,580.00,580.00,571.00,580.00,59563555,,
2021-01-11,577.00,584.00,574.00,584.00,48810990,,
2021-01-12,583.00,597.00,582.00,591.00,50232426,,
2021-01-13,595.00,605.00,593.00,605.00,62662393,,
2021-01-14,587.00,597.00,587.00,592.00,75288477,,
2021-01-15,621.00,625.00,601.00,601.00,92010500,,
2021-01-18,608.00,608.00,594.00,607.00,45726476,,
2021-01-19,618.00,632.00,613.00,627.00,50672866,,
2021-01-20,633.00,650.00,631.00,647.00,82066422,,
2021-01-21,640.00,679.00,640.00,673.00,89019137,,
2021-01-22,649.00,665.00,649.00,649.00,125179403,,
2021-01-25,642.00,646.00,626.00,633.00,93050133,,
2021-01-26,632.00,640.00,610.00,617.00,100153482,,
2021-01-27,618.00,625.00,611.00,615.00,59985191,,
2021-01-28,600.00,608.00,598.00,601.00,96447533,,
2021-01-29,619.00,619.00,591.00,591.00,90745237,,
2021-02-01,595.00,612.00,587.00,611.00,67462398,,
2021-02-02,629.00,638.00,622.00,632.00,78429188,,
2021-02-03,638.00,642.00,630.00,630.00,48738970,,
2021-02-04,626.00,632.00,620.00,627.00,46371900,,
2021-02-05,638.00,641.00,631.00,632.00,53267273,,
2021-02-17,663.00,668.00,660.00,663.00,107614290,,
2021-02-18,664.00,665.00,656.00,660.00,53109010,,
2021-02-19,656.00,657.00,647.00,652.00,50279585,,
2021-02-22,660.00,662.00,650.00,650.00,36474610,,
2021-02-23,641.00,643.00,633.00,641.00,50076333,,
2021-02-24,627.00,636.00,625.00,625.00,66206750,,
2021-02-25,636.00,636.00,628.00,635.00,43231417,,
2021-02-26,611.00,618.00,606.00,606.00,111861175,,
2021-03-02,621.00,622.00,609.00,609.00,54041533,,
2021-03-03,609.00,622.00,601.00,622.00,48252965,,
2021-03-04,609.00,611.00,601.00,601.00,67711962,,
2021-03-05,588.00,605.00,584.00,601.00,79918467,,
2021-03-08,608.00,610.00,598.00,598.00,43219772,,
2021-03-09,585.00,595.00,585.00,595.00,68768861,,
2021-03-10,601.00,601.00,593.00,597.00,40146301,,
2021-03-11,596.00,612.00,595.00,609.00,54416046,,
2021-03-12,615.00,618.00,609.00,614.00,33168846,,
2021-03-15,614.00,614.00,609.00,611.00,27416758,,
2021-03-16,610.00,613.00,607.00,613.00,36949425,,
2021-03-17,612.00,612.00,602.00,604.00,39517807,2.5,
2021-03-18,606.00,609.00,602.00,602.00,29415526,,
2021-03-19,594.00,598.00,591.00,591.00,70866028,,
2021-03-22,588.00,598.00,586.00,593.00,34089033,,
2021-03-23,597.00,603.00,593.00,594.00,29374037,,
2021-03-24,571.00,582.00,571.00,576.00,107253959,,
2021-03-25,572.00,581.00,570.00,575.00,67833354,,
2021-03-26,582.00,592.00,580.00,590.00,36829858,,
2021-03-29,599.00,602.00,596.00,599.00,37884733,,
2021-03-30,600.00,600.00,592.00,597.00,33099123,,
2021-03-31,596.00,597.00,587.00,587.00,38790886,,
2021-04-01,598.00,602.00,594.00,602.00,43091157,,
2021-04-07,614.00,614.00,608.00,610.00,24603109,,
2021-04-08,606.00,613.00,603.00,613.00,23976625,,
2021-04-09,618.00,618.00,609.00,610.00,27303862,,
2021-04-12,612.00,613.00,603.00,605.00,22606128,,
2021-04-13,604.00,613.00,604.00,605.00,25971622,,
2021-04-14,608.00,612.00,600.00,612.00,30077913,,
2021-04-15,612.00,619.00,607.00,619.00,33530942,,
2021-04-16,610.00,611.00,603.00,610.00,48507383,,
2021-04-19,605.00,607.00,601.00,603.00,24231637,,
2021-04-20,598.00,602.00,595.00,602.00,34771635,,
2021-04-21,599.00,599.00,592.00,592.00,38458220,,
2021-04-22,596.00,598.00,591.00,591.00,33868521,,
2021-04-23,592.00,602.00,590.00,602.00,27754511,,
2021-04-26,605.00,610.00,603.00,610.00,30887664,,
2021-04-27,608.00,611.00,605.00,610.00,26317481,,
2021-04-28,606.00,608.00,601.00,602.00,24024054,,
2021-04-29,609.00,609.00,600.00,600.00,31828333,,
2021-05-03,595.00,597.00,588.00,588.00,41762441,,
2021-05-04,588.00,594.00,582.00,591.00,40273595,,
2021-05-05,594.00,594.00,585.00,585.00,29254785,,
2021-05-06,590.00,590.00,580.00,587.00,30725590,,
2021-05-07,594.00,600.00,589.00,599.00,28075722,,
2021-05-10,596.00,597.00,588.00,589.00,20434079,,
2021-05-11,579.00,580.00,570.00,571.00,59349193,,
2021-05-12,567.00,571.00,518.00,560.00,131741482,,
2021-05-13,547.00,563.00,541.00,547.00,66765627,,
2021-05-14,556.00,562.00,552.00,557.00,37533726,,
2021-05-17,544.00,558.00,541.00,549.00,56270958,,
2021-05-18,563.00,573.00,555.00,572.00,43689316,,
2021-05-19,571.00,572.00,565.00,567.00,28908777,,
2021-05-20,567.00,571.00,560.00,567.00,29709287,,
2021-05-21,572.00,577.00,568.00,573.00,27376731,,
2021-05-24,570.00,572.00,566.00,568.00,15629736,,
2021-05-25,576.00,584.00,573.00,583.00,33039911,,
2021-05-26,587.00,588.00,581.00,585.00,18703987,,
2021-05-27,580.00,582.00,573.00,582.00,62169719,,
2021-05-28,587.00,592.00,582.00,590.00,29086873,,
2021-05-31,595.00,597.00,590.00,597.00,30657474,,
2021-06-01,598.00,599.00,595.00,598.00,17818326,,
2021-06-02,600.00,600.00,593.00,595.00,21872755,,
2021-06-03,600.00,600.00,596.00,596.00,21077164,,
2021-06-04,591.00,595.00,590.00,595.00,15756180,,
2021-06-07,594.00,595.00,583.00,592.00,17077625,,
2021-06-08,590.00,595.00,588.00,589.00,13396324,,
2021-06-09,586.00,588.00,583.00,586.00,20023490,,
2021-06-10,591.00,599.00,587.00,599.00,28527745,,
2021-06-11,602.00,603.00,600.00,602.00,24227710,,
2021-06-15,607.00,609.00,606.00,609.00,26012250,,
2021-06-16,608.00,608.00,605.00,605.00,25856919,,
2021-06-17,601.00,606.00,598.00,606.00,22872361,2.5,
2021-06-18,608.00,608.00,601.00,603.00,32652017,,
2021-06-21,590.00,594.00,583.00,583.00,44279632,,
2021-06-22,585.00,588.00,578.00,578.00,27823974,,
2021-06-23,583.00,598.00,581.00,595.00,34392376,,
2021-06-24,598.00,598.00,588.00,590.00,16524230,,
2021-06-25,598.00,598.00,589.00,591.00,18841696,,
2021-06-28,590.00,590.00,586.00,590.00,15028407,,
2021-06-29,598.00,598.00,591.00,595.00,28659610,,
2021-06-30,599.00,599.00,595.00,595.00,24883853,,
2021-07-01,596.00,597.00,591.00,593.00,18250994,,
2021-07-02,590.00,593.00,587.00,588.00,18322419,,
2021-07-05,588.00,597.00,588.00,591.00,28836816,,
2021-07-06,595.00,596.00,589.00,592.00,12997112,,
2021-07-07,590.00,594.00,588.00,594.00,16966158,,
2021-07-08,595.00,595.00,588.00,588.00,21140426,,
2021-07-09,582.00,585.00,580.00,584.00,29029415,,
2021-07-12,595.00,597.00,590.00,593.00,31304547,,
2021-07-13,600.00,608.00,599.00,607.00,52540315,,
2021-07-14,613.00,615.00,608.00,613.00,38418875,,
2021-07-15,613.00,614.00,608.00,614.00,22012834,,
2021-07-16,591.00,595.00,588.00,589.00,57970545,,
2021-07-19,583.00,584.00,578.00,582.00,40644341,,
2021-07-20,579.00,584.00,579.00,581.00,15354333,,
2021-07-21,586.00,586.00,580.00,585.00,25828732,,
2021-07-22,589.00,594.00,587.00,591.00,26058172,,
2021-07-23,592.00,592.00,583.00,585.00,15271451,,
2021-07-26,591.00,591.00,580.00,580.00,21619179,,
2021-07-27,581.00,584.00,580.00,580.00,17785992,,
2021-07-28,576.00,579.00,573.00,579.00,36158305,,
2021-07-29,585.00,585.00,577.00,583.00,23224896,,
2021-07-30,581.00,582.00,578.00,580.00,18999281,,
2021-08-02,583.00,590.00,580.00,590.00,23482491,,
2021-08-03,594.00,594.00,590.00,594.00,22747702,,
2021-08-04,598.00,598.00,594.00,596.00,20313271,,
2021-08-05,598.00,598.00,593.00,596.00,15116242,,
2021-08-06,596.00,596.00,588.00,591.00,13687213,,
2021-08-09,590.00,595.00,583.00,595.00,17390951,,
2021-08-10,596.00,596.00,589.00,591.00,17190865,,
2021-08-11,590.00,590.00,585.00,590.00,19969687,,
2021-08-12,586.00,588.00,584.00,586.00,15444622,,
2021-08-13,585.00,585.00,579.00,581.00,22524428,,
2021-08-16,582.00,586.00,578.00,584.00,19315705,,
2021-08-17,584.00,584.00,584.00,584.00,0,,
2021-08-18,568.00,575.00,566.00,574.00,43716164,,
2021-08-19,573.00,573.00,559.00,559.00,38868947,,
2021-08-20,560.00,563.00,551.00,552.00,45614061,,
2021-08-23,560.00,572.00,559.00,566.00,33685159,,
2021-08-24,574.00,575.00,571.00,572.00,24844800,,
2021-08-25,579.00,585.00,574.00,585.00,27504657,,
2021-08-26,601.00,603.00,591.00,594.00,43822008,,
2021-08-27,596.00,600.00,593.00,599.00,27105651,,
2021-08-30,602.00,605.00,599.00,605.00,36575609,,
2021-08-31,604.00,614.00,598.00,614.00,52721470,,
2021-09-01,614.00,614.00,608.00,613.00,30092045,,
2021-09-02,613.00,615.00,607.00,607.00,24112463,,
2021-09-03,610.00,620.00,610.00,620.00,51562454,,
2021-09-06,623.00,638.00,621.00,631.00,55589014,,
2021-09-07,634.00,634.00,623.00,623.00,26526056,,
2021-09-08,622.00,627.00,612.00,619.00,37817737,,
2021-09-09,612.00,620.00,610.00,619.00,18735512,,
2021-09-10,615.00,623.00,614.00,622.00,16304725,,
2021-09-13,619.00,620.00,613.00,615.00,15198774,,
2021-09-14,618.00,618.00,612.00,613.00,14441901,,
2021-09-15,610.00,613.00,607.00,607.00,23433501,,
2021-09-16,603.00,607.00,599.00,600.00,22467022,2.75,
2021-09-17,600.00,610.00,599.00,600.00,40717715,,
2021-09-22,586.00,589.00,583.00,586.00,40642293,,
2021-09-23,588.00,593.00,588.00,588.00,21696296,,
2021-09-24,591.00,598.00,590.00,598.00,16736973,,
2021-09-27,600.00,602.00,593.00,602.00,19464241,,
2021-09-28,595.00,596.00,592.00,594.00,16707080,,
2021-09-29,580.00,583.00,577.00,580.00,49310524,,
2021-09-30,580.00,585.00,575.00,580.00,30465107,,
2021-10-01,579.00,579.00,571.00,574.00,36704493,,
2021-10-04,574.00,575.00,569.00,572.00,20957803,,
2021-10-05,562.00,572.00,560.00,572.00,33824024,,
2021-10-06,573.00,574.00,565.00,571.00,32508846,,
2021-10-07,575.00,582.00,572.00,580.00,27933054,,
2021-10-08,582.00,583.00,573.00,575.00,18279079,,
2021-10-12,570.00,575.00,564.00,575.00,26522907,,
2021-10-13,572.00,575.00,570.00,571.00,18914374,,
2021-10-14,579.00,579.00,573.00,573.00,13916927,,
2021-10-15,592.00,600.00,586.00,600.00,53150216,,
2021-10-18,604.00,604.00,590.00,590.00,19158568,,
2021-10-19,598.00,600.00,593.00,600.00,17386359,,
2021-10-20,603.00,604.00,597.00,598.00,16372520,,
2021-10-21,602.00,603.00,595.00,596.00,16169014,,
2021-10-22,600.00,602.00,594.00,600.00,13995403,,
2021-10-25,597.00,597.00,590.00,593.00,16785568,,
2021-10-26,595.00,600.00,593.00,599.00,19998808,,
2021-10-27,598.00,599.00,594.00,599.00,14961858,,
2021-10-28,598.00,598.00,591.00,595.00,16570044,,
2021-10-29,595.00,596.00,589.00,590.00,25763960,,
2021-11-01,591.00,593.00,590.00,590.00,16089351,,
2021-11-02,594.00,597.00,590.00,592.00,15192404,,
2021-11-03,597.00,597.00,592.00,592.00,10224009,,
2021-11-04,592.00,594.00,585.00,587.00,17932145,,
2021-11-05,598.00,600.00,595.00,600.00,33270827,,
2021-11-08,600.00,602.00,598.00,602.00,19752355,,
2021-11-09,611.00,617.00,610.00,611.00,39538660,,
2021-11-10,611.00,612.00,608.00,612.00,16027674,,
2021-11-11,600.00,606.00,600.00,606.00,18463848,,
2021-11-12,610.00,611.00,602.00,604.00,15821327,,
2021-11-15,609.00,611.00,607.00,608.00,15551452,,
2021-11-16,612.00,612.00,608.00,610.00,20917108,,
2021-11-17,615.00,615.00,608.00,610.00,19717852,,
2021-11-18,613.00,614.00,607.00,613.00,20030651,,
2021-11-19,622.00,623.00,617.00,618.00,35554348,,
2021-11-22,618.00,618.00,615.00,615.00,20312168,,
2021-11-23,615.00,615.00,611.00,612.00,19431694,,
2021-11-24,612.00,612.00,602.00,603.00,20391940,,
2021-11-25,605.00,607.00,601.00,603.00,11888265,,
2021-11-26,598.00,601.00,592.00,596.00,26588102,,
2021-11-29,594.00,598.00,591.00,593.00,23379558,,
2021-11-30,597.00,600.00,591.00,596.00,62021697,,
2021-12-01,596.00,603.00,594.00,600.00,21403404,,
2021-12-02,605.00,615.00,602.00,615.00,45125742,,
2021-12-03,614.00,614.00,606.00,608.00,23045832,,
2021-12-06,603.00,609.00,600.00,600.00,23589363,,
2021-12-07,602.00,607.00,597.00,607.00,18606530,,
2021-12-08,614.00,614.00,602.00,602.00,20801543,,
2021-12-09,606.00,608.00,602.00,608.00,11039070,,
2021-12-10,605.00,608.00,602.00,605.00,10497451,,
2021-12-13,609.00,610.00,601.00,601.00,17711657,,
2021-12-14,598.00,600.00,597.00,599.00,22579034,,
2021-12-15,597.00,601.00,596.00,600.00,21827730,,
2021-12-16,605.00,605.00,601.00,605.00,21809022,2.75,
2021-12-17,601.00,607.00,599.00,607.00,24105733,,
2021-12-20,607.00,607.00,598.00,598.00,21381070,,
2021-12-21,597.00,600.00,595.00,597.00,17001461,,
2021-12-22,598.00,601.00,598.00,600.00,9831802,,
2021-12-23,607.00,608.00,602.00,606.00,16654439,,
2021-12-24,606.00,609.00,604.00,604.00,11059689,,
2021-12-27,604.00,610.00,604.00,606.00,16259872,,
2021-12-28,610.00,615.00,610.00,615.00,33892718,,
2021-12-29,615.00,619.00,614.00,616.00,24518766,,
2021-12-30,619.00,620.00,615.00,615.00,19681276,,
2022-01-03,619.00,632.00,618.00,631.00,69089158,,
2022-01-04,645.00,656.00,644.00,656.00,79434666,,
2022-01-05,669.00,669.00,646.00,650.00,69593809,,
2022-01-06,638.00,646.00,636.00,644.00,53210211,,
2022-01-07,643.00,646.00,632.00,634.00,38249908,,
2022-01-10,628.00,645.00,627.00,643.00,38289770,,
2022-01-11,646.00,651.00,639.00,651.00,33196585,,
2022-01-12,657.00,660.00,650.00,660.00,38860063,,
2022-01-13,658.00,662.00,655.00,661.00,38137411,,
2022-01-14,673.00,673.00,661.00,672.00,95200777,,
2022-01-17,685.00,688.00,678.00,683.00,59614236,,
2022-01-18,678.00,681.00,662.00,662.00,43593330,,
2022-01-19,652.00,660.00,651.00,654.00,40381333,,
2022-01-20,650.00,657.00,646.00,651.00,46474584,,
2022-01-21,644.00,646.00,637.00,641.00,49577684,,
2022-01-24,639.00,655.00,637.00,653.00,47134502,,
2022-01-25,643.00,645.00,638.00,641.00,52318736,,
2022-01-26,635.00,641.00,635.00,636.00,29957189,,
2022-02-07,644.00,644.00,631.00,635.00,56836469,,
2022-02-08,645.00,645.00,628.00,628.00,39718217,,
2022-02-09,635.00,637.00,630.00,633.00,30048791,,
2022-02-10,639.00,649.00,637.00,649.00,34587133,,
2022-02-11,646.00,650.00,642.00,650.00,26723278,,
2022-02-14,640.00,641.00,635.00,637.00,27826382,,
2022-02-15,633.00,639.00,633.00,633.00,21970460,,
2022-02-16,645.00,646.00,640.00,646.00,25191741,,
2022-02-17,644.00,646.00,641.00,645.00,18135080,,
2022-02-18,638.00,639.00,636.00,637.00,20804191,,
2022-02-21,633.00,636.00,632.00,632.00,23797502,,
2022-02-22,628.00,630.00,625.00,627.00,34086593,,
2022-02-23,624.00,629.00,623.00,625.00,31953054,,
2022-02-24,618.00,619.00,604.00,604.00,73663161,,
2022-02-25,600.00,609.00,600.00,604.00,89012516,,
2022-03-01,599.00,610.00,599.00,604.00,66720867,,
2022-03-02,601.00,605.00,600.00,601.00,40693457,,
2022-03-03,603.00,607.00,601.00,602.00,33792420,,
2022-03-04,595.00,597.00,592.00,595.00,55917115,,
2022-03-07,580.00,581.00,575.00,576.00,86496560,,
2022-03-08,561.00,570.00,561.00,563.00,79029914,,
2022-03-09,567.00,573.00,567.00,568.00,52155415,,
2022-03-10,585.00,589.00,582.00,587.00,45630467,,
2022-03-11,581.00,582.00,574.00,575.00,38943098,,
2022-03-14,574.00,577.00,572.00,572.00,33919577,,
2022-03-15,562.00,563.00,558.00,558.00,74092231,,
2022-03-16,564.00,565.00,555.00,558.00,43438327,2.75,
2022-03-17,578.00,583.00,575.00,582.00,60959900,,
2022-03-18,582.00,582.00,576.00,581.00,46242430,,
2022-03-21,583.00,589.00,583.00,586.00,21400273,,
2022-03-22,577.00,586.00,577.00,583.00,20246949,,
2022-03-23,590.00,590.00,586.00,590.00,25902069,,
2022-03-24,587.00,592.00,585.00,591.00,20060758,,
2022-03-25,597.00,598.00,595.00,598.00,26122381,,
2022-03-28,581.00,586.00,580.00,584.00,26391576,,
2022-03-29,586.00,589.00,584.00,589.00,14892032,,
2022-03-30,599.00,600.00,597.00,600.00,41230239,,
2022-03-31,602.00,602.00,594.00,597.00,22700114,,
2022-04-01,585.00,589.00,584.00,589.00,29732696,,
2022-04-06,578.00,580.00,575.00,578.00,37645873,,
2022-04-07,571.00,573.00,566.00,566.00,42904743,,
2022-04-08,567.00,570.00,566.00,567.00,28024587,,
2022-04-11,563.00,566.00,558.00,558.00,36820094,,
2022-04-12,554.00,564.00,552.00,557.00,30671407,,
2022-04-13,564.00,576.00,563.00,573.00,35865970,,
2022-04-14,577.00,578.00,573.00,573.00,19056590,,
2022-04-15,562.00,566.00,561.00,562.00,28253360,,
2022-04-18,559.00,566.00,558.00,561.00,15800959,,
2022-04-19,566.00,569.00,563.00,565.00,16614705,,
2022-04-20,570.00,570.00,562.00,570.00,27606307,,
2022-04-21,571.00,571.00,565.00,565.00,18383650,,
2022-04-22,558.00,559.00,557.00,558.00,29283846,,
2022-04-25,550.00,552.00,546.00,547.00,43389591,,
2022-04-26,550.00,551.00,544.00,546.00,35825421,,
2022-04-27,530.00,532.00,526.00,526.00,55941533,,
2022-04-28,530.00,532.00,523.00,531.00,45380836,,
2022-04-29,547.00,547.00,535.00,538.00,36664644,,
2022-05-03,538.00,540.00,530.00,531.00,26317509,,
2022-05-04,533.00,537.00,530.00,534.00,16569622,,
2022-05-05,543.00,544.00,539.00,542.00,20374772,,
2022-05-06,528.00,531.00,526.00,528.00,32467268,,
2022-05-09,523.00,524.00,520.00,520.00,23709774,,
2022-05-10,506.00,519.00,505.00,518.00,41679907,,
2022-05-11,518.00,526.00,518.00,521.00,27157254,,
2022-05-12,516.00,518.00,505.00,505.00,32532963,,
2022-05-13,507.00,514.00,506.00,511.00,29074177,,
2022-05-16,521.00,524.00,518.00,520.00,21163106,,
2022-05-17,521.00,533.00,520.00,530.00,24496974,,
2022-05-18,541.00,541.00,534.00,538.00,30568176,,
2022-05-19,523.00,527.00,520.00,522.00,29019751,,
2022-05-20,524.00,532.00,523.00,530.00,22651205,,
2022-05-23,533.00,534.00,528.00,528.00,17054170,,
2022-05-24,530.00,531.00,520.00,520.00,17802308,,
2022-05-25,522.00,529.00,520.00,524.00,22176476,,
2022-05-26,523.00,525.00,513.00,514.00,28327403,,
2022-05-27,524.00,530.00,522.00,530.00,27866643,,
2022-05-30,538.00,547.00,537.00,547.00,34476433,,
2022-05-31,542.00,560.00,540.00,560.00,72405873,,
2022-06-01,550.00,555.00,548.00,549.00,29155176,,
2022-06-02,544.00,545.00,540.00,540.00,21420890,,
2022-06-06,541.00,544.00,538.00,540.00,17615003,,
2022-06-07,535.00,538.00,532.00,535.00,19497532,,
2022-06-08,539.00,545.00,538.00,544.00,18835521,,
2022-06-09,538.00,542.00,537.00,541.00,16338602,,
2022-06-10,530.00,533.00,529.00,530.00,21357130,,
2022-06-13,518.00,519.00,515.00,516.00,32854092,,
2022-06-14,507.00,514.00,507.00,513.00,36304444,,
2022-06-15,508.00,515.00,508.00,509.00,35680283,,
2022-06-16,515.00,516.00,507.00,508.00,26909199,2.75,
2022-06-17,499.50,503.00,499.00,501.00,43566737,,
2022-06-20,500.00,502.00,495.00,498.00,34209693,,
2022-06-21,501.00,505.00,499.00,505.00,33223685,,
2022-06-22,501.00,503.00,494.50,494.50,31034893,,
2022-06-23,492.00,493.50,485.00,485.50,43548940,,
2022-06-24,489.50,492.50,485.50,486.50,27911980,,
2022-06-27,496.00,506.00,495.50,498.50,37909718,,
2022-06-28,496.00,500.00,496.00,497.50,15274062,,
2022-06-29,496.00,498.50,491.00,491.00,30533789,,
2022-06-30,484.50,486.50,476.00,476.00,46311432,,
2022-07-01,471.50,474.00,452.50,453.50,61744377,,
2022-07-04,443.00,451.50,440.00,440.00,52445919,,
2022-07-05,449.50,451.50,433.00,446.00,50084244,,
2022-07-06,442.00,447.50,435.00,435.50,40549763,,
2022-07-07,442.00,459.00,438.50,457.50,48151202,,
2022-07-08,470.00,470.50,461.50,467.00,37897895,,
2022-07-11,468.00,470.50,461.00,462.00,21941710,,
2022-07-12,458.00,458.00,449.50,449.50,23036423,,
2022-07-13,470.50,473.00,466.00,470.50,44035695,,
2022-07-14,466.00,477.50,463.00,475.00,31936258,,
2022-07-15,481.00,494.00,477.00,492.50,51846909,,
2022-07-18,495.50,498.50,488.50,495.50,39179575,,
2022-07-19,487.50,493.00,486.50,491.00,19874865,,
2022-07-20,502.00,503.00,491.50,495.00,35436652,,
2022-07-21,496.00,501.00,494.00,501.00,22285593,,
2022-07-22,505.00,505.00,500.00,503.00,25216400,,
2022-07-25,500.00,503.00,498.00,499.50,15245346,,
2022-07-26,499.50,499.50,491.00,495.00,18024265,,
2022-07-27,494.00,502.00,491.00,502.00,17166365,,
2022-07-28,509.00,509.00,499.00,501.00,33844011,,
2022-07-29,508.00,510.00,504.00,509.00,29045617,,
2022-08-01,506.00,508.00,500.00,504.00,24117969,,
2022-08-02,494.00,496.00,488.50,492.00,39838155,,
2022-08-03,494.00,501.00,493.00,501.00,27603474,,
2022-08-04,499.00,503.00,495.00,500.00,26027618,,
2022-08-05,509.00,516.00,507.00,516.00,32784279,,
2022-08-08,510.00,515.00,509.00,512.00,19333128,,
2022-08-09,507.00,511.00,504.00,510.00,21164373,,
2022-08-10,500.00,503.00,499.50,500.00,20861380,,
2022-08-11,513.00,514.00,510.00,514.00,23740033,,
2022-08-12,515.00,518.00,514.00,517.00,19535923,,
2022-08-15,520.00,524.00,519.00,523.00,21273166,,
2022-08-16,526.00,526.00,523.00,525.00,20720414,,
2022-08-17,524.00,527.00,521.00,527.00,27143102,,
2022-08-18,520.00,521.00,519.00,520.00,17831084,,
2022-08-19,519.00,523.00,517.00,519.00,14022812,,
2022-08-22,511.00,514.00,510.00,512.00,11494000,,
2022-08-23,503.00,506.00,502.00,504.00,19191108,,
2022-08-24,504.00,508.00,503.00,503.00,14363212,,
2022-08-25,505.00,510.00,504.00,508.00,9357138,,
2022-08-26,513.00,515.00,511.00,512.00,12914846,,
2022-08-29,497.00,502.00,496.00,498.50,26590824,,
2022-08-30,497.50,500.00,496.00,496.00,24214535,,
2022-08-31,492.00,505.00,492.00,505.00,39357089,,
2022-09-01,495.00,495.50,490.00,490.50,39168672,,
2022-09-02,488.00,489.50,485.00,485.00,29982959,,
2022-09-05,485.00,488.00,484.00,486.00,15903415,,
2022-09-06,488.50,491.50,486.50,489.00,16700285,,
2022-09-07,477.00,478.00,472.00,472.50,34678562,,
2022-09-08,473.00,475.00,472.00,475.00,27931552,,
2022-09-12,485.00,491.00,485.00,486.50,21597212,,
2022-09-13,495.00,495.00,491.00,493.00,16507036,,
2022-09-14,478.50,482.50,476.00,480.00,22645714,,
2022-09-15,476.00,480.00,476.00,476.50,23104850,2.75,
2022-09-16,470.50,472.00,469.00,472.00,39087513,,
2022-09-19,472.00,473.00,466.50,467.00,17182380,,
2022-09-20,470.50,478.00,470.00,476.50,19842582,,
2022-09-21,473.50,475.50,468.50,471.00,24154633,,
2022-09-22,462.00,468.00,459.00,464.50,29702508,,
2022-09-23,458.50,460.50,455.00,455.00,29757787,,
2022-09-26,443.00,454.00,443.00,446.50,32342267,,
2022-09-27,449.00,451.50,446.00,448.00,24961404,,
2022-09-28,447.00,449.00,438.00,438.00,34402652,,
2022-09-29,443.00,443.50,432.00,435.00,41094780,,
2022-09-30,424.50,427.50,422.00,422.00,48266800,,
2022-10-03,418.50,424.50,416.50,417.00,36044395,,
2022-10-04,429.50,432.00,427.00,429.00,40375000,,
2022-10-05,444.50,451.00,442.00,445.00,46496536,,
2022-10-06,450.50,451.00,447.00,451.00,30331834,,
2022-10-07,448.50,448.50,437.00,438.00,31941781,,
2022-10-11,408.00,412.50,401.00,401.50,95793819,,
2022-10-12,397.00,400.00,395.50,397.50,53570085,,
2022-10-13,400.50,403.00,395.00,395.00,38046284,,
2022-10-14,414.50,416.00,409.00,412.00,54504366,,
2022-10-17,400.00,403.50,396.00,397.00,41512192,,
2022-10-18,406.50,407.00,399.50,407.00,40093216,,
2022-10-19,404.00,405.00,395.50,395.50,46385177,,
2022-10-20,391.00,397.50,386.00,397.50,52938069,,
2022-10-21,395.50,398.50,389.50,389.50,35923505,,
2022-10-24,395.00,397.50,387.00,387.00,46714078,,
2022-10-25,380.00,382.50,371.00,371.00,76416687,,
2022-10-26,370.50,379.00,370.00,376.00,58850484,,
2022-10-27,384.50,389.00,382.50,385.50,45684455,,
2022-10-28,379.50,382.00,375.00,379.50,40184472,,
2022-10-31,386.00,390.00,381.00,390.00,38409054,,
2022-11-01,388.50,393.00,386.00,391.50,41426496,,
2022-11-02,391.00,395.00,388.50,395.00,22535650,,
2022-11-03,385.00,387.00,383.50,384.00,39731333,,
2022-11-04,381.00,384.50,378.50,382.00,28397417,,
2022-11-07,390.00,393.00,387.00,390.00,35387706,,
2022-11-08,395.00,399.50,394.00,399.00,31838223,,
2022-11-09,403.50,417.00,403.50,417.00,52260831,,
2022-11-10,409.00,411.50,406.00,407.50,32044942,,
2022-11-11,441.50,442.00,435.00,441.50,80016195,,
2022-11-14,450.00,450.00,441.50,445.00,61933190,,
2022-11-15,465.00,487.00,462.00,480.00,113379796,,
2022-11-16,491.50,494.00,481.50,487.00,85726375,,
2022-11-17,482.50,485.00,475.00,485.00,45144984,,
2022-11-18,491.50,494.00,486.00,487.00,35859717,,
2022-11-21,487.50,489.50,480.50,482.00,29710180,,
2022-11-22,476.00,491.00,476.00,491.00,37343127,,
2022-11-23,494.50,496.00,488.50,492.00,33475337,,
2022-11-24,494.00,496.00,492.00,496.00,27396552,,
2022-11-25,494.00,498.00,494.00,498.00,39949969,,
2022-11-28,486.00,490.00,480.50,480.50,38926919,,
2022-11-29,473.50,488.00,473.00,487.00,38182197,,
2022-11-30,483.00,490.00,482.50,490.00,57111603,,
2022-12-01,506.00,508.00,498.50,498.50,41746878,,
2022-12-02,490.00,497.00,490.00,492.50,28319679,,
2022-12-05,491.50,497.50,489.00,489.00,28360444,,
2022-12-06,488.00,489.00,478.00,478.00,40561068,,
2022-12-07,477.00,485.50,475.00,475.00,36563503,,
2022-12-08,475.00,475.00,467.00,471.50,27238567,,
2022-12-09,478.00,484.50,476.00,481.50,25915337,,
2022-12-12,476.50,478.00,473.50,475.00,20973334,,
2022-12-13,473.00,476.00,471.00,471.50,33272826,,
2022-12-14,472.00,480.50,472.00,480.50,30636639,,
2022-12-15,476.00,481.50,474.50,480.50,24222008,2.75,
2022-12-16,466.50,471.00,465.50,471.00,47601400,,
2022-12-19,466.50,469.50,465.00,466.50,21075559,,
2022-12-20,465.00,467.00,455.00,457.50,31139235,,
2022-12-21,460.00,463.00,457.00,459.00,36182644,,
2022-12-22,466.50,469.00,464.00,468.00,14047382,,
2022-12-23,457.50,458.50,455.00,455.00,24927413,,
2022-12-26,454.00,457.00,453.50,456.50,8793306,,
2022-12-27,458.00,462.50,457.00,457.00,10264001,,
2022-12-28,451.00,452.00,446.00,451.00,32578949,,
2022-12-29,444.00,449.50,442.50,446.00,23020759,,
2022-12-30,455.00,456.50,448.50,448.50,21683478,,
2023-01-03,446.00,453.50,443.00,453.00,14885824,,
2023-01-04,449.50,455.00,448.50,449.50,19188422,,
2023-01-05,459.00,459.50,455.00,458.50,23549581,,
2023-01-06,455.00,459.50,455.00,458.50,20886011,,
2023-01-09,468.00,481.00,467.50,481.00,46666263,,
2023-01-10,486.00,487.00,483.00,486.00,32646014,,
2023-01-11,487.00,488.00,482.00,484.50,21051115,,
2023-01-12,487.50,488.00,484.00,486.50,20963689,,
2023-01-13,507.00,509.00,499.00,500.00,77606949,,
2023-01-16,506.00,508.00,503.00,505.00,34373918,,
2023-01-17,504.00,504.00,499.50,503.00,27770329,,
2023-01-30,542.00,543.00,534.00,543.00,124428936,,
2023-01-31,537.00,538.00,521.00,522.00,72530854,,
2023-02-01,532.00,533.00,522.00,530.00,33710990,,
2023-02-02,538.00,542.00,537.00,540.00,43077053,,
2023-02-03,540.00,542.00,536.00,542.00,31635865,,
2023-02-06,532.00,533.00,526.00,526.00,30870136,,
2023-02-07,524.00,528.00,522.00,523.00,23481767,,
2023-02-08,538.00,540.00,534.00,540.00,35096191,,
2023-02-09,540.00,540.00,536.00,540.00,18861972,,
2023-02-10,544.00,546.00,541.00,545.00,28495684,,
2023-02-13,544.00,544.00,538.00,541.00,22768977,,
2023-02-14,544.00,546.00,543.00,545.00,21883297,,
2023-02-15,526.00,532.00,522.00,525.00,61796793,,
2023-02-16,528.00,531.00,524.00,528.00,29975138,,
2023-02-17,524.00,524.00,516.00,518.00,28121975,,
2023-02-20,514.00,519.00,511.00,517.00,20065156,,
2023-02-21,515.00,517.00,513.00,516.00,13504100,,
2023-02-22,506.00,509.00,505.00,507.00,24575245,,
2023-02-23,512.00,521.00,510.00,518.00,25376835,,
2023-02-24,524.00,525.00,511.00,511.00,41692491,,
2023-03-01,504.00,522.00,504.00,522.00,39560848,,
2023-03-02,519.00,520.00,515.00,519.00,16558784,,
2023-03-03,524.00,525.00,516.00,516.00,23253895,,
2023-03-06,520.00,524.00,517.00,521.00,21922085,,
2023-03-07,521.00,526.00,519.00,524.00,24861078,,
2023-03-08,521.00,523.00,518.00,521.00,24512408,,
2023-03-09,525.00,526.00,522.00,522.00,21557577,,
2023-03-10,515.00,516.00,511.00,513.00,24045605,,
2023-03-13,513.00,518.00,509.00,516.00,21466947,,
2023-03-14,511.00,514.00,510.00,510.00,20474770,,
2023-03-15,515.00,516.00,510.00,511.00,23208597,,
2023-03-16,505.00,510.00,504.00,505.00,21965994,2.749821,
2023-03-17,516.00,518.00,513.00,518.00,33118483,,
2023-03-20,517.00,518.00,510.00,512.00,11837312,,
2023-03-21,515.00,517.00,512.00,517.00,18284799,,
2023-03-22,524.00,533.00,524.00,533.00,42385987,,
2023-03-23,528.00,539.00,528.00,538.00,26728246,,
2023-03-24,536.00,539.00,535.00,539.00,21926240,,
2023-03-27,533.00,536.00,531.00,531.00,16111177,,
2023-03-28,525.00,530.00,524.00,525.00,17234120,,
2023-03-29,533.00,533.00,525.00,530.00,17280749,,
2023-03-30,536.00,537.00,531.00,535.00,19201564,,
2023-03-31,538.00,538.00,532.00,533.00,23558838,,
2023-04-06,530.00,531.00,526.00,530.00,25423363,,
2023-04-07,535.00,535.00,529.00,531.00,8557482,,
2023-04-10,533.00,533.00,528.00,529.00,7435151,,
2023-04-11,522.00,527.00,522.00,524.00,22675697,,
2023-04-12,523.00,524.00,517.00,520.00,23816473,,
2023-04-13,515.00,517.00,510.00,510.00,25536889,,
2023-04-14,516.00,520.00,513.00,516.00,18072504,,
2023-04-17,519.00,520.00,514.00,520.00,14634287,,
2023-04-18,518.00,520.00,514.00,515.00,15168888,,
2023-04-19,517.00,518.00,509.00,510.00,21123233,,
2023-04-20,512.00,516.00,510.00,513.00,17221961,,
2023-04-21,520.00,520.00,510.00,511.00,25016683,,
2023-04-24,505.00,510.00,504.00,507.00,16886512,,
2023-04-25,504.00,505.00,498.00,498.00,36898412,,
2023-04-26,498.00,498.50,491.00,491.50,31269245,,
2023-04-27,491.00,495.00,489.00,493.50,29537148,,
2023-04-28,498.50,502.00,498.00,502.00,24824100,,
2023-05-02,500.00,502.00,496.50,501.00,15325791,,
2023-05-03,496.00,498.00,495.00,496.00,11369311,,
2023-05-04,497.00,499.50,496.00,498.00,13140291,,
2023-05-05,500.00,502.00,498.50,500.00,7488897,,
2023-05-08,509.00,509.00,502.00,504.00,11243634,,
2023-05-09,507.00,510.00,505.00,510.00,16197743,,
2023-05-10,508.00,508.00,500.00,503.00,18859212,,
2023-05-11,506.00,506.00,498.50,499.00,13382927,,
2023-05-12,496.00,500.00,495.00,496.00,18465362,,
2023-05-15,497.00,499.50,494.50,495.50,13315766,,
2023-05-16,503.00,508.00,500.00,505.00,21140315,,
2023-05-17,508.00,521.00,506.00,519.00,41406763,,
2023-05-18,533.00,536.00,526.00,530.00,43096277,,
2023-05-19,535.00,535.00,529.00,532.00,32099068,,
2023-05-22,532.00,533.00,529.00,531.00,17208135,,
2023-05-23,530.00,531.00,525.00,530.00,19588873,,
2023-05-24,527.00,528.00,524.00,525.00,19086681,,
2023-05-25,542.00,545.00,537.00,543.00,63827245,,
2023-05-26,568.00,568.00,563.00,566.00,95808471,,
2023-05-29,574.00,574.00,564.00,568.00,54657853,,
2023-05-30,566.00,568.00,563.00,566.00,40136130,,
2023-05-31,560.00,562.00,551.00,558.00,81176782,,
2023-06-01,550.00,554.00,550.00,551.00,24477529,,
2023-06-02,559.00,564.00,557.00,562.00,30206141,,
2023-06-05,560.00,560.00,555.00,555.00,16827391,,
2023-06-06,554.00,562.00,553.00,560.00,20228086,,
2023-06-07,561.00,568.00,560.00,568.00,27604813,,
2023-06-08,562.00,568.00,555.00,559.00,23080195,,
2023-06-09,561.00,566.00,561.00,565.00,19091713,,
2023-06-12,574.00,574.00,571.00,574.00,26392389,,
2023-06-13,593.00,594.00,589.00,593.00,56174363,,
2023-06-14,590.00,591.00,587.00,590.00,23583314,,
2023-06-15,590.00,593.00,587.00,591.00,27392154,2.749821,
2023-06-16,590.00,590.00,584.00,589.00,38128802,,
2023-06-19,583.00,585.00,582.00,583.00,14346885,,
2023-06-20,579.00,585.00,579.00,583.00,16221413,,
2023-06-21,582.00,585.00,578.00,581.00,21703937,,
2023-06-26,576.00,578.00,574.00,574.00,27142262,,
2023-06-27,570.00,575.00,569.00,572.00,21501718,,
2023-06-28,579.00,579.00,571.00,574.00,18175426,,
2023-06-29,578.00,580.00,570.00,573.00,16937929,,
2023-06-30,570.00,576.00,568.00,576.00,22654976,,
2023-07-03,578.00,580.00,576.00,579.00,14785585,,
2023-07-04,585.00,585.00,580.00,585.00,17219541,,
2023-07-05,589.00,589.00,579.00,582.00,14913592,,
2023-07-06,573.00,574.00,565.00,565.00,28564891,,
2023-07-07,565.00,572.00,563.00,565.00,18796190,,
2023-07-10,567.00,573.00,565.00,565.00,18454982,,
2023-07-11,574.00,577.00,570.00,577.00,17850636,,
2023-07-12,574.00,578.00,572.00,578.00,15588228,,
2023-07-13,587.00,590.00,585.00,585.00,25442137,,
2023-07-14,589.00,591.00,587.00,591.00,23121873,,
2023-07-17,588.00,591.00,587.00,591.00,13807834,,
2023-07-18,587.00,588.00,580.00,581.00,20932006,,
2023-07-19,584.00,587.00,579.00,581.00,22499123,,
2023-07-20,580.00,584.00,578.00,579.00,15108109,,
2023-07-21,560.00,563.00,557.00,560.00,46711021,,
2023-07-24,557.00,563.00,557.00,558.00,25268835,,
2023-07-25,561.00,569.00,561.00,569.00,19590349,,
2023-07-26,569.00,571.00,563.00,566.00,13314305,,
2023-07-27,570.00,570.00,566.00,569.00,12200358,,
2023-07-28,569.00,573.00,565.00,567.00,18540078,,
2023-07-31,575.00,575.00,560.00,565.00,24208467,,
2023-08-01,565.00,568.00,564.00,567.00,16259643,,
2023-08-02,567.00,569.00,558.00,561.00,25583234,,
2023-08-04,556.00,560.00,552.00,554.00,26279173,,
2023-08-07,558.00,561.00,556.00,558.00,14369551,,
2023-08-08,558.00,558.00,551.00,552.00,19010690,,
2023-08-09,550.00,557.00,550.00,554.00,14389090,,
2023-08-10,552.00,554.00,550.00,551.00,17892615,,
2023-08-11,556.00,558.00,546.00,546.00,17608427,,
2023-08-14,540.00,543.00,537.00,541.00,20939030,,
2023-08-15,543.00,545.00,540.00,542.00,14066307,,
2023-08-16,541.00,543.00,536.00,542.00,28269840,,
2023-08-17,540.00,546.00,537.00,544.00,22843138,,
2023-08-18,540.00,544.00,539.00,539.00,17592345,,
2023-08-21,544.00,544.00,534.00,537.00,16633821,,
2023-08-22,544.00,544.00,538.00,541.00,14594304,,
2023-08-23,546.00,552.00,544.00,552.00,20636332,,
2023-08-24,563.00,564.00,558.00,564.00,23280827,,
2023-08-25,549.00,551.00,546.00,546.00,24144537,,
2023-08-28,547.00,553.00,547.00,549.00,8991985,,
2023-08-29,551.00,553.00,546.00,552.00,10516678,,
2023-08-30,558.00,560.00,554.00,555.00,15117416,,
2023-08-31,553.00,556.00,548.00,549.00,40431378,,
2023-09-01,543.00,553.00,543.00,548.00,13669766,,
2023-09-04,549.00,557.00,549.00,557.00,9531157,,
2023-09-05,553.00,555.00,550.00,552.00,12220686,,
2023-09-06,556.00,556.00,550.00,550.00,14067008,,
2023-09-07,546.00,548.00,542.00,542.00,20717005,,
2023-09-08,535.00,540.00,535.00,539.00,15283568,,
2023-09-11,539.00,540.00,536.00,536.00,14631968,,
2023-09-12,536.00,545.00,536.00,544.00,16028336,,
2023-09-13,545.00,548.00,541.00,541.00,16191392,,
2023-09-14,544.00,550.00,543.00,550.00,17144287,3,
2023-09-15,549.00,558.00,547.00,558.00,42517441,,
2023-09-18,548.00,549.00,540.00,540.00,36684692,,
2023-09-19,539.00,543.00,538.00,538.00,18901683,,
2023-09-20,536.00,538.00,535.00,535.00,24635567,,
2023-09-21,530.00,531.00,526.00,527.00,32012694,,
2023-09-22,523.00,525.00,522.00,522.00,29049309,,
2023-09-25,522.00,529.00,522.00,525.00,17116402,,
2023-09-26,521.00,524.00,519.00,519.00,26392692,,
2023-09-27,517.00,523.00,516.00,522.00,16846401,,
2023-09-28,523.00,525.00,520.00,523.00,19733331,,
2023-10-02,530.00,534.00,528.00,533.00,25427911,,
2023-10-03,528.00,533.00,528.00,529.00,14490129,,
2023-10-04,521.00,523.00,519.00,520.00,28358964,,
2023-10-05,523.00,529.00,523.00,528.00,24945684,,
2023-10-06,530.00,533.00,529.00,532.00,15336587,,
2023-10-11,542.00,544.00,540.00,544.00,46639969,,
2023-10-12,545.00,550.00,544.00,550.00,34161176,,
2023-10-13,550.00,554.00,548.00,553.00,31123496,,
2023-10-16,546.00,547.00,542.00,545.00,19875676,,
2023-10-17,550.00,552.00,548.00,551.00,18364998,,
2023-10-18,549.00,549.00,540.00,540.00,26418940,,
2023-10-19,540.00,548.00,540.00,546.00,22881262,,
2023-10-20,549.00,556.00,546.00,556.00,45984177,,
2023-10-23,552.00,553.00,543.00,544.00,22747367,,
2023-10-24,543.00,546.00,540.00,544.00,15007814,,
2023-10-25,544.00,551.00,544.00,544.00,16526355,,
2023-10-26,530.00,535.00,530.00,531.00,28188348,,
2023-10-27,534.00,536.00,532.00,533.00,15679643,,
2023-10-30,531.00,534.00,528.00,532.00,21404842,,
2023-10-31,535.00,535.00,527.00,529.00,25667058,,
2023-11-01,533.00,533.00,527.00,528.00,13603347,,
2023-11-02,536.00,547.00,535.00,547.00,29401438,,
2023-11-03,547.00,549.00,545.00,549.00,15426176,,
2023-11-06,553.00,556.00,550.00,550.00,29215201,,
2023-11-07,552.00,555.00,550.00,555.00,14777790,,
2023-11-08,550.00,557.00,550.00,556.00,15314834,,
2023-11-09,551.00,557.00,551.00,557.00,13165684,,
2023-11-10,555.00,557.00,554.00,557.00,12994933,,
2023-11-13,579.00,580.00,571.00,571.00,43866014,,
2023-11-14,576.00,576.00,571.00,572.00,21568576,,
2023-11-15,583.00,583.00,575.00,581.00,50305088,,
2023-11-16,581.00,583.00,578.00,583.00,28291435,,
2023-11-17,579.00,583.00,579.00,580.00,22031704,,
2023-11-20,576.00,579.00,575.00,577.00,22010114,,
2023-11-21,582.00,585.00,581.00,585.00,35921706,,
2023-11-22,576.00,579.00,574.00,577.00,21969125,,
2023-11-23,574.00,578.00,574.00,578.00,14486134,,
2023-11-24,577.00,578.00,574.00,575.00,10058969,,
2023-11-27,573.00,577.00,568.00,568.00,18528520,,
2023-11-28,565.00,576.00,565.00,575.00,26343906,,
2023-11-29,578.00,579.00,570.00,574.00,24868842,,
2023-11-30,576.00,577.00,570.00,577.00,47192647,,
2023-12-01,573.00,579.00,573.00,579.00,28051165,,
2023-12-04,582.00,582.00,571.00,574.00,26847171,,
2023-12-05,571.00,572.00,567.00,570.00,22229723,,
2023-12-06,568.00,575.00,568.00,570.00,21518089,,
2023-12-07,570.00,573.00,566.00,566.00,20840397,,
2023-12-08,574.00,577.00,570.00,570.00,33507214,,
2023-12-11,572.00,575.00,570.00,574.00,27378610,,
2023-12-12,580.00,581.00,575.00,578.00,29403010,,
2023-12-13,576.00,579.00,576.00,577.00,22977731,,
2023-12-14,581.00,582.00,579.00,582.00,39409958,3,
2023-12-15,585.00,586.00,580.00,585.00,54323262,,
2023-12-18,579.00,585.00,577.00,585.00,26122277,,
2023-12-19,588.00,588.00,580.00,585.00,28254292,,
2023-12-20,587.00,587.00,583.00,585.00,38121456,,
2023-12-21,577.00,579.00,575.00,577.00,24923414,,
2023-12-22,582.00,582.00,579.00,582.00,18690214,,
2023-12-25,582.00,585.00,580.00,581.00,9548143,,
2023-12-26,583.00,586.00,582.00,586.00,16094308,,
2023-12-27,587.00,592.00,586.00,592.00,33401336,,
2023-12-28,592.00,593.00,589.00,593.00,25514849,,
2023-12-29,589.00,593.00,589.00,593.00,18416318,,
2024-01-02,590.00,593.00,589.00,593.00,26059058,,
2024-01-03,584.00,585.00,576.00,578.00,37106763,,
2024-01-04,580.00,581.00,577.00,580.00,15309129,,
2024-01-05,578.00,580.00,574.00,576.00,18158971,,
2024-01-08,582.00,585.00,579.00,583.00,17761275,,
2024-01-09,588.00,589.00,583.00,586.00,22501510,,
2024-01-10,581.00,586.00,580.00,584.00,13037716,,
2024-01-11,586.00,589.00,583.00,586.00,23997409,,
2024-01-12,581.00,588.00,581.00,584.00,16496053,,
2024-01-15,590.00,590.00,585.00,586.00,21143076,,
2024-01-16,581.00,588.00,579.00,580.00,27223860,,
2024-01-17,583.00,584.00,578.00,581.00,42592335,,
2024-01-18,586.00,589.00,585.00,588.00,27209996,,
2024-01-19,625.00,627.00,614.00,626.00,161106401,,
2024-01-22,633.00,633.00,623.00,626.00,65168775,,
2024-01-23,629.00,629.00,622.00,628.00,41072439,,
2024-01-24,628.00,630.00,624.00,627.00,26635005,,
2024-01-25,635.00,642.00,633.00,642.00,52243347,,
2024-01-26,644.00,646.00,639.00,644.00,41153025,,
2024-01-29,646.00,648.00,644.00,648.00,27825490,,
2024-01-30,642.00,647.00,642.00,642.00,36161825,,
2024-01-31,634.00,637.00,626.00,628.00,41277950,,
2024-02-01,625.00,628.00,619.00,628.00,44946369,,
2024-02-02,633.00,635.00,628.00,635.00,26334815,,
2024-02-05,645.00,647.00,638.00,646.00,44017740,,
2024-02-15,709.00,709.00,693.00,697.00,112945296,,
2024-02-16,697.00,699.00,683.00,683.00,44232811,,
2024-02-19,674.00,682.00,674.00,678.00,34408673,,
2024-02-20,675.00,688.00,675.00,687.00,30166461,,
2024-02-21,678.00,683.00,678.00,681.00,30564485,,
2024-02-22,695.00,695.00,685.00,692.00,33145643,,
2024-02-23,701.00,703.00,696.00,697.00,46448923,,
2024-02-26,700.00,700.00,695.00,698.00,28798079,,
2024-02-27,700.00,701.00,691.00,698.00,33006829,,
2024-02-29,691.00,698.00,688.00,690.00,54368302,,
2024-03-01,697.00,697.00,688.00,689.00,23390635,,
2024-03-04,714.00,725.00,711.00,725.00,88861397,,
2024-03-05,735.00,738.00,728.00,730.00,64403889,,
2024-03-06,718.00,738.00,717.00,735.00,43687122,,
2024-03-07,755.00,769.00,754.00,760.00,71817344,,
2024-03-08,795.00,796.00,772.00,784.00,87139744,,
2024-03-11,768.00,778.00,761.00,766.00,64759810,,
2024-03-12,757.00,771.00,754.00,770.00,58110339,,
2024-03-13,785.00,785.00,777.00,779.00,36754557,,
2024-03-14,779.00,785.00,770.00,784.00,42010806,,
2024-03-15,771.00,777.00,753.00,753.00,73316437,,
2024-03-18,754.00,765.00,754.00,764.00,43589856,3.49979,
2024-03-19,758.00,765.00,755.00,762.00,30152375,,
2024-03-20,764.00,769.00,752.00,758.00,41280325,,
2024-03-21,773.00,784.00,772.00,784.00,46026103,,
2024-03-22,788.00,789.00,775.00,785.00,30660820,,
2024-03-25,783.00,788.00,779.00,780.00,19877101,,
2024-03-26,788.00,792.00,776.00,782.00,40990702,,
2024-03-27,785.00,785.00,779.00,779.00,18794479,,
2024-03-28,774.00,776.00,768.00,769.00,27190918,,
2024-03-29,769.00,777.00,768.00,776.00,9802000,,
2024-04-01,783.00,783.00,769.00,770.00,21041261,,
2024-04-02,784.00,790.00,783.00,790.00,37974481,,
2024-04-03,783.00,785.00,778.00,780.00,30890544,,
2024-04-08,789.00,792.00,783.00,783.00,32202226,,
2024-04-09,795.00,820.00,792.00,819.00,56857731,,
2024-04-10,815.00,819.00,810.00,815.00,27480849,,
2024-04-11,811.00,820.00,811.00,820.00,25200651,,
2024-04-12,823.00,826.00,817.00,818.00,31508936,,
2024-04-15,804.00,812.00,803.00,806.00,38913470,,
2024-04-16,802.00,803.00,785.00,788.00,49508969,,
2024-04-17,798.00,808.00,793.00,804.00,34472074,,
2024-04-18,796.00,810.00,792.00,804.00,43598591,,
2024-04-19,769.00,770.00,746.00,750.00,130968654,,
2024-04-22,740.00,757.00,740.00,742.00,46540798,,
2024-04-23,761.00,761.00,752.00,754.00,30423647,,
2024-04-24,770.00,785.00,769.00,783.00,39457128,,
2024-04-25,770.00,774.00,765.00,766.00,28534926,,
2024-04-26,788.00,789.00,782.00,782.00,32571247,,
2024-04-29,790.00,795.00,787.00,795.00,26765837,,
2024-04-30,797.00,802.00,790.00,790.00,39051972,,
2024-05-02,789.00,789.00,772.00,772.00,40527228,,
2024-05-03,788.00,788.00,773.00,780.00,29901556,,
2024-05-06,791.00,793.00,786.00,786.00,32599878,,
2024-05-07,797.00,800.00,792.00,800.00,33890214,,
2024-05-08,794.00,802.00,792.00,802.00,21757193,,
2024-05-09,798.00,802.00,796.00,796.00,21923999,,
2024-05-10,803.00,807.00,798.00,802.00,25101318,,
2024-05-13,823.00,825.00,818.00,819.00,34812619,,
2024-05-14,816.00,825.00,811.00,825.00,28691846,,
2024-05-15,838.00,844.00,837.00,839.00,39467772,,
2024-05-16,852.00,856.00,837.00,841.00,43927195,,
2024-05-17,848.00,848.00,834.00,835.00,26207289,,
2024-05-20,834.00,838.00,822.00,835.00,28808661,,
2024-05-21,830.00,841.00,830.00,841.00,19705349,,
2024-05-22,845.00,865.00,843.00,864.00,36628342,,
2024-05-23,875.00,877.00,867.00,875.00,37266618,,
2024-05-24,858.00,872.00,858.00,867.00,34136382,,
2024-05-27,872.00,878.00,866.00,869.00,26726954,,
2024-05-28,867.00,873.00,865.00,865.00,25329216,,
2024-05-29,861.00,868.00,856.00,857.00,33436835,,
2024-05-30,841.00,848.00,838.00,838.00,38065102,,
2024-05-31,838.00,846.00,821.00,821.00,77438401,,
2024-06-03,839.00,853.00,837.00,846.00,28345488,,
2024-06-04,844.00,851.00,837.00,839.00,28223635,,
2024-06-05,841.00,857.00,835.00,854.00,31975446,,
2024-06-06,893.00,899.00,885.00,894.00,62925136,,
2024-06-07,885.00,888.00,879.00,879.00,41075399,,
2024-06-11,892.00,895.00,883.00,883.00,48228488,,
2024-06-12,888.00,914.00,888.00,909.00,48106925,,
2024-06-13,923.00,935.00,911.00,919.00,55857091,3.49979,
2024-06-14,916.00,922.00,905.00,922.00,38408123,,
2024-06-17,913.00,925.00,913.00,921.00,26292426,,
2024-06-18,944.00,950.00,940.00,943.00,37876013,,
2024-06-19,953.00,984.00,953.00,981.00,72228052,,
2024-06-20,971.00,981.00,971.00,981.00,48225374,,
2024-06-21,961.00,978.00,960.00,970.00,88376132,,
2024-06-24,958.00,960.00,940.00,940.00,66391994,,
2024-06-25,925.00,945.00,923.00,945.00,57368432,,
2024-06-26,951.00,960.00,951.00,960.00,44967166,,
2024-06-27,951.00,961.00,949.00,960.00,39729446,,
2024-06-28,956.00,971.00,955.00,966.00,39138210,,
2024-07-01,968.00,977.00,965.00,968.00,19935737,,
2024-07-02,967.00,971.00,959.00,960.00,25427569,,
2024-07-03,976.00,979.00,967.00,979.00,24070411,,
2024-07-04,1000.00,1010.00,997.00,1005.00,41893299,,
2024-07-05,1005.00,1010.00,1000.00,1005.00,19998094,,
2024-07-08,1005.00,1050.00,1000.00,1035.00,40146763,,
2024-07-09,1030.00,1055.00,1025.00,1040.00,46373121,,
2024-07-10,1020.00,1050.00,1015.00,1045.00,46206302,,
2024-07-11,1065.00,1080.00,1055.00,1080.00,41724336,,
2024-07-12,1030.00,1045.00,1025.00,1040.00,68983062,,
2024-07-15,1040.00,1045.00,1025.00,1040.00,38393309,,
2024-07-16,1040.00,1070.00,1035.00,1055.00,32125609,,
2024-07-17,1035.00,1045.00,1020.00,1030.00,54022399,,
2024-07-18,988.00,1005.00,986.00,1005.00,81990095,,
2024-07-19,988.00,995.00,970.00,970.00,92507621,,
2024-07-22,964.00,965.00,938.00,939.00,83062356,,
2024-07-23,963.00,979.00,956.00,979.00,47213266,,
2024-07-26,915.00,930.00,915.00,924.00,82081735,,
2024-07-29,942.00,948.00,936.00,944.00,40809258,,
2024-07-30,930.00,949.00,926.00,940.00,41761392,,
2024-07-31,929.00,940.00,928.00,934.00,39894991,,
2024-08-01,969.00,969.00,948.00,960.00,47382270,,
2024-08-02,918.00,928.00,903.00,903.00,76144485,,
2024-08-05,852.00,857.00,813.00,815.00,144057989,,
2024-08-06,868.00,895.00,840.00,880.00,102930842,,
2024-08-07,901.00,920.00,893.00,920.00,59158704,,
2024-08-08,901.00,905.00,887.00,896.00,38236391,,
2024-08-09,927.00,934.00,922.00,934.00,49494621,,
2024-08-12,942.00,948.00,931.00,940.00,38331663,,
2024-08-13,945.00,945.00,937.00,941.00,25764381,,
2024-08-14,951.00,955.00,945.00,948.00,36780856,,
2024-08-15,945.00,950.00,941.00,943.00,19476402,,
2024-08-16,963.00,969.00,958.00,969.00,44062316,,
2024-08-19,969.00,975.00,964.00,973.00,21348863,,
2024-08-20,977.00,977.00,968.00,973.00,24039959,,
2024-08-21,961.00,964.00,956.00,958.00,29758188,,
2024-08-22,958.00,964.00,948.00,951.00,24349754,,
2024-08-23,944.00,952.00,939.00,949.00,27592153,,
2024-08-26,957.00,961.00,945.00,950.00,25057581,,
2024-08-27,945.00,946.00,940.00,942.00,18693037,,
2024-08-28,945.00,964.00,943.00,964.00,31059233,,
2024-08-29,942.00,947.00,937.00,943.00,43530708,,
2024-08-30,944.00,952.00,941.00,944.00,63834981,,
2024-09-02,950.00,955.00,943.00,948.00,18646835,,
2024-09-03,948.00,952.00,939.00,940.00,19547575,,
2024-09-04,894.00,905.00,888.00,889.00,79709021,,
2024-09-05,907.00,915.00,900.00,902.00,30512026,,
2024-09-06,909.00,918.00,903.00,918.00,24458336,,
2024-09-09,892.00,900.00,891.00,899.00,35885268,,
2024-09-10,907.00,911.00,901.00,904.00,33498628,,
2024-09-11,906.00,906.00,900.00,901.00,18029342,,
2024-09-12,936.00,944.00,928.00,940.00,39454846,4.000138,
2024-09-13,955.00,955.00,939.00,947.00,25347586,,
2024-09-16,952.00,952.00,943.00,947.00,13626239,,
2024-09-18,945.00,948.00,933.00,941.00,28424324,,
2024-09-19,940.00,960.00,936.00,960.00,32739630,,
2024-09-20,981.00,982.00,971.00,973.00,60133709,,
2024-09-23,971.00,977.00,971.00,977.00,14497067,,
2024-09-24,976.00,987.00,971.00,987.00,26785975,,
2024-09-25,1000.00,1005.00,998.00,1005.00,39405222,,
2024-09-26,1010.00,1015.00,1005.00,1015.00,38321585,,
2024-09-27,1020.00,1025.00,1000.00,1000.00,35783779,,
2024-09-30,978.00,990.00,957.00,957.00,61603217,,
2024-10-01,967.00,977.00,967.00,972.00,26760355,,
2024-10-04,986.00,986.00,967.00,977.00,40934818,,
2024-10-07,993.00,1010.00,989.00,1005.00,39667071,,
2024-10-08,1000.00,1010.00,997.00,1010.00,30845902,,
2024-10-09,1030.00,1035.00,1020.00,1020.00,46975717,,
2024-10-11,1025.00,1050.00,1020.00,1045.00,43058754,,
2024-10-14,1045.00,1055.00,1035.00,1045.00,36858874,,
2024-10-15,1050.00,1075.00,1050.00,1070.00,42850176,,
2024-10-16,1040.00,1070.00,1035.00,1045.00,52652149,,
2024-10-17,1050.00,1055.00,1030.00,1035.00,54173771,,
2024-10-18,1095.00,1100.00,1075.00,1085.00,85011961,,
2024-10-21,1090.00,1095.00,1080.00,1085.00,36491060,,
2024-10-22,1065.00,1075.00,1060.00,1075.00,41197877,,
2024-10-23,1060.00,1070.00,1055.00,1060.00,31423466,,
2024-10-24,1070.00,1075.00,1055.00,1060.00,38236996,,
2024-10-25,1065.00,1070.00,1060.00,1065.00,22009575,,
2024-10-28,1075.00,1080.00,1050.00,1050.00,40142324,,
2024-10-29,1035.00,1040.00,1020.00,1040.00,45415773,,
2024-10-30,1040.00,1055.00,1030.00,1030.00,38201984,,
2024-11-01,996.00,1030.00,996.00,1025.00,54480255,,
2024-11-04,1030.00,1045.00,1025.00,1040.00,26747978,,
2024-11-05,1030.00,1055.00,1030.00,1050.00,32385622,,
2024-11-06,1050.00,1080.00,1040.00,1060.00,55349259,,
2024-11-07,1050.00,1075.00,1050.00,1065.00,43975446,,
2024-11-08,1085.00,1090.00,1080.00,1090.00,37099479,,
2024-11-11,1080.00,1090.00,1070.00,1085.00,34690205,,
2024-11-12,1060.00,1065.00,1050.00,1050.00,51099848,,
2024-11-13,1045.00,1050.00,1035.00,1035.00,42331232,,
2024-11-14,1030.00,1040.00,1025.00,1035.00,44627940,,
2024-11-15,1040.00,1045.00,1030.00,1035.00,34791611,,
2024-11-18,1030.00,1035.00,1020.00,1025.00,31815076,,
2024-11-19,1030.00,1045.00,1025.00,1040.00,24349599,,
2024-11-20,1025.00,1025.00,1025.00,1025.00,40203197,,
2024-11-21,1020.00,1025.00,1010.00,1010.00,41429227,,
2024-11-22,1035.00,1050.00,1035.00,1040.00,25187973,,
2024-11-25,1045.00,1050.00,1030.00,1030.00,49566674,,
2024-11-26,1015.00,1020.00,1010.00,1010.00,27312402,,
2024-11-27,1010.00,1020.00,1000.00,1000.00,31276090,,
2024-11-28,1005.00,1005.00,992.00,1005.00,33689956,,
2024-11-29,995.00,1010.00,994.00,996.00,40094983,,
2024-12-02,1020.00,1040.00,1015.00,1035.00,31168404,,
2024-12-03,1060.00,1065.00,1055.00,1055.00,43414538,,
2024-12-04,1065.00,1070.00,1055.00,1070.00,33466290,,
2024-12-05,1070.00,1080.00,1070.00,1075.00,31425359,,
2024-12-06,1075.00,1080.00,1060.00,1065.00,30765288,,
2024-12-09,1070.00,1075.00,1065.00,1075.00,22247131,,
2024-12-10,1070.00,1075.00,1060.00,1065.00,28506584,,
2024-12-11,1045.00,1060.00,1045.00,1045.00,25264194,,
2024-12-12,1060.00,1065.00,1055.00,1060.00,22791260,3.999637,
2024-12-13,1060.00,1070.00,1055.00,1065.00,20423659,,
2024-12-16,1085.00,1085.00,1075.00,1085.00,39722392,,
2024-12-17,1090.00,1095.00,1075.00,1075.00,37880707,,
2024-12-18,1075.00,1090.00,1070.00,1085.00,41863190,,
2024-12-19,1065.00,1070.00,1055.00,1070.00,42702851,,
2024-12-20,1060.00,1060.00,1035.00,1035.00,52030520,,
2024-12-23,1065.00,1080.00,1060.00,1080.00,30728473,,
2024-12-24,1095.00,1095.00,1080.00,1080.00,26461906,,
2024-12-25,1090.00,1090.00,1080.00,1085.00,15481622,,
2024-12-26,1085.00,1090.00,1085.00,1085.00,14374900,,
2024-12-27,1080.00,1095.00,1080.00,1090.00,24948385,,
2024-12-30,1090.00,1095.00,1085.00,1090.00,23954634,,
2024-12-31,1080.00,1085.00,1075.00,1075.00,28397820,,
2025-01-02,1070.00,1075.00,1055.00,1065.00,43177098,,
2025-01-03,1080.00,1085.00,1075.00,1075.00,30415096,,
2025-01-06,1100.00,1125.00,1095.00,1125.00,69289786,,
2025-01-07,1150.00,1160.00,1130.00,1130.00,48758688,,
2025-01-08,1110.00,1130.00,1105.00,1105.00,45211419,,
2025-01-09,1100.00,1115.00,1100.00,1100.00,27263215,,
2025-01-10,1100.00,1110.00,1100.00,1100.00,22021522,,
2025-01-13,1110.00,1115.00,1070.00,1075.00,56690300,,
2025-01-14,1085.00,1090.00,1075.00,1090.00,28695247,,
2025-01-15,1085.00,1085.00,1065.00,1065.00,35489482,,
2025-01-16,1095.00,1115.00,1090.00,1105.00,47542962,,
2025-01-17,1125.00,1125.00,1095.00,1120.00,59214050,,
2025-01-20,1125.00,1135.00,1120.00,1120.00,29834528,,
2025-01-21,1115.00,1125.00,1110.00,1120.00,21904213,,
2025-01-22,1140.00,1150.00,1135.00,1135.00,42960405,,
2025-02-03,1065.00,1075.00,1060.00,1070.00,97946226,,
2025-02-04,1085.00,1100.00,1080.00,1095.00,53308108,,
2025-02-05,1110.00,1120.00,1105.00,1110.00,40385340,,
2025-02-06,1120.00,1120.00,1105.00,1115.00,29971252,,
2025-02-07,1110.00,1125.00,1105.00,1125.00,27883220,,
2025-02-10,1125.00,1125.00,1095.00,1105.00,28527108,,
2025-02-11,1110.00,1115.00,1100.00,1110.00,18898928,,
2025-02-12,1110.00,1115.00,1100.00,1100.00,24172954,,
2025-02-13,1090.00,1095.00,1080.00,1090.00,33210403,,
2025-02-14,1065.00,1070.00,1060.00,1060.00,64486940,,
2025-02-17,1065.00,1085.00,1065.00,1085.00,35491271,,
2025-02-18,1085.00,1100.00,1080.00,1100.00,21616188,,
2025-02-19,1090.00,1095.00,1085.00,1090.00,26400293,,
2025-02-20,1080.00,1085.00,1070.00,1080.00,29643124,,
2025-02-21,1085.00,1095.00,1080.00,1095.00,28972910,,
2025-02-24,1080.00,1085.00,1075.00,1075.00,30822970,,
2025-02-25,1055.00,1060.00,1050.00,1055.00,45158522,,
2025-02-26,1045.00,1060.00,1045.00,1060.00,36768449,,
2025-02-27,1065.00,1065.00,1040.00,1040.00,55283596,,
2025-03-03,1000.00,1020.00,1000.00,1020.00,65621663,,
2025-03-04,996.00,1010.00,996.00,1000.00,64569262,,
2025-03-05,1020.00,1030.00,1015.00,1020.00,41994320,,
2025-03-06,1020.00,1025.00,1005.00,1005.00,45187017,,
2025-03-07,1005.00,1010.00,1000.00,1005.00,40822280,,
2025-03-10,1005.00,1005.00,992.00,998.00,46849886,,
2025-03-11,969.00,979.00,963.00,971.00,50204233,,
2025-03-12,980.00,995.00,976.00,988.00,34184887,,
2025-03-13,1000.00,1005.00,965.00,965.00,37035693,,
2025-03-14,965.00,969.00,955.00,959.00,34333748,,
2025-03-17,977.00,985.00,968.00,970.00,31491061,,
2025-03-18,976.00,978.00,968.00,971.00,21575327,4.50002,
2025-03-19,965.00,967.00,950.00,952.00,35245036,,
2025-03-20,978.00,985.00,971.00,985.00,28715956,,
2025-03-21,985.00,987.00,970.00,972.00,39214916,,
2025-03-24,986.00,987.00,972.00,972.00,16121506,,
2025-03-25,989.00,995.00,985.00,990.00,26167428,,
2025-03-26,995.00,995.00,980.00,980.00,21735917,,
2025-03-27,961.00,964.00,958.00,958.00,34563256,,
2025-03-28,946.00,955.00,946.00,952.00,33101234,,
2025-03-31,920.00,924.00,910.00,910.00,51064611,,
2025-04-01,929.00,946.00,925.00,944.00,32197752,,
2025-04-02,949.00,952.00,938.00,942.00,24849656,,
2025-04-07,848.00,848.00,848.00,848.00,23820773,,
2025-04-08,797.00,843.00,797.00,816.00,116648736,,
2025-04-09,809.00,826.00,780.00,785.00,107582838,,
2025-04-10,863.00,863.00,863.00,863.00,19416428,,
2025-04-11,848.00,889.00,836.00,889.00,76103586,,
2025-04-14,895.00,903.00,865.00,865.00,66326054,,
2025-04-15,874.00,879.00,865.00,877.00,30562095,,
2025-04-16,867.00,869.00,852.00,855.00,42128082,,
2025-04-17,849.00,856.00,842.00,847.00,33684502,,
2025-04-18,853.00,858.00,850.00,850.00,20101219,,
2025-04-21,844.00,847.00,832.00,835.00,18415705,,
2025-04-22,826.00,829.00,816.00,816.00,28888527,,
2025-04-23,853.00,873.00,848.00,873.00,37863656,,
2025-04-24,886.00,886.00,859.00,864.00,32238198,,
2025-04-25,900.00,901.00,886.00,888.00,34640282,,
2025-04-28,898.00,898.00,893.00,897.00,21830091,,
2025-04-29,897.00,902.00,893.00,902.00,24362874,,
2025-04-30,901.00,908.00,899.00,908.00,35405654,,
2025-05-02,938.00,950.00,932.00,950.00,43873135,,
2025-05-05,956.00,957.00,923.00,938.00,52770209,,
2025-05-06,916.00,930.00,916.00,920.00,37538894,,
2025-05-07,925.00,932.00,911.00,928.00,36907620,,
2025-05-08,933.00,939.00,918.00,918.00,27985917,,
2025-05-09,938.00,949.00,934.00,949.00,36383573,,
2025-05-12,954.00,962.00,952.00,957.00,23402547,,
2025-05-13,990.00,990.00,969.00,969.00,38047856,,
2025-05-14,990.00,999.00,988.00,999.00,40475123,,
2025-05-15,1000.00,1000.00,993.00,993.00,24662270,,
2025-05-16,991.00,998.00,989.00,998.00,16878650,,
2025-05-19,993.00,994.00,980.00,984.00,19906139,,
2025-05-20,991.00,994.00,978.00,978.00,20897857,,
2025-05-21,986.00,999.00,983.00,990.00,26248757,,
2025-05-22,988.00,988.00,979.00,982.00,18747545,,
2025-05-23,993.00,993.00,975.00,984.00,22213030,,
2025-05-26,975.00,984.00,975.00,976.00,19329052,,
2025-05-27,971.00,975.00,961.00,965.00,26355315,,
2025-05-28,984.00,985.00,967.00,967.00,26471533,,
2025-05-29,986.00,986.00,967.00,967.00,48602590,,
2025-06-02,958.00,961.00,946.00,946.00,33676511,,
2025-06-03,960.00,965.00,950.00,950.00,26020787,,
2025-06-04,974.00,990.00,970.00,990.00,37233567,,
2025-06-05,1000.00,1000.00,991.00,998.00,24414444,,
2025-06-06,997.00,997.00,991.00,995.00,13670307,,
2025-06-09,1005.00,1010.00,1000.00,1005.00,21674308,,
2025-06-10,1025.00,1050.00,1020.00,1045.00,44877640,,
2025-06-11,1065.00,1070.00,1055.00,1065.00,37178498,,
2025-06-12,1055.00,1060.00,1045.00,1045.00,25221606,4.50002,
2025-06-13,1040.00,1040.00,1025.00,1030.00,28393455,,
2025-06-16,1030.00,1030.00,1015.00,1025.00,28580673,,
2025-06-17,1040.00,1050.00,1035.00,1045.00,26517379,,
2025-06-18,1040.00,1055.00,1030.00,1055.00,37931721,,
2025-06-19,1045.00,1045.00,1030.00,1035.00,24002557,,
2025-06-20,1030.00,1055.00,1025.00,1055.00,57831332,,
2025-06-23,1025.00,1030.00,1015.00,1020.00,32143872,,
2025-06-24,1045.00,1050.00,1040.00,1050.00,28163537,,
2025-06-25,1060.00,1070.00,1055.00,1070.00,38783736,,
2025-06-26,1075.00,1080.00,1065.00,1075.00,36056692,,
2025-06-27,1070.00,1080.00,1060.00,1080.00,32549027,,
2025-06-30,1075.00,1080.00,1060.00,1060.00,32413717,,
2025-07-01,1080.00,1095.00,1075.00,1085.00,44299887,,
2025-07-02,1075.00,1085.00,1070.00,1085.00,23822731,,
2025-07-03,1105.00,1105.00,1090.00,1090.00,36973556,,
2025-07-04,1095.00,1100.00,1080.00,1085.00,20363322,,
2025-07-07,1080.00,1085.00,1070.00,1080.00,18829372,,
2025-07-08,1070.00,1080.00,1065.00,1080.00,27461252,,
2025-07-09,1070.00,1090.00,1065.00,1090.00,23618216,,
2025-07-10,1095.00,1100.00,1090.00,1100.00,22350503,,
2025-07-11,1095.00,1100.00,1090.00,1100.00,28249780,,
2025-07-14,1100.00,1100.00,1085.00,1095.00,25760632,,
2025-07-15,1095.00,1115.00,1090.00,1110.00,45416390,,
2025-07-16,1120.00,1130.00,1120.00,1130.00,31013743,,
2025-07-17,1130.00,1135.00,1115.00,1130.00,30648595,,
2025-07-18,1155.00,1160.00,1145.00,1155.00,46645034,,
2025-07-21,1145.00,1150.00,1135.00,1150.00,26749324,,
2025-07-22,1145.00,1160.00,1130.00,1130.00,50457506,,
2025-07-23,1140.00,1145.00,1135.00,1145.00,29747757,,
2025-07-24,1150.00,1155.00,1145.00,1145.00,15055463,,
2025-07-25,1150.00,1155.00,1140.00,1145.00,22476546,,
2025-07-28,1155.00,1160.00,1145.00,1145.00,20606376,,
2025-07-29,1145.00,1145.00,1125.00,1135.00,31763255,,
2025-07-30,1150.00,1160.00,1145.00,1155.00,34182363,,
2025-07-31,1160.00,1165.00,1155.00,1160.00,33230751,,
2025-08-04,1130.00,1135.00,1125.00,1135.00,23939021,,
2025-08-05,1145.00,1150.00,1140.00,1150.00,17012960,,
2025-08-06,1130.00,1135.00,1125.00,1125.00,22023406,,
2025-08-07,1160.00,1180.00,1155.00,1180.00,61370031,,
2025-08-08,1180.00,1185.00,1170.00,1175.00,25958258,,
2025-08-11,1170.00,1195.00,1165.00,1180.00,35579367,,
2025-08-12,1180.00,1190.00,1170.00,1180.00,28917167,,
2025-08-13,1185.00,1200.00,1185.00,1200.00,37809952,,
2025-08-14,1185.00,1190.00,1175.00,1175.00,32991791,,
2025-08-15,1175.00,1185.00,1170.00,1180.00,22231552,,
2025-08-18,1170.00,1185.00,1170.00,1180.00,18219895,,
2025-08-19,1180.00,1185.00,1175.00,1185.00,17867547,,
2025-08-20,1165.00,1165.00,1135.00,1135.00,66982023,,
2025-08-21,1140.00,1155.00,1140.00,1150.00,23424804,,
2025-08-22,1155.00,1155.00,1135.00,1135.00,19205763,,
2025-08-25,1165.00,1180.00,1160.00,1170.00,25103514,,
2025-08-26,1165.00,1185.00,1160.00,1175.00,35508897,,
2025-08-27,1190.00,1190.00,1180.00,1190.00,21952558,,
2025-08-28,1185.00,1185.00,1160.00,1160.00,19975237,,
2025-08-29,1180.00,1185.00,1160.00,1160.00,19522740,,
2025-09-01,1150.00,1165.00,1145.00,1165.00,22018940,,
2025-09-02,1170.00,1175.00,1155.00,1160.00,14037411,,
2025-09-03,1155.00,1160.00,1145.00,1160.00,19511981,,
2025-09-04,1170.00,1175.00,1160.00,1160.00,24333323,,
2025-09-05,1175.00,1180.00,1170.00,1180.00,27133819,,
2025-09-08,1195.00,1195.00,1180.00,1180.00,27281959,,
2025-09-09,1195.00,1200.00,1190.00,1200.00,31329096,,
2025-09-10,1220.00,1230.00,1215.00,1225.00,39665156,,
2025-09-11,1255.00,1260.00,1235.00,1240.00,30345708,,
2025-09-12,1255.00,1260.00,1250.00,1260.00,26492972,,
2025-09-15,1260.00,1260.00,1250.00,1255.00,24589707,,
2025-09-16,1265.00,1285.00,1260.00,1280.00,40130070,5.000018,
2025-09-17,1270.00,1275.00,1265.00,1265.00,29283972,,
2025-09-18,1275.00,1285.00,1265.00,1285.00,24191307,,
2025-09-19,1285.00,1290.00,1265.00,1265.00,44913316,,
2025-09-22,1270.00,1295.00,1270.00,1295.00,28859955,,
2025-09-23,1320.00,1340.00,1315.00,1340.00,33953781,,
2025-09-24,1350.00,1355.00,1325.00,1340.00,44737182,,
2025-09-25,1320.00,1330.00,1320.00,1320.00,25861812,,
2025-09-26,1310.00,1315.00,1295.00,1300.00,25793295,,
2025-09-30,1310.00,1320.00,1305.00,1305.00,36642789,,
2025-10-01,1325.00,1350.00,1325.00,1325.00,33837323,,
2025-10-02,1360.00,1370.00,1355.00,1365.00,29593487,,
2025-10-03,1365.00,1400.00,1365.00,1400.00,31032341,,
2025-10-07,1420.00,1445.00,1420.00,1435.00,38395572,,
2025-10-08,1410.00,1420.00,1405.00,1415.00,23064494,,
2025-10-09,1440.00,1455.00,1430.00,1440.00,39052134,,
2025-10-13,1390.00,1420.00,1390.00,1415.00,53850992,,
2025-10-14,1455.00,1460.00,1420.00,1425.00,39889256,,
2025-10-15,1435.00,1465.00,1425.00,1465.00,41056405,,
2025-10-16,1465.00,1495.00,1465.00,1485.00,37737678,,
2025-10-17,1455.00,1465.00,1450.00,1450.00,38077331,,
2025-10-20,1460.00,1495.00,1455.00,1480.00,33015553,,
2025-10-21,1485.00,1500.00,1480.00,1480.00,34601251,,
2025-10-22,1460.00,1470.00,1455.00,1460.00,27360948,,
2025-10-23,1440.00,1455.00,1435.00,1450.00,23570046,,
2025-10-27,1500.00,1500.00,1480.00,1480.00,32851952,,
2025-10-28,1480.00,1490.00,1470.00,1475.00,28381919,,
2025-10-29,1495.00,1515.00,1490.00,1505.00,30631103,,
2025-10-30,1515.00,1520.00,1500.00,1505.00,27867757,,
2025-10-31,1515.00,1525.00,1500.00,1500.00,31928423,,
2025-11-03,1510.00,1520.00,1490.00,1510.00,29118770,,
2025-11-04,1520.00,1525.00,1495.00,1505.00,33925673,,
2025-11-05,1480.00,1485.00,1455.00,1460.00,56305422,,
2025-11-06,1470.00,1480.00,1465.00,1465.00,27411394,,
2025-11-07,1460.00,1465.00,1455.00,1460.00,20329390,,
2025-11-10,1470.00,1485.00,1465.00,1475.00,25281744,,
2025-11-11,1490.00,1495.00,1465.00,1465.00,22444166,,
2025-11-12,1470.00,1485.00,1460.00,1475.00,23642502,,
2025-11-13,1460.00,1470.00,1460.00,1460.00,21255597,,
2025-11-14,1425.00,1440.00,1425.00,1430.00,26861702,,
2025-11-17,1450.00,1460.00,1445.00,1445.00,26602730,,
2025-11-18,1435.00,1435.00,1405.00,1405.00,42198432,,
2025-11-19,1400.00,1415.00,1395.00,1395.00,35591948,,
2025-11-20,1450.00,1460.00,1440.00,1455.00,25964403,,
2025-11-21,1395.00,1405.00,1385.00,1385.00,54518246,,
2025-11-24,1400.00,1405.00,1375.00,1375.00,79134658,,
2025-11-25,1425.00,1425.00,1405.00,1415.00,27427405,,
2025-11-26,1430.00,1440.00,1425.00,1440.00,29213211,,
2025-11-27,1450.00,1455.00,1430.00,1435.00,22039774,,
2025-11-28,1440.00,1455.00,1435.00,1440.00,23152513,,
2025-12-01,1445.00,1445.00,1410.00,1410.00,30559208,,
2025-12-02,1430.00,1440.00,1420.00,1430.00,23544477,,
2025-12-03,1440.00,1450.00,1435.00,1450.00,20301540,,
2025-12-04,1445.00,1450.00,1430.00,1445.00,20696944,,
2025-12-05,1445.00,1460.00,1440.00,1460.00,21072604,,
2025-12-08,1465.00,1495.00,1460.00,1495.00,24257260,,
2025-12-09,1495.00,1500.00,1480.00,1480.00,24235825,,
2025-12-10,1490.00,1505.00,1485.00,1505.00,23319221,,
2025-12-11,1510.00,1515.00,1465.00,1470.00,28924982,5.000011,
2025-12-12,1475.00,1485.00,1470.00,1480.00,22107664,,
2025-12-15,1450.00,1455.00,1445.00,1450.00,25889058,,
2025-12-16,1435.00,1445.00,1425.00,1435.00,32168064,,
2025-12-17,1435.00,1445.00,1425.00,1430.00,30535812,,
2025-12-18,1420.00,1435.00,1415.00,1430.00,30534136,,
2025-12-19,1455.00,1455.00,1430.00,1430.00,38763280,,
2025-12-22,1465.00,1470.00,1455.00,1465.00,22661665,,
2025-12-23,1475.00,1490.00,1470.00,1490.00,20739075,,
2025-12-24,1495.00,1500.00,1485.00,1495.00,12987261,,
2025-12-26,1505.00,1510.00,1495.00,1510.00,18823612,,
2025-12-29,1515.00,1530.00,1510.00,1530.00,21124648,,
2025-12-30,1515.00,1530.00,1510.00,1520.00,20325400,,
2025-12-31,1520.00,1550.00,1515.00,1550.00,29695967,,
2026-01-02,1555.00,1585.00,1545.00,1585.00,37512761,,
2026-01-05,1630.00,1695.00,1625.00,1670.00,66871820,,
2026-01-06,1645.00,1705.00,1645.00,1705.00,46751692,,
2026-01-07,1665.00,1685.00,1665.00,1675.00,49857449,,
2026-01-08,1660.00,1700.00,1655.00,1685.00,29215618,,
2026-01-09,1665.00,1700.00,1655.00,1680.00,37387656,,
2026-01-12,1700.00,1705.00,1690.00,1690.00,29987449,,
2026-01-13,1720.00,1720.00,1700.00,1710.00,30171800,,
2026-01-14,1705.00,1715.00,1700.00,1710.00,29100816,,
2026-01-15,1685.00,1700.00,1680.00,1690.00,36391886,,
2026-01-16,1735.00,1750.00,1710.00,1740.00,53551629,,
2026-01-19,1725.00,1780.00,1725.00,1760.00,29580038,,
2026-01-20,1740.00,1775.00,1740.00,1775.00,29401234,,
2026-01-21,1745.00,1765.00,1740.00,1740.00,45192749,,
2026-01-22,1765.00,1770.00,1750.00,1760.00,32069478,,
2026-01-23,1770.00,1775.00,1750.00,1770.00,27601167,,
2026-01-26,1765.00,1785.00,1755.00,1755.00,22960198,,
2026-01-27,1760.00,1785.00,1755.00,1780.00,28985200,,
2026-01-28,1790.00,1820.00,1790.00,1820.00,29301156,,
2026-01-29,1830.00,1835.00,1800.00,1805.00,32224002,,
2026-01-30,1790.00,1800.00,1775.00,1775.00,40825139,,
2026-02-02,1750.00,1765.00,1745.00,1765.00,28251381,,
2026-02-03,1810.00,1810.00,1785.00,1800.00,26744162,,
2026-02-04,1785.00,1805.00,1775.00,1785.00,26952301,,
2026-02-05,1765.00,1780.00,1760.00,1765.00,26299986,,
2026-02-06,1745.00,1780.00,1740.00,1780.00,33263592,,
2026-02-09,1830.00,1835.00,1815.00,1815.00,36529289,,
2026-02-10,1845.00,1880.00,1840.00,1880.00,41859169,,
2026-02-11,1880.00,1925.00,1875.00,1915.00,40488310,,
2026-02-23,1900.00,1935.00,1900.00,1900.00,69816209,,
2026-02-24,1915.00,1975.00,1915.00,1965.00,40961679,,
2026-02-25,1995.00,2025.00,1995.00,2015.00,40832607,,
2026-02-26,2000.00,2010.00,1995.00,1995.00,58561388,,
2026-03-02,1940.00,1995.00,1940.00,1975.00,48884884,,
2026-03-03,1970.00,1980.00,1935.00,1935.00,43090471,,
2026-03-04,1895.00,1910.00,1865.00,1865.00,68160943,,
2026-03-05,1940.00,1960.00,1895.00,1900.00,48120463,,
2026-03-06,1880.00,1900.00,1880.00,1890.00,30082724,,
2026-03-09,1775.00,1810.00,1770.00,1810.00,76459172,,
2026-03-10,1870.00,1890.00,1830.00,1850.00,41375691,,
2026-03-11,1885.00,1950.00,1875.00,1940.00,36167313,,
2026-03-12,1900.00,1915.00,1885.00,1885.00,34040589,,
2026-03-13,1840.00,1885.00,1840.00,1865.00,31214304,,
2026-03-16,1875.00,1880.00,1845.00,1845.00,31249086,,
2026-03-17,1875.00,1880.00,1860.00,1870.00,23812211,6.000036,
2026-03-18,1900.00,1910.00,1890.00,1905.00,23068156,,
2026-03-19,1875.00,1880.00,1850.00,1850.00,31040569,,
2026-03-20,1860.00,1870.00,1840.00,1840.00,46312322,,
2026-03-23,1790.00,1815.00,1785.00,1810.00,34902948,,
2026-03-24,1850.00,1850.00,1800.00,1810.00,27001025,,
2026-03-25,1865.00,1875.00,1845.00,1845.00,40964040,,
2026-03-26,1850.00,1865.00,1840.00,1840.00,20958470,,
2026-03-27,1805.00,1825.00,1800.00,1820.00,28974140,,
2026-03-30,1780.00,1800.00,1780.00,1780.00,39889700,,
2026-03-31,1775.00,1790.00,1760.00,1760.00,49221091,,
2026-04-01,1840.00,1855.00,1830.00,1855.00,35537379,,
2026-04-02,1865.00,1865.00,1805.00,1810.00,25132417,,
2026-04-07,1850.00,1860.00,1835.00,1860.00,17953562,,
2026-04-08,1935.00,1950.00,1925.00,1950.00,46515921,,
2026-04-09,1945.00,1955.00,1930.00,1955.00,31835073,,
2026-04-10,1975.00,2000.00,1970.00,2000.00,28637625,,
2026-04-13,1985.00,1995.00,1975.00,1990.00,28968757,,
2026-04-14,2015.00,2055.00,2010.00,2055.00,39113405,,
2026-04-15,2065.00,2100.00,2060.00,2080.00,40343568,,
2026-04-16,2080.00,2090.00,2055.00,2085.00,32038524,,
2026-04-17,2055.00,2060.00,2030.00,2030.00,39260244,,
2026-04-20,2030.00,2055.00,2025.00,2025.00,25407621,,
2026-04-21,2050.00,2075.00,2045.00,2050.00,25783476,,
2026-04-22,2045.00,2070.00,2040.00,2050.00,24762881,,
2026-04-23,2090.00,2135.00,2055.00,2080.00,48682193,,
2026-04-24,2110.00,2190.00,2105.00,2185.00,45088050,,
2026-04-27,2280.00,2330.00,2265.00,2265.00,68696037,,
2026-04-28,2245.00,2280.00,2215.00,2215.00,47175356,,
2026-04-29,2175.00,2210.00,2165.00,2180.00,42895935,,
2026-04-30,2205.00,2215.00,2135.00,2135.00,48975164,,
2026-05-04,2200.00,2285.00,2195.00,2275.00,38390062,,
2026-05-05,2250.00,2270.00,2240.00,2250.00,21625279,,
2026-05-06,2250.00,2285.00,2240.00,2250.00,31918664,,
2026-05-07,2335.00,2345.00,2310.00,2310.00,35034517,,
2026-05-08,2300.00,2310.00,2265.00,2290.00,27102571,,
2026-05-11,2265.00,2275.00,2235.00,2235.00,37244077,,
2026-05-12,2235.00,2280.00,2210.00,2255.00,44459541,,
2026-05-13,2205.00,2240.00,2205.00,2220.00,35350292,,
2026-05-14,2250.00,2270.00,2230.00,2270.00,31747100,,
2026-05-15,2310.00,2325.00,2250.00,2265.00,29922154,,
2026-05-18,2225.00,2260.00,2215.00,2240.00,25875079,,
2026-05-19,2220.00,2230.00,2205.00,2205.00,34824449,,
2026-05-20,2205.00,2210.00,2185.00,2185.00,29320253,,
2026-05-21,2240.00,2255.00,2230.00,2230.00,22964974,,
2026-05-22,2245.00,2260.00,2225.00,2255.00,24437825,,
2026-05-25,2275.00,2310.00,2275.00,2310.00,25215869,,
2026-05-26,2320.00,2325.00,2270.00,2270.00,22586387,,
2026-05-27,2310.00,2330.00,2290.00,2300.00,31986652,,
2026-05-28,2350.00,2360.00,2270.00,2295.00,36889432,,
2026-05-29,2340.00,2375.00,2330.00,2355.00,86132863,,
2026-06-01,2355.00,2415.00,2350.00,2355.00,35023445,,
2026-06-02,2390.00,2400.00,2360.00,2380.00,29610654,,
2026-06-03,2425.00,2440.00,2410.00,2425.00,22536554,,
2026-06-04,2385.00,2415.00,2385.00,2385.00,25054494,,
2026-06-05,2395.00,2405.00,2350.00,2365.00,32795780,,
2026-06-08,2230.00,2320.00,2230.00,2295.00,44721632,,
2026-06-09,2305.00,2320.00,2295.00,2305.00,33252041,,
2026-06-10,2285.00,2300.00,2255.00,2255.00,42608467,,
2026-06-11,2240.00,2260.00,2210.00,2250.00,34790220,6.000036,
2026-06-12,2325.00,2325.00,2290.00,2310.00,21560608,,
2026-06-15,2360.00,2375.00,2345.00,2375.00,25573718,,
2026-06-16,2375.00,2400.00,2350.00,2400.00,29594351,,
2026-06-17,2355.00,2385.00,2350.00,2385.00,25510076,,
2026-06-18,2395.00,2415.00,2385.00,2410.00,46429815,,
2026-06-22,2455.00,2510.00,2455.00,2510.00,39272494,,
2026-06-23,2510.00,2535.00,2490.00,2490.00,34264856,,
2026-06-24,2435.00,2445.00,2390.00,2390.00,55667954,,
2026-06-25,2410.00,2420.00,2390.00,2390.00,34424468,,
2026-06-26,2360.00,2370.00,2325.00,2340.00,39547254,,
2026-06-29,2330.00,2395.00,2330.00,2370.00,33267315,,
2026-06-30,2440.00,2475.00,2410.00,2410.00,42933128,,
2026-07-01,2495.00,2505.00,2475.00,2505.00,30489002,,
2026-07-02,2450.00,2480.00,2445.00,2465.00,27485121,,
2026-07-03,2415.00,2465.00,2415.00,2445.00,26489446,,
2026-07-06,2465.00,2500.00,2455.00,2460.00,19281603,,
2026-07-07,2480.00,2500.00,2440.00,2440.00,27867172,,
2026-07-08,2445.00,2465.00,2420.00,2465.00,23373702,,
2026-07-09,2450.00,2460.00,2415.00,2415.00,27134789,,
2026-07-10,2415.00,2415.00,2415.00,2415.00,0,,
2026-07-13,2460.00,2480.00,2440.00,2440.00,32938379,,
2026-07-14,2410.00,2430.00,2390.00,2420.00,35607811,,
2026-07-15,2425.00,2460.00,2415.00,2440.00,28532735,,
2026-07-16,2430.00,2470.00,2420.00,2470.00,27848158,,
2026-07-17,2375.00,2395.00,2290.00,2290.00,75253147,,
2026-07-20,2300.00,2345.00,2300.00,2320.00,45272691,,
2026-07-21,2350.00,2410.00,2345.00,2410.00,29931277,,
2026-07-22,2440.00,2445.00,2385.00,2400.00,28887275,,
2026-07-23,2385.00,2405.00,2370.00,2405.00,23190117,,
2026-07-24,2355.00,2365.00,2345.00,2350.00,21646770,,
2026-07-27,2330.00,2365.00,2330.00,2350.00,24040916,,
2026-07-28,2270.00,2305.00,2270.00,2280.00,36576835,,
2026-07-29,2260.00,2280.00,2180.00,2200.00,55449661,,
2026-07-30,2205.00,2260.00,2190.00,2205.00,44446679,,
2026-07-31,2350.00,2425.00,2345.00,2425.00,57145894,,
2026-08-03,2390.00,2395.00,2365.00,2370.00,30005447,,
2026-08-04,2335.00,2360.00,2310.00,2320.00,35945450,,
2026-08-05,2385.00,2415.00,2370.00,2405.00,35214105,,
