date,open,high,low,close,volume,div,split
2016-08-04,28.37,28.65,28.15,28.23,44100,,
2016-08-05,28.35,29.04,28.35,28.65,94800,,
2016-08-08,28.77,28.98,28.68,28.96,67000,,
2016-08-09,28.89,29.09,28.54,28.58,80900,,
2016-08-10,28.49,28.61,28.00,28.18,90400,,
2016-08-11,28.29,28.99,28.16,28.78,62200,,
2016-08-12,28.73,28.82,28.26,28.43,66600,,
2016-08-15,28.40,29.21,28.40,29.16,72600,,
2016-08-16,29.02,29.14,28.44,28.68,69400,,
2016-08-17,28.62,28.84,28.48,28.59,82200,,
2016-08-18,28.68,29.10,28.68,29.09,68500,,
2016-08-19,28.98,29.33,28.90,29.31,83000,,
2016-08-22,29.39,29.47,29.07,29.18,48400,,
2016-08-23,29.30,29.49,29.30,29.33,70300,,
2016-08-24,29.18,29.64,29.18,29.47,95000,,
2016-08-25,29.50,29.68,29.23,29.57,148800,,
2016-08-26,29.52,29.85,29.27,29.50,74300,,
2016-08-29,29.47,29.85,28.94,29.84,83400,,
2016-08-30,29.97,30.08,29.40,29.79,191900,,
2016-08-31,26.00,26.23,23.85,24.74,1692900,,
2016-09-01,25.23,25.23,23.51,24.31,552700,,
2016-09-02,24.33,25.49,24.31,24.83,340500,,
2016-09-06,24.98,25.18,23.82,24.08,221700,,
2016-09-07,24.00,24.34,23.86,24.15,188000,,
2016-09-08,24.15,24.63,24.06,24.44,145800,,
2016-09-09,24.36,24.44,23.70,23.71,165300,,
2016-09-12,23.69,24.16,23.51,24.06,143800,,
2016-09-13,24.00,24.14,23.44,23.53,112800,,
2016-09-14,23.63,23.76,23.13,23.19,111200,,
2016-09-15,23.13,23.54,23.10,23.53,97300,,
2016-09-16,23.50,23.58,23.03,23.48,333400,,
2016-09-19,23.51,23.92,23.51,23.77,137000,,
2016-09-20,24.98,24.98,23.53,23.67,134100,,
2016-09-21,23.89,25.49,23.69,25.24,339900,,
2016-09-22,25.62,25.62,24.94,25.09,187900,,
2016-09-23,24.89,25.08,24.51,24.66,135000,,
2016-09-26,24.50,25.01,24.37,24.42,110600,,
2016-09-27,24.32,24.65,24.25,24.49,128700,,
2016-09-28,24.57,24.84,24.33,24.51,135900,,
2016-09-29,24.39,24.75,24.20,24.21,140400,,
2016-09-30,24.23,24.50,24.06,24.41,211300,,
2016-10-03,24.35,24.64,24.27,24.54,123000,,
2016-10-04,24.57,24.74,24.21,24.34,94400,,
2016-10-05,24.49,24.80,24.34,24.55,85200,,
2016-10-06,24.22,24.29,23.65,24.14,155500,,
2016-10-07,24.10,24.10,23.35,23.42,108500,,
2016-10-10,23.48,23.91,23.34,23.56,61200,,
2016-10-11,23.56,23.59,22.97,23.16,78900,,
2016-10-12,23.16,23.26,22.85,22.88,137600,,
2016-10-13,22.58,22.62,22.24,22.53,155000,,
2016-10-14,22.58,22.82,22.40,22.44,102500,,
2016-10-17,22.35,22.60,22.26,22.29,96900,,
2016-10-18,22.48,22.63,22.32,22.51,77600,,
2016-10-19,22.62,22.72,22.40,22.47,81100,,
2016-10-20,22.35,22.54,22.27,22.36,69800,,
2016-10-21,22.30,22.44,22.16,22.28,99600,,
2016-10-24,22.64,23.04,22.62,22.80,118300,,
2016-10-25,22.71,23.34,22.65,22.97,118900,,
2016-10-26,23.00,23.77,23.00,23.73,253600,,
2016-10-27,23.93,24.07,23.30,23.55,107200,,
2016-10-28,23.62,23.96,23.48,23.69,123000,,
2016-10-31,23.62,24.11,23.58,23.99,152500,,
2016-11-01,24.12,24.35,23.70,23.90,98900,,
2016-11-02,23.96,23.99,23.45,23.70,163500,,
2016-11-03,23.67,23.88,23.40,23.80,128100,,
2016-11-04,23.78,24.20,23.66,24.00,124900,,
2016-11-07,24.44,24.75,24.21,24.60,160600,,
2016-11-08,24.62,24.73,24.35,24.50,125800,,
2016-11-09,24.27,26.64,23.82,26.50,370000,,
2016-11-10,26.92,27.30,26.50,26.89,240600,,
2016-11-11,27.02,28.13,26.39,27.95,259200,,
2016-11-14,28.29,28.80,27.10,28.74,207400,,
2016-11-15,28.77,28.77,27.06,27.70,184600,,
2016-11-16,27.70,27.85,27.14,27.55,135900,,
2016-11-17,27.53,27.96,27.32,27.53,148400,,
2016-11-18,27.53,27.73,27.09,27.55,107300,,
2016-11-21,27.67,27.71,27.01,27.54,156500,,
2016-11-22,27.62,28.60,27.40,28.53,197900,,
2016-11-23,28.55,28.68,28.16,28.59,102700,,
2016-11-25,28.55,28.56,27.95,28.54,75900,,
2016-11-28,28.38,28.40,28.00,28.14,132700,,
2016-11-29,28.05,28.40,28.00,28.18,195200,,
2016-11-30,28.43,28.62,28.00,28.30,123400,,
2016-12-01,28.52,28.85,27.53,27.84,189300,,
2016-12-02,27.98,28.08,27.77,28.00,112300,,
2016-12-05,28.00,28.64,27.79,28.58,159200,,
2016-12-06,28.59,29.42,28.39,29.34,288400,,
2016-12-07,26.41,27.64,25.76,27.62,1249400,,
2016-12-08,27.49,29.07,26.91,29.02,496500,,
2016-12-09,28.96,28.99,28.10,28.88,234400,,
2016-12-12,28.89,28.89,27.74,28.11,146000,,
2016-12-13,28.32,28.40,27.80,27.93,130900,,
2016-12-14,27.78,28.05,27.23,27.37,178200,,
2016-12-15,27.42,27.82,27.27,27.35,128600,,
2016-12-16,27.33,27.99,27.14,27.26,621500,,
2016-12-19,27.17,28.01,27.14,27.96,180100,,
2016-12-20,28.00,28.19,27.71,27.98,121100,,
2016-12-21,28.00,28.00,27.39,27.45,107000,,
2016-12-22,27.55,27.69,26.83,27.07,215800,,
2016-12-23,26.95,26.97,26.54,26.84,86400,,
2016-12-27,26.74,27.51,26.51,27.36,94000,,
2016-12-28,27.34,27.47,26.65,26.80,137400,,
2016-12-29,26.81,27.10,26.55,27.07,108200,,
2016-12-30,27.08,27.29,26.71,26.83,125400,,
2017-01-03,27.13,27.25,26.43,26.93,153800,,
2017-01-04,26.95,27.39,26.95,27.33,134800,,
2017-01-05,27.28,27.43,26.21,26.23,151900,,
2017-01-06,26.24,26.62,26.02,26.38,98600,,
2017-01-09,26.18,26.39,25.89,25.98,112400,,
2017-01-10,26.02,26.33,25.90,26.04,137700,,
2017-01-11,26.11,26.35,25.35,26.10,99300,,
2017-01-12,25.89,26.00,25.12,25.76,138900,,
2017-01-13,25.79,26.09,25.76,25.86,63200,,
2017-01-17,25.95,25.95,25.32,25.37,109700,,
2017-01-18,25.26,25.81,25.04,25.29,92900,,
2017-01-19,25.31,25.67,25.04,25.60,94600,,
2017-01-20,25.64,25.67,25.05,25.23,99800,,
2017-01-23,25.22,25.23,24.70,25.00,67100,,
2017-01-24,24.96,25.51,24.74,25.40,105600,,
2017-01-25,25.72,26.16,25.61,26.09,181500,,
2017-01-26,26.32,26.50,25.59,25.92,90600,,
2017-01-27,25.87,26.14,25.86,25.96,58700,,
2017-01-30,25.92,25.92,25.44,25.72,87000,,
2017-01-31,25.63,26.30,25.42,26.19,136200,,
2017-02-01,26.30,26.48,25.64,25.87,87600,,
2017-02-02,25.75,26.00,25.52,25.67,79600,,
2017-02-03,25.89,26.46,25.59,26.41,99300,,
2017-02-06,26.24,26.88,26.15,26.33,84900,,
2017-02-07,26.45,26.60,26.16,26.44,78900,,
2017-02-08,26.37,26.37,25.80,25.99,135800,,
2017-02-09,26.10,26.35,25.94,26.08,159800,,
2017-02-10,26.25,26.45,26.10,26.40,171700,,
2017-02-13,26.69,27.17,26.60,26.74,122100,,
2017-02-14,26.59,27.22,26.40,26.87,162600,,
2017-02-15,26.87,27.22,26.56,26.90,117500,,
2017-02-16,26.90,27.02,26.54,26.99,92300,,
2017-02-17,26.98,27.15,26.69,26.97,103000,,
2017-02-21,27.03,27.28,26.84,27.00,99900,,
2017-02-22,26.90,26.96,26.61,26.95,86400,,
2017-02-23,27.11,27.11,26.33,26.78,117500,,
2017-02-24,26.56,26.70,25.92,26.58,91800,,
2017-02-27,26.58,27.42,26.58,27.35,131400,,
2017-02-28,27.34,27.47,26.82,27.02,126100,,
2017-03-01,27.35,27.66,27.25,27.43,127300,,
2017-03-02,27.44,27.59,27.00,27.13,155200,,
2017-03-03,27.21,27.35,26.89,26.93,113300,,
2017-03-06,26.93,26.95,25.95,26.02,224000,,
2017-03-07,26.25,26.45,26.00,26.15,202800,,
2017-03-08,27.50,28.08,25.66,27.54,678600,,
2017-03-09,27.48,27.70,26.85,27.11,290700,,
2017-03-10,27.30,27.58,26.82,27.26,212800,,
2017-03-13,27.34,27.93,27.14,27.59,152400,,
2017-03-14,27.36,27.40,26.85,27.30,138500,,
2017-03-15,27.34,27.69,27.07,27.56,114000,,
2017-03-16,27.62,28.06,27.31,28.03,166300,,
2017-03-17,28.03,29.92,27.99,29.79,542400,,
2017-03-20,29.77,29.84,28.75,28.84,175400,,
2017-03-21,28.97,29.09,27.53,27.57,207900,,
2017-03-22,27.46,27.60,27.02,27.24,124200,,
2017-03-23,27.20,27.55,27.01,27.35,121200,,
2017-03-24,27.43,27.61,26.81,26.97,150100,,
2017-03-27,26.93,27.20,26.42,27.07,127700,,
2017-03-28,27.07,27.58,26.76,27.55,133900,,
2017-03-29,27.57,27.67,27.08,27.54,98300,,
2017-03-30,27.55,27.80,27.45,27.76,124500,,
2017-03-31,27.75,28.17,27.67,28.03,222300,,
2017-04-03,28.27,28.34,27.48,27.50,153200,,
2017-04-04,27.45,27.91,27.37,27.61,117000,,
2017-04-05,27.76,27.87,27.15,27.28,135700,,
2017-04-06,27.28,27.73,26.93,27.73,162000,,
2017-04-07,27.90,27.97,27.41,27.96,174300,,
2017-04-10,27.95,28.05,27.43,27.60,114200,,
2017-04-11,27.53,28.37,27.42,28.33,131100,,
2017-04-12,28.26,28.26,27.51,27.67,103900,,
2017-04-13,27.70,27.76,27.07,27.41,111600,,
2017-04-17,27.47,27.87,27.34,27.86,65100,,
2017-04-18,27.76,28.58,27.76,28.55,157900,,
2017-04-19,28.58,28.90,28.32,28.59,118500,,
2017-04-20,28.76,29.12,28.62,28.85,83500,,
2017-04-21,28.82,29.14,28.71,28.73,118500,,
2017-04-24,29.14,29.41,29.02,29.28,113000,,
2017-04-25,29.48,29.96,29.44,29.58,144100,,
2017-04-26,29.58,29.74,29.40,29.48,185100,,
2017-04-27,29.58,29.76,29.08,29.20,112800,,
2017-04-28,29.18,29.18,28.54,28.57,238900,,
2017-05-01,28.63,29.16,28.21,28.54,190500,,
2017-05-02,28.55,28.64,28.32,28.52,99300,,
2017-05-03,28.40,28.62,28.20,28.55,102100,,
2017-05-04,28.60,28.71,28.13,28.66,70000,,
2017-05-05,28.76,28.97,28.54,28.96,63300,,
2017-05-08,28.97,29.21,28.78,29.18,71400,,
2017-05-09,29.22,29.65,28.96,29.49,74800,,
2017-05-10,29.47,29.73,29.27,29.66,82300,,
2017-05-11,29.56,29.87,29.19,29.77,68400,,
2017-05-12,29.73,30.50,29.42,30.40,198700,,
2017-05-15,30.47,31.60,30.45,31.37,217000,,
2017-05-16,31.37,31.39,30.89,31.20,164000,,
2017-05-17,30.85,30.92,30.39,30.46,126600,,
2017-05-18,30.18,30.80,30.03,30.69,134400,,
2017-05-19,30.91,31.40,30.69,30.85,128300,,
2017-05-22,31.05,31.65,31.05,31.46,161200,,
2017-05-23,31.57,31.66,31.14,31.34,169400,,
2017-05-24,31.32,31.46,31.10,31.26,107600,,
2017-05-25,31.35,31.55,31.07,31.38,123500,,
2017-05-26,31.35,31.35,31.00,31.21,79500,,
2017-05-30,31.15,31.22,30.96,31.05,129300,,
2017-05-31,31.11,31.20,30.69,31.04,135400,,
2017-06-01,31.12,31.74,31.07,31.68,138500,,
2017-06-02,31.97,32.65,31.72,32.40,192300,,
2017-06-05,32.45,32.53,31.92,31.95,95800,,
2017-06-06,31.90,31.93,30.53,30.78,215700,,
2017-06-07,30.96,31.26,30.70,30.99,177600,,
2017-06-08,30.93,31.63,30.59,31.53,165000,,
2017-06-09,31.58,31.85,30.90,31.09,230200,,
2017-06-12,31.08,31.14,30.42,30.64,126700,,
2017-06-13,30.86,31.30,30.85,31.00,132600,,
2017-06-14,31.00,31.20,30.75,31.05,131600,,
2017-06-15,30.77,31.41,30.77,31.40,94100,,
2017-06-16,31.13,31.57,30.63,31.00,250400,,
2017-06-19,31.14,31.49,30.98,31.45,101000,,
2017-06-20,31.38,31.48,30.97,31.11,82400,,
2017-06-21,31.15,31.15,30.51,30.71,85600,,
2017-06-22,30.71,31.15,30.70,30.85,176100,,
2017-06-23,30.96,31.11,30.65,30.77,408500,,
2017-06-26,30.93,31.28,30.84,30.97,219100,,
2017-06-27,31.11,32.60,30.97,32.49,680000,,
2017-06-28,30.37,35.40,30.05,35.11,1096600,,
2017-06-29,35.07,36.57,34.85,36.50,548700,,
2017-06-30,36.49,38.60,36.41,38.20,761800,,
2017-07-03,37.45,39.93,37.21,39.06,540200,,
2017-07-05,39.34,40.10,38.96,39.51,584300,,
2017-07-06,39.41,39.98,37.95,38.11,554600,,
2017-07-07,38.20,39.13,38.20,38.67,285600,,
2017-07-10,38.80,39.64,38.49,39.38,410000,,
2017-07-11,39.06,39.83,38.98,39.42,199400,,
2017-07-12,39.57,39.95,39.00,39.73,237800,,
2017-07-13,39.76,40.00,39.33,39.36,376600,,
2017-07-14,39.31,39.73,39.31,39.47,229400,,
2017-07-17,39.47,39.63,39.09,39.29,240000,,
2017-07-18,39.15,39.15,38.40,38.45,203500,,
2017-07-19,38.45,38.77,37.90,38.24,362000,,
2017-07-20,38.21,38.51,38.03,38.11,331200,,
2017-07-21,38.44,38.53,38.13,38.30,317400,,
2017-07-24,38.45,38.49,38.10,38.24,183300,,
2017-07-25,38.40,38.71,38.02,38.15,140400,,
2017-07-26,38.19,38.27,37.36,37.74,229400,,
2017-07-27,37.83,38.04,37.14,37.66,194800,,
2017-07-28,37.54,37.96,37.50,37.75,154900,,
2017-07-31,37.76,37.90,37.15,37.79,263500,,
2017-08-01,37.75,38.00,37.18,37.25,214000,,
2017-08-02,37.30,37.65,36.71,37.15,272000,,
2017-08-03,37.14,37.31,36.88,37.00,181400,,
2017-08-04,37.11,37.30,36.78,37.26,172500,,
2017-08-07,37.28,38.12,37.17,38.07,158800,,
2017-08-08,38.08,40.07,38.08,38.30,380400,,
2017-08-09,38.18,38.66,38.03,38.58,181800,,
2017-08-10,38.54,39.28,38.08,38.32,241400,,
2017-08-11,38.50,39.23,38.16,38.31,243700,,
2017-08-14,38.75,38.75,37.88,38.35,327300,,
2017-08-15,38.35,38.54,37.76,37.77,129300,,
2017-08-16,37.88,38.28,37.67,38.00,90200,,
2017-08-17,37.84,38.17,37.32,37.36,112000,,
2017-08-18,37.13,37.72,37.01,37.47,96900,,
2017-08-21,37.47,37.56,37.07,37.40,196200,,
2017-08-22,37.52,39.71,37.52,39.30,369300,,
2017-08-23,39.27,39.88,38.46,38.57,156800,,
2017-08-24,38.63,39.31,38.40,38.96,184800,,
2017-08-25,39.16,39.25,38.60,38.83,119100,,
2017-08-28,39.16,39.47,38.85,39.06,214900,,
2017-08-29,38.99,39.68,38.71,39.35,387200,,
2017-08-30,42.77,47.03,42.58,46.52,2818300,,
2017-08-31,47.03,49.18,47.00,49.02,925400,,
2017-09-01,48.98,50.00,48.10,49.15,594900,,
2017-09-05,49.10,50.63,48.58,50.17,629300,,
2017-09-06,50.24,51.04,48.93,49.11,317500,,
2017-09-07,49.00,49.64,48.60,49.16,342500,,
2017-09-08,49.24,49.75,48.59,48.71,245400,,
2017-09-11,48.87,49.07,48.22,48.66,384900,,
2017-09-12,48.67,49.04,48.31,48.95,238000,,
2017-09-13,48.77,49.17,48.44,48.96,203600,,
2017-09-14,48.71,48.92,48.38,48.65,234700,,
2017-09-15,48.76,49.33,48.44,48.49,636900,,
2017-09-18,48.96,50.38,48.69,49.13,689100,,
2017-09-19,49.46,51.70,49.01,51.35,523600,,
2017-09-20,51.87,52.32,51.20,51.89,419400,,
2017-09-21,52.00,52.08,51.11,51.53,192800,,
2017-09-22,51.61,53.41,51.47,51.69,381500,,
2017-09-25,51.90,53.30,51.60,53.28,382300,,
2017-09-26,53.43,54.11,53.31,53.40,340800,,
2017-09-27,53.56,54.50,53.43,53.51,459400,,
2017-09-28,53.31,54.06,53.07,53.64,272500,,
2017-09-29,53.80,54.70,53.46,54.12,674600,,
2017-10-02,54.11,54.97,53.77,54.95,236600,,
2017-10-03,55.00,55.43,54.77,55.42,241700,,
2017-10-04,55.56,55.75,53.08,53.84,497400,,
2017-10-05,54.05,54.60,53.61,53.64,389000,,
2017-10-06,53.50,53.64,53.09,53.30,212500,,
2017-10-09,53.80,54.82,53.70,54.54,349900,,
2017-10-10,54.85,54.95,54.05,54.69,152600,,
2017-10-11,54.69,55.00,53.88,54.08,146100,,
2017-10-12,53.94,54.60,53.71,53.94,128500,,
2017-10-13,54.14,54.15,53.08,53.21,162100,,
2017-10-16,53.28,53.86,52.21,52.94,297200,,
2017-10-17,52.69,53.20,51.61,51.89,268800,,
2017-10-18,51.90,52.17,51.60,51.74,166200,,
2017-10-19,51.34,51.50,49.50,50.64,379700,,
2017-10-20,50.90,52.88,50.88,52.65,301700,,
2017-10-23,52.66,52.73,51.74,52.29,157100,,
2017-10-24,52.54,53.33,52.54,53.01,184900,,
2017-10-25,52.51,53.16,51.28,52.47,186800,,
2017-10-26,52.70,52.88,51.54,51.65,133000,,
2017-10-27,51.38,51.98,51.06,51.38,160600,,
2017-10-30,50.93,51.44,50.08,50.74,194100,,
2017-10-31,50.74,51.43,50.50,51.16,158600,,
2017-11-01,51.52,51.54,50.39,50.86,241300,,
2017-11-02,50.73,51.72,50.09,51.30,307400,,
2017-11-03,51.08,51.20,50.33,50.35,215500,,
2017-11-06,50.37,50.96,50.00,50.63,175100,,
2017-11-07,50.76,51.25,48.28,48.29,495400,,
2017-11-08,48.00,48.11,42.81,44.91,1745100,,
2017-11-09,43.57,44.80,42.21,43.33,512900,,
2017-11-10,42.89,44.49,42.12,43.77,278000,,
2017-11-13,43.46,43.72,42.38,43.52,219800,,
2017-11-14,43.22,43.87,42.80,42.99,240800,,
2017-11-15,42.63,42.99,41.53,42.16,390000,,
2017-11-16,42.19,43.22,42.17,42.77,169500,,
2017-11-17,42.52,42.98,42.40,42.73,141500,,
2017-11-20,42.67,43.75,42.52,43.70,136700,,
2017-11-21,43.69,45.11,43.69,45.08,276600,,
2017-11-22,45.25,45.50,44.58,45.03,255200,,
2017-11-24,45.28,45.28,44.54,45.00,82600,,
2017-11-27,45.00,45.37,43.91,44.46,207600,,
2017-11-28,44.49,45.89,44.27,45.75,194000,,
2017-11-29,45.90,46.00,44.43,44.99,303200,,
2017-11-30,45.45,45.75,44.99,45.58,173300,,
2017-12-01,45.53,45.53,43.22,44.72,328300,,
2017-12-04,45.50,46.56,43.71,44.00,419300,,
2017-12-05,44.05,44.74,42.96,43.25,738500,,
2017-12-06,52.52,58.23,52.10,54.47,4680000,,
2017-12-07,54.47,56.80,54.31,55.57,955900,,
2017-12-08,56.01,56.40,55.29,55.66,407400,,
2017-12-11,55.83,56.10,53.40,53.73,570400,,
2017-12-12,54.09,54.84,53.59,54.06,538700,,
2017-12-13,54.10,55.75,53.84,54.89,362000,,
2017-12-14,54.89,55.40,53.95,54.50,576300,,
2017-12-15,55.65,56.51,54.99,55.75,1390200,,
2017-12-18,56.78,58.76,56.42,58.64,719400,,
2017-12-19,58.73,58.99,57.85,58.00,400400,,
2017-12-20,58.57,58.60,56.34,57.34,400200,,
2017-12-21,57.47,57.90,56.56,57.27,261200,,
2017-12-22,57.27,57.35,56.34,56.67,210900,,
2017-12-26,56.67,57.00,55.71,56.29,232800,,
2017-12-27,56.26,57.35,56.15,56.94,233200,,
2017-12-28,57.16,57.83,56.88,57.38,167000,,
2017-12-29,57.52,57.77,56.13,56.16,314900,,
2018-01-02,56.40,56.93,54.48,54.85,449900,,
2018-01-03,54.88,55.34,53.91,54.67,413700,,
2018-01-04,54.76,54.92,53.40,53.64,565700,,
2018-01-05,53.65,53.77,52.69,53.40,401400,,
2018-01-08,53.25,53.98,52.74,53.50,286000,,
2018-01-09,53.84,54.76,53.29,53.78,400700,,
2018-01-10,53.70,53.73,52.33,52.86,358100,,
2018-01-11,52.84,53.73,52.41,52.90,249900,,
2018-01-12,53.09,54.70,52.95,54.07,377000,,
2018-01-16,54.62,55.34,52.02,52.41,331400,,
2018-01-17,52.79,53.55,52.15,53.42,174700,,
2018-01-18,53.42,53.60,52.27,52.71,208600,,
2018-01-19,52.91,53.77,52.60,53.60,170500,,
2018-01-22,53.50,53.50,52.57,53.07,218400,,
2018-01-23,53.24,53.49,52.56,52.94,166300,,
2018-01-24,53.05,54.15,52.80,53.32,155600,,
2018-01-25,53.53,54.40,53.12,53.48,286100,,
2018-01-26,53.79,53.91,52.63,53.17,171200,,
2018-01-29,53.00,53.50,52.35,52.81,150300,,
2018-01-30,52.40,52.44,50.43,51.81,267300,,
2018-01-31,52.08,52.09,50.54,51.36,183300,,
2018-02-01,51.25,52.58,50.75,52.45,341200,,
2018-02-02,52.01,52.11,49.14,49.78,412200,,
2018-02-05,49.23,49.78,47.40,47.43,542900,,
2018-02-06,46.19,48.56,45.60,47.96,335500,,
2018-02-07,47.90,48.79,47.48,48.11,197200,,
2018-02-08,48.12,48.60,46.01,46.01,242000,,
2018-02-09,46.39,48.57,45.79,47.98,327900,,
2018-02-12,48.26,49.60,47.01,49.25,255800,,
2018-02-13,49.03,50.25,48.75,48.94,205200,,
2018-02-14,48.59,51.31,48.30,51.09,244000,,
2018-02-15,51.62,52.30,51.16,52.28,165100,,
2018-02-16,52.14,53.11,51.33,51.74,207600,,
2018-02-20,51.48,51.76,49.81,49.85,179600,,
2018-02-21,49.86,50.97,49.72,50.13,205300,,
2018-02-22,50.33,50.62,49.66,50.00,129400,,
2018-02-23,50.23,50.41,49.41,50.19,93500,,
2018-02-26,50.24,50.83,50.12,50.81,224400,,
2018-02-27,50.94,51.86,50.07,50.18,299600,,
2018-02-28,50.34,50.99,49.69,49.72,184100,,
2018-03-01,49.67,49.67,48.28,48.70,214500,,
2018-03-02,48.18,50.21,47.44,49.98,256100,,
2018-03-05,49.81,50.47,49.32,50.14,305600,,
2018-03-06,50.36,51.02,49.19,50.53,619400,,
2018-03-07,46.10,47.00,41.60,43.01,2669400,,
2018-03-08,43.75,45.69,42.74,45.52,926800,,
2018-03-09,46.00,47.41,45.44,47.28,475700,,
2018-03-12,47.37,48.81,47.37,48.35,464500,,
2018-03-13,48.67,49.20,47.52,47.65,312400,,
2018-03-14,47.98,48.21,47.03,47.87,301500,,
2018-03-15,47.81,48.75,47.55,48.58,294300,,
2018-03-16,48.70,49.12,46.76,46.92,1249800,,
2018-03-19,46.59,48.25,45.97,48.09,431900,,
2018-03-20,48.33,48.96,47.21,47.37,272400,,
2018-03-21,47.28,47.86,46.99,47.11,185200,,
2018-03-22,46.49,46.92,45.02,45.07,247600,,
2018-03-23,45.29,46.06,45.01,45.05,236300,,
2018-03-26,45.90,46.78,45.30,46.59,257000,,
2018-03-27,46.87,47.03,44.59,44.93,281400,,
2018-03-28,44.97,45.31,44.26,45.04,220300,,
2018-03-29,45.17,45.93,45.17,45.51,234000,,
2018-04-02,45.52,45.91,44.72,45.23,244900,,
2018-04-03,45.38,45.96,45.03,45.89,256900,,
2018-04-04,44.99,46.53,44.86,46.31,297700,,
2018-04-05,46.45,46.85,45.83,46.21,226700,,
2018-04-06,45.54,46.60,44.68,45.08,190300,,
2018-04-09,45.34,46.43,45.30,45.77,223000,,
2018-04-10,46.55,46.74,45.36,46.37,197500,,
2018-04-11,49.49,55.40,49.09,54.28,1589900,,
2018-04-12,54.55,56.37,53.45,55.76,508700,,
2018-04-13,55.96,56.88,55.19,56.24,305200,,
2018-04-16,56.84,57.40,56.34,56.73,225600,,
2018-04-17,56.91,58.06,56.87,57.23,242200,,
2018-04-18,57.33,57.60,56.61,56.71,254300,,
2018-04-19,56.68,57.40,56.12,56.73,199000,,
2018-04-20,56.63,57.03,56.20,56.69,153400,,
2018-04-23,56.67,56.88,55.90,56.21,188000,,
2018-04-24,56.63,56.98,53.75,54.71,239500,,
2018-04-25,54.49,54.74,53.05,54.49,182300,,
2018-04-26,54.56,55.24,53.76,54.75,141100,,
2018-04-27,54.74,54.80,54.00,54.58,137400,,
2018-04-30,54.78,55.19,54.40,54.50,237400,,
2018-05-01,54.27,54.37,53.34,53.92,255800,,
2018-05-02,53.92,55.42,53.68,54.84,195800,,
2018-05-03,54.55,55.87,54.41,55.23,170700,,
2018-05-04,55.25,56.76,54.78,56.48,207700,,
2018-05-07,56.61,58.56,56.61,58.46,231500,,
2018-05-08,58.65,61.82,58.61,60.97,418000,,
2018-05-09,61.24,62.20,61.20,61.27,192800,,
2018-05-10,61.66,61.80,60.78,60.96,165400,,
2018-05-11,60.73,61.12,59.65,59.86,222600,,
2018-05-14,60.15,60.15,57.90,57.96,296000,,
2018-05-15,57.45,57.95,53.82,54.15,463500,,
2018-05-16,54.24,54.29,51.40,52.82,746500,,
2018-05-17,52.86,56.42,49.69,55.80,1870600,,
2018-05-18,55.58,56.16,54.61,56.09,390200,,
2018-05-21,55.89,57.40,55.39,57.20,336700,,
2018-05-22,57.50,57.54,56.11,56.16,158400,,
2018-05-23,55.92,56.88,55.12,56.61,206400,,
2018-05-24,56.72,58.86,56.36,58.06,312700,,
2018-05-25,57.91,58.40,57.51,57.94,178800,,
2018-05-29,57.60,58.35,56.96,58.03,252000,,
2018-05-30,58.35,58.88,57.85,57.97,177900,,
2018-05-31,57.97,58.34,57.49,57.86,132900,,
2018-06-01,58.36,59.29,57.92,58.50,248900,,
2018-06-04,58.64,60.03,57.76,59.86,247100,,
2018-06-05,59.83,60.52,59.59,60.35,158200,,
2018-06-06,60.09,60.86,60.09,60.31,127900,,
2018-06-07,60.30,60.45,58.44,60.13,254600,,
2018-06-08,60.17,61.15,59.95,61.02,268900,,
2018-06-11,60.86,60.86,58.59,60.11,352200,,
2018-06-12,59.98,60.39,58.30,58.75,242500,,
2018-06-13,58.62,60.04,58.20,60.00,224400,,
2018-06-14,60.05,60.51,58.67,59.25,301200,,
2018-06-15,58.84,59.52,58.19,59.33,981000,,
2018-06-18,59.00,60.31,58.50,60.26,246400,,
2018-06-19,59.62,59.65,57.60,57.78,304600,,
2018-06-20,57.90,59.86,57.37,59.77,222900,,
2018-06-21,59.78,59.84,58.82,59.23,167500,,
2018-06-22,59.62,60.16,59.07,59.42,855500,,
2018-06-25,59.48,60.34,57.56,58.25,301800,,
2018-06-26,58.22,62.46,57.78,62.23,722100,,
2018-06-27,56.00,67.74,56.00,66.63,1887100,,
2018-06-28,63.92,69.52,62.26,68.79,912700,,
2018-06-29,68.75,73.63,67.80,71.43,1533200,,
2018-07-02,71.21,72.53,69.84,71.29,387600,,
2018-07-03,71.78,72.25,68.55,70.22,258000,,
2018-07-05,70.49,72.09,69.96,72.06,429900,,
2018-07-06,71.65,72.61,69.70,72.07,280800,,
2018-07-09,72.95,74.05,72.20,72.97,399700,,
2018-07-10,73.18,73.85,72.49,73.19,244300,,
2018-07-11,72.53,72.89,71.31,72.08,239600,,
2018-07-12,72.46,73.71,71.69,73.10,275200,,
2018-07-13,73.11,73.95,72.72,73.37,275400,,
2018-07-16,73.17,74.73,71.63,71.96,420000,,
2018-07-17,71.78,74.80,71.78,74.70,293900,,
2018-07-18,74.74,75.25,73.90,74.48,226000,,
2018-07-19,74.40,75.22,74.40,74.94,202700,,
2018-07-20,74.82,76.11,74.57,75.24,218700,,
2018-07-23,75.27,75.52,73.71,74.58,271600,,
2018-07-24,75.08,76.09,72.81,73.34,601600,,
2018-07-25,73.57,74.00,71.87,73.64,351400,,
2018-07-26,73.50,75.85,73.00,75.20,311800,,
2018-07-27,75.19,76.32,71.72,72.09,406400,,
2018-07-30,72.37,73.68,71.21,72.66,329100,,
2018-07-31,73.05,74.98,73.00,73.61,235400,,
2018-08-01,73.82,75.03,73.50,74.83,251100,,
2018-08-02,74.59,75.93,74.17,75.82,160400,,
2018-08-03,75.67,76.59,74.90,75.02,185000,,
2018-08-06,75.20,76.29,74.98,76.06,225900,,
2018-08-07,76.20,76.90,75.79,76.79,168700,,
2018-08-08,76.82,78.84,76.21,77.73,168500,,
2018-08-09,77.94,79.37,77.94,79.01,168100,,
2018-08-10,78.63,80.03,77.93,79.79,214900,,
2018-08-13,79.86,81.00,79.73,80.56,180800,,
2018-08-14,81.07,82.90,80.82,82.47,211000,,
2018-08-15,82.38,82.59,81.02,81.42,210400,,
2018-08-16,82.13,84.69,82.10,83.55,229200,,
2018-08-17,83.55,84.62,82.27,84.47,198200,,
2018-08-20,84.94,86.19,84.89,85.12,242100,,
2018-08-21,85.35,87.53,85.31,86.18,239800,,
2018-08-22,86.20,87.39,85.00,85.55,176000,,
2018-08-23,85.90,86.07,84.24,84.46,200100,,
2018-08-24,84.78,85.56,83.24,85.32,204500,,
2018-08-27,85.52,86.42,85.10,85.74,143900,,
2018-08-28,86.08,87.07,85.26,85.70,223900,,
2018-08-29,85.68,87.06,85.30,86.21,290000,,
2018-08-30,86.22,87.25,85.64,85.99,155200,,
2018-08-31,85.60,88.46,85.13,87.96,153700,,
2018-09-04,88.98,89.49,86.37,87.91,330600,,
2018-09-05,88.00,88.02,85.22,87.50,583100,,
2018-09-06,96.12,103.53,94.00,99.97,1532800,,
2018-09-07,100.33,103.98,99.40,100.43,496500,,
2018-09-10,100.50,107.24,100.17,106.11,540800,,
2018-09-11,105.55,109.36,103.60,107.34,510500,,
2018-09-12,107.87,108.66,106.28,108.13,338300,,
2018-09-13,108.58,113.06,108.58,111.44,746900,,
2018-09-14,114.22,119.95,114.15,116.51,1175800,,
2018-09-17,116.81,117.26,112.27,116.82,749000,,
2018-09-18,118.00,121.32,117.40,119.83,692200,,
2018-09-19,119.90,121.00,113.46,114.47,541500,,
2018-09-20,114.68,114.94,107.52,108.24,801300,,
2018-09-21,107.97,111.10,106.37,107.16,1325100,,
2018-09-24,106.82,109.35,106.02,106.98,405000,,
2018-09-25,106.75,110.79,105.26,109.18,402200,,
2018-09-26,109.90,111.32,108.52,108.85,333300,,
2018-09-27,109.44,110.66,108.10,110.49,169700,,
2018-09-28,110.53,112.95,110.53,112.17,294400,,
2018-10-01,113.28,113.63,109.03,109.69,355800,,
2018-10-02,109.35,111.48,107.30,109.11,301500,,
2018-10-03,109.00,110.12,106.55,108.24,294500,,
2018-10-04,107.80,108.07,102.68,104.29,528300,,
2018-10-05,107.56,107.56,100.34,102.07,380900,,
2018-10-08,101.37,103.84,101.04,102.64,315700,,
2018-10-09,102.70,103.57,97.36,98.38,418100,,
2018-10-10,97.34,97.69,92.65,94.41,584000,,
2018-10-11,93.37,95.18,91.01,91.04,335400,,
2018-10-12,92.87,94.03,91.24,92.69,343600,,
2018-10-15,92.68,95.32,91.50,93.78,219700,,
2018-10-16,94.86,97.41,93.58,97.18,289500,,
2018-10-17,97.68,97.95,94.09,95.51,184900,,
2018-10-18,95.33,95.75,91.74,93.29,189900,,
2018-10-19,93.74,95.83,92.13,92.84,270300,,
2018-10-22,92.83,93.90,91.86,93.28,154000,,
2018-10-23,91.85,95.04,90.47,93.98,222900,,
2018-10-24,93.99,95.31,90.99,91.02,265500,,
2018-10-25,91.44,92.05,88.72,88.96,290000,,
2018-10-26,88.80,90.68,87.10,89.95,353900,,
2018-10-29,89.96,90.25,84.50,85.65,281100,,
2018-10-30,85.08,88.16,84.35,87.77,298300,,
2018-10-31,88.64,93.24,88.64,89.97,255700,,
2018-11-01,91.00,93.92,91.00,93.39,302000,,
2018-11-02,94.11,96.12,93.33,93.88,276200,,
2018-11-05,94.04,95.43,93.20,95.12,227800,,
2018-11-06,94.96,98.92,94.13,98.81,233300,,
2018-11-07,100.09,103.34,98.78,103.25,350200,,
2018-11-08,102.99,103.46,101.46,103.23,160300,,
2018-11-09,102.39,103.27,100.53,102.42,183000,,
2018-11-12,102.45,102.45,98.66,99.10,181600,,
2018-11-13,99.53,100.22,95.16,95.70,231200,,
2018-11-14,95.71,96.55,94.00,94.50,203300,,
2018-11-15,93.96,98.63,93.01,98.15,138900,,
2018-11-16,97.90,100.78,97.05,100.03,230700,,
2018-11-19,100.07,100.33,93.47,93.76,234500,,
2018-11-20,91.73,91.90,85.74,88.98,327800,,
2018-11-21,91.25,91.42,88.68,89.95,129500,,
2018-11-23,89.04,91.16,87.00,90.37,70300,,
2018-11-26,91.61,92.46,87.96,89.31,388600,,
2018-11-27,88.45,89.86,87.50,88.66,238200,,
2018-11-28,89.50,91.88,88.53,91.88,247900,,
2018-11-29,91.71,94.49,90.28,91.68,281700,,
2018-11-30,89.77,89.77,75.27,76.60,1399200,,
2018-12-03,78.42,78.53,72.91,73.31,725200,,
2018-12-04,73.32,73.94,70.59,71.08,390600,,
2018-12-06,69.94,71.91,68.22,71.85,525900,,
2018-12-07,71.60,73.90,69.80,69.81,263600,,
2018-12-10,69.88,72.81,68.00,72.00,239800,,
2018-12-11,73.16,73.87,71.35,72.57,222100,,
2018-12-12,73.50,75.81,73.00,73.79,431700,,
2018-12-13,74.46,74.88,72.82,73.42,209000,,
2018-12-14,72.91,75.90,72.75,75.41,251100,,
2018-12-17,74.75,75.17,69.42,69.86,405100,,
2018-12-18,70.49,73.48,70.49,72.23,326700,,
2018-12-19,72.25,72.37,69.09,70.13,496700,,
2018-12-20,70.10,70.96,65.72,67.37,422100,,
2018-12-21,67.56,67.85,64.54,64.82,823400,,
2018-12-24,64.00,66.13,63.49,64.86,200100,,
2018-12-26,65.08,66.72,63.01,66.44,246600,,
2018-12-27,64.61,69.08,64.61,69.00,332900,,
2018-12-28,69.67,69.92,66.87,67.57,168300,,
2018-12-31,68.32,69.27,67.31,67.95,213700,,
2019-01-02,67.44,69.08,66.01,68.50,233100,,
2019-01-03,68.16,68.50,66.78,66.97,230700,,
2019-01-04,68.04,69.38,67.17,68.37,358600,,
2019-01-07,68.10,69.90,67.20,69.59,200700,,
2019-01-08,70.35,73.27,70.19,72.95,224000,,
2019-01-09,73.35,75.21,72.75,74.81,287500,,
2019-01-10,74.56,74.56,72.04,73.60,206200,,
2019-01-11,73.18,73.97,71.15,73.75,206200,,
2019-01-14,72.96,74.39,72.48,73.61,152000,,
2019-01-15,73.87,74.42,72.94,73.80,230100,,
2019-01-16,74.02,74.74,72.61,73.10,138600,,
2019-01-17,72.78,75.38,72.78,74.98,186500,,
2019-01-18,75.53,77.49,75.50,76.75,133700,,
2019-01-22,76.29,76.29,72.76,73.12,154900,,
2019-01-23,73.71,74.99,72.21,73.60,134300,,
2019-01-24,74.92,77.04,74.60,76.19,287300,,
2019-01-25,76.58,78.78,76.27,78.70,231000,,
2019-01-28,78.00,78.39,75.82,76.16,182100,,
2019-01-29,76.27,78.16,75.69,76.25,226400,,
2019-01-30,77.31,78.41,73.67,74.66,268100,,
2019-01-31,74.67,78.20,73.99,77.66,280600,,
2019-02-01,77.70,77.92,74.28,74.76,290900,,
2019-02-04,74.84,76.53,73.72,76.47,172900,,
2019-02-05,76.78,78.00,76.45,77.37,113000,,
2019-02-06,77.29,78.49,76.01,78.22,187500,,
2019-02-07,77.71,79.01,74.15,75.10,172000,,
2019-02-08,74.69,76.04,73.74,75.87,163500,,
2019-02-11,76.23,77.12,75.46,77.08,165400,,
2019-02-12,77.92,79.25,77.13,79.24,172000,,
2019-02-13,79.33,79.90,78.00,78.75,129400,,
2019-02-14,78.58,81.27,77.99,80.36,198900,,
2019-02-15,80.71,82.05,80.15,82.00,190500,,
2019-02-19,82.31,82.88,81.29,81.36,146100,,
2019-02-20,81.47,82.92,81.19,82.73,154600,,
2019-02-21,82.72,82.95,80.80,81.83,144400,,
2019-02-22,82.43,82.63,81.22,82.46,186500,,
2019-02-25,82.79,83.50,80.92,81.40,232400,,
2019-02-26,81.38,81.38,77.86,78.06,233700,,
2019-02-27,78.07,80.87,77.50,80.43,221400,,
2019-02-28,80.18,81.12,79.21,79.67,191300,,
2019-03-01,80.16,80.16,78.06,79.44,181800,,
2019-03-04,79.69,80.55,76.35,76.97,259800,,
2019-03-05,77.26,78.45,76.34,76.74,530200,,
2019-03-06,86.77,95.38,83.77,83.95,2450600,,
2019-03-07,83.60,83.60,77.04,78.81,610100,,
2019-03-08,78.02,79.04,76.52,78.69,244600,,
2019-03-11,78.72,78.72,75.73,78.38,406100,,
2019-03-12,78.29,80.79,77.39,80.62,338700,,
2019-03-13,81.26,82.26,78.60,78.89,365700,,
2019-03-14,78.74,79.50,75.12,75.15,432300,,
2019-03-15,75.00,75.18,70.90,71.04,1073400,,
2019-03-18,71.35,72.70,70.51,71.70,464200,,
2019-03-19,71.88,72.35,70.70,70.92,295800,,
2019-03-20,70.84,70.85,68.77,69.54,330100,,
2019-03-21,69.53,71.29,69.53,70.43,305100,,
2019-03-22,70.12,70.19,67.26,67.69,222100,,
2019-03-25,67.69,70.15,67.69,69.22,295000,,
2019-03-26,70.12,70.97,67.19,67.50,323700,,
2019-03-27,67.36,68.16,65.67,66.89,259100,,
2019-03-28,67.15,68.99,66.51,68.46,157600,,
2019-03-29,68.94,69.67,67.94,68.41,182800,,
2019-04-01,68.72,70.44,68.72,69.67,164800,,
2019-04-02,69.69,70.81,68.83,69.07,268200,,
2019-04-03,69.78,70.64,68.02,68.33,283500,,
2019-04-04,68.15,69.45,67.75,68.15,189000,,
2019-04-05,68.11,68.86,68.00,68.60,191300,,
2019-04-08,68.37,68.37,67.08,67.93,157700,,
2019-04-09,67.80,67.80,65.88,65.99,220400,,
2019-04-10,66.23,66.74,65.38,66.31,344200,,
2019-04-11,66.03,68.60,65.93,67.94,196700,,
2019-04-12,68.76,68.76,67.03,67.82,150900,,
2019-04-15,67.93,68.78,66.17,66.63,172000,,
2019-04-16,67.00,67.62,66.03,66.75,155900,,
2019-04-17,67.05,67.05,64.05,65.18,217200,,
2019-04-18,65.23,67.55,64.59,67.14,246200,,
2019-04-22,67.00,67.10,65.94,66.97,179300,,
2019-04-23,67.30,69.31,66.94,68.65,219400,,
2019-04-24,68.80,69.35,67.69,68.02,228500,,
2019-04-25,67.68,69.11,66.52,68.84,251900,,
2019-04-26,68.87,69.68,68.24,69.53,148100,,
2019-04-29,69.53,71.24,69.08,70.85,187500,,
2019-04-30,70.85,71.01,68.19,68.56,255100,,
2019-05-01,68.82,69.58,68.11,68.29,217800,,
2019-05-02,68.01,68.19,66.09,67.44,135600,,
2019-05-03,67.97,69.26,67.52,68.96,204900,,
2019-05-06,67.63,68.95,67.46,68.08,159200,,
2019-05-07,67.34,67.69,64.74,65.28,248300,,
2019-05-08,65.56,66.55,65.00,65.75,153500,,
2019-05-09,65.29,65.92,64.60,65.59,170800,,
2019-05-10,65.57,66.25,64.22,65.84,122000,,
2019-05-13,64.37,64.62,62.50,63.47,218700,,
2019-05-14,67.40,70.85,65.72,69.61,435000,,
2019-05-15,68.64,69.04,67.37,67.94,197500,,
2019-05-16,67.68,70.19,67.10,70.09,209700,,
2019-05-17,69.47,70.05,66.62,66.76,155700,,
2019-05-20,67.06,68.44,66.35,68.22,118100,,
2019-05-21,68.76,69.93,68.45,69.80,139000,,
2019-05-22,69.52,69.52,68.25,68.56,119300,,
2019-05-23,67.96,68.50,65.18,65.66,169000,,
2019-05-24,66.22,66.99,65.30,66.20,79000,,
2019-05-28,66.28,67.87,66.28,67.20,118300,,
2019-05-29,66.64,67.43,66.16,66.85,107000,,
2019-05-30,66.86,67.85,66.08,66.44,119700,,
2019-05-31,65.44,65.72,64.52,64.75,117600,,
2019-06-03,64.77,66.41,64.17,65.78,163000,,
2019-06-04,65.90,67.67,63.17,64.16,201600,,
2019-06-05,64.31,66.43,63.89,65.50,130200,,
2019-06-06,65.81,65.81,63.53,64.32,143700,,
2019-06-07,64.32,64.97,63.86,64.02,124200,,
2019-06-10,64.50,64.93,63.23,63.43,144900,,
2019-06-11,64.08,64.85,61.72,62.98,184800,,
2019-06-12,62.81,62.86,61.39,62.43,239800,,
2019-06-13,62.56,63.66,62.24,63.62,210600,,
2019-06-14,63.30,63.63,62.42,62.55,151900,,
2019-06-17,62.47,62.89,61.16,61.49,199200,,
2019-06-18,62.33,62.64,60.95,61.45,165300,,
2019-06-19,61.17,62.09,61.09,61.90,198200,,
2019-06-20,62.84,65.42,62.11,65.24,244100,,
2019-06-21,64.87,64.87,62.56,63.99,690500,,
2019-06-24,63.87,63.90,61.50,61.82,384200,,
2019-06-25,61.96,62.70,61.09,61.31,455200,,
2019-06-26,57.00,60.75,55.15,55.89,1370600,,
2019-06-27,55.97,56.31,54.61,55.48,591200,,
2019-06-28,55.62,57.09,54.71,56.77,427400,,
2019-07-01,57.21,57.59,55.04,55.12,297500,,
2019-07-02,55.00,55.99,53.90,55.33,284700,,
2019-07-03,55.69,56.85,55.16,55.73,131800,,
2019-07-05,55.70,56.37,54.88,56.31,127000,,
2019-07-08,56.45,58.24,56.30,57.69,320400,,
2019-07-09,57.22,57.66,56.75,56.78,164400,,
2019-07-10,56.85,57.46,54.93,55.05,202100,,
2019-07-11,55.01,55.70,54.20,55.37,190800,,
2019-07-12,55.11,56.04,55.00,55.85,174600,,
2019-07-15,55.90,55.96,54.97,55.39,149000,,
2019-07-16,55.44,56.37,55.32,55.45,146000,,
2019-07-17,55.35,55.35,53.84,54.37,188600,,
2019-07-18,53.91,54.46,53.10,53.95,182800,,
2019-07-19,53.97,55.18,53.97,54.27,196300,,
2019-07-22,54.36,54.80,53.25,53.96,137200,,
2019-07-23,54.07,54.67,53.53,53.85,143700,,
2019-07-24,53.32,55.63,53.00,55.05,171900,,
2019-07-25,55.42,55.53,54.18,54.27,136500,,
2019-07-26,54.31,54.63,53.35,54.22,124400,,
2019-07-29,54.18,54.93,53.62,54.63,132700,,
2019-07-30,54.20,56.03,54.04,56.01,145600,,
2019-07-31,56.23,56.99,54.81,54.85,156400,,
2019-08-01,54.85,55.33,52.72,52.91,147300,,
2019-08-02,52.67,53.08,51.59,52.54,155900,,
2019-08-05,51.46,51.71,50.15,50.97,179900,,
2019-08-06,51.36,51.92,50.31,51.34,169200,,
2019-08-07,50.60,51.65,50.18,50.94,160400,,
2019-08-08,51.14,54.16,51.14,53.30,216500,,
2019-08-09,53.15,53.43,51.85,52.44,138000,,
2019-08-12,52.11,52.44,50.86,50.99,108700,,
2019-08-13,50.91,51.99,50.88,51.74,93000,,
2019-08-14,50.90,51.23,49.69,50.63,139100,,
2019-08-15,50.49,51.63,49.95,51.30,114600,,
2019-08-16,51.77,53.31,51.77,52.52,119300,,
2019-08-19,53.17,53.69,52.17,52.47,139300,,
2019-08-20,52.17,52.80,51.72,51.94,125200,,
2019-08-21,52.63,53.56,52.00,53.05,137000,,
2019-08-22,53.37,53.37,51.95,52.78,117600,,
2019-08-23,52.50,52.90,50.59,50.78,158900,,
2019-08-26,50.35,50.98,48.61,49.74,201700,,
2019-08-27,50.05,50.17,48.83,49.54,193600,,
2019-08-28,49.57,52.46,49.55,51.50,154500,,
2019-08-29,52.05,53.24,51.39,51.52,134300,,
2019-08-30,51.68,52.24,51.33,51.53,219800,,
2019-09-03,51.03,52.40,50.39,51.51,344200,,
2019-09-04,52.02,53.64,51.84,52.76,315200,,
2019-09-05,57.28,58.55,54.10,55.33,631800,,
2019-09-06,55.68,57.24,54.99,56.94,295100,,
2019-09-09,58.16,58.40,56.10,57.12,252400,,
2019-09-10,56.87,60.09,56.44,59.65,239500,,
2019-09-11,59.75,60.29,58.27,60.17,201900,,
2019-09-12,60.44,62.29,58.99,61.63,219700,,
2019-09-13,61.74,62.61,60.20,60.88,199300,,
2019-09-16,63.01,63.96,61.00,63.59,372200,,
2019-09-17,63.36,63.73,61.65,62.28,299100,,
2019-09-18,62.04,62.51,60.82,62.16,176000,,
2019-09-19,62.26,62.30,61.10,61.15,213600,,
2019-09-20,61.22,62.07,60.32,61.27,662700,,
2019-09-23,61.25,61.96,60.46,61.32,125700,,
2019-09-24,61.24,61.78,59.23,59.46,169400,,
2019-09-25,59.03,59.84,54.97,55.51,338700,,
2019-09-26,55.38,55.51,52.53,52.56,351500,,
2019-09-27,52.85,53.86,52.28,53.28,330200,,
2019-09-30,53.11,53.85,52.66,53.56,177600,,
2019-10-01,54.04,54.42,51.46,52.00,251100,,
2019-10-02,51.35,52.72,51.35,52.65,216400,,
2019-10-03,52.31,53.33,51.91,53.26,153500,,
2019-10-04,53.35,54.51,52.82,54.42,121800,,
2019-10-07,54.12,54.86,53.31,54.38,112200,,
2019-10-08,53.95,55.26,53.38,54.53,125700,,
2019-10-09,54.85,54.89,54.07,54.60,89000,,
2019-10-10,54.85,55.28,54.32,54.91,99900,,
2019-10-11,55.71,57.31,55.65,56.38,159300,,
2019-10-14,56.06,57.24,55.59,57.16,127800,,
2019-10-15,57.13,57.66,56.77,57.06,97200,,
2019-10-16,58.85,62.33,58.69,59.16,385700,,
2019-10-17,59.66,60.66,58.47,58.62,253400,,
2019-10-18,58.23,58.54,56.97,57.84,158600,,
2019-10-21,58.17,59.21,57.91,57.97,149500,,
2019-10-22,57.93,58.78,57.20,57.28,130500,,
2019-10-23,57.16,57.88,56.45,57.67,164700,,
2019-10-24,57.75,59.05,57.64,58.76,90900,,
2019-10-25,58.59,58.91,56.48,56.79,143500,,
2019-10-28,57.26,60.20,57.26,60.01,233500,,
2019-10-29,60.21,60.43,58.04,58.85,188800,,
2019-10-30,58.69,59.59,58.07,59.52,134900,,
2019-10-31,59.23,59.38,57.51,57.98,105900,,
2019-11-01,58.25,60.92,58.25,60.42,146500,,
2019-11-04,61.10,61.55,58.90,58.95,124000,,
2019-11-05,59.10,59.86,58.64,59.60,157900,,
2019-11-06,59.71,60.00,58.88,59.94,137500,,
2019-11-07,60.54,61.00,59.92,60.40,131000,,
2019-11-08,60.51,62.26,60.26,61.78,133500,,
2019-11-11,61.43,62.15,60.76,62.04,105800,,
2019-11-12,61.79,62.41,60.52,60.87,198400,,
2019-11-13,60.49,61.54,60.22,61.50,122100,,
2019-11-14,61.39,62.62,61.39,62.10,94300,,
2019-11-15,62.52,63.27,62.11,62.68,96400,,
2019-11-18,62.58,62.67,61.60,61.76,102200,,
2019-11-19,62.00,62.00,60.77,60.84,85600,,
2019-11-20,60.73,61.27,59.88,60.12,212200,,
2019-11-21,60.27,60.39,58.03,59.17,153300,,
2019-11-22,59.44,59.76,58.18,58.40,115000,,
2019-11-25,58.73,60.84,58.55,60.44,142200,,
2019-11-26,60.64,63.40,60.18,61.72,240100,,
2019-11-27,62.02,63.05,61.22,61.89,201500,,
2019-11-29,61.80,61.80,60.75,61.34,91000,,
2019-12-02,65.00,66.33,62.99,63.75,317600,,
2019-12-03,62.45,65.03,62.41,64.61,404300,,
2019-12-04,66.12,68.35,60.24,61.28,691200,,
2019-12-05,61.38,61.95,59.95,61.59,257500,,
2019-12-06,62.35,63.44,61.85,62.50,211400,,
2019-12-09,62.51,62.89,61.12,61.30,195100,,
2019-12-10,61.12,61.25,59.95,60.63,132900,,
2019-12-11,60.74,62.07,60.51,61.98,127800,,
2019-12-12,62.08,63.23,61.66,62.92,207400,,
2019-12-13,62.80,63.45,61.65,61.81,125700,,
2019-12-16,61.51,63.55,61.51,62.67,197500,,
2019-12-17,62.61,63.53,62.13,63.37,178200,,
2019-12-18,63.32,63.45,62.59,62.91,144500,,
2019-12-19,62.95,64.18,62.95,64.03,120100,,
2019-12-20,64.11,64.69,63.23,63.40,556800,,
2019-12-23,63.50,64.50,63.22,64.35,185400,,
2019-12-24,64.22,64.75,63.86,64.28,53300,,
2019-12-26,64.27,64.27,63.04,63.45,107300,,
2019-12-27,63.75,63.75,61.93,62.05,120600,,
2019-12-30,62.04,63.12,61.52,62.78,192500,,
2019-12-31,62.35,63.19,61.72,61.74,200200,,
2020-01-02,62.15,62.99,61.95,62.97,124100,,
2020-01-03,63.14,67.48,63.07,67.31,328600,,
2020-01-06,71.52,71.60,66.40,66.73,497900,,
2020-01-07,66.73,68.65,66.19,68.39,209400,,
2020-01-08,68.89,69.50,68.17,68.56,402500,,
2020-01-09,69.10,70.91,68.61,69.71,271600,,
2020-01-10,69.90,70.38,68.95,69.63,187900,,
2020-01-13,69.91,71.24,69.86,70.88,283200,,
2020-01-14,70.88,72.54,70.20,71.75,197000,,
2020-01-15,71.68,72.70,70.16,70.50,258400,,
2020-01-16,70.50,71.74,70.50,71.51,145400,,
2020-01-17,71.95,72.00,70.80,70.84,118100,,
2020-01-21,70.32,71.11,68.57,69.52,207600,,
2020-01-22,69.70,69.73,68.33,68.55,112600,,
2020-01-23,68.30,68.63,67.62,68.01,143800,,
2020-01-24,68.34,68.56,67.09,67.93,125500,,
2020-01-27,66.79,67.88,66.25,67.38,375600,,
2020-01-28,67.53,68.25,66.90,67.40,92100,,
2020-01-29,67.71,67.77,66.11,66.93,136900,,
2020-01-30,66.22,67.02,65.94,66.92,147000,,
2020-01-31,66.56,66.87,66.00,66.61,171800,,
2020-02-03,66.46,68.25,66.40,68.06,219500,,
2020-02-04,69.12,70.42,68.63,70.35,167400,,
2020-02-05,71.06,72.66,70.70,72.16,208000,,
2020-02-06,72.17,72.70,69.47,69.47,184500,,
2020-02-07,69.57,69.88,67.60,67.80,89900,,
2020-02-10,67.75,68.66,67.75,68.19,78200,,
2020-02-11,68.96,69.71,68.38,69.31,104400,,
2020-02-12,69.65,70.04,68.27,69.46,115000,,
2020-02-13,69.58,70.38,69.56,69.97,147800,,
2020-02-14,65.10,65.56,62.50,63.82,707700,,
2020-02-18,63.82,64.19,61.29,62.40,425300,,
2020-02-19,62.57,64.17,62.57,62.63,213800,,
2020-02-20,62.55,63.21,62.01,63.03,163800,,
2020-02-21,62.85,64.17,62.30,64.03,193800,,
2020-02-24,61.92,64.16,61.62,63.67,219700,,
2020-02-25,63.84,63.90,59.31,59.42,303300,,
2020-02-26,59.67,60.60,55.33,55.54,369100,,
2020-02-27,54.41,56.30,52.53,54.06,380600,,
2020-02-28,52.27,54.93,50.52,51.39,464200,,
2020-03-02,51.83,54.47,50.30,54.32,279600,,
2020-03-03,54.54,55.97,53.32,53.59,350000,,
2020-03-04,50.72,58.88,50.60,58.71,469300,,
2020-03-05,57.51,60.43,57.51,60.18,283300,,
2020-03-06,58.60,61.28,58.45,61.15,354500,,
2020-03-09,55.16,57.81,55.00,56.01,347900,,
2020-03-10,58.14,58.86,54.40,56.41,252100,,
2020-03-11,54.84,55.75,53.49,54.73,180400,,
2020-03-12,50.42,52.08,46.11,46.72,494400,,
2020-03-13,48.80,50.54,46.01,50.41,316400,,
2020-03-16,45.36,52.19,45.00,51.01,448800,,
2020-03-17,51.81,55.70,50.84,54.66,451800,,
2020-03-18,51.74,54.41,46.79,53.00,369300,,
2020-03-19,52.45,58.80,50.00,57.39,425200,,
2020-03-20,57.69,59.13,53.28,53.45,376000,,
2020-03-23,53.45,55.39,50.78,51.90,465400,,
2020-03-24,54.84,56.00,52.03,54.14,369100,,
2020-03-25,54.01,55.34,51.26,52.07,544000,,
2020-03-26,52.75,58.50,52.17,58.04,286200,,
2020-03-27,56.07,57.95,53.58,55.29,306300,,
2020-03-30,55.61,60.50,52.96,60.14,460100,,
2020-03-31,59.53,61.55,58.84,60.96,300200,,
2020-04-01,57.97,58.96,53.80,54.43,215600,,
2020-04-02,53.55,56.77,52.99,53.79,192400,,
2020-04-03,53.45,55.69,52.58,53.72,297700,,
2020-04-06,54.54,58.69,54.54,57.20,216300,,
2020-04-07,59.43,59.80,54.57,54.78,187600,,
2020-04-08,55.58,55.75,53.70,55.06,331500,,
2020-04-09,56.62,59.37,56.51,59.00,138900,,
2020-04-13,57.24,58.28,56.52,57.62,153100,,
2020-04-14,58.50,60.77,57.65,60.23,198400,,
2020-04-15,59.93,59.93,57.44,58.42,197800,,
2020-04-16,58.14,58.88,53.15,53.53,366000,,
2020-04-17,55.26,58.77,55.11,58.56,298100,,
2020-04-20,57.28,58.55,55.79,56.03,156200,,
2020-04-21,54.74,55.53,53.78,54.67,140600,,
2020-04-22,54.35,56.92,54.26,56.17,114000,,
2020-04-23,56.83,57.63,56.28,56.41,90400,,
2020-04-24,57.03,57.03,55.05,55.67,80800,,
2020-04-27,56.00,57.90,55.82,57.22,130800,,
2020-04-28,58.24,59.28,57.11,58.87,195700,,
2020-04-29,60.48,61.87,59.10,61.32,284200,,
2020-04-30,60.23,60.67,58.61,60.26,227000,,
2020-05-01,58.75,59.44,57.49,59.22,219600,,
2020-05-04,58.48,59.62,57.62,59.54,186600,,
2020-05-05,60.82,61.97,60.00,60.59,132900,,
2020-05-06,61.00,61.80,59.62,59.62,106800,,
2020-05-07,61.15,61.54,59.89,60.06,166900,,
2020-05-08,61.16,62.19,60.51,61.27,122100,,
2020-05-11,61.00,62.95,60.49,62.20,152900,,
2020-05-12,62.67,63.74,61.54,61.61,230500,,
2020-05-13,61.34,62.21,59.28,59.99,267500,,
2020-05-14,59.35,60.41,57.61,60.13,202100,,
2020-05-15,60.35,63.10,60.01,61.88,244900,,
2020-05-18,62.91,66.59,62.91,65.56,299200,,
2020-05-19,65.23,66.31,62.08,62.14,173800,,
2020-05-20,63.17,65.58,63.17,64.72,152100,,
2020-05-21,64.62,65.29,64.19,64.33,115800,,
2020-05-22,64.85,65.35,63.82,65.35,108700,,
2020-05-26,67.00,68.83,66.86,67.19,156400,,
2020-05-27,68.21,70.47,66.00,70.16,295000,,
2020-05-28,71.00,71.05,67.50,67.93,220300,,
2020-05-29,67.61,71.07,66.50,70.83,275700,,
2020-06-01,70.96,71.74,69.20,69.20,234800,,
2020-06-02,69.67,72.36,69.25,71.58,213400,,
2020-06-03,72.82,74.23,72.01,73.64,182900,,
2020-06-04,73.43,76.35,72.26,75.76,209500,,
2020-06-05,77.94,79.45,75.85,76.41,232900,,
2020-06-08,77.91,79.54,75.03,75.52,290200,,
2020-06-09,74.51,74.51,72.72,73.47,263400,,
2020-06-10,73.70,74.68,71.38,73.27,228200,,
2020-06-11,70.83,70.83,67.21,67.53,300600,,
2020-06-12,70.00,71.44,67.79,69.57,246800,,
2020-06-15,68.15,69.77,67.78,68.72,322800,,
2020-06-16,71.40,72.81,70.00,71.24,187000,,
2020-06-17,71.19,71.60,69.35,69.42,138200,,
2020-06-18,69.36,70.75,67.98,69.73,136000,,
2020-06-19,70.90,71.17,67.56,67.59,589700,,
2020-06-22,67.81,69.91,67.59,69.59,352900,,
2020-06-23,71.01,72.33,70.17,71.91,395800,,
2020-06-24,75.24,75.90,69.12,71.80,571600,,
2020-06-25,73.50,78.85,73.09,78.85,597600,,
2020-06-26,78.20,79.41,75.81,77.02,471100,,
2020-06-29,77.55,80.11,77.00,78.32,279200,,
2020-06-30,78.30,80.77,77.33,79.63,413900,,
2020-07-01,79.49,80.04,75.78,76.10,269300,,
2020-07-02,77.00,78.53,76.70,77.71,166500,,
2020-07-06,78.85,79.80,77.12,77.76,153200,,
2020-07-07,77.37,79.41,77.37,77.74,213100,,
2020-07-08,77.90,79.04,76.82,77.51,144200,,
2020-07-09,77.98,78.47,75.38,75.93,183800,,
2020-07-10,76.47,76.78,75.50,76.42,131800,,
2020-07-13,77.01,77.86,74.37,74.41,192500,,
2020-07-14,74.06,75.80,74.06,75.61,109300,,
2020-07-15,77.49,78.45,76.87,77.66,176900,,
2020-07-16,77.14,77.58,76.61,77.27,101000,,
2020-07-17,77.34,79.08,77.27,78.00,155800,,
2020-07-20,78.00,79.35,76.71,78.09,146000,,
2020-07-21,78.40,79.55,78.03,78.31,137100,,
2020-07-22,77.85,78.97,76.07,76.33,262300,,
2020-07-23,76.68,79.98,76.33,77.61,301400,,
2020-07-24,77.22,77.22,74.65,75.29,220000,,
2020-07-27,75.09,77.69,75.09,77.50,134400,,
2020-07-28,77.41,78.22,76.54,76.69,91400,,
2020-07-29,77.10,78.56,77.10,77.69,130600,,
2020-07-30,76.80,78.27,76.51,77.15,73500,,
2020-07-31,76.96,77.05,75.02,76.55,137300,,
2020-08-03,77.06,78.30,76.00,77.84,166400,,
2020-08-04,78.07,79.66,77.11,79.15,197300,,
2020-08-05,80.00,86.53,79.80,85.81,398300,,
2020-08-06,85.81,87.00,81.67,83.10,179700,,
2020-08-07,81.70,84.00,80.26,81.05,159700,,
2020-08-10,81.05,82.06,79.89,80.26,114300,,
2020-08-11,81.11,82.83,79.00,79.54,215900,,
2020-08-12,80.24,82.03,80.15,81.36,112300,,
2020-08-13,81.61,81.72,80.73,80.90,88900,,
2020-08-14,80.70,81.68,80.20,81.33,87100,,
2020-08-17,82.18,82.90,81.07,81.98,101400,,
2020-08-18,82.12,82.23,80.47,80.87,79100,,
2020-08-19,81.14,81.65,80.22,80.31,99200,,
2020-08-20,79.72,80.56,78.50,79.39,115900,,
2020-08-21,79.25,79.47,77.27,78.47,369300,,
2020-08-24,79.33,79.47,77.21,78.29,111300,,
2020-08-25,78.39,78.70,77.02,78.12,94000,,
2020-08-26,77.87,77.87,75.71,76.66,128900,,
2020-08-27,77.22,77.36,75.20,76.08,145000,,
2020-08-28,76.74,77.03,76.13,76.87,91600,,
2020-08-31,76.60,76.98,76.02,76.39,190600,,
2020-09-01,76.01,78.87,75.78,78.76,161900,,
2020-09-02,79.01,79.68,77.53,78.40,93900,,
2020-09-03,78.23,78.40,74.74,75.14,168400,,
2020-09-04,75.89,76.75,70.68,71.87,228800,,
2020-09-08,70.45,70.96,68.96,68.98,193500,,
2020-09-09,69.50,70.29,68.41,69.00,227400,,
2020-09-10,69.50,71.41,63.19,64.43,472800,,
2020-09-11,64.44,68.17,63.71,63.95,341000,,
2020-09-14,64.48,65.82,64.05,64.59,198700,,
2020-09-15,65.13,65.69,63.58,64.85,214500,,
2020-09-16,65.82,66.88,65.01,65.19,190000,,
2020-09-17,64.03,65.28,63.52,64.41,135200,,
2020-09-18,65.00,65.00,62.89,63.42,475200,,
2020-09-21,62.00,63.31,61.55,62.24,147100,,
2020-09-22,62.42,63.32,61.25,63.12,126000,,
2020-09-23,63.12,63.69,61.20,61.21,138200,,
2020-09-24,60.90,61.83,59.13,60.33,273500,,
2020-09-25,60.13,62.09,59.66,61.72,130400,,
2020-09-28,62.27,63.31,61.38,61.52,114900,,
2020-09-29,61.21,62.33,61.19,61.91,106900,,
2020-09-30,62.10,62.39,59.58,60.01,174300,,
2020-10-01,60.21,62.04,60.21,61.54,182500,,
2020-10-02,60.20,63.17,60.08,62.97,179200,,
2020-10-05,63.70,63.98,62.83,63.55,152000,,
2020-10-06,64.11,66.02,64.01,64.09,167200,,
2020-10-07,64.62,65.83,64.62,65.24,161500,,
2020-10-08,69.99,74.56,68.21,69.50,565100,,
2020-10-09,70.61,71.78,69.76,71.14,242900,,
2020-10-12,71.22,72.29,71.10,71.57,158200,,
2020-10-13,71.62,71.62,69.35,71.45,224900,,
2020-10-14,71.60,72.91,71.37,71.63,197600,,
2020-10-15,71.33,74.15,70.71,74.03,203700,,
2020-10-16,74.20,75.50,74.20,75.00,192000,,
2020-10-19,75.49,76.13,74.43,75.00,171200,,
2020-10-20,75.79,76.13,74.87,75.51,148400,,
2020-10-21,75.84,76.72,74.79,75.93,119200,,
2020-10-22,76.44,77.00,75.00,76.38,131800,,
2020-10-23,77.19,77.59,76.05,77.51,110300,,
2020-10-26,76.48,77.12,74.98,76.11,136500,,
2020-10-27,76.00,76.70,75.33,76.39,120800,,
2020-10-28,75.17,75.64,74.50,75.03,165700,,
2020-10-29,74.94,76.59,74.10,75.95,122200,,
2020-10-30,75.95,77.04,74.74,76.36,131100,,
2020-11-02,76.90,77.63,75.13,76.01,116500,,
2020-11-03,76.85,77.77,75.30,76.48,107600,,
2020-11-04,75.82,77.52,75.71,76.87,106100,,
2020-11-05,77.25,77.83,76.68,77.62,114200,,
2020-11-06,77.62,77.77,76.26,76.70,94300,,
2020-11-09,80.07,81.60,77.84,77.95,156400,,
2020-11-10,78.77,80.48,77.81,79.98,150200,,
2020-11-11,79.98,81.35,78.87,81.34,136700,,
2020-11-12,81.35,81.35,79.28,79.72,111600,,
2020-11-13,80.36,81.34,79.55,81.22,117900,,
2020-11-16,82.07,83.66,81.40,83.58,123000,,
2020-11-17,83.46,84.52,81.52,84.17,158000,,
2020-11-18,84.61,85.03,82.80,82.81,180600,,
2020-11-19,83.18,83.68,81.68,83.31,78400,,
2020-11-20,83.06,84.00,81.78,83.30,113800,,
2020-11-23,84.18,86.71,83.70,85.84,123500,,
2020-11-24,86.59,89.34,86.24,88.91,127300,,
2020-11-25,87.79,88.73,85.27,85.71,172100,,
2020-11-27,85.47,87.05,85.47,86.66,54800,,
2020-11-30,86.02,87.07,84.89,85.39,163400,,
2020-12-01,86.19,87.56,86.07,87.33,95300,,
2020-12-02,87.24,87.73,86.01,87.46,95400,,
2020-12-03,87.68,89.20,87.61,88.24,69200,,
2020-12-04,88.24,90.96,88.00,90.47,80500,,
2020-12-07,90.99,92.91,90.01,91.23,147100,,
2020-12-08,90.83,92.28,88.78,90.45,161500,,
2020-12-09,93.98,99.81,87.32,88.44,363000,,
2020-12-10,89.52,89.52,86.04,86.45,157000,,
2020-12-11,85.91,87.22,83.29,83.90,159200,,
2020-12-14,84.40,84.80,81.13,81.25,313200,,
2020-12-15,82.07,83.56,80.79,83.55,232900,,
2020-12-16,83.99,84.70,81.31,82.22,127100,,
2020-12-17,82.41,85.81,82.41,85.45,185700,,
2020-12-18,86.57,86.76,84.05,86.13,736300,,
2020-12-21,85.56,88.90,84.94,88.18,221200,,
2020-12-22,89.05,91.09,88.37,89.39,150900,,
2020-12-23,90.13,90.77,89.80,89.96,130400,,
2020-12-24,90.82,91.77,88.70,88.97,40900,,
2020-12-28,89.56,90.40,89.04,89.36,126800,,
2020-12-29,90.07,90.29,87.20,88.16,125200,,
2020-12-30,88.20,89.82,87.76,88.04,72400,,
2020-12-31,88.06,88.06,85.54,86.90,147500,,
2021-01-04,87.20,88.21,85.19,85.93,155000,,
2021-01-05,85.81,89.35,85.70,88.45,118300,,
2021-01-06,88.88,91.40,88.15,89.47,240100,,
2021-01-07,89.87,91.27,88.55,90.91,113100,,
2021-01-08,91.97,94.04,91.22,92.69,207900,,
2021-01-11,91.67,93.78,91.67,93.14,127900,,
2021-01-12,93.48,96.05,93.41,95.67,125200,,
2021-01-13,96.01,96.80,95.25,96.17,131500,,
2021-01-14,107.10,127.74,106.00,125.29,1049500,,
2021-01-15,122.47,125.00,114.50,116.64,614700,,
2021-01-19,121.47,134.41,120.00,131.09,783500,,
2021-01-20,139.25,139.73,129.83,131.48,415500,,
2021-01-21,131.13,133.03,127.17,128.84,370700,,
2021-01-22,127.51,133.81,123.70,133.25,318900,,
2021-01-25,138.13,143.72,133.37,134.20,354900,,
2021-01-26,131.02,134.95,125.20,125.87,315700,,
2021-01-27,119.50,125.92,116.76,119.38,351500,,
2021-01-28,120.92,124.64,119.28,119.82,211300,,
2021-01-29,120.11,120.74,114.42,114.77,206100,,
2021-02-01,120.04,121.20,114.71,118.50,221500,,
2021-02-02,121.63,121.93,117.08,118.55,232000,,
2021-02-03,119.00,121.33,117.15,121.05,202100,,
2021-02-04,122.60,125.18,120.18,121.66,132200,,
2021-02-05,122.25,123.82,120.72,122.67,155000,,
2021-02-08,124.94,132.63,123.78,132.08,298800,,
2021-02-09,133.53,139.22,132.66,137.94,226000,,
2021-02-10,142.13,142.29,133.61,137.42,217300,,
2021-02-11,137.62,140.35,130.59,135.28,226200,,
2021-02-12,133.87,137.24,133.27,136.59,120100,,
2021-02-16,138.22,138.81,134.20,134.37,186800,,
2021-02-17,132.14,133.34,128.34,129.57,263400,,
2021-02-18,127.97,127.97,122.15,123.48,196600,,
2021-02-19,124.43,127.87,124.43,127.30,339800,,
2021-02-22,126.40,127.89,123.81,125.67,169200,,
2021-02-23,122.06,122.06,111.39,112.81,403100,,
2021-02-24,114.66,120.19,113.46,117.11,231200,,
2021-02-25,117.89,118.28,110.40,111.11,185700,,
2021-02-26,111.37,113.05,107.73,110.08,242000,,
2021-03-01,112.96,115.78,111.05,115.45,170200,,
2021-03-02,115.99,116.57,111.88,111.93,155400,,
2021-03-03,112.98,119.99,110.78,114.29,644800,,
2021-03-04,114.04,115.00,103.70,106.70,325000,,
2021-03-05,107.20,109.90,97.77,105.42,274000,,
2021-03-08,106.19,108.04,101.82,102.54,203000,,
2021-03-09,107.00,109.89,105.26,106.37,300200,,
2021-03-10,107.86,114.38,106.50,108.64,287300,,
2021-03-11,109.88,122.66,109.88,122.33,292800,,
2021-03-12,119.40,123.65,119.11,121.68,358000,,
2021-03-15,121.68,124.81,119.12,119.85,205700,,
2021-03-16,122.00,123.62,117.12,118.51,185500,,
2021-03-17,118.45,123.06,116.60,121.76,215300,,
2021-03-18,120.73,128.98,119.34,119.34,741700,,
2021-03-19,119.93,121.60,114.40,119.46,616700,,
2021-03-22,121.12,121.87,118.00,119.19,148200,,
2021-03-23,117.81,118.43,113.37,113.70,181700,,
2021-03-24,115.49,118.06,111.85,112.04,149600,,
2021-03-25,115.19,115.54,107.75,114.65,204700,,
2021-03-26,115.75,118.97,114.56,118.81,132100,,
2021-03-29,118.32,121.85,115.18,115.19,194600,,
2021-03-30,114.43,119.50,114.43,117.62,317900,,
2021-03-31,118.06,119.58,115.67,116.06,217700,,
2021-04-01,118.07,121.27,117.20,119.35,132200,,
2021-04-05,126.76,126.76,118.50,121.64,435700,,
2021-04-06,121.74,122.92,117.31,117.41,202000,,
2021-04-07,117.62,117.62,111.78,113.37,264200,,
2021-04-08,113.85,115.48,112.44,115.01,194100,,
2021-04-09,114.15,114.58,112.60,113.18,285400,,
2021-04-12,113.50,115.00,112.00,113.44,155000,,
2021-04-13,112.41,113.43,109.50,111.58,170500,,
2021-04-14,113.08,113.68,110.03,110.33,118900,,
2021-04-15,111.59,111.66,108.71,109.11,136700,,
2021-04-16,108.98,109.26,107.24,108.40,116800,,
2021-04-19,107.36,108.00,104.22,105.68,186400,,
2021-04-20,105.39,106.14,101.31,102.48,193000,,
2021-04-21,102.46,107.41,102.46,106.58,125000,,
2021-04-22,107.40,110.24,107.37,108.50,185800,,
2021-04-23,109.00,111.84,109.00,111.46,134100,,
2021-04-26,111.22,113.90,111.22,113.47,157600,,
2021-04-27,114.35,114.35,111.22,112.70,122200,,
2021-04-28,111.90,112.66,111.13,111.97,81200,,
2021-04-29,112.93,113.85,110.81,111.32,88500,,
2021-04-30,109.52,111.03,108.72,110.37,153800,,
2021-05-03,110.35,110.92,109.02,109.75,216500,,
2021-05-04,108.85,109.35,105.85,108.04,112200,,
2021-05-05,108.73,108.81,106.25,106.65,92100,,
2021-05-06,106.16,109.56,105.20,109.40,150400,,
2021-05-07,109.50,111.72,108.75,109.45,96400,,
2021-05-10,110.40,110.40,103.10,103.13,128500,,
2021-05-11,100.02,104.04,98.18,103.35,161300,,
2021-05-12,102.69,103.93,100.57,101.59,185800,,
2021-05-13,101.95,105.05,101.42,104.23,187800,,
2021-05-14,104.74,107.69,103.04,107.28,153400,,
2021-05-17,105.96,108.02,104.60,107.97,192800,,
2021-05-18,108.88,111.15,105.89,106.46,158800,,
2021-05-19,104.82,105.97,103.77,105.92,98600,,
2021-05-20,106.55,108.40,105.85,108.20,85300,,
2021-05-21,109.75,110.98,108.06,108.06,90400,,
2021-05-24,108.49,108.82,106.88,107.93,100800,,
2021-05-25,108.55,108.67,106.51,107.34,133200,,
2021-05-26,107.71,109.23,105.88,108.62,114500,,
2021-05-27,109.59,110.74,108.83,110.11,119500,,
2021-05-28,111.34,111.45,109.20,109.63,71500,,
2021-06-01,109.91,111.28,108.97,110.43,139700,,
2021-06-02,111.17,111.76,108.94,111.61,89200,,
2021-06-03,110.00,110.55,108.72,109.40,99700,,
2021-06-04,110.30,113.25,109.01,111.34,89300,,
2021-06-07,112.15,113.32,110.67,112.85,114500,,
2021-06-08,113.27,113.98,111.82,112.84,88700,,
2021-06-09,113.60,113.74,110.20,110.22,91100,,
2021-06-10,110.49,111.62,108.95,110.46,75500,,
2021-06-11,111.16,112.50,110.08,112.49,89000,,
2021-06-14,112.62,113.92,111.81,113.23,150500,,
2021-06-15,113.89,115.08,113.28,114.24,80200,,
2021-06-16,114.33,115.95,111.23,112.13,99900,,
2021-06-17,112.48,113.25,110.78,112.27,102400,,
2021-06-18,110.75,112.34,109.13,109.81,329000,,
2021-06-21,110.52,111.80,110.07,111.55,101600,,
2021-06-22,110.98,112.49,109.92,112.06,97800,,
2021-06-23,112.61,113.15,110.48,111.34,187500,,
2021-06-24,112.34,114.12,111.00,113.82,118800,,
2021-06-25,113.99,114.00,111.03,111.61,210200,,
2021-06-28,111.67,113.01,109.79,110.71,162200,,
2021-06-29,110.27,110.71,106.19,109.87,245200,,
2021-06-30,105.60,106.47,95.55,100.15,1577900,,
2021-07-01,101.87,101.92,96.16,100.50,504400,,
2021-07-02,100.52,102.51,97.42,97.69,272600,,
2021-07-06,97.00,98.61,95.74,98.25,282300,,
2021-07-07,98.60,99.66,96.02,98.08,174400,,
2021-07-08,96.18,97.56,94.09,96.71,235500,,
2021-07-09,97.39,99.43,96.58,99.34,111700,,
2021-07-12,99.34,99.61,97.09,98.16,105900,,
2021-07-13,97.72,98.67,96.84,97.64,129800,,
2021-07-14,98.32,98.32,95.19,95.45,127400,,
2021-07-15,95.16,96.02,92.95,93.94,145800,,
2021-07-16,95.20,95.46,93.54,94.16,113800,,
2021-07-19,92.40,94.36,91.30,94.09,231500,,
2021-07-20,94.50,97.65,94.06,96.85,174400,,
2021-07-21,97.27,98.45,97.14,98.22,110100,,
2021-07-22,98.41,98.66,95.83,96.00,78100,,
2021-07-23,96.37,96.58,94.82,96.40,87300,,
2021-07-26,96.81,97.72,95.20,95.20,93000,,
2021-07-27,94.15,96.42,93.33,96.32,136200,,
2021-07-28,97.33,99.89,97.06,99.14,150300,,
2021-07-29,100.00,101.70,99.59,100.80,132000,,
2021-07-30,99.92,101.69,99.79,101.10,129800,,
2021-08-02,101.85,102.88,100.88,101.50,197300,,
2021-08-03,101.53,102.41,100.06,101.48,141500,,
2021-08-04,100.56,101.71,99.71,101.07,116900,,
2021-08-05,101.77,103.20,101.34,102.36,95200,,
2021-08-06,103.36,105.00,102.55,104.99,109500,,
2021-08-09,105.14,105.51,103.42,104.17,96400,,
2021-08-10,104.68,105.30,103.50,104.50,88100,,
2021-08-11,105.00,105.00,103.22,104.62,62600,,
2021-08-12,104.60,105.98,102.74,103.57,83100,,
2021-08-13,103.83,103.83,100.72,100.87,80300,,
2021-08-16,100.03,101.64,99.18,100.23,144600,,
2021-08-17,99.51,100.41,98.22,99.68,123300,,
2021-08-18,99.71,99.72,97.75,97.89,108300,,
2021-08-19,96.76,98.62,96.00,96.90,116000,,
2021-08-20,96.59,99.73,96.04,99.51,98200,,
2021-08-23,100.76,101.47,100.36,101.24,138600,,
2021-08-24,101.66,102.06,99.80,100.02,76500,,
2021-08-25,100.56,102.40,100.00,101.31,86600,,
2021-08-26,101.37,101.75,99.91,101.13,107800,,
2021-08-27,100.72,104.18,100.53,103.44,192100,,
2021-08-30,104.54,104.54,102.16,102.76,86900,,
2021-08-31,103.11,103.60,102.11,102.36,79400,,
2021-09-01,103.15,105.58,101.53,103.64,111600,,
2021-09-02,103.73,104.29,102.49,103.53,119500,,
2021-09-03,104.01,104.29,103.06,103.86,83400,,
2021-09-07,103.56,104.34,102.15,103.00,108800,,
2021-09-08,102.81,105.94,101.94,105.50,166700,,
2021-09-09,105.43,106.32,91.76,92.00,975300,,
2021-09-10,92.82,95.34,90.00,93.85,456200,,
2021-09-13,94.04,94.29,88.76,91.01,397800,,
2021-09-14,91.50,91.50,88.85,88.93,351600,,
2021-09-15,88.58,89.09,86.62,87.84,337600,,
2021-09-16,88.00,88.32,86.10,87.20,225100,,
2021-09-17,86.38,87.11,83.46,86.25,1097200,,
2021-09-20,84.88,86.73,83.58,85.47,264700,,
2021-09-21,85.85,86.61,83.31,85.01,180900,,
2021-09-22,85.45,85.75,83.48,83.88,180500,,
2021-09-23,84.32,85.00,83.34,84.40,169500,,
2021-09-24,84.06,85.91,83.81,84.22,277900,,
2021-09-27,84.44,87.00,84.23,86.25,235400,,
2021-09-28,85.90,86.96,85.56,86.15,225900,,
2021-09-29,86.50,87.49,85.49,86.58,186400,,
2021-09-30,86.73,87.56,86.13,86.32,168800,,
2021-10-01,86.74,87.71,86.26,87.07,234400,,
2021-10-04,86.51,86.83,85.55,86.26,199500,,
2021-10-05,86.51,87.39,85.58,85.58,120300,,
2021-10-06,85.18,85.56,83.93,85.26,101300,,
2021-10-07,86.21,87.87,86.12,87.08,93000,,
2021-10-08,87.42,88.03,86.60,86.79,79200,,
2021-10-11,87.27,88.95,87.27,87.77,121900,,
2021-10-12,87.66,88.97,87.63,88.17,77000,,
2021-10-13,88.62,89.26,87.62,88.60,101900,,
2021-10-14,89.23,90.80,88.71,89.87,90300,,
2021-10-15,90.97,91.76,89.88,90.09,120700,,
2021-10-18,89.45,90.94,89.27,90.81,82600,,
2021-10-19,91.29,92.63,90.70,92.58,75700,,
2021-10-20,92.65,93.94,92.10,92.52,83800,,
2021-10-21,92.64,93.13,92.01,92.87,82500,,
2021-10-22,92.76,93.00,90.80,90.88,90300,,
2021-10-25,90.61,92.60,89.81,91.87,110800,,
2021-10-26,91.81,92.62,89.85,90.59,94000,,
2021-10-27,90.16,91.35,89.28,89.93,114900,,
2021-10-28,90.30,91.11,87.92,88.58,148400,,
2021-10-29,88.59,89.22,88.15,89.11,96100,,
2021-11-01,89.75,92.10,89.28,91.30,101000,,
2021-11-02,91.73,92.70,90.80,92.70,77700,,
2021-11-03,92.72,94.16,92.23,94.02,76900,,
2021-11-04,94.43,95.44,93.64,94.27,107800,,
2021-11-05,95.33,96.12,94.19,95.14,119500,,
2021-11-08,95.44,95.85,94.11,94.30,67500,,
2021-11-09,94.55,95.01,93.33,93.53,85000,,
2021-11-10,93.28,93.71,91.30,91.83,68000,,
2021-11-11,91.93,93.19,90.91,91.89,65800,,
2021-11-12,91.91,92.16,90.99,91.59,69600,,
2021-11-15,91.75,92.38,91.33,92.05,113800,,
2021-11-16,92.03,92.73,90.67,90.80,75700,,
2021-11-17,90.40,92.07,90.40,91.68,89900,,
2021-11-18,91.63,92.20,89.31,89.40,89400,,
2021-11-19,88.28,89.86,88.00,88.74,76600,,
2021-11-22,88.56,90.17,88.16,88.19,73600,,
2021-11-23,88.24,89.25,84.93,85.79,104500,,
2021-11-24,85.29,86.93,84.75,86.28,58000,,
2021-11-26,85.59,86.04,81.01,83.19,97500,,
2021-11-29,84.17,84.71,82.30,82.43,90600,,
2021-11-30,81.20,82.61,79.71,80.76,110500,,
2021-12-01,82.26,82.63,78.69,78.80,112100,,
2021-12-02,78.80,79.66,78.13,79.33,168600,,
2021-12-03,79.70,79.70,76.16,77.75,173700,,
2021-12-06,78.61,81.11,77.45,79.95,128300,,
2021-12-07,80.25,80.72,53.50,57.98,3326000,,
2021-12-08,55.51,64.24,55.20,61.52,1201900,,
2021-12-09,60.77,63.73,60.40,62.84,605100,,
2021-12-10,62.66,63.86,61.49,63.07,443200,,
2021-12-13,63.07,63.66,59.23,60.03,530500,,
2021-12-14,59.94,61.95,59.94,61.39,308200,,
2021-12-15,61.41,63.57,59.63,63.47,440700,,
2021-12-16,63.96,64.52,61.57,62.41,289300,,
2021-12-17,62.68,64.54,61.42,64.13,1055100,,
2021-12-20,63.09,63.24,62.02,62.80,564000,,
2021-12-21,63.01,63.59,62.00,62.88,344400,,
2021-12-22,62.82,63.20,61.99,62.60,150700,,
2021-12-23,62.89,64.43,62.09,63.75,174700,,
2021-12-27,63.69,63.69,62.17,63.12,172900,,
2021-12-28,62.95,63.90,62.19,62.80,170100,,
2021-12-29,62.69,62.74,61.36,61.85,130500,,
2021-12-30,61.81,63.26,61.81,62.20,151900,,
2021-12-31,62.50,63.05,61.92,62.03,149200,,
2022-01-03,62.53,63.33,62.26,62.73,148400,,
2022-01-04,62.65,63.87,62.57,63.31,145700,,
2022-01-05,63.40,63.95,63.01,63.38,210900,,
2022-01-06,63.46,64.20,62.62,63.11,244000,,
2022-01-07,63.16,63.78,62.10,62.53,245200,,
2022-01-10,62.25,62.72,61.14,62.25,222700,,
2022-01-11,61.91,62.58,60.97,62.00,154700,,
2022-01-12,62.16,62.47,61.35,61.54,296600,,
2022-01-13,61.55,62.48,60.60,60.85,98300,,
2022-01-14,60.69,61.06,59.57,60.96,220800,,
2022-01-18,60.69,60.77,59.06,59.12,198300,,
2022-01-19,59.00,59.70,58.10,58.19,256200,,
2022-01-20,58.15,60.00,57.51,58.03,334700,,
2022-01-21,57.66,58.45,56.76,57.31,340600,,
2022-01-24,56.32,58.54,55.13,58.38,261000,,
2022-01-25,57.63,58.26,56.36,56.72,378000,,
2022-01-26,57.02,58.27,55.63,56.00,187300,,
2022-01-27,55.80,56.70,53.86,54.00,238900,,
2022-01-28,54.00,54.37,52.03,53.78,226700,,
2022-01-31,53.80,56.92,53.80,56.92,205900,,
2022-02-01,57.34,57.95,55.85,57.68,203700,,
2022-02-02,57.59,57.75,56.23,56.76,140700,,
2022-02-03,56.19,57.30,56.06,56.24,111300,,
2022-02-04,56.26,57.09,55.34,56.71,97500,,
2022-02-07,57.14,58.04,56.50,57.51,121700,,
2022-02-08,57.58,59.65,57.31,59.60,114600,,
2022-02-09,59.86,61.07,59.75,60.78,170300,,
2022-02-10,60.09,62.47,60.09,60.67,155900,,
2022-02-11,60.51,62.04,59.51,60.79,164300,,
2022-02-14,60.83,61.67,59.84,60.16,245100,,
2022-02-15,60.49,61.52,59.37,60.76,242600,,
2022-02-16,60.83,61.01,59.11,60.61,202800,,
2022-02-17,60.41,60.59,59.46,59.91,139000,,
2022-02-18,59.92,60.58,58.84,59.46,124700,,
2022-02-22,59.37,59.70,58.21,58.34,122700,,
2022-02-23,58.77,59.37,56.88,56.93,114300,,
2022-02-24,56.44,62.57,56.00,62.41,329200,,
2022-02-25,62.82,63.84,61.61,62.27,328600,,
2022-02-28,64.42,71.48,63.99,71.05,721000,,
2022-03-01,71.28,72.46,69.93,71.98,477900,,
2022-03-02,72.80,73.88,69.18,72.77,297600,,
2022-03-03,73.63,73.65,70.81,72.98,322400,,
2022-03-04,75.99,75.99,69.68,74.24,545000,,
2022-03-07,74.25,81.67,74.25,80.85,636800,,
2022-03-08,80.47,81.43,75.17,75.60,550600,,
2022-03-09,75.00,77.01,72.56,76.46,388000,,
2022-03-10,75.77,78.17,75.77,77.55,230200,,
2022-03-11,78.03,79.54,75.08,75.74,230900,,
2022-03-14,76.09,76.09,72.20,73.61,218700,,
2022-03-15,73.78,74.34,72.36,74.22,237500,,
2022-03-16,82.00,82.94,78.80,81.47,939100,,
2022-03-17,88.12,95.80,87.91,93.46,1576400,,
2022-03-18,93.01,99.48,93.00,93.19,1041000,,
2022-03-21,95.11,98.58,93.10,95.26,544700,,
2022-03-22,94.71,98.49,94.06,97.90,358100,,
2022-03-23,97.62,97.80,94.43,95.22,308600,,
2022-03-24,96.13,99.49,95.06,99.47,296000,,
2022-03-25,99.98,101.42,98.50,99.32,305600,,
2022-03-28,99.30,100.00,96.15,96.72,272700,,
2022-03-29,94.70,94.80,90.64,92.89,536700,,
2022-03-30,93.23,95.45,93.14,94.61,257700,,
2022-03-31,94.90,95.93,94.02,94.14,217900,,
2022-04-01,94.29,95.45,92.74,94.28,266000,,
2022-04-04,95.05,97.87,94.53,97.79,228500,,
2022-04-05,97.79,101.99,95.70,97.29,423400,,
2022-04-06,96.55,100.97,95.22,100.74,431300,,
2022-04-07,102.07,105.63,101.76,104.15,532600,,
2022-04-08,105.00,106.97,102.65,103.09,417200,,
2022-04-11,103.25,108.79,101.81,107.80,483400,,
2022-04-12,109.29,114.11,107.81,108.51,577400,,
2022-04-13,109.00,111.79,107.88,109.19,300300,,
2022-04-14,109.84,110.81,106.02,109.18,254500,,
2022-04-18,109.13,109.77,106.73,107.48,274300,,
2022-04-19,107.33,108.88,103.75,104.03,348100,,
2022-04-20,103.80,103.80,100.13,100.45,380500,,
2022-04-21,100.54,101.87,91.36,91.90,497200,,
2022-04-22,89.39,93.16,86.55,86.78,563800,,
2022-04-25,86.02,87.64,84.62,86.51,373400,,
2022-04-26,85.97,86.17,83.60,83.99,305200,,
2022-04-27,83.86,83.86,80.85,81.12,279900,,
2022-04-28,81.41,82.92,79.14,81.72,227200,,
2022-04-29,82.12,83.77,79.86,80.32,273000,,
2022-05-02,80.78,85.87,80.47,85.73,475100,,
2022-05-03,86.78,87.95,83.77,86.68,410900,,
2022-05-04,87.19,91.38,84.91,91.01,260900,,
2022-05-05,90.41,90.55,83.66,84.71,261600,,
2022-05-06,83.50,84.30,79.82,81.25,343200,,
2022-05-09,79.68,81.23,75.12,75.77,338700,,
2022-05-10,76.88,78.56,75.00,77.66,293600,,
2022-05-11,77.51,78.73,74.44,74.61,214800,,
2022-05-12,73.57,77.45,72.53,76.04,267900,,
2022-05-13,77.38,80.95,77.38,80.15,288000,,
2022-05-16,79.18,80.50,77.97,78.61,141800,,
2022-05-17,80.39,82.73,79.70,81.87,190200,,
2022-05-18,83.60,88.33,82.58,85.51,374500,,
2022-05-19,84.00,87.31,83.67,85.35,211500,,
2022-05-20,88.05,90.00,82.63,84.54,267600,,
2022-05-23,84.16,86.19,83.42,85.10,184000,,
2022-05-24,84.08,84.23,82.01,83.79,144700,,
2022-05-25,82.66,87.36,82.66,87.03,163000,,
2022-05-26,88.09,90.86,87.96,90.05,199100,,
2022-05-27,91.10,96.30,91.10,95.99,267200,,
2022-05-31,95.80,97.20,91.31,91.96,280800,,
2022-06-01,93.16,93.77,89.46,91.14,252000,,
2022-06-02,91.83,98.22,91.55,97.67,262000,,
2022-06-03,96.30,97.49,94.59,96.27,139900,,
2022-06-06,97.04,97.04,91.11,91.24,285300,,
2022-06-07,90.29,93.43,89.27,92.92,431800,,
2022-06-08,92.08,94.05,91.25,92.80,218300,,
2022-06-09,92.42,92.91,90.51,90.77,130800,,
2022-06-10,89.18,91.72,88.35,90.53,168000,,
2022-06-13,86.81,88.35,83.28,83.34,364500,,
2022-06-14,83.56,83.56,80.07,81.17,295900,,
2022-06-15,82.01,84.42,81.50,83.61,277300,,
2022-06-16,81.92,83.34,79.03,79.28,256200,,
2022-06-17,80.47,84.78,79.58,83.52,478100,,
2022-06-21,83.97,84.96,82.29,82.37,189500,,
2022-06-22,81.17,83.28,80.61,82.39,163100,,
2022-06-23,82.86,83.65,80.81,82.36,161000,,
2022-06-24,83.15,84.30,82.31,82.80,235200,,
2022-06-27,83.52,83.86,81.25,82.83,179600,,
2022-06-28,83.51,84.96,81.00,81.71,326900,,
2022-06-29,73.92,78.96,70.08,77.96,1600700,,
2022-06-30,76.35,82.51,74.93,82.20,729400,,
2022-07-01,81.50,86.00,80.96,85.91,327400,,
2022-07-05,84.70,84.70,79.28,83.08,380600,,
2022-07-06,82.84,84.37,81.16,83.07,220100,,
2022-07-07,83.55,85.55,82.84,85.54,229500,,
2022-07-08,85.34,86.12,82.18,82.81,183700,,
2022-07-11,82.63,82.63,79.45,80.49,240200,,
2022-07-12,79.83,80.47,77.58,78.15,167400,,
2022-07-13,76.90,77.95,75.73,76.69,153000,,
2022-07-14,76.01,76.98,74.56,76.12,168600,,
2022-07-15,78.37,78.95,76.01,78.68,163700,,
2022-07-18,80.10,80.47,77.65,77.96,246900,,
2022-07-19,77.71,81.75,77.26,81.49,190400,,
2022-07-20,81.98,84.07,81.30,82.68,212400,,
2022-07-21,82.12,83.36,81.49,82.92,121000,,
2022-07-22,83.43,83.43,80.21,81.21,163700,,
2022-07-25,80.98,83.68,79.68,82.94,132700,,
2022-07-26,82.31,83.13,81.33,81.48,126700,,
2022-07-27,82.14,83.22,81.51,82.71,83200,,
2022-07-28,82.91,85.37,81.71,85.32,144900,,
2022-07-29,85.32,87.42,84.78,86.64,146600,,
2022-08-01,85.87,88.68,85.36,87.68,119700,,
2022-08-02,87.96,92.71,87.91,91.24,149200,,
2022-08-03,92.10,92.10,88.63,91.44,132000,,
2022-08-04,90.92,92.15,90.40,90.59,127100,,
2022-08-05,90.47,90.47,88.62,90.17,89400,,
2022-08-08,90.78,91.46,89.00,89.76,100500,,
2022-08-09,89.61,90.17,88.90,89.62,104900,,
2022-08-10,91.00,93.65,90.62,93.49,147800,,
2022-08-11,93.78,94.82,92.80,93.27,142600,,
2022-08-12,94.30,98.08,93.55,97.93,304000,,
2022-08-15,96.21,99.93,96.21,99.76,184000,,
2022-08-16,100.00,103.47,99.62,102.81,187500,,
2022-08-17,101.43,104.44,101.27,103.53,180600,,
2022-08-18,103.85,106.54,102.61,104.03,270700,,
2022-08-19,102.00,103.45,100.32,102.62,222200,,
2022-08-22,101.00,102.49,99.83,100.05,201200,,
2022-08-23,100.05,100.36,93.96,94.08,227700,,
2022-08-24,94.26,98.27,94.26,97.61,183700,,
2022-08-25,98.70,101.20,98.29,100.95,229400,,
2022-08-26,100.77,101.04,96.53,97.12,145200,,
2022-08-29,95.58,95.79,90.79,92.06,290100,,
2022-08-30,92.08,92.48,88.70,89.40,245000,,
2022-08-31,89.40,90.35,88.59,88.65,289300,,
2022-09-01,87.86,87.86,81.50,83.46,597900,,
2022-09-02,84.07,85.31,82.11,82.91,236300,,
2022-09-06,82.70,88.27,82.62,87.74,331400,,
2022-09-07,85.92,90.28,85.92,88.67,395000,,
2022-09-08,87.98,105.36,86.23,101.87,1136400,,
2022-09-09,103.13,104.45,99.76,100.07,398700,,
2022-09-12,99.94,101.14,98.13,100.02,208200,,
2022-09-13,97.96,99.42,95.41,96.29,294200,,
2022-09-14,96.62,98.71,95.36,96.69,209300,,
2022-09-15,95.99,97.25,93.21,94.46,188100,,
2022-09-16,93.01,93.64,91.72,92.13,720200,,
2022-09-19,90.97,92.45,89.21,91.07,185600,,
2022-09-20,90.71,93.54,88.40,90.05,392000,,
2022-09-21,92.13,96.38,90.56,92.22,360800,,
2022-09-22,92.05,93.30,88.99,89.69,249000,,
2022-09-23,87.96,90.30,87.11,88.65,266500,,
2022-09-26,87.81,90.36,85.27,85.66,179600,,
2022-09-27,86.46,87.29,83.66,83.80,218900,,
2022-09-28,84.55,88.11,81.65,87.34,277400,,
2022-09-29,86.26,87.03,81.22,82.43,283400,,
2022-09-30,82.29,85.65,81.86,83.36,210500,,
2022-10-03,84.07,86.66,83.62,85.25,257800,,
2022-10-04,86.84,88.34,85.65,86.97,191200,,
2022-10-05,85.62,85.98,82.27,83.38,222000,,
2022-10-06,82.40,82.83,79.14,79.15,303000,,
2022-10-07,78.74,78.99,76.11,76.84,299000,,
2022-10-10,76.63,79.31,76.30,77.14,197700,,
2022-10-11,77.30,80.42,75.93,78.92,233600,,
2022-10-12,78.61,78.83,75.79,77.26,196500,,
2022-10-13,75.70,80.15,75.44,79.56,208400,,
2022-10-14,79.40,79.67,74.91,75.59,188200,,
2022-10-17,76.03,79.20,76.03,78.74,151500,,
2022-10-18,80.67,81.36,79.67,80.02,182900,,
2022-10-19,79.13,81.13,78.34,79.21,133000,,
2022-10-20,78.68,79.95,78.03,79.46,165000,,
2022-10-21,79.57,80.01,78.02,79.74,215000,,
2022-10-24,80.36,83.57,78.62,83.32,248900,,
2022-10-25,83.37,86.84,83.37,84.75,132800,,
2022-10-26,85.73,86.48,82.95,83.86,149700,,
2022-10-27,84.86,88.44,84.01,88.30,188000,,
2022-10-28,88.69,90.51,87.29,90.14,163500,,
2022-10-31,90.28,92.13,89.31,91.50,127700,,
2022-11-01,93.34,93.81,89.16,89.39,158100,,
2022-11-02,88.95,89.36,86.05,86.17,141300,,
2022-11-03,85.40,86.95,84.56,86.18,156400,,
2022-11-04,86.48,87.18,83.19,84.96,123300,,
2022-11-07,85.07,85.92,84.33,85.12,87800,,
2022-11-08,85.23,85.93,82.92,83.65,99500,,
2022-11-09,82.88,83.48,81.45,81.52,98000,,
2022-11-10,86.95,94.02,86.66,92.50,350500,,
2022-11-11,91.58,93.29,90.62,92.93,199400,,
2022-11-14,92.54,92.99,89.46,89.60,165700,,
2022-11-15,91.37,94.20,90.40,93.73,349100,,
2022-11-16,93.89,94.32,90.51,90.76,118200,,
2022-11-17,89.21,90.72,88.18,90.51,98200,,
2022-11-18,93.03,93.94,91.23,92.73,164900,,
2022-11-21,92.73,94.32,91.11,92.70,181500,,
2022-11-22,92.98,92.98,88.15,90.56,375000,,
2022-11-23,90.56,91.06,88.70,90.29,167400,,
2022-11-25,90.42,93.80,90.29,92.08,95000,,
2022-11-28,91.50,92.84,89.91,92.42,198800,,
2022-11-29,92.05,92.21,87.67,88.93,157100,,
2022-11-30,89.44,92.29,87.81,91.99,174500,,
2022-12-01,92.07,92.07,89.97,91.41,142700,,
2022-12-02,90.02,93.82,89.69,92.68,110100,,
2022-12-05,91.79,91.79,88.04,88.71,153300,,
2022-12-06,89.13,89.85,84.41,85.11,243900,,
2022-12-07,88.61,88.61,81.74,82.37,396000,,
2022-12-08,82.63,84.32,81.15,82.19,213000,,
2022-12-09,81.59,83.03,80.58,82.13,159300,,
2022-12-12,83.20,88.09,82.96,87.71,235500,,
2022-12-13,90.86,91.51,85.78,85.95,242300,,
2022-12-14,86.34,90.03,86.17,88.09,228700,,
2022-12-15,87.09,88.15,85.61,88.07,211600,,
2022-12-16,87.29,88.45,81.34,81.86,917500,,
2022-12-19,81.95,83.41,80.85,81.21,179600,,
2022-12-20,81.29,83.64,80.71,82.64,149900,,
2022-12-21,84.12,85.72,82.95,85.30,172000,,
2022-12-22,84.61,84.61,81.10,83.37,272600,,
2022-12-23,83.57,84.72,82.13,84.72,119000,,
2022-12-27,85.25,85.32,82.55,82.67,84000,,
2022-12-28,82.67,84.07,82.40,82.70,84300,,
2022-12-29,84.02,85.66,83.00,85.41,102900,,
2022-12-30,85.04,86.10,83.70,85.66,153800,,
2023-01-03,86.62,86.62,82.88,83.84,147000,,
2023-01-04,84.15,85.09,82.10,82.69,140300,,
2023-01-05,82.39,83.88,81.12,82.45,88700,,
2023-01-06,83.46,86.39,83.07,86.11,230100,,
2023-01-09,89.55,90.40,87.52,89.73,270200,,
2023-01-10,90.01,90.65,89.01,89.82,186600,,
2023-01-11,90.76,91.43,88.83,89.73,148000,,
2023-01-12,90.37,90.37,87.52,88.20,113200,,
2023-01-13,87.59,88.46,86.23,88.31,112200,,
2023-01-17,88.10,89.39,87.24,87.39,89900,,
2023-01-18,88.40,88.61,82.64,84.14,279200,,
2023-01-19,83.51,83.58,81.78,82.19,158400,,
2023-01-20,83.05,83.24,81.04,82.91,124600,,
2023-01-23,83.00,85.56,82.91,85.56,100000,,
2023-01-24,85.05,85.88,83.80,85.72,113400,,
2023-01-25,84.84,85.88,84.31,85.83,72000,,
2023-01-26,86.65,88.73,85.96,88.30,102800,,
2023-01-27,88.40,90.32,87.85,88.60,167200,,
2023-01-30,88.20,89.35,87.28,87.69,100600,,
2023-01-31,88.01,89.24,87.97,88.97,137400,,
2023-02-01,89.10,91.62,88.54,90.54,174000,,
2023-02-02,91.46,94.69,91.17,94.00,231100,,
2023-02-03,93.08,95.50,91.86,91.96,237000,,
2023-02-06,91.62,93.24,90.81,91.78,98300,,
2023-02-07,91.78,91.78,88.20,91.22,154700,,
2023-02-08,90.52,90.82,88.74,89.01,102100,,
2023-02-09,89.19,90.11,85.97,86.74,138200,,
2023-02-10,86.09,88.79,85.72,88.24,116900,,
2023-02-13,88.84,91.26,88.55,90.81,159800,,
2023-02-14,90.40,91.25,88.95,90.49,88700,,
2023-02-15,89.89,92.28,89.89,91.31,106900,,
2023-02-16,89.80,90.97,88.52,88.63,115200,,
2023-02-17,88.57,88.57,86.51,87.73,152300,,
2023-02-21,87.10,87.37,83.55,84.85,165200,,
2023-02-22,84.92,86.38,84.46,85.19,153200,,
2023-02-23,85.95,86.73,85.14,86.11,103000,,
2023-02-24,85.14,86.22,84.13,85.13,126500,,
2023-02-27,86.14,87.25,85.46,85.60,110500,,
2023-02-28,85.57,86.66,85.00,85.74,129600,,
2023-03-01,85.63,87.55,83.87,84.76,175000,,
2023-03-02,84.76,87.01,84.21,86.87,169200,,
2023-03-03,87.38,90.13,86.45,89.27,192600,,
2023-03-06,88.86,90.17,86.69,87.57,333900,,
2023-03-07,92.00,96.06,88.95,91.28,704600,,
2023-03-08,92.00,94.37,90.95,93.70,439100,,
2023-03-09,93.84,94.65,91.27,91.47,212600,,
2023-03-10,90.99,90.99,88.00,90.54,254700,,
2023-03-13,88.55,90.86,87.33,89.87,186100,,
2023-03-14,91.00,92.73,90.51,92.56,198100,,
2023-03-15,91.01,91.24,88.10,90.94,191500,,
2023-03-16,89.88,92.40,89.41,91.43,191700,,
2023-03-17,90.78,91.50,88.83,90.39,558600,,
2023-03-20,90.81,92.59,90.69,91.48,178300,,
2023-03-21,93.00,93.30,91.09,91.55,136300,,
2023-03-22,91.31,91.89,89.32,89.32,129600,,
2023-03-23,89.84,90.98,88.61,89.44,97500,,
2023-03-24,88.60,90.48,88.33,90.06,112400,,
2023-03-27,90.99,91.07,90.03,90.60,96100,,
2023-03-28,90.15,91.46,89.93,90.23,95200,,
2023-03-29,91.12,91.54,89.69,90.93,125500,,
2023-03-30,91.66,92.00,90.40,90.95,84600,,
2023-03-31,91.56,92.41,91.00,91.66,163500,,
2023-04-03,91.67,92.50,90.82,91.95,197800,,
2023-04-04,96.42,106.94,96.19,101.56,1720800,,
2023-04-05,101.50,103.88,100.06,101.76,452000,,
2023-04-06,101.96,105.59,101.78,103.79,547000,,
2023-04-10,103.84,107.38,103.58,107.08,329800,,
2023-04-11,107.81,108.20,104.73,106.31,265700,,
2023-04-12,107.55,107.76,105.53,106.83,239300,,
2023-04-13,107.89,109.22,107.00,108.29,335300,,
2023-04-14,108.65,108.65,104.57,106.32,270900,,
2023-04-17,105.84,107.90,105.60,106.93,186700,,
2023-04-18,107.45,108.78,106.25,106.47,241100,,
2023-04-19,105.67,106.15,104.23,104.79,221500,,
2023-04-20,103.73,104.17,102.62,103.65,193800,,
2023-04-21,103.65,104.00,102.42,102.73,127400,,
2023-04-24,102.48,102.75,101.18,101.67,139700,,
2023-04-25,100.85,101.22,100.19,100.97,123100,,
2023-04-26,101.04,101.04,99.01,99.61,135300,,
2023-04-27,100.02,100.53,98.54,100.19,136800,,
2023-04-28,99.62,100.69,99.14,100.69,110800,,
2023-05-01,101.07,102.87,101.00,101.66,93100,,
2023-05-02,101.49,102.04,99.58,101.64,144500,,
2023-05-03,101.71,104.12,101.44,101.90,153900,,
2023-05-04,101.38,102.29,100.41,100.79,102400,,
2023-05-05,101.83,102.94,101.18,102.82,94200,,
2023-05-08,103.45,104.59,102.87,103.09,121200,,
2023-05-09,102.76,105.23,102.34,104.52,125300,,
2023-05-10,105.73,105.97,104.51,105.90,101400,,
2023-05-11,105.29,107.41,105.16,107.19,131500,,
2023-05-12,107.33,107.70,105.72,106.62,116300,,
2023-05-15,106.35,106.35,104.12,104.39,124500,,
2023-05-16,104.00,104.76,102.60,104.10,85800,,
2023-05-17,104.74,106.91,103.90,106.34,109300,,
2023-05-18,106.06,109.43,105.57,109.26,153800,,
2023-05-19,109.80,110.00,105.83,106.52,129700,,
2023-05-22,106.83,109.77,106.42,109.24,137100,,
2023-05-23,108.69,112.39,108.49,109.34,278400,,
2023-05-24,108.65,109.09,107.21,108.94,103900,,
2023-05-25,102.66,102.66,88.24,92.04,1147000,,
2023-05-26,92.04,94.53,90.00,92.32,305000,,
2023-05-30,92.60,93.87,91.28,91.74,251400,,
2023-05-31,91.42,93.78,91.27,93.41,214600,,
2023-06-01,93.84,97.65,93.22,97.60,184900,,
2023-06-02,98.29,100.48,98.01,98.84,203600,,
2023-06-05,98.32,98.33,94.66,95.18,189700,,
2023-06-06,95.81,99.63,95.09,98.75,207900,,
2023-06-07,99.15,99.99,97.94,98.17,292100,,
2023-06-08,97.80,98.10,96.74,97.69,109900,,
2023-06-09,97.65,99.00,97.30,97.95,93600,,
2023-06-12,97.37,98.70,96.52,96.86,163700,,
2023-06-13,97.16,97.28,95.90,96.38,144800,,
2023-06-14,96.80,96.80,93.69,94.22,218100,,
2023-06-15,94.52,96.94,93.24,94.54,392900,,
2023-06-16,95.22,96.73,93.34,93.88,586000,,
2023-06-20,93.42,95.40,93.42,95.19,166500,,
2023-06-21,95.01,98.22,94.75,97.19,135300,,
2023-06-22,97.00,97.00,94.57,95.60,203500,,
2023-06-23,94.94,95.04,90.77,90.89,285900,,
2023-06-26,90.01,90.73,89.14,90.26,359100,,
2023-06-27,90.60,91.36,89.69,90.32,461200,,
2023-06-28,95.61,97.38,92.00,94.71,781200,,
2023-06-29,95.53,101.48,95.02,100.07,449400,,
2023-06-30,100.73,103.28,100.35,102.28,242300,,
2023-07-03,102.05,102.50,99.95,101.21,114100,,
2023-07-05,100.69,100.69,97.51,98.42,213300,,
2023-07-06,99.34,99.34,96.03,96.55,164900,,
2023-07-07,96.63,98.07,96.10,96.20,138100,,
2023-07-10,96.00,98.03,95.79,97.97,151500,,
2023-07-11,98.60,99.95,98.20,99.67,150700,,
2023-07-12,100.74,100.78,99.30,99.89,130700,,
2023-07-13,100.11,100.80,99.66,99.91,110500,,
2023-07-14,99.68,99.82,95.97,96.45,157700,,
2023-07-17,96.45,97.31,95.69,95.83,118700,,
2023-07-18,95.74,96.47,92.56,93.78,234900,,
2023-07-19,94.13,95.28,92.66,93.07,168700,,
2023-07-20,93.16,93.88,91.00,92.55,236100,,
2023-07-21,93.61,97.60,93.40,96.47,267500,,
2023-07-24,96.47,96.51,95.66,96.41,142900,,
2023-07-25,95.19,96.98,95.04,96.28,126000,,
2023-07-26,96.98,98.00,95.35,95.76,110900,,
2023-07-27,96.00,96.32,93.13,94.26,144100,,
2023-07-28,94.76,95.83,94.75,95.03,81900,,
2023-07-31,95.20,96.01,94.69,95.26,144900,,
2023-08-01,95.18,99.34,94.30,97.98,265400,,
2023-08-02,96.82,97.91,96.25,96.95,98000,,
2023-08-03,96.45,96.45,94.40,95.76,144700,,
2023-08-04,96.07,98.45,96.07,96.62,117600,,
2023-08-07,96.62,98.22,95.68,98.10,112200,,
2023-08-08,97.05,97.49,96.02,96.86,103000,,
2023-08-09,97.41,97.69,96.47,97.11,106300,,
2023-08-10,97.11,97.76,95.66,96.99,111600,,
2023-08-11,97.01,97.01,95.24,95.66,86000,,
2023-08-14,95.01,96.74,94.55,95.78,84900,,
2023-08-15,95.24,95.84,94.37,94.41,77300,,
2023-08-16,94.41,95.25,93.73,93.75,87000,,
2023-08-17,93.79,94.94,92.22,92.49,102400,,
2023-08-18,91.74,94.07,91.25,93.48,111500,,
2023-08-21,93.50,95.43,93.50,94.07,133200,,
2023-08-22,94.53,95.73,93.16,95.62,97300,,
2023-08-23,96.22,99.52,94.75,97.47,147100,,
2023-08-24,97.18,97.18,93.89,94.12,105000,,
2023-08-25,94.64,95.80,94.03,94.41,83200,,
2023-08-28,94.50,96.21,94.50,95.40,105000,,
2023-08-29,95.24,95.55,94.01,95.05,102400,,
2023-08-30,95.29,97.41,95.29,96.51,100000,,
2023-08-31,96.85,98.18,95.89,97.03,168200,,
2023-09-01,97.76,99.50,97.20,98.05,169800,,
2023-09-05,97.58,98.18,93.94,95.29,367700,,
2023-09-06,113.16,124.33,112.13,115.05,2281500,,
2023-09-07,116.50,116.96,111.11,113.08,572500,,
2023-09-08,113.60,115.40,112.31,113.48,289000,,
2023-09-11,113.24,113.91,111.80,113.32,263600,,
2023-09-12,112.64,113.62,112.54,113.23,148300,,
2023-09-13,113.16,114.45,111.36,111.93,225600,,
2023-09-14,112.18,112.46,110.45,111.17,223400,,
2023-09-15,111.09,111.43,109.68,111.38,529400,,
2023-09-18,110.84,113.45,110.59,112.00,281200,,
2023-09-19,112.28,113.80,111.47,111.87,203200,,
2023-09-20,112.50,113.67,111.86,112.30,148800,,
2023-09-21,111.27,112.02,110.08,111.35,177000,,
2023-09-22,111.35,113.47,111.24,112.33,186000,,
2023-09-25,111.83,113.00,111.36,112.09,103000,,
2023-09-26,111.28,112.96,110.25,110.90,207600,,
2023-09-27,111.33,112.66,110.01,110.16,134300,,
2023-09-28,110.00,111.07,109.04,110.11,254700,,
2023-09-29,110.25,112.99,110.25,111.53,278700,,
2023-10-02,111.43,112.87,108.71,109.06,279600,,
2023-10-03,108.70,109.64,105.95,107.06,187200,,
2023-10-04,107.06,108.07,105.61,107.19,116900,,
2023-10-05,107.20,107.57,105.82,105.97,168700,,
2023-10-06,105.00,106.25,104.67,105.02,125400,,
2023-10-09,107.86,110.58,105.59,108.93,563200,,
2023-10-10,109.40,110.26,108.30,108.85,198100,,
2023-10-11,109.47,110.50,106.77,108.06,206200,,
2023-10-12,108.48,108.48,104.77,105.66,197600,,
2023-10-13,114.80,115.34,109.68,111.52,550000,,
2023-10-16,111.85,116.92,111.40,115.27,392800,,
2023-10-17,115.82,120.45,115.05,115.78,395000,,
2023-10-18,115.05,118.17,114.46,116.24,244700,,
2023-10-19,116.44,118.56,114.74,117.48,264300,,
2023-10-20,117.71,118.35,115.99,116.87,318000,,
2023-10-23,116.61,119.65,116.22,117.40,283600,,
2023-10-24,117.58,122.00,117.58,118.53,260300,,
2023-10-25,119.03,123.35,119.03,120.90,379300,,
2023-10-26,121.38,121.65,113.96,114.64,299700,,
2023-10-27,114.97,115.53,112.59,113.93,204500,,
2023-10-30,115.12,116.21,112.28,113.06,191700,,
2023-10-31,113.74,115.50,112.67,114.66,153700,,
2023-11-01,115.47,117.76,114.86,116.91,191100,,
2023-11-02,117.84,119.17,117.05,118.76,138300,,
2023-11-03,120.28,122.25,118.80,119.82,167100,,
2023-11-06,119.69,120.72,118.14,118.78,138700,,
2023-11-07,118.67,121.74,117.84,121.69,174200,,
2023-11-08,122.75,127.96,121.27,123.46,443900,,
2023-11-09,123.60,124.03,118.53,120.38,208400,,
2023-11-10,121.45,122.93,120.16,121.59,168000,,
2023-11-13,122.24,128.14,122.24,125.90,302700,,
2023-11-14,127.26,129.75,126.65,129.21,239600,,
2023-11-15,129.80,129.89,127.46,128.42,224500,,
2023-11-16,127.84,128.22,125.00,126.28,161200,,
2023-11-17,127.36,127.50,124.09,125.02,277500,,
2023-11-20,125.45,131.62,125.01,128.33,350300,,
2023-11-21,128.01,129.32,127.69,128.82,118300,,
2023-11-22,129.32,131.55,128.70,130.70,220300,,
2023-11-24,131.50,134.34,131.20,133.37,110400,,
2023-11-27,134.17,135.05,132.94,134.41,208000,,
2023-11-28,134.70,135.66,133.00,135.56,268400,,
2023-11-29,137.76,137.76,134.01,134.79,253900,,
2023-11-30,137.94,139.88,135.55,137.61,211500,,
2023-12-01,137.10,139.87,136.52,139.71,219900,,
2023-12-04,141.15,143.99,138.44,140.15,457300,,
2023-12-05,140.15,143.60,138.62,141.23,639200,,
2023-12-06,132.96,134.13,124.38,126.89,1560900,,
2023-12-07,127.01,127.74,122.50,123.93,602900,,
2023-12-08,123.53,127.16,122.27,124.79,439600,,
2023-12-11,124.74,124.99,122.71,123.30,298400,,
2023-12-12,123.00,125.52,122.07,125.13,254600,,
2023-12-13,126.05,127.86,125.02,126.90,395900,,
2023-12-14,128.33,130.89,127.80,128.77,453400,,
2023-12-15,129.44,130.05,125.83,126.18,951500,,
2023-12-18,126.78,128.20,125.77,125.82,194400,,
2023-12-19,125.99,130.62,125.99,130.50,254400,,
2023-12-20,130.31,130.56,126.29,126.42,282800,,
2023-12-21,127.46,128.79,125.74,126.95,180600,,
2023-12-22,127.50,128.98,126.51,127.57,154600,,
2023-12-26,128.64,129.78,127.93,128.23,160600,,
2023-12-27,128.01,129.42,128.01,128.23,110900,,
2023-12-28,128.40,128.99,126.77,127.17,148700,,
2023-12-29,127.17,127.42,125.50,126.04,168500,,
2024-01-02,125.17,126.41,122.40,123.56,248300,,
2024-01-03,123.84,123.84,120.19,120.89,255900,,
2024-01-04,121.47,122.36,120.53,120.54,189100,,
2024-01-05,120.46,120.84,117.70,118.30,311100,,
2024-01-08,117.39,121.33,116.51,121.33,241700,,
2024-01-09,119.98,121.13,117.93,119.68,180900,,
2024-01-10,120.00,122.07,119.76,122.00,194000,,
2024-01-11,122.50,124.97,120.90,124.82,265500,,
2024-01-12,126.12,127.29,124.73,126.80,134500,,
2024-01-16,127.01,127.01,121.33,122.41,305000,,
2024-01-17,121.34,123.31,120.43,121.80,128300,,
2024-01-18,122.92,123.85,121.68,123.73,113000,,
2024-01-19,124.18,124.18,121.10,122.96,153700,,
2024-01-22,123.68,126.01,123.48,125.07,181300,,
2024-01-23,127.00,127.00,123.30,124.33,137600,,
2024-01-24,125.71,126.37,121.37,121.49,181700,,
2024-01-25,122.07,122.79,120.10,122.59,195900,,
2024-01-26,122.40,124.81,120.67,122.10,168900,,
2024-01-29,122.21,123.91,120.99,123.88,118700,,
2024-01-30,122.36,123.37,120.68,122.56,173500,,
2024-01-31,123.08,123.64,120.42,120.64,166500,,
2024-02-01,121.98,122.45,119.47,121.92,157000,,
2024-02-02,121.19,122.20,120.35,121.71,110800,,
2024-02-05,120.98,122.53,119.55,121.50,143400,,
2024-02-06,121.96,125.33,121.91,125.01,159400,,
2024-02-07,125.14,125.14,122.87,124.35,160700,,
2024-02-08,124.95,126.20,124.19,124.57,186000,,
2024-02-09,125.10,126.70,123.99,125.19,232800,,
2024-02-12,125.52,127.22,124.86,126.36,190300,,
2024-02-13,123.11,126.13,121.50,122.15,243100,,
2024-02-14,123.97,126.75,123.51,126.01,175900,,
2024-02-15,127.20,127.20,123.77,126.53,233400,,
2024-02-16,125.64,127.10,124.33,124.44,198200,,
2024-02-20,123.76,126.81,123.73,124.63,214900,,
2024-02-21,124.65,125.69,124.00,125.28,194900,,
2024-02-22,125.77,125.77,121.38,123.75,221000,,
2024-02-23,123.72,124.23,121.63,123.24,210100,,
2024-02-26,122.84,124.50,122.24,122.24,174900,,
2024-02-27,123.04,127.07,121.74,126.85,279500,,
2024-02-28,126.70,127.63,125.45,126.61,208000,,
2024-02-29,128.00,128.50,125.44,126.79,269800,,
2024-03-01,130.80,131.00,127.73,128.73,305100,,
2024-03-04,135.00,135.00,129.59,130.65,967500,,
2024-03-05,150.64,171.70,150.11,167.15,3307100,,
2024-03-06,171.20,184.22,169.07,182.25,1432400,,
2024-03-07,183.00,184.61,173.49,177.67,742200,,
2024-03-08,176.90,177.00,161.54,166.23,837600,,
2024-03-11,165.51,165.51,159.03,159.89,398700,,
2024-03-12,160.00,164.43,158.48,162.01,296100,,
2024-03-13,160.83,162.58,159.65,161.21,230900,,
2024-03-14,161.99,165.72,154.75,158.10,406900,,
2024-03-15,155.24,156.46,148.08,148.60,1295400,,
2024-03-18,148.66,150.71,143.42,144.36,556400,,
2024-03-19,143.39,146.49,141.03,145.68,508100,,
2024-03-20,145.09,150.87,144.48,149.18,453500,,
2024-03-21,149.57,151.40,147.17,149.66,310400,,
2024-03-22,150.33,150.39,147.58,148.91,162700,,
2024-03-25,149.46,153.23,149.07,152.13,310200,,
2024-03-26,153.11,153.11,149.80,150.76,284000,,
2024-03-27,151.65,152.60,147.56,149.28,259700,,
2024-03-28,148.77,154.69,148.77,153.28,327800,,
2024-04-01,155.11,155.40,148.74,149.42,177500,,
2024-04-02,148.21,148.21,144.40,145.85,292900,,
2024-04-03,145.56,147.29,144.64,146.90,212800,,
2024-04-04,148.70,149.61,145.74,146.42,216200,,
2024-04-05,147.33,148.77,146.01,148.53,262100,,
2024-04-08,149.78,152.96,149.37,152.31,235600,,
2024-04-09,151.03,152.00,147.22,149.85,193700,,
2024-04-10,145.82,148.77,145.76,147.44,237000,,
2024-04-11,148.32,149.37,145.23,148.49,167200,,
2024-04-12,148.52,150.90,145.01,147.12,239200,,
2024-04-15,149.76,149.76,145.20,146.12,225100,,
2024-04-16,144.11,150.01,143.65,149.46,271800,,
2024-04-17,150.40,150.45,144.87,146.62,174000,,
2024-04-18,147.10,149.62,145.98,146.70,179000,,
2024-04-19,147.29,152.56,147.29,150.02,376500,,
2024-04-22,151.92,153.10,148.05,149.72,259700,,
2024-04-23,150.91,159.33,150.91,158.30,586800,,
2024-04-24,160.75,162.81,155.00,157.99,424600,,
2024-04-25,155.51,156.28,153.00,155.64,275400,,
2024-04-26,157.17,158.37,154.82,158.09,202600,,
2024-04-29,159.40,162.50,157.65,159.24,419300,,
2024-04-30,157.30,163.17,156.47,159.79,332700,,
2024-05-01,159.17,164.72,157.18,162.53,445400,,
2024-05-02,164.26,166.05,160.90,165.72,301400,,
2024-05-03,167.14,168.80,165.60,168.77,251300,,
2024-05-06,169.74,181.37,169.44,179.89,583300,,
2024-05-07,178.50,181.82,177.33,179.59,421400,,
2024-05-08,179.36,182.70,179.00,181.46,356000,,
2024-05-09,182.01,190.12,180.23,187.33,579400,,
2024-05-10,189.00,189.00,183.57,186.47,404300,,
2024-05-13,188.02,192.50,187.12,187.28,356800,,
2024-05-14,188.74,195.36,186.77,194.26,349100,,
2024-05-15,196.10,196.10,191.00,193.04,359800,,
2024-05-16,191.62,197.55,190.56,192.73,230700,,
2024-05-17,193.81,195.22,191.07,193.83,192600,,
2024-05-20,194.32,197.92,193.06,197.15,266700,,
2024-05-21,197.13,198.97,195.04,196.78,277100,,
2024-05-22,196.44,197.71,195.32,196.18,185700,,
2024-05-23,197.77,200.08,195.67,197.21,210500,,
2024-05-24,197.91,200.00,197.36,199.77,198700,,
2024-05-28,199.77,200.39,197.10,198.80,203600,,
2024-05-29,197.22,199.70,195.59,197.75,249900,,
2024-05-30,199.15,202.48,197.88,200.44,245600,,
2024-05-31,202.10,205.28,198.10,202.15,272600,,
2024-06-03,204.00,204.97,200.91,203.27,210800,,
2024-06-04,202.79,203.98,200.92,202.71,182100,,
2024-06-05,203.55,205.00,202.12,204.41,243600,,
2024-06-06,205.28,206.78,202.33,203.86,156200,,
2024-06-07,202.69,205.79,201.16,202.29,163600,,
2024-06-10,202.91,204.99,198.05,204.89,243500,,
2024-06-11,205.15,213.46,203.00,211.35,499400,,
2024-06-12,214.38,219.74,213.30,217.57,424200,,
2024-06-13,218.64,220.22,213.67,215.51,327300,,
2024-06-14,213.10,215.45,211.60,215.24,204400,,
2024-06-17,211.39,216.88,202.61,215.11,684300,,
2024-06-18,215.82,219.34,214.00,219.31,365500,,
2024-06-20,222.21,224.00,203.05,203.59,621400,,
2024-06-21,203.46,203.81,185.50,189.48,1355600,,
2024-06-24,189.27,193.17,187.00,190.49,434700,,
2024-06-25,190.60,194.37,188.33,192.71,449200,,
2024-06-26,195.53,201.95,192.77,192.81,788000,,
2024-06-27,177.00,178.59,162.50,177.91,1647800,,
2024-06-28,179.36,186.22,179.01,182.16,821100,,
2024-07-01,183.72,184.71,174.73,175.67,461500,,
2024-07-02,174.54,174.54,168.30,171.20,723700,,
2024-07-03,170.87,173.18,169.34,170.31,234600,,
2024-07-05,170.21,171.95,167.16,168.90,373500,,
2024-07-08,171.07,173.30,168.42,170.13,318600,,
2024-07-09,169.41,170.04,167.37,167.84,299600,,
2024-07-10,168.10,175.57,168.05,175.45,321700,,
2024-07-11,178.26,178.39,174.24,175.34,286900,,
2024-07-12,177.07,178.16,172.90,173.25,262700,,
2024-07-15,175.00,178.09,173.38,174.17,305400,,
2024-07-16,176.00,176.50,169.32,169.55,415100,,
2024-07-17,167.24,170.28,163.64,165.93,576000,,
2024-07-18,166.09,168.20,163.50,165.39,294500,,
2024-07-19,166.25,167.31,164.20,164.23,225600,,
2024-07-22,165.06,169.36,163.51,168.42,257200,,
2024-07-23,168.51,172.65,168.51,171.52,209500,,
2024-07-24,169.93,173.00,168.65,170.31,199400,,
2024-07-25,170.31,172.50,168.29,169.94,176300,,
2024-07-26,172.55,174.64,169.95,173.82,171500,,
2024-07-29,174.21,175.25,171.73,175.15,161800,,
2024-07-30,175.15,178.75,170.89,173.52,172800,,
2024-07-31,175.88,180.46,172.65,178.54,231200,,
2024-08-01,179.59,180.64,172.49,174.34,205700,,
2024-08-02,169.09,170.73,164.13,166.50,268200,,
2024-08-05,156.36,166.47,152.88,164.14,330800,,
2024-08-06,164.32,171.94,163.50,169.62,269000,,
2024-08-07,171.69,172.81,165.25,167.02,163300,,
2024-08-08,169.32,178.48,168.39,176.43,257900,,
2024-08-09,176.48,178.25,174.83,176.02,199700,,
2024-08-12,177.43,178.91,174.61,178.05,121700,,
2024-08-13,179.00,182.56,176.03,181.52,213700,,
2024-08-14,182.44,186.82,181.64,184.07,255700,,
2024-08-15,186.42,188.00,181.85,186.83,234100,,
2024-08-16,187.19,191.77,186.43,190.44,221600,,
2024-08-19,190.44,191.66,185.37,189.80,191200,,
2024-08-20,189.39,189.73,184.56,187.24,151000,,
2024-08-21,187.48,190.00,187.20,188.26,123600,,
2024-08-22,189.42,189.42,183.50,184.01,172300,,
2024-08-23,185.01,186.74,183.04,185.62,185800,,
2024-08-26,186.50,188.62,176.49,177.39,299100,,
2024-08-27,176.10,178.86,174.71,177.76,157100,,
2024-08-28,199.40,211.44,190.99,193.86,985100,,
2024-08-29,198.35,205.78,197.56,203.61,471900,,
2024-08-30,203.96,206.26,198.87,203.76,362200,,
2024-09-03,203.94,207.89,191.75,192.26,375400,,
2024-09-04,191.72,197.43,190.65,194.04,524700,,
2024-09-05,191.01,206.80,181.99,183.73,754400,,
2024-09-06,183.29,186.42,175.85,179.47,421500,,
2024-09-09,180.27,182.30,178.69,180.92,277100,,
2024-09-10,180.40,184.61,178.62,180.71,274900,,
2024-09-11,180.74,184.24,175.96,183.99,177500,,
2024-09-12,183.28,186.53,181.91,185.50,169400,,
2024-09-13,187.00,192.38,185.50,192.11,208700,,
2024-09-16,187.19,188.18,171.23,173.52,1139000,,
2024-09-17,171.77,176.82,171.77,174.96,474200,,
2024-09-18,174.47,180.65,171.27,174.44,374500,,
2024-09-19,178.27,180.94,175.25,179.69,295500,,
2024-09-20,180.10,184.29,177.62,182.76,687800,,
2024-09-23,190.30,205.28,190.04,204.50,702300,,
2024-09-24,203.80,203.80,197.33,197.82,361400,,
2024-09-25,197.97,201.01,194.73,196.75,269100,,
2024-09-26,200.00,200.00,194.36,194.70,255400,,
2024-09-27,196.55,200.83,196.36,199.23,297500,,
2024-09-30,198.00,200.78,196.61,200.50,268800,,
2024-10-01,200.62,219.25,200.46,211.09,739300,,
2024-10-02,215.67,217.26,203.72,204.00,512600,,
2024-10-03,203.66,204.43,199.50,201.11,348800,,
2024-10-04,203.16,208.65,201.00,207.95,225400,,
2024-10-07,208.18,209.00,203.55,205.28,219800,,
2024-10-08,206.54,209.32,205.59,207.82,218900,,
2024-10-09,207.47,209.00,205.19,208.32,187000,,
2024-10-10,207.12,212.11,203.96,206.67,300300,,
2024-10-11,205.80,217.50,205.80,215.39,314800,,
2024-10-14,218.00,219.00,214.30,215.17,276700,,
2024-10-15,215.44,217.35,209.52,214.11,298000,,
2024-10-16,215.74,221.52,215.20,220.23,257300,,
2024-10-17,221.32,221.34,215.10,215.63,239700,,
2024-10-18,216.00,218.99,215.12,216.97,170600,,
2024-10-21,217.69,227.18,217.69,220.51,227500,,
2024-10-22,219.52,220.00,214.68,216.48,207400,,
2024-10-23,215.68,217.14,212.14,214.68,154700,,
2024-10-24,214.68,218.83,214.41,215.66,142300,,
2024-10-25,216.69,221.11,215.91,220.90,182500,,
2024-10-28,222.06,222.58,217.97,220.80,150200,,
2024-10-29,220.20,221.69,218.00,220.85,139200,,
2024-10-30,219.31,221.19,216.24,216.60,198700,,
2024-10-31,215.78,217.32,211.46,214.96,220600,,
2024-11-01,217.13,219.89,215.60,216.00,168700,,
2024-11-04,213.57,219.28,213.00,215.48,146000,,
2024-11-05,216.27,220.26,215.21,219.67,234900,,
2024-11-06,227.55,232.00,203.21,216.32,788000,,
2024-11-07,213.01,224.99,213.01,223.69,267700,,
2024-11-08,225.27,231.50,222.00,227.87,320600,,
2024-11-11,232.00,236.60,228.23,235.17,351400,,
2024-11-12,228.57,231.94,213.54,218.03,432200,,
2024-11-13,217.44,227.65,217.18,217.56,382600,,
2024-11-14,216.14,219.98,203.04,204.25,430700,,
2024-11-15,203.82,204.50,197.61,200.06,344700,,
2024-11-18,199.48,200.94,195.58,197.07,265400,,
2024-11-19,192.40,197.69,189.26,194.89,860500,,
2024-11-20,204.01,205.05,191.12,198.34,719100,,
2024-11-21,198.14,204.52,193.00,194.26,537400,,
2024-11-22,196.29,199.74,195.63,195.91,323200,,
2024-11-25,199.16,201.62,192.30,193.11,375800,,
2024-11-26,196.17,203.69,193.00,196.50,437900,,
2024-11-27,197.36,199.56,190.50,190.87,259900,,
2024-11-29,194.00,196.00,192.60,194.50,199700,,
2024-12-02,197.00,203.57,192.50,203.19,473800,,
2024-12-03,203.20,203.20,192.80,193.10,548300,,
2024-12-04,194.03,199.20,192.29,196.89,695800,,
2024-12-05,175.00,180.83,162.27,165.62,2547900,,
2024-12-06,166.01,167.30,161.00,163.33,808100,,
2024-12-09,163.67,164.88,159.73,160.42,752700,,
2024-12-10,159.58,160.24,153.00,153.72,959900,,
2024-12-11,154.84,155.97,150.50,154.35,777900,,
2024-12-12,154.26,156.73,152.19,153.88,487700,,
2024-12-13,153.45,156.60,151.42,156.50,611500,,
2024-12-16,159.55,172.08,159.22,168.80,1118800,,
2024-12-17,168.61,168.61,159.62,164.04,732700,,
2024-12-18,163.86,165.25,155.32,156.06,805600,,
2024-12-19,156.93,161.85,156.07,161.84,526600,,
2024-12-20,158.18,165.62,158.18,164.03,1373200,,
2024-12-23,164.60,164.81,159.32,161.20,397700,,
2024-12-24,161.20,161.85,158.71,160.12,164300,,
2024-12-26,158.11,162.21,158.00,161.50,269400,,
2024-12-27,161.01,161.49,154.62,157.66,345700,,
2024-12-30,155.27,155.95,152.76,155.18,342500,,
2024-12-31,156.74,157.46,153.71,153.89,266200,,
2025-01-02,157.87,161.71,155.28,156.45,317600,,
2025-01-03,157.36,161.56,157.18,161.01,340500,,
2025-01-06,163.23,164.00,160.52,163.73,333900,,
2025-01-07,164.45,168.00,161.55,163.04,335700,,
2025-01-08,161.41,164.00,158.04,163.41,321500,,
2025-01-10,160.86,167.25,160.15,165.03,332100,,
2025-01-13,161.28,162.34,157.25,162.11,423200,,
2025-01-14,163.73,168.97,163.00,164.66,283500,,
2025-01-15,168.40,171.00,166.27,167.53,365300,,
2025-01-16,168.00,168.61,163.17,165.39,288500,,
2025-01-17,167.96,170.88,164.90,168.74,317400,,
2025-01-21,171.00,177.63,171.00,177.52,445000,,
2025-01-22,178.38,180.00,175.85,177.88,384700,,
2025-01-23,177.63,182.64,176.50,181.57,375500,,
2025-01-24,181.57,182.04,179.23,180.36,319200,,
2025-01-27,176.00,178.93,170.17,176.55,387400,,
2025-01-28,179.69,179.69,172.99,175.04,233600,,
2025-01-29,175.14,177.16,169.00,171.28,274600,,
2025-01-30,172.25,173.89,170.50,171.98,228600,,
2025-01-31,174.00,182.60,171.53,180.15,400000,,
2025-02-03,174.83,181.85,172.98,172.98,449200,,
2025-02-04,174.79,188.79,174.79,186.12,550900,,
2025-02-05,188.54,188.54,183.39,185.96,342400,,
2025-02-06,187.68,188.20,176.35,179.07,397700,,
2025-02-07,179.08,180.30,176.06,176.93,244400,,
2025-02-10,177.47,182.65,175.86,182.15,253300,,
2025-02-11,181.00,181.02,176.98,179.35,248600,,
2025-02-12,175.27,178.80,162.95,167.70,703200,,
2025-02-13,168.25,168.60,159.37,161.34,625200,,
2025-02-14,160.98,161.33,156.40,156.99,484800,,
2025-02-18,158.24,160.05,153.97,155.30,523200,,
2025-02-19,157.06,161.61,156.20,158.84,468100,,
2025-02-20,158.63,159.42,154.41,158.13,284000,,
2025-02-21,160.02,160.25,153.16,154.79,341400,,
2025-02-24,154.79,156.48,149.02,152.90,335000,,
2025-02-25,152.01,153.68,145.97,151.69,478200,,
2025-02-26,152.36,157.82,150.00,153.65,379600,,
2025-02-27,155.87,157.00,151.60,151.86,255800,,
2025-02-28,150.63,153.23,147.23,149.62,452100,,
2025-03-03,149.85,150.83,141.67,142.63,528800,,
2025-03-04,140.25,143.56,135.17,141.90,997500,,
2025-03-05,110.07,138.21,110.07,135.69,2984500,,
2025-03-06,134.81,136.23,131.10,135.07,705300,,
2025-03-07,134.89,134.89,128.91,132.33,668300,,
2025-03-10,130.04,130.49,121.62,123.35,718200,,
2025-03-11,123.37,126.23,121.77,124.00,557800,,
2025-03-12,125.32,126.55,120.84,121.53,486100,,
2025-03-13,121.81,124.05,120.43,123.99,409300,,
2025-03-14,126.76,129.86,124.50,129.45,487600,,
2025-03-17,128.67,129.16,124.30,125.74,392400,,
2025-03-18,125.50,125.55,121.14,124.79,409200,,
2025-03-19,125.29,127.49,123.92,125.73,325800,,
2025-03-20,124.54,125.35,123.50,125.10,215100,,
2025-03-21,123.83,125.15,122.47,125.01,734000,,
2025-03-24,127.10,129.37,126.30,128.69,285100,,
2025-03-25,130.00,131.40,128.34,131.20,319700,,
2025-03-26,131.50,132.01,124.35,126.00,316900,,
2025-03-27,125.83,126.61,123.01,123.59,253800,,
2025-03-28,124.22,124.22,119.46,120.93,320500,,
2025-03-31,118.39,120.28,115.35,119.19,428600,,
2025-04-01,119.28,122.79,118.65,121.79,444400,,
2025-04-02,120.24,128.05,119.59,126.84,353200,,
2025-04-03,120.36,123.28,116.02,117.59,377000,,
2025-04-04,113.00,115.00,110.11,111.65,561300,,
2025-04-07,106.10,116.26,102.25,113.38,634700,,
2025-04-08,120.82,122.49,114.91,121.03,954100,,
2025-04-09,120.70,140.63,119.25,137.72,948000,,
2025-04-10,135.60,141.20,134.50,138.97,681700,,
2025-04-11,139.10,148.02,137.41,146.33,513300,,
2025-04-14,149.63,149.77,140.91,142.80,498500,,
2025-04-15,141.74,144.11,138.89,140.00,388400,,
2025-04-16,139.00,144.15,138.00,143.81,343400,,
2025-04-17,143.98,147.97,143.28,147.61,381700,,
2025-04-21,146.41,146.93,141.09,144.20,276000,,
2025-04-22,146.60,150.58,145.44,150.18,420900,,
2025-04-23,155.01,156.35,146.06,146.21,445100,,
2025-04-24,145.94,150.36,142.20,148.95,352900,,
2025-04-25,148.93,151.42,147.95,149.59,307000,,
2025-04-28,150.25,154.00,147.17,149.71,227600,,
2025-04-29,149.66,154.48,149.22,153.24,292500,,
2025-04-30,150.99,152.25,148.02,151.52,262800,,
2025-05-01,153.12,157.73,150.29,155.21,386300,,
2025-05-02,156.41,160.01,155.22,158.79,310600,,
2025-05-05,159.09,163.50,156.94,161.96,442000,,
2025-05-06,160.00,162.00,154.39,158.50,386600,,
2025-05-07,158.50,160.51,155.69,160.01,271600,,
2025-05-08,162.79,169.00,161.50,168.38,490200,,
2025-05-09,168.36,168.95,163.20,165.47,368900,,
2025-05-12,171.07,171.44,164.68,167.13,478000,,
2025-05-13,169.27,171.44,166.00,166.60,411400,,
2025-05-14,166.85,168.06,163.70,163.82,343800,,
2025-05-15,163.82,166.56,163.59,165.49,244300,,
2025-05-16,165.92,166.49,163.52,164.09,316700,,
2025-05-19,162.57,164.29,159.64,161.12,337400,,
2025-05-20,160.93,169.58,160.46,169.29,504300,,
2025-05-21,169.00,169.20,163.43,166.73,518300,,
2025-05-22,166.75,168.97,164.90,167.64,407700,,
2025-05-23,163.75,169.62,162.03,169.07,278400,,
2025-05-27,170.52,178.50,170.27,178.14,560800,,
2025-05-28,177.93,180.72,175.95,176.38,492500,,
2025-05-29,177.93,178.94,171.98,172.49,296900,,
2025-05-30,172.18,178.78,170.31,178.03,1092000,,
2025-06-02,183.00,188.75,177.33,180.41,757700,,
2025-06-03,182.40,188.56,181.87,186.16,635700,,
2025-06-04,187.83,187.83,178.69,183.48,718200,,
2025-06-05,185.99,189.95,184.50,186.59,723600,,
2025-06-06,189.55,201.70,188.08,190.89,1130200,,
2025-06-09,196.36,202.74,191.73,195.72,1058800,,
2025-06-10,195.72,196.37,187.10,189.62,547600,,
2025-06-11,190.00,190.01,183.50,189.52,612800,,
2025-06-12,187.81,191.49,185.77,190.12,339000,,
2025-06-13,193.90,199.00,191.47,195.10,774000,,
2025-06-16,197.40,197.68,186.44,186.67,712100,,
2025-06-17,187.02,191.42,186.55,188.73,657500,,
2025-06-18,190.17,195.45,189.39,190.04,800800,,
2025-06-20,190.99,193.55,186.76,189.65,1164400,,
2025-06-23,191.00,197.58,189.69,191.23,969700,,
2025-06-24,193.00,195.65,187.88,193.28,1576300,,
2025-06-25,223.84,250.00,223.50,234.94,6343600,,
2025-06-26,238.00,272.57,237.30,272.37,4739200,,
2025-06-27,279.00,285.99,270.01,278.07,3352700,,
2025-06-30,283.69,295.90,279.01,284.95,1678500,,
2025-07-01,263.12,271.51,250.87,252.40,3777500,,
2025-07-02,249.64,251.48,245.10,246.25,5089700,,
2025-07-03,248.21,250.99,244.44,246.23,2587700,,
2025-07-07,248.37,248.99,238.81,240.74,2385500,,
2025-07-08,241.25,243.84,232.01,237.07,1981000,,
2025-07-09,236.33,237.83,228.89,236.77,1936400,,
2025-07-10,238.03,243.41,234.80,237.57,2035900,,
2025-07-11,249.17,264.80,246.22,263.80,4249300,,
2025-07-14,260.77,268.50,252.50,265.00,2168600,,
2025-07-15,266.10,266.59,257.22,263.89,1324900,,
2025-07-16,260.50,269.42,260.04,268.92,1460400,,
2025-07-17,269.42,284.17,269.42,278.56,6617600,,
2025-07-18,280.68,281.35,271.90,274.03,1248100,,
2025-07-21,277.04,279.53,271.08,272.18,1121200,,
2025-07-22,265.00,266.40,256.45,262.48,1497200,,
2025-07-23,264.27,272.80,263.04,272.80,974900,,
2025-07-24,272.61,280.41,269.67,271.20,1113600,,
2025-07-25,272.98,274.00,267.48,272.88,722300,,
2025-07-28,277.69,282.60,263.00,270.63,1009400,,
2025-07-29,272.37,274.00,267.30,268.39,769900,,
2025-07-30,268.00,270.87,265.35,267.80,707800,,
2025-07-31,267.31,269.69,263.18,267.64,711000,,
2025-08-01,259.61,263.79,251.34,260.07,950700,,
2025-08-04,265.72,271.00,261.91,267.95,552400,,
2025-08-05,271.98,276.50,260.41,264.75,1106400,,
2025-08-06,262.94,265.92,259.06,263.10,635800,,
2025-08-07,265.87,268.58,256.39,259.61,679100,,
2025-08-08,259.61,264.25,243.22,247.45,1094400,,
2025-08-11,251.12,254.13,243.68,244.44,898900,,
2025-08-12,244.90,251.14,239.15,250.49,1040000,,
2025-08-13,255.00,257.00,245.35,254.81,798200,,
2025-08-14,252.92,255.23,246.61,249.73,626100,,
2025-08-15,249.08,249.08,240.50,246.65,671000,,
2025-08-18,246.65,250.42,244.66,247.13,655300,,
2025-08-19,253.00,254.00,233.34,235.18,1013600,,
2025-08-20,232.74,236.78,227.55,232.24,637100,,
2025-08-21,232.33,235.39,230.95,235.07,514100,,
2025-08-22,234.57,244.70,233.93,239.84,806100,,
2025-08-25,240.25,247.78,240.00,241.15,739700,,
2025-08-26,241.34,249.90,241.15,245.90,653600,,
2025-08-27,247.51,250.80,243.20,247.47,625500,,
2025-08-28,248.00,250.93,247.00,248.93,438600,,
2025-08-29,253.14,253.70,238.48,241.35,624600,,
2025-09-02,239.50,241.04,232.00,240.02,518400,,
2025-09-03,242.63,245.04,237.47,238.23,433400,,
2025-09-04,237.46,238.14,221.05,226.76,1223000,,
2025-09-05,231.00,232.31,220.88,226.08,775200,,
2025-09-08,229.96,239.37,229.55,236.91,1491000,,
2025-09-09,235.21,236.57,230.22,230.99,1801100,,
2025-09-10,232.00,247.25,225.75,247.05,2574300,,
2025-09-11,241.69,257.07,241.10,241.81,1861800,,
2025-09-12,245.13,250.83,242.00,243.00,781500,,
2025-09-15,245.27,251.75,243.44,251.04,940500,,
2025-09-16,254.48,266.42,253.14,265.87,1348600,,
2025-09-17,265.68,274.52,262.39,272.07,1112500,,
2025-09-18,278.42,288.00,275.81,283.43,1529900,,
2025-09-19,283.59,289.37,277.94,278.55,1991900,,
2025-09-22,278.27,289.51,275.44,288.08,870400,,
2025-09-23,293.32,301.12,291.78,298.61,1588400,,
2025-09-24,302.04,307.11,297.46,301.52,1378200,,
2025-09-25,293.08,302.48,278.10,301.79,1164300,,
2025-09-26,303.36,305.01,294.00,301.20,752800,,
2025-09-29,310.42,317.11,305.31,308.69,1445400,,
2025-09-30,307.68,316.60,303.72,314.89,1029900,,
2025-10-01,318.17,346.24,318.00,346.08,2075400,,
2025-10-02,354.45,363.77,349.71,360.28,1571500,,
2025-10-03,374.43,383.80,366.82,374.64,1683700,,
2025-10-06,385.39,392.82,373.03,391.88,1823600,,
2025-10-07,390.73,400.01,386.01,395.13,1459400,,
2025-10-08,399.77,410.75,389.99,407.51,1632800,,
2025-10-09,408.15,417.86,396.00,398.29,1024600,,
2025-10-10,397.82,408.99,390.13,392.29,1049600,,
2025-10-13,392.29,411.00,381.01,409.83,1321000,,
2025-10-14,401.51,411.16,391.56,401.63,737500,,
2025-10-15,406.00,409.66,377.01,384.69,1238200,,
2025-10-16,385.00,387.26,368.56,374.10,1101100,,
2025-10-17,364.50,368.73,349.09,350.59,1616700,,
2025-10-20,361.11,366.15,355.00,364.04,1726900,,
2025-10-21,367.14,379.67,361.12,377.18,853600,,
2025-10-22,373.57,378.29,345.28,355.18,1159400,,
2025-10-23,366.50,371.00,359.95,364.28,698700,,
2025-10-24,372.93,380.20,364.37,378.54,784100,,
2025-10-27,388.74,391.16,375.00,380.13,751600,,
2025-10-28,384.90,386.80,379.07,379.93,510900,,
2025-10-29,384.34,394.06,375.00,380.65,671300,,
2025-10-30,375.86,379.00,363.00,365.83,800900,,
2025-10-31,372.20,375.80,359.08,369.91,587800,,
2025-11-03,375.48,380.00,363.10,367.88,467000,,
2025-11-04,354.25,367.91,347.90,365.08,645000,,
2025-11-05,357.00,361.58,345.80,350.70,862200,,
2025-11-06,350.81,350.81,324.48,328.23,946200,,
2025-11-07,319.90,332.17,307.32,329.65,1416400,,
2025-11-10,338.36,341.18,324.48,333.87,642700,,
2025-11-11,329.19,333.10,324.04,328.09,496200,,
2025-11-12,328.10,334.56,320.04,323.32,477300,,
2025-11-13,316.94,318.01,293.45,295.49,1212400,,
2025-11-14,280.02,299.72,280.02,291.21,890500,,
2025-11-17,291.02,292.35,278.67,283.66,668300,,
2025-11-18,283.99,288.09,275.64,280.95,789800,,
2025-11-19,279.80,286.21,276.83,280.43,672500,,
2025-11-20,294.42,295.60,270.99,273.98,847700,,
2025-11-21,271.04,273.55,260.28,272.54,792500,,
2025-11-24,272.54,282.03,272.22,276.99,689300,,
2025-11-25,276.99,280.00,269.68,278.47,674700,,
2025-11-26,283.52,283.95,273.52,279.19,566300,,
2025-11-28,283.93,284.00,277.64,279.46,270900,,
2025-12-01,274.98,275.19,257.31,257.80,792900,,
2025-12-02,258.80,266.39,257.81,264.95,811500,,
2025-12-03,266.59,272.41,261.24,271.78,1017700,,
2025-12-04,272.00,292.75,269.50,287.45,1035700,,
2025-12-05,286.79,287.45,273.37,278.39,848900,,
2025-12-08,281.18,285.52,275.85,282.47,790800,,
2025-12-09,286.11,291.50,278.50,281.42,2323800,,
2025-12-10,264.25,269.73,242.85,245.25,4521900,,
2025-12-11,243.42,252.78,239.50,249.75,1314300,,
2025-12-12,247.25,249.27,235.14,239.00,1244500,,
2025-12-15,240.50,243.20,231.13,235.32,1122400,,
2025-12-16,232.66,237.68,231.95,234.65,981500,,
2025-12-17,235.00,240.29,227.47,229.10,882700,,
2025-12-18,233.26,238.21,230.64,230.69,805000,,
2025-12-19,232.15,245.14,232.10,243.01,2124900,,
2025-12-22,250.00,257.99,247.62,255.39,1428200,,
2025-12-23,253.41,263.36,252.01,261.15,1063000,,
2025-12-24,260.96,262.99,256.00,260.70,404500,,
2025-12-26,261.82,261.82,252.50,255.00,504100,,
2025-12-29,251.85,255.00,247.66,249.15,615700,,
2025-12-30,250.92,251.84,242.63,244.00,715100,,
2025-12-31,244.58,244.58,239.80,241.89,719300,,
2026-01-02,248.45,257.89,241.65,256.19,940200,,
2026-01-05,268.57,302.49,268.00,297.41,2347900,,
2026-01-06,297.79,318.23,297.41,317.03,1932000,,
2026-01-07,318.98,333.00,314.37,318.48,2040500,,
2026-01-08,350.01,371.40,335.01,344.96,3218600,,
2026-01-09,351.07,370.50,346.00,364.99,1892700,,
2026-01-12,369.70,374.50,361.73,370.68,1539100,,
2026-01-13,374.49,375.00,352.03,363.86,1591200,,
2026-01-14,357.93,382.72,346.47,381.80,1951200,,
2026-01-15,377.62,383.55,365.83,378.57,1458300,,
2026-01-16,382.27,408.25,381.00,392.86,2028800,,
2026-01-20,370.00,390.04,325.09,330.89,3518300,,
2026-01-21,346.12,346.12,302.01,319.63,2835500,,
2026-01-22,323.79,326.44,308.53,312.12,1290500,,
2026-01-23,313.53,314.75,300.00,307.75,1017100,,
2026-01-26,307.07,309.93,298.53,302.67,1357500,,
2026-01-27,302.21,311.70,299.00,309.57,1204000,,
2026-01-28,316.30,321.04,300.25,306.94,2109200,,
2026-01-29,305.23,306.00,288.29,293.22,1448300,,
2026-01-30,287.85,292.70,276.76,278.39,1091900,,
2026-02-02,271.97,277.00,265.50,269.99,1619400,,
2026-02-03,273.54,285.59,270.06,285.41,1081500,,
2026-02-04,286.00,287.45,246.02,257.30,1812600,,
2026-02-05,247.13,257.99,234.00,236.88,1538500,,
2026-02-06,246.74,258.78,242.00,257.20,1492000,,
2026-02-09,256.62,274.99,253.00,274.35,1150700,,
2026-02-10,274.86,277.92,261.52,263.26,1018500,,
2026-02-11,267.70,267.85,236.36,243.42,1594000,,
2026-02-12,252.03,252.03,233.78,235.12,1184000,,
2026-02-13,236.63,248.60,234.00,243.87,686900,,
2026-02-17,254.95,266.21,252.30,262.99,1378300,,
2026-02-18,264.68,269.29,258.86,265.46,1067200,,
2026-02-19,269.66,285.77,264.83,281.67,1299700,,
2026-02-20,280.83,285.00,263.95,264.63,1116700,,
2026-02-23,256.62,267.50,255.01,261.33,733500,,
2026-02-24,252.20,265.90,246.15,262.25,731500,,
2026-02-25,264.86,265.00,254.55,255.22,736200,,
2026-02-26,257.01,261.21,250.71,259.62,714000,,
2026-02-27,251.70,254.05,243.00,252.25,890600,,
2026-03-02,284.24,303.00,196.22,208.32,13461900,,
2026-03-03,214.67,237.00,211.06,228.30,5466200,,
2026-03-04,224.00,231.32,221.45,226.48,1760700,,
2026-03-05,231.94,235.30,213.00,220.56,2357500,,
2026-03-06,214.63,235.98,213.11,229.80,2122800,,
2026-03-09,229.50,229.50,216.56,227.29,2089700,,
2026-03-10,224.68,228.40,220.90,221.57,2507200,,
2026-03-11,204.50,213.56,199.37,207.73,5230300,,
2026-03-12,212.71,219.51,205.61,211.88,2883200,,
2026-03-13,213.07,220.75,206.64,207.07,1379000,,
2026-03-16,212.52,216.00,206.33,211.88,1483400,,
2026-03-17,212.89,222.66,210.63,222.51,1721200,,
2026-03-18,220.00,222.00,214.54,215.85,1432200,,
2026-03-19,210.10,214.00,205.00,211.35,1884100,,
2026-03-20,207.41,209.73,193.52,197.72,2050600,,
2026-03-23,200.67,211.50,196.76,206.27,1737400,,
2026-03-24,204.00,205.17,194.80,196.18,1254400,,
2026-03-25,200.57,204.61,198.36,199.02,1055800,,
2026-03-26,195.05,200.30,193.68,195.91,1017900,,
2026-03-27,192.13,193.93,183.85,184.43,874800,,
2026-03-30,186.41,186.41,175.42,176.97,1170700,,
2026-03-31,179.87,185.00,176.22,183.05,1319200,,
2026-04-01,188.64,191.80,182.45,183.50,922200,,
2026-04-02,176.62,186.24,176.29,184.36,720300,,
2026-04-06,185.00,191.75,184.89,189.26,650800,,
2026-04-07,186.55,187.78,181.35,186.85,646100,,
2026-04-08,194.61,197.04,183.84,186.94,1499700,,
2026-04-09,187.50,187.50,175.87,177.70,1267400,,
2026-04-10,177.75,182.02,174.73,179.72,869100,,
2026-04-13,177.02,194.82,177.00,194.39,1275900,,
2026-04-14,199.00,201.98,192.52,194.52,953400,,
2026-04-15,197.29,200.26,194.19,198.42,833900,,
2026-04-16,203.31,207.23,197.70,201.99,1080500,,
2026-04-17,204.68,208.65,186.18,191.42,1572900,,
2026-04-20,190.81,198.60,189.49,197.23,1006800,,
2026-04-21,203.60,222.40,201.22,210.07,2446300,,
2026-04-22,216.76,219.20,206.28,210.10,1304700,,
2026-04-23,207.89,209.37,196.74,201.91,1060500,,
2026-04-24,203.77,203.84,195.32,196.28,864000,,
2026-04-27,195.50,200.86,193.63,195.74,705600,,
2026-04-28,193.02,193.02,185.53,192.34,874500,,
2026-04-29,191.67,191.72,181.70,183.50,825500,,
2026-04-30,185.95,195.51,184.26,195.02,1110200,,
2026-05-01,195.05,195.85,184.00,184.97,1072400,,
2026-05-04,185.73,185.73,177.67,180.26,1287900,,
2026-05-05,182.05,182.50,166.50,166.69,1760400,,
2026-05-06,166.88,178.00,166.02,174.37,1422500,,
2026-05-07,174.28,174.28,165.50,168.18,1100500,,
2026-05-08,167.56,169.92,164.61,168.29,918300,,
2026-05-11,164.75,168.34,158.30,166.45,1389000,,
2026-05-12,167.00,173.47,164.51,168.86,1210900,,
2026-05-13,166.42,166.42,156.00,160.99,1368800,,
2026-05-14,160.00,166.99,160.00,165.27,968500,,
2026-05-15,162.31,163.08,157.11,158.00,931800,,
2026-05-18,158.11,164.31,158.07,161.52,928900,,
2026-05-19,161.00,162.03,157.01,160.23,719900,,
2026-05-20,161.35,164.38,157.25,163.87,727900,,
2026-05-21,161.02,165.27,158.85,163.09,639200,,
2026-05-22,164.16,174.51,164.11,174.23,1161800,,
2026-05-26,182.81,187.52,175.50,182.26,1642900,,
2026-05-27,182.50,183.00,175.56,181.28,1112200,,
2026-05-28,199.94,217.77,195.55,214.39,4163500,,
2026-05-29,216.09,216.28,196.22,207.24,2729800,,
2026-06-01,202.68,208.94,198.14,204.09,1374800,,
2026-06-02,203.90,204.51,196.60,204.35,1110000,,
2026-06-03,201.51,201.51,189.13,191.47,1334100,,
2026-06-04,190.95,205.55,189.12,204.40,1021700,,
2026-06-05,199.29,200.87,181.20,185.92,1121900,,
2026-06-08,187.01,190.22,183.93,184.68,903600,,
2026-06-09,184.02,186.88,169.00,176.51,1108400,,
2026-06-10,173.89,177.50,172.00,172.93,813800,,
2026-06-11,172.17,184.55,170.10,183.69,684100,,
2026-06-12,183.62,183.62,170.18,170.58,1046500,,
2026-06-15,174.41,176.00,169.40,171.95,962400,,
2026-06-16,170.33,171.60,164.56,166.71,1039100,,
2026-06-17,166.00,172.16,165.00,167.11,773300,,
2026-06-18,170.80,172.99,163.94,169.61,1560100,,
2026-06-22,160.75,163.83,150.36,151.33,2370400,,
2026-06-23,148.02,151.81,147.75,149.08,1041000,,
2026-06-24,147.81,148.66,141.73,142.18,1079300,,
2026-06-25,141.10,141.10,135.20,136.68,1519800,,
2026-06-26,135.72,143.37,135.72,137.95,5876700,,
2026-06-29,143.60,146.94,139.00,139.00,3159800,,
2026-06-30,176.50,178.50,157.79,165.07,8036200,,
2026-07-01,170.00,181.27,164.00,172.44,2969400,,
2026-07-02,180.25,200.38,176.60,190.89,4152100,,
2026-07-06,190.21,192.00,176.36,176.84,2392700,,
2026-07-07,175.00,177.10,162.40,162.53,2251400,,
2026-07-08,165.67,168.89,157.01,157.78,2378300,,
2026-07-09,153.00,153.51,146.13,148.40,2301300,,
2026-07-10,147.02,148.41,143.01,144.58,1344600,,
2026-07-13,144.08,146.00,141.15,141.80,1243400,,
2026-07-14,142.92,147.50,142.23,143.47,1073400,,
2026-07-15,143.00,148.96,139.10,141.22,1308000,,
2026-07-16,146.23,151.88,143.47,149.29,2197900,,
2026-07-17,144.77,148.35,142.02,142.20,1265200,,
2026-07-20,142.60,145.78,140.01,142.60,1331500,,
2026-07-21,141.75,150.74,140.95,148.84,1584800,,
2026-07-22,150.36,157.38,148.84,150.35,1823500,,
2026-07-23,153.04,162.30,152.00,158.73,1654000,,
2026-07-24,159.65,159.90,149.33,149.51,1115400,,
2026-07-27,149.82,156.54,148.25,154.24,972400,,
2026-07-28,151.81,156.48,147.18,156.35,1042000,,
2026-07-29,154.47,155.30,141.68,142.12,1289100,,
2026-07-30,144.07,147.33,140.43,146.57,948800,,
2026-07-31,148.77,150.75,142.80,149.37,943300,,
2026-08-03,151.22,159.33,150.25,159.18,968600,,
2026-08-04,160.36,170.30,160.08,169.02,1842100,,
