date,open,high,low,close,volume,div,split
2016-08-04,16.43,16.70,16.42,16.70,19978000,,
2016-08-05,16.80,17.02,16.72,17.01,25594000,,
2016-08-08,17.00,17.12,16.79,16.84,19084000,,
2016-08-09,16.89,17.22,16.87,17.12,32743000,,
2016-08-10,17.12,17.22,16.98,17.18,19523000,,
2016-08-11,17.21,17.32,17.09,17.21,15745000,,
2016-08-12,17.21,17.26,17.14,17.25,16530000,,
2016-08-15,17.34,17.58,17.25,17.55,25807000,,
2016-08-16,17.48,17.50,17.21,17.24,19069000,,
2016-08-17,17.23,17.33,17.18,17.30,16613000,,
2016-08-18,17.28,17.42,17.26,17.39,21120000,,
2016-08-19,17.42,17.51,17.34,17.49,15349000,,
2016-08-22,17.50,17.63,17.41,17.59,15393000,,
2016-08-23,17.67,17.75,17.61,17.73,19741000,,
2016-08-24,17.76,17.77,17.44,17.53,21802000,,
2016-08-25,17.55,17.71,17.47,17.60,18735000,,
2016-08-26,17.68,17.86,17.51,17.72,22586000,,
2016-08-29,17.73,17.87,17.69,17.74,16726000,,
2016-08-30,17.82,17.94,17.59,17.70,27838000,,
2016-08-31,17.71,17.83,17.54,17.64,32753000,,
2016-09-01,17.69,17.77,17.48,17.71,39128000,,
2016-09-02,17.70,17.73,16.88,17.31,80668000,,
2016-09-06,17.36,17.40,16.96,17.11,36132000,,
2016-09-07,17.14,17.20,16.77,16.89,31437000,,
2016-09-08,16.84,16.88,16.66,16.84,18680000,,
2016-09-09,16.63,16.70,16.07,16.08,45022000,,
2016-09-12,15.91,16.48,15.88,16.45,35673000,,
2016-09-13,16.45,16.74,16.43,16.52,36003000,,
2016-09-14,16.52,16.99,16.50,16.96,40324000,,
2016-09-15,16.93,17.30,16.82,17.27,36322000,0.051,
2016-09-16,17.24,17.30,16.98,17.12,83067000,,
2016-09-19,17.16,17.36,16.94,17.07,28306000,,
2016-09-20,17.22,17.22,16.82,16.82,18722000,,
2016-09-21,16.84,17.00,16.76,16.98,17977000,,
2016-09-22,17.10,17.12,16.81,16.88,20619000,,
2016-09-23,16.87,16.90,16.55,16.66,26875000,,
2016-09-26,16.51,16.72,16.28,16.67,32033000,,
2016-09-27,16.69,17.09,16.60,17.09,25353000,,
2016-09-28,17.18,17.27,16.98,17.07,20843000,,
2016-09-29,17.00,17.40,16.95,17.25,38570000,,
2016-09-30,17.30,17.46,17.24,17.25,34220000,,
2016-10-03,17.30,17.39,16.97,17.01,22807000,,
2016-10-04,17.06,17.09,16.81,16.91,19596000,,
2016-10-05,17.15,17.41,17.07,17.35,26149000,,
2016-10-06,17.33,17.46,17.13,17.42,21014000,,
2016-10-07,17.49,17.50,17.24,17.42,21842000,,
2016-10-10,17.47,17.59,17.38,17.48,16336000,,
2016-10-11,17.53,17.55,16.95,17.12,26181000,,
2016-10-12,17.07,17.11,16.84,17.05,21740000,,
2016-10-13,16.88,16.99,16.68,16.89,22373000,,
2016-10-14,17.00,17.26,16.93,17.01,19570000,,
2016-10-17,16.97,17.09,16.87,16.89,12741000,,
2016-10-18,17.07,17.29,17.05,17.22,14167000,,
2016-10-19,17.12,17.23,17.01,17.19,20440000,,
2016-10-20,17.17,17.46,17.10,17.34,18961000,,
2016-10-21,17.23,17.34,17.07,17.29,15842000,,
2016-10-24,17.42,17.70,17.36,17.66,19772000,,
2016-10-25,17.60,17.65,17.35,17.36,21622000,,
2016-10-26,17.21,17.48,17.11,17.30,21075000,,
2016-10-27,17.43,17.52,17.18,17.22,19840000,,
2016-10-28,17.25,17.29,16.90,16.93,20651000,,
2016-10-31,17.00,17.17,16.87,17.03,20317000,,
2016-11-01,17.07,17.16,16.58,16.88,28452000,,
2016-11-02,17.29,17.41,16.98,17.26,43501000,,
2016-11-03,17.25,17.53,17.21,17.30,20654000,,
2016-11-04,17.04,17.45,17.02,17.22,21753000,,
2016-11-07,17.44,17.79,17.41,17.70,26126000,,
2016-11-08,17.71,17.80,17.51,17.70,18923000,,
2016-11-09,17.15,17.65,17.12,17.34,32506000,,
2016-11-10,17.37,17.45,16.33,16.79,51217000,,
2016-11-11,16.73,17.00,16.57,16.75,29793000,,
2016-11-14,16.65,16.78,16.30,16.38,28187000,,
2016-11-15,16.48,16.75,16.36,16.64,25380000,,
2016-11-16,16.63,16.82,16.57,16.78,13333000,,
2016-11-17,16.73,16.90,16.60,16.70,18100000,,
2016-11-18,16.68,16.92,16.68,16.82,19524000,,
2016-11-21,16.91,17.28,16.91,17.26,21384000,,
2016-11-22,17.37,17.74,17.33,17.70,31024000,,
2016-11-23,17.64,17.78,17.52,17.71,22123000,,
2016-11-25,17.68,17.70,17.56,17.68,8198000,,
2016-11-28,17.61,17.71,17.45,17.46,26570000,,
2016-11-29,17.39,17.70,17.34,17.55,18514000,,
2016-11-30,17.51,17.59,17.04,17.05,31249000,,
2016-12-01,17.00,17.05,16.12,16.28,46389000,,
2016-12-02,16.36,16.49,16.06,16.42,26945000,,
2016-12-05,16.60,16.66,16.24,16.61,21372000,,
2016-12-06,16.68,16.80,16.34,16.48,39184000,,
2016-12-07,16.48,16.86,16.37,16.86,32659000,,
2016-12-08,16.95,17.14,16.75,17.07,38361000,,
2016-12-09,18.09,18.19,17.69,17.91,75744000,,
2016-12-12,17.80,18.08,17.66,17.82,37194000,,
2016-12-13,17.87,18.19,17.80,17.94,69076000,,
2016-12-14,17.88,17.92,17.62,17.76,46795000,0.102,
2016-12-15,17.83,18.12,17.66,18.00,38103000,,
2016-12-16,18.07,18.11,17.75,17.84,41541000,,
2016-12-19,17.91,18.14,17.81,18.05,22219000,,
2016-12-20,18.10,18.33,18.01,18.21,27352000,,
2016-12-21,18.37,18.40,18.18,18.23,21013000,,
2016-12-22,18.29,18.30,17.94,18.06,17557000,,
2016-12-23,18.00,18.20,17.97,18.19,8977000,,
2016-12-27,18.21,18.37,18.20,18.23,8283000,,
2016-12-28,18.26,18.30,17.98,18.02,14039000,,
2016-12-29,17.97,18.07,17.86,17.99,13671000,,
2016-12-30,18.04,18.09,17.60,17.68,25421000,,
2017-01-03,17.83,18.09,17.65,17.83,32098000,,
2017-01-04,17.83,17.90,17.67,17.71,23965000,,
2017-01-05,17.63,17.70,17.39,17.43,24861000,,
2017-01-06,17.42,17.69,17.33,17.66,23142000,,
2017-01-09,17.66,17.83,17.66,17.70,20265000,,
2017-01-10,17.75,18.07,17.69,18.06,30181000,,
2017-01-11,18.00,18.05,17.78,17.94,18787000,,
2017-01-12,17.81,17.91,17.54,17.89,23137000,,
2017-01-13,17.89,18.08,17.84,18.05,20902000,,
2017-01-17,17.95,17.96,17.76,17.91,26316000,,
2017-01-18,18.04,18.51,18.00,18.50,35642000,,
2017-01-19,18.51,18.69,18.47,18.56,45718000,,
2017-01-20,18.86,19.15,18.81,19.11,57623000,,
2017-01-23,19.10,19.15,18.84,19.10,33394000,,
2017-01-24,19.27,19.96,19.23,19.77,62008000,,
2017-01-25,19.99,20.26,19.80,20.25,60888000,,
2017-01-26,20.44,20.53,20.11,20.42,38820000,,
2017-01-27,20.54,20.58,20.35,20.57,25780000,,
2017-01-30,20.45,20.49,20.06,20.32,33234000,,
2017-01-31,20.25,20.25,19.89,19.95,26749000,,
2017-02-01,20.23,20.45,20.02,20.37,31184000,,
2017-02-02,20.20,20.50,20.10,20.41,22712000,,
2017-02-03,20.50,20.66,20.30,20.62,24367000,,
2017-02-06,20.61,20.67,20.43,20.66,18716000,,
2017-02-07,20.72,20.74,20.49,20.59,22840000,,
2017-02-08,20.60,20.88,20.52,20.69,21069000,,
2017-02-09,20.73,20.77,20.36,20.53,27519000,,
2017-02-10,20.60,20.65,20.39,20.55,23842000,,
2017-02-13,20.68,20.71,20.52,20.67,12463000,,
2017-02-14,20.70,20.70,20.48,20.53,17357000,,
2017-02-15,20.58,20.69,20.48,20.60,17088000,,
2017-02-16,20.65,20.82,20.52,20.82,17188000,,
2017-02-17,20.90,21.04,20.68,21.04,30945000,,
2017-02-21,21.10,21.36,21.09,21.27,30333000,,
2017-02-22,21.30,21.49,21.15,21.42,23949000,,
2017-02-23,21.51,21.60,20.96,21.06,29364000,,
2017-02-24,20.84,21.07,20.26,21.04,27651000,,
2017-02-27,21.07,21.34,21.02,21.33,26991000,,
2017-02-28,21.41,21.43,21.03,21.09,27548000,,
2017-03-01,21.31,21.54,21.06,21.51,51155000,,
2017-03-02,22.41,22.50,21.60,21.73,71171000,,
2017-03-03,21.80,22.00,21.77,21.83,30747000,,
2017-03-06,21.64,21.85,21.52,21.79,22771000,,
2017-03-07,21.73,22.14,21.71,21.93,29129000,,
2017-03-08,21.92,22.12,21.86,21.96,24532000,,
2017-03-09,21.88,22.29,21.81,22.20,25675000,,
2017-03-10,22.27,22.64,22.27,22.64,39430000,,
2017-03-13,22.59,22.77,22.54,22.64,26669000,,
2017-03-14,22.48,22.63,22.35,22.43,22165000,,
2017-03-15,22.43,22.66,22.32,22.59,20727000,,
2017-03-16,22.55,22.58,22.16,22.24,27835000,0.102,
2017-03-17,22.35,22.37,22.09,22.12,51635000,,
2017-03-20,22.12,22.26,22.08,22.12,17215000,,
2017-03-21,22.22,22.30,21.55,21.60,30557000,,
2017-03-22,21.60,21.84,21.54,21.74,19131000,,
2017-03-23,21.73,21.85,21.64,21.69,19223000,,
2017-03-24,21.80,22.14,21.77,21.90,23794000,,
2017-03-27,21.68,22.02,21.60,21.91,15358000,,
2017-03-28,21.85,22.18,21.84,22.09,17929000,,
2017-03-29,22.08,22.14,21.97,22.13,15927000,,
2017-03-30,22.19,22.45,21.89,22.00,34168000,,
2017-03-31,22.00,22.10,21.80,21.90,25897000,,
2017-04-03,21.90,22.00,21.67,21.88,19210000,,
2017-04-04,21.82,22.04,21.79,21.90,12634000,,
2017-04-05,21.95,22.05,21.68,21.71,15690000,,
2017-04-06,21.67,21.85,21.56,21.75,14615000,,
2017-04-07,21.75,21.98,21.70,21.82,16412000,,
2017-04-10,21.71,21.91,21.63,21.80,17994000,,
2017-04-11,21.66,21.84,21.40,21.75,22219000,,
2017-04-12,21.57,21.61,20.84,20.92,61026000,,
2017-04-13,20.92,21.40,20.90,21.13,42579000,,
2017-04-17,21.24,21.44,21.22,21.39,14507000,,
2017-04-18,21.31,21.37,21.21,21.31,8486000,,
2017-04-19,21.38,21.48,21.33,21.36,12081000,,
2017-04-20,21.50,21.91,21.42,21.82,16916000,,
2017-04-21,21.74,21.83,21.62,21.77,14683000,,
2017-04-24,22.07,22.19,21.97,22.12,17531000,,
2017-04-25,22.20,22.40,22.20,22.32,14848000,,
2017-04-26,22.35,22.39,22.09,22.17,14726000,,
2017-04-27,22.29,22.41,22.21,22.31,11850000,,
2017-04-28,22.28,22.31,21.98,22.08,16490000,,
2017-05-01,22.21,22.23,21.99,22.13,15339000,,
2017-05-02,22.35,22.55,22.15,22.55,27277000,,
2017-05-03,22.45,22.62,22.36,22.49,18002000,,
2017-05-04,22.53,22.59,22.19,22.34,16245000,,
2017-05-05,22.50,22.65,22.41,22.64,23128000,,
2017-05-08,22.65,22.71,22.39,22.51,17448000,,
2017-05-09,22.56,22.94,22.47,22.85,19261000,,
2017-05-10,22.95,23.34,22.87,23.13,24433000,,
2017-05-11,23.07,23.18,22.82,23.11,14823000,,
2017-05-12,23.15,23.61,23.08,23.60,25852000,,
2017-05-15,23.56,23.99,23.50,23.90,29172000,,
2017-05-16,23.99,24.13,23.87,24.07,18128000,,
2017-05-17,23.80,23.90,23.11,23.12,31447000,,
2017-05-18,23.16,23.86,22.77,23.77,30699000,,
2017-05-19,23.67,23.70,23.20,23.41,35812000,,
2017-05-22,23.55,23.90,23.42,23.84,20419000,,
2017-05-23,23.84,23.89,23.58,23.65,13696000,,
2017-05-24,23.85,24.00,23.70,23.96,16392000,,
2017-05-25,24.11,24.16,23.87,24.09,19010000,,
2017-05-26,24.09,24.16,23.83,24.12,13120000,,
2017-05-30,24.05,24.14,23.90,23.98,29364000,,
2017-05-31,24.25,24.29,23.76,23.95,44830000,,
2017-06-01,24.16,24.19,23.38,23.46,63774000,,
2017-06-02,24.85,25.58,24.41,25.45,108613000,,
2017-06-05,25.40,25.68,25.02,25.22,39532000,,
2017-06-06,25.08,25.53,25.06,25.39,29653000,,
2017-06-07,25.37,25.59,25.30,25.43,29290000,,
2017-06-08,25.50,25.61,25.23,25.50,28273000,,
2017-06-09,25.55,25.60,24.14,24.33,58191000,,
2017-06-12,24.04,24.31,23.57,24.27,54872000,,
2017-06-13,24.50,24.79,24.17,24.29,30853000,,
2017-06-14,24.36,24.50,23.76,24.05,34509000,,
2017-06-15,23.53,23.95,23.53,23.80,27527000,0.102,
2017-06-16,23.89,23.94,23.51,23.62,35819000,,
2017-06-19,24.48,24.48,24.04,24.11,28519000,,
2017-06-20,24.20,24.36,23.98,24.00,24429000,,
2017-06-21,24.36,24.59,24.19,24.51,34998000,,
2017-06-22,24.55,24.64,24.31,24.40,18666000,,
2017-06-23,24.35,24.69,24.28,24.53,34985000,,
2017-06-26,24.60,24.79,24.12,24.27,32103000,,
2017-06-27,24.14,24.20,23.52,23.53,33582000,,
2017-06-28,23.66,24.17,23.45,24.11,24533000,,
2017-06-29,23.87,23.90,23.06,23.40,34513000,,
2017-06-30,23.63,23.67,23.29,23.30,26534000,,
2017-07-03,23.45,23.52,22.91,22.98,21123000,,
2017-07-05,23.10,23.23,22.91,23.16,29699000,,
2017-07-06,22.76,23.57,22.75,23.50,26334000,,
2017-07-07,23.53,24.02,23.53,23.96,24731000,,
2017-07-10,24.05,24.19,23.88,24.18,22499000,,
2017-07-11,24.20,24.26,23.94,24.09,20502000,,
2017-07-12,24.30,24.72,24.11,24.64,27710000,,
2017-07-13,24.71,24.99,24.66,24.73,20400000,,
2017-07-14,24.86,25.04,24.79,25.03,14417000,,
2017-07-17,25.08,25.24,24.89,24.90,18746000,,
2017-07-18,24.73,25.09,24.61,25.09,13003000,,
2017-07-19,25.20,25.45,25.05,25.44,25526000,,
2017-07-20,25.45,25.50,25.23,25.34,12135000,,
2017-07-21,25.15,25.35,25.05,25.31,15504000,,
2017-07-24,25.33,25.37,25.17,25.30,13638000,,
2017-07-25,25.28,25.44,25.02,25.43,16123000,,
2017-07-26,25.47,25.82,25.46,25.70,19971000,,
2017-07-27,25.82,25.85,24.89,25.09,32010000,,
2017-07-28,24.89,25.11,24.75,25.04,31919000,,
2017-07-31,25.10,25.25,24.55,24.67,18902000,,
2017-08-01,24.82,25.00,24.70,24.84,17582000,,
2017-08-02,25.46,25.73,25.11,25.34,36970000,,
2017-08-03,25.28,25.30,24.72,25.03,23447000,,
2017-08-04,25.07,25.10,24.81,24.92,13454000,,
2017-08-07,24.94,25.29,24.89,25.24,18730000,,
2017-08-08,25.20,25.43,25.04,25.14,20439000,,
2017-08-09,24.95,25.04,24.75,24.92,21256000,,
2017-08-10,24.67,24.70,24.05,24.07,29033000,,
2017-08-11,24.00,24.52,23.87,24.42,16976000,,
2017-08-14,24.69,25.12,24.60,25.09,16736000,,
2017-08-15,25.31,25.41,25.13,25.37,20942000,,
2017-08-16,25.43,25.47,25.18,25.34,15394000,,
2017-08-17,25.30,25.43,24.66,24.70,22793000,,
2017-08-18,24.73,25.15,24.61,24.94,20126000,,
2017-08-21,25.19,25.19,24.62,24.96,20693000,,
2017-08-22,25.18,25.62,25.10,25.52,26917000,,
2017-08-23,25.39,25.89,25.34,25.69,27928000,,
2017-08-24,25.87,25.94,25.11,25.50,52119000,,
2017-08-25,25.23,25.44,24.38,24.56,69099000,,
2017-08-28,24.70,24.76,24.25,24.32,34174000,,
2017-08-29,24.13,24.46,24.00,24.17,33536000,,
2017-08-30,24.16,24.63,24.09,24.60,21924000,,
2017-08-31,24.66,25.25,24.55,25.21,29491000,,
2017-09-01,25.23,25.53,25.23,25.27,23242000,,
2017-09-05,25.01,25.27,24.70,24.91,24306000,,
2017-09-06,25.06,25.13,24.77,24.94,13996000,,
2017-09-07,24.98,25.00,24.61,24.66,16088000,,
2017-09-08,24.59,24.64,24.31,24.41,18094000,,
2017-09-11,24.71,24.82,24.60,24.77,16878000,,
2017-09-12,24.97,24.97,24.55,24.71,18396000,,
2017-09-13,24.58,24.79,24.52,24.62,29664000,,
2017-09-14,24.46,24.75,24.32,24.70,28645000,,
2017-09-15,24.76,25.12,24.51,25.05,50066000,,
2017-09-18,25.11,25.28,24.86,24.98,25743000,0.102,
2017-09-19,25.12,25.18,24.83,24.98,22088000,,
2017-09-20,24.97,24.99,23.79,24.29,57010000,,
2017-09-21,24.25,24.27,23.82,24.04,28620000,,
2017-09-22,23.83,24.07,23.81,23.92,23100000,,
2017-09-25,23.72,23.78,23.15,23.55,38692000,,
2017-09-26,23.79,24.00,23.53,23.73,39010000,,
2017-09-27,23.95,24.27,23.86,24.06,26489000,,
2017-09-28,23.95,24.34,23.95,24.29,21932000,,
2017-09-29,24.29,24.43,24.15,24.25,17319000,,
2017-10-02,24.53,24.53,23.98,24.05,19431000,,
2017-10-03,24.01,24.09,23.79,23.95,25611000,,
2017-10-04,23.88,24.23,23.75,24.20,23271000,,
2017-10-05,24.33,24.57,24.24,24.37,22811000,,
2017-10-06,24.03,24.57,24.03,24.57,17489000,,
2017-10-09,24.60,24.73,24.54,24.64,16551000,,
2017-10-10,24.75,24.82,24.30,24.60,15348000,,
2017-10-11,24.52,25.12,24.51,25.04,26603000,,
2017-10-12,25.04,25.13,24.83,24.87,20067000,,
2017-10-13,25.02,25.08,24.75,24.80,15257000,,
2017-10-16,24.86,24.95,24.56,24.67,14899000,,
2017-10-17,24.58,24.59,24.23,24.26,26965000,,
2017-10-18,24.33,24.46,23.98,24.40,19905000,,
2017-10-19,24.08,24.44,23.84,24.43,25844000,,
2017-10-20,24.70,24.70,24.38,24.42,23548000,,
2017-10-23,24.52,24.57,24.27,24.43,23418000,,
2017-10-24,24.51,24.81,24.41,24.77,22887000,,
2017-10-25,24.59,24.89,24.42,24.58,20955000,,
2017-10-26,24.73,24.79,24.38,24.38,24446000,,
2017-10-27,24.46,25.30,24.28,25.29,44753000,,
2017-10-30,25.33,26.22,25.33,26.12,50202000,,
2017-10-31,26.25,26.67,26.13,26.39,32845000,,
2017-11-01,26.42,26.56,25.69,25.93,27333000,,
2017-11-02,26.22,26.46,24.89,25.95,67196000,,
2017-11-03,26.40,27.80,25.71,27.36,120503000,,
2017-11-06,27.83,28.18,27.00,27.75,78088000,,
2017-11-07,27.25,27.45,26.75,27.13,36789000,,
2017-11-08,26.93,27.38,26.72,27.24,30254000,,
2017-11-09,26.86,27.04,26.25,26.56,30980000,,
2017-11-10,26.58,26.66,26.36,26.50,20338000,,
2017-11-13,26.25,26.60,26.16,26.50,28064000,,
2017-11-14,26.33,26.56,26.13,26.33,19718000,,
2017-11-15,26.23,26.70,25.80,26.56,29032000,,
2017-11-16,26.68,27.46,26.61,27.21,31000000,,
2017-11-17,27.18,27.21,26.84,27.19,24069000,,
2017-11-20,27.26,27.68,27.14,27.49,28639000,,
2017-11-21,27.61,27.82,27.49,27.66,20903000,,
2017-11-22,27.70,27.77,27.42,27.54,18642000,,
2017-11-24,27.67,28.30,27.65,28.24,11572000,,
2017-11-27,28.03,28.57,27.98,28.46,26230000,,
2017-11-28,28.49,28.49,27.68,27.74,26796000,,
2017-11-29,27.80,27.81,26.49,27.15,47231000,,
2017-11-30,27.18,27.84,27.01,27.79,31452000,,
2017-12-01,27.52,27.55,26.41,27.16,47729000,,
2017-12-04,27.39,27.45,26.01,26.36,48439000,,
2017-12-05,26.27,26.61,26.05,26.16,38117000,,
2017-12-06,25.88,26.44,25.42,26.39,48751000,,
2017-12-07,27.49,27.57,26.17,26.39,79282000,,
2017-12-08,26.58,26.69,25.93,25.99,41848000,,
2017-12-11,25.93,26.36,25.88,26.00,34941000,,
2017-12-12,25.94,26.09,25.57,25.87,28541000,,
2017-12-13,26.04,26.33,26.02,26.20,26943000,,
2017-12-14,26.23,26.30,25.67,25.93,37595000,,
2017-12-15,26.16,26.60,25.83,26.57,45091000,,
2017-12-18,26.41,26.65,26.26,26.44,29786000,0.175,
2017-12-19,26.33,26.53,26.13,26.37,19094000,,
2017-12-20,26.61,26.64,26.28,26.56,19845000,,
2017-12-21,26.59,26.62,26.11,26.15,17758000,,
2017-12-22,26.18,26.34,25.87,26.23,14617000,,
2017-12-26,25.72,26.23,25.34,25.81,22256000,,
2017-12-27,25.88,26.16,25.85,25.91,35615000,,
2017-12-28,26.02,26.08,25.86,26.04,13641000,,
2017-12-29,25.98,26.20,25.66,25.69,17980000,,
2018-01-02,25.98,26.75,25.76,26.70,33135000,,
2018-01-03,26.73,27.07,26.60,26.99,31161000,,
2018-01-04,27.16,27.18,26.84,27.00,19067000,,
2018-01-05,27.20,27.43,26.95,27.16,28633000,,
2018-01-08,27.09,27.25,26.91,27.23,20971000,,
2018-01-09,27.31,27.39,26.82,26.85,26027000,,
2018-01-10,26.60,26.61,26.07,26.28,31607000,,
2018-01-11,26.36,26.39,26.16,26.35,17726000,,
2018-01-12,26.34,26.53,26.20,26.43,19881000,,
2018-01-16,26.52,26.70,26.17,26.32,33528000,,
2018-01-17,26.55,26.65,26.05,26.58,37365000,,
2018-01-18,26.55,27.01,26.45,26.98,30319000,,
2018-01-19,26.91,26.94,26.61,26.64,29963000,,
2018-01-22,26.57,26.68,26.06,26.21,27230000,,
2018-01-23,26.17,26.44,25.81,26.29,35398000,,
2018-01-24,26.10,26.33,25.60,25.69,45405000,,
2018-01-25,25.77,25.78,24.70,24.73,59520000,,
2018-01-26,24.94,25.09,24.52,25.08,49014000,,
2018-01-29,24.83,24.95,24.35,24.55,50401000,,
2018-01-30,24.12,24.50,23.70,24.10,46002000,,
2018-01-31,25.00,25.31,24.49,24.80,80482000,,
2018-02-01,24.17,24.59,23.81,23.88,66851000,,
2018-02-02,23.68,23.80,23.41,23.55,58352000,,
2018-02-05,23.47,24.40,22.76,22.81,70776000,,
2018-02-06,22.56,24.04,22.49,24.04,77744000,,
2018-02-07,23.88,24.31,23.70,23.74,40475000,,
2018-02-08,23.74,23.85,22.95,22.96,43200000,,
2018-02-09,23.28,23.71,22.62,23.55,43282000,,
2018-02-12,23.79,24.55,23.75,24.44,35063000,,
2018-02-13,24.10,24.60,24.01,24.59,23719000,,
2018-02-14,24.50,24.86,24.35,24.77,25491000,,
2018-02-15,24.93,25.18,24.44,25.18,25540000,,
2018-02-16,25.13,25.24,24.80,24.89,32639000,,
2018-02-20,24.88,25.57,24.75,24.96,41693000,,
2018-02-21,25.25,25.35,24.84,24.86,28156000,,
2018-02-22,24.91,25.31,24.83,24.93,19342000,,
2018-02-23,25.21,25.50,25.03,25.37,18280000,,
2018-02-26,25.20,25.44,25.10,25.30,28878000,,
2018-02-27,25.21,25.57,25.17,25.18,21176000,,
2018-02-28,25.41,25.45,24.60,24.65,28834000,,
2018-03-01,24.59,24.91,24.13,24.33,26044000,,
2018-03-02,24.04,25.12,24.02,25.09,27402000,,
2018-03-05,24.99,25.13,24.34,24.70,25900000,,
2018-03-06,24.93,25.13,24.73,25.10,30030000,,
2018-03-07,24.87,24.94,24.43,24.70,31549000,,
2018-03-08,24.83,24.83,24.59,24.70,33554000,,
2018-03-09,24.86,25.43,24.76,25.38,30782000,,
2018-03-12,26.07,26.43,25.96,26.28,53881000,,
2018-03-13,26.64,27.39,26.02,26.12,66855000,,
2018-03-14,26.20,26.23,25.52,26.06,39619000,,
2018-03-15,26.37,26.89,26.35,26.78,57990000,,
2018-03-16,26.30,26.36,25.44,25.49,113955000,,
2018-03-19,25.31,25.65,24.28,24.50,71267000,,
2018-03-20,24.51,24.80,24.13,24.24,61918000,,
2018-03-21,24.06,25.06,24.01,24.60,54912000,0.35,
2018-03-22,24.20,24.67,24.15,24.36,43078000,,
2018-03-23,24.34,24.52,24.04,24.25,59070000,,
2018-03-26,24.77,24.88,24.05,24.77,48713000,,
2018-03-27,24.81,25.43,24.16,24.44,63917000,,
2018-03-28,24.41,24.69,23.56,23.67,41744000,,
2018-03-29,23.81,24.08,23.48,23.57,46874000,,
2018-04-02,23.39,23.61,22.54,22.77,53088000,,
2018-04-03,23.09,23.70,22.72,23.68,45569000,,
2018-04-04,23.00,23.79,22.95,23.70,37720000,,
2018-04-05,24.08,24.17,23.50,23.63,35798000,,
2018-04-06,23.37,23.65,22.78,22.89,30248000,,
2018-04-09,23.00,23.97,22.93,23.47,37494000,,
2018-04-10,23.96,24.16,23.77,23.98,33244000,,
2018-04-11,23.81,24.07,23.71,24.03,19922000,,
2018-04-12,24.14,24.26,23.71,23.94,41036000,,
2018-04-13,25.00,25.20,24.49,24.69,48312000,,
2018-04-16,24.91,24.99,24.57,24.94,25172000,,
2018-04-17,25.09,25.29,24.96,25.17,25084000,,
2018-04-18,25.10,25.17,24.75,24.96,20511000,,
2018-04-19,24.35,24.63,24.07,24.29,50141000,,
2018-04-20,24.12,24.16,23.50,23.71,41530000,,
2018-04-23,23.80,23.83,23.21,23.34,31337000,,
2018-04-24,23.57,23.61,22.67,22.84,44889000,,
2018-04-25,22.90,23.11,22.59,22.90,34023000,,
2018-04-26,23.10,23.19,22.83,23.04,32751000,,
2018-04-27,23.36,23.42,23.07,23.28,27211000,,
2018-04-30,23.26,23.41,22.83,22.94,39682000,,
2018-05-01,23.09,23.09,22.64,23.04,44947000,,
2018-05-02,23.33,23.34,22.68,22.87,52950000,,
2018-05-03,22.65,22.79,22.27,22.52,58011000,,
2018-05-04,22.36,23.21,22.20,23.05,51303000,,
2018-05-07,23.13,23.69,23.10,23.60,36953000,,
2018-05-08,23.57,23.90,23.48,23.89,40149000,,
2018-05-09,23.58,23.91,23.41,23.80,35031000,,
2018-05-10,23.97,24.37,23.86,24.35,25747000,,
2018-05-11,24.31,24.45,24.16,24.34,24052000,,
2018-05-14,24.63,24.84,24.38,24.48,27580000,,
2018-05-15,24.23,24.44,23.85,24.16,24984000,,
2018-05-16,24.21,24.22,23.90,24.05,29330000,,
2018-05-17,23.81,24.17,23.80,23.95,22825000,,
2018-05-18,23.99,24.06,23.59,23.60,25262000,,
2018-05-21,23.95,24.05,23.67,23.91,25720000,,
2018-05-22,24.02,24.14,23.76,23.85,19218000,,
2018-05-23,23.62,24.06,23.60,24.06,23454000,,
2018-05-24,24.09,24.44,24.00,24.35,22799000,,
2018-05-25,24.40,25.07,24.40,25.00,32214000,,
2018-05-29,24.86,25.11,24.85,24.97,28281000,,
2018-05-30,25.12,25.20,24.93,24.94,26844000,,
2018-05-31,24.93,25.53,24.90,25.21,34698000,,
2018-06-01,25.44,25.77,25.25,25.63,26360000,,
2018-06-04,25.80,25.94,25.62,25.84,25886000,,
2018-06-05,25.95,26.14,25.80,25.93,42374000,,
2018-06-06,26.07,26.38,25.97,26.35,37465000,,
2018-06-07,26.30,26.65,26.29,26.47,46077000,,
2018-06-08,25.67,25.99,25.37,25.80,73694000,,
2018-06-11,25.79,26.18,25.63,26.08,31859000,,
2018-06-12,26.03,26.17,25.84,26.14,27594000,,
2018-06-13,26.18,26.61,26.07,26.36,34868000,,
2018-06-14,26.50,26.91,26.41,26.85,37042000,,
2018-06-15,27.00,27.18,26.63,27.02,60969000,,
2018-06-18,26.90,26.90,26.42,26.45,30191000,,
2018-06-19,25.60,26.11,25.41,26.09,36221000,0.35,
2018-06-20,26.15,26.40,26.07,26.12,24951000,,
2018-06-21,26.16,26.26,25.84,25.96,18186000,,
2018-06-22,26.12,26.15,25.90,25.97,52412000,,
2018-06-25,25.64,25.64,25.04,25.24,29705000,,
2018-06-26,25.30,25.46,25.05,25.15,24233000,,
2018-06-27,25.21,25.52,24.68,24.71,24720000,,
2018-06-28,24.63,24.73,24.23,24.49,33238000,,
2018-06-29,24.70,24.70,24.26,24.26,42794000,,
2018-07-02,24.01,24.22,23.74,24.20,33369000,,
2018-07-03,24.34,24.34,23.90,23.93,11591000,,
2018-07-05,24.18,24.56,24.07,24.54,25299000,,
2018-07-06,24.49,24.86,24.44,24.77,23112000,,
2018-07-09,24.90,24.92,24.55,24.74,17955000,,
2018-07-10,24.83,25.18,24.70,25.06,16413000,,
2018-07-11,24.50,24.75,24.26,24.34,35761000,,
2018-07-12,20.71,21.03,19.75,21.00,435083000,,
2018-07-13,21.25,21.40,20.19,20.25,161678000,,
2018-07-16,20.16,20.64,20.05,20.32,102277000,,
2018-07-17,20.22,20.91,20.20,20.83,110827000,,
2018-07-18,20.72,20.99,20.66,20.88,80834000,,
2018-07-19,20.83,21.15,20.80,21.04,63247000,,
2018-07-20,21.01,21.12,20.88,21.03,62893000,,
2018-07-23,21.04,21.86,21.04,21.67,82211000,,
2018-07-24,21.78,22.04,21.60,21.73,81158000,,
2018-07-25,21.77,22.86,21.77,22.60,92271000,,
2018-07-26,22.65,22.98,22.16,22.32,85069000,,
2018-07-27,22.40,22.93,22.01,22.11,79443000,,
2018-07-30,22.11,22.80,22.11,22.52,75275000,,
2018-07-31,22.67,22.88,22.15,22.18,63860000,,
2018-08-01,22.33,22.39,21.62,21.68,42669000,,
2018-08-02,21.43,21.83,21.32,21.64,40312000,,
2018-08-03,21.57,21.80,21.44,21.78,24832000,,
2018-08-06,21.66,21.83,21.59,21.70,22638000,,
2018-08-07,21.92,22.18,21.71,22.03,29798000,,
2018-08-08,22.05,22.12,21.89,21.95,15801000,,
2018-08-09,22.02,22.02,21.59,21.66,27563000,,
2018-08-10,21.28,21.45,21.05,21.22,37017000,,
2018-08-13,21.16,21.40,21.05,21.11,29842000,,
2018-08-14,21.16,21.16,20.68,20.73,36327000,,
2018-08-15,20.51,20.76,20.28,20.66,41132000,,
2018-08-16,20.78,20.89,20.67,20.87,29239000,,
2018-08-17,20.80,21.12,20.55,20.93,39093000,,
2018-08-20,20.95,21.00,20.59,20.67,54489000,,
2018-08-21,20.75,21.14,20.71,21.05,29952000,,
2018-08-22,21.05,21.17,20.74,20.75,26890000,,
2018-08-23,20.77,20.91,20.53,20.56,35578000,,
2018-08-24,20.64,20.93,20.47,20.90,20541000,,
2018-08-27,21.02,21.44,20.86,21.30,28213000,,
2018-08-28,21.46,21.60,21.26,21.44,24340000,,
2018-08-29,21.48,21.58,21.34,21.50,18125000,,
2018-08-30,21.50,21.69,21.46,21.66,26529000,,
2018-08-31,21.60,21.93,21.59,21.90,27623000,,
2018-09-04,21.86,22.03,21.71,21.94,36663000,,
2018-09-05,22.00,22.18,21.96,22.14,37194000,,
2018-09-06,22.15,22.28,21.39,21.60,62509000,,
2018-09-07,22.42,23.54,22.40,23.26,104703000,,
2018-09-10,23.47,24.09,23.20,24.06,60880000,,
2018-09-11,23.77,23.97,23.04,23.25,60755000,,
2018-09-12,22.81,23.09,22.28,22.99,53077000,,
2018-09-13,23.37,23.92,23.11,23.54,43757000,,
2018-09-14,23.52,23.71,23.37,23.63,28095000,,
2018-09-17,24.00,24.03,23.43,23.48,36739000,,
2018-09-18,23.50,24.14,23.49,23.97,50511000,0.175,
2018-09-19,24.05,24.25,23.98,24.18,31160000,,
2018-09-20,24.30,24.60,24.17,24.49,39986000,,
2018-09-21,24.63,24.88,24.52,24.81,135321000,,
2018-09-24,24.80,25.01,24.73,24.95,45326000,,
2018-09-25,24.90,24.93,24.58,24.77,47037000,,
2018-09-26,24.56,24.80,24.48,24.54,33428000,,
2018-09-27,24.57,24.79,24.49,24.64,29572000,,
2018-09-28,24.55,24.70,24.39,24.67,26739000,,
2018-10-01,24.79,25.21,24.77,24.95,27709000,,
2018-10-02,24.91,25.17,24.79,24.81,24888000,,
2018-10-03,24.88,25.13,24.70,24.94,19607000,,
2018-10-04,24.67,24.97,24.62,24.82,25660000,,
2018-10-05,24.84,25.00,24.24,24.42,33860000,,
2018-10-08,24.33,24.54,24.04,24.14,33397000,,
2018-10-09,24.06,24.57,24.04,24.47,24675000,,
2018-10-10,24.29,24.51,23.16,23.18,56327000,,
2018-10-11,23.20,23.56,22.72,22.89,37424000,,
2018-10-12,23.48,23.57,22.91,23.30,32589000,,
2018-10-15,23.10,23.53,23.00,23.25,30099000,,
2018-10-16,23.60,23.88,23.42,23.83,30355000,,
2018-10-17,23.97,23.97,23.39,23.72,20262000,,
2018-10-18,23.54,23.68,22.65,22.80,37442000,,
2018-10-19,23.00,23.11,22.69,22.83,32231000,,
2018-10-22,23.06,23.24,22.80,22.86,25619000,,
2018-10-23,22.28,22.95,21.88,22.91,35990000,,
2018-10-24,22.64,22.64,21.78,21.87,37810000,,
2018-10-25,21.99,22.34,21.91,22.22,35193000,,
2018-10-26,21.56,21.73,20.92,21.32,53324000,,
2018-10-29,21.62,21.87,20.82,21.15,28636000,,
2018-10-30,21.38,22.16,21.10,22.10,29697000,,
2018-10-31,22.50,22.57,22.17,22.35,28146000,,
2018-11-01,22.52,23.42,22.37,22.99,36830000,,
2018-11-02,22.53,22.60,21.77,22.08,40241000,,
2018-11-05,21.90,22.11,21.37,22.01,27609000,,
2018-11-06,22.03,22.92,21.97,22.82,29464000,,
2018-11-07,23.20,23.53,22.92,23.44,29004000,,
2018-11-08,23.27,24.26,23.27,24.02,29796000,,
2018-11-09,23.50,23.90,23.25,23.90,33611000,,
2018-11-12,23.10,23.19,22.03,22.36,50306000,,
2018-11-13,22.55,22.98,22.23,22.48,26697000,,
2018-11-14,22.68,23.05,22.56,22.62,25411000,,
2018-11-15,22.62,23.93,22.59,23.63,36694000,,
2018-11-16,23.38,23.92,23.16,23.76,36005000,,
2018-11-19,23.65,24.11,22.85,22.91,35326000,,
2018-11-20,22.39,22.91,22.26,22.77,32123000,,
2018-11-21,23.02,23.33,22.75,23.00,19926000,,
2018-11-23,22.76,23.27,22.76,22.99,8066000,,
2018-11-26,23.42,23.82,23.16,23.53,28714000,,
2018-11-27,23.36,23.84,23.24,23.58,30406000,,
2018-11-28,23.65,23.80,23.16,23.52,31080000,,
2018-11-29,23.43,23.86,23.28,23.58,17920000,,
2018-11-30,23.54,23.83,23.34,23.74,40083000,,
2018-12-03,24.52,24.70,24.15,24.21,35241000,,
2018-12-04,24.05,24.11,23.16,23.20,36455000,,
2018-12-06,22.62,22.73,21.76,22.72,57859000,,
2018-12-07,23.41,23.83,22.45,22.86,78396000,,
2018-12-10,22.80,24.03,22.65,23.93,43344000,,
2018-12-11,24.35,25.03,24.34,24.68,57730000,,
2018-12-12,25.24,26.02,25.20,25.50,68703000,,
2018-12-13,25.85,26.15,25.46,25.83,54355000,,
2018-12-14,25.54,26.16,25.46,25.48,42727000,,
2018-12-17,25.40,26.13,25.31,25.41,56238000,,
2018-12-18,25.51,25.56,24.88,24.97,51849000,0.265,
2018-12-19,24.90,25.59,24.25,24.39,59728000,,
2018-12-20,24.44,24.85,23.84,24.19,75365000,,
2018-12-21,24.19,25.17,24.19,24.49,102138000,,
2018-12-24,24.20,24.37,23.35,23.38,28494000,,
2018-12-26,23.78,24.85,23.35,24.81,36741000,,
2018-12-27,24.50,25.12,24.21,25.09,37507000,,
2018-12-28,25.30,25.81,25.12,25.36,28702000,,
2018-12-31,25.78,25.85,25.09,25.43,26590000,,
2019-01-02,24.89,25.47,24.65,25.35,30346000,,
2019-01-03,24.46,24.65,23.03,23.10,68580000,,
2019-01-04,23.43,23.64,23.17,23.32,54248000,,
2019-01-07,23.36,24.02,23.08,23.80,53433000,,
2019-01-08,24.01,24.19,23.34,23.61,36795000,,
2019-01-09,23.84,24.67,23.79,24.63,52971000,,
2019-01-10,24.56,25.06,24.44,24.95,29594000,,
2019-01-11,24.94,25.29,24.93,25.06,20158000,,
2019-01-14,24.81,25.16,24.59,25.09,25498000,,
2019-01-15,25.28,26.22,25.20,25.65,39247000,,
2019-01-16,25.72,25.73,25.14,25.17,24484000,,
2019-01-17,25.01,25.73,24.87,25.53,35154000,,
2019-01-18,25.91,26.19,25.70,26.08,34634000,,
2019-01-22,25.80,25.95,25.49,25.83,37156000,,
2019-01-23,25.95,26.09,25.36,25.75,31771000,,
2019-01-24,26.11,26.68,26.00,26.36,35999000,,
2019-01-25,26.52,26.83,26.09,26.79,30333000,,
2019-01-28,26.16,26.89,25.86,26.76,31320000,,
2019-01-29,26.73,26.76,26.38,26.63,27870000,,
2019-01-30,27.00,27.38,26.74,27.08,28727000,,
2019-01-31,27.06,27.10,26.64,26.82,21063000,,
2019-02-01,26.91,26.96,26.49,26.68,22878000,,
2019-02-04,26.75,27.21,26.50,27.21,20761000,,
2019-02-05,27.20,27.46,26.99,27.00,22619000,,
2019-02-06,27.33,28.00,27.27,27.62,27064000,,
2019-02-07,27.29,27.46,26.63,26.91,28646000,,
2019-02-08,26.73,27.43,26.71,27.41,23903000,,
2019-02-11,27.44,27.60,27.33,27.57,18012000,,
2019-02-12,27.86,28.04,27.71,27.94,19809000,,
2019-02-13,28.00,28.22,27.80,28.13,19190000,,
2019-02-14,28.06,28.28,27.89,28.15,16015000,,
2019-02-15,28.41,28.41,27.88,28.19,17352000,,
2019-02-19,28.11,28.28,28.02,28.17,15152000,,
2019-02-20,28.32,28.66,28.23,28.34,16150000,,
2019-02-21,28.32,28.34,27.89,28.09,13254000,,
2019-02-22,28.00,28.00,27.47,27.65,27225000,,
2019-02-25,28.08,28.08,27.85,27.86,19245000,,
2019-02-26,27.79,27.80,27.45,27.50,27211000,,
2019-02-27,27.32,27.51,26.96,27.15,29146000,,
2019-02-28,27.00,27.57,26.86,27.54,31460000,,
2019-03-01,27.77,27.82,27.11,27.27,19035000,,
2019-03-04,27.50,27.66,27.09,27.49,17382000,,
2019-03-05,27.55,28.04,27.45,27.70,21699000,,
2019-03-06,27.67,27.69,27.05,27.14,19973000,,
2019-03-07,27.02,27.03,26.41,26.55,25411000,,
2019-03-08,26.16,26.48,25.92,26.42,22167000,,
2019-03-11,26.49,27.05,26.41,26.91,27161000,,
2019-03-12,26.98,27.00,26.43,26.96,23324000,,
2019-03-13,27.05,27.31,26.90,27.12,32089000,,
2019-03-14,27.21,27.23,26.79,26.82,43094000,,
2019-03-15,28.65,29.95,28.35,29.03,144066000,,
2019-03-18,29.02,29.70,29.02,29.38,56746000,,
2019-03-19,29.42,30.10,29.41,29.93,51556000,,
2019-03-20,29.80,29.90,29.03,29.10,41263000,0.265,
2019-03-21,29.19,29.94,29.10,29.68,27379000,,
2019-03-22,29.59,29.64,29.14,29.27,23307000,,
2019-03-25,29.22,29.42,28.90,29.22,23878000,,
2019-03-26,29.44,29.95,29.42,29.70,28009000,,
2019-03-27,29.76,29.87,29.25,29.60,21862000,,
2019-03-28,29.71,30.33,29.57,29.91,33030000,,
2019-03-29,30.12,30.27,29.83,30.07,24493000,,
2019-04-01,30.31,30.68,29.98,30.58,27040000,,
2019-04-02,30.62,30.73,30.26,30.30,22857000,,
2019-04-03,30.62,30.74,30.18,30.42,22266000,,
2019-04-04,30.48,30.60,30.17,30.20,15228000,,
2019-04-05,30.40,30.44,30.18,30.43,18875000,,
2019-04-08,30.41,30.53,30.20,30.45,13899000,,
2019-04-09,30.26,30.41,30.03,30.34,11621000,,
2019-04-10,30.36,30.78,30.30,30.75,14992000,,
2019-04-11,30.82,31.02,30.62,30.94,16669000,,
2019-04-12,31.14,31.74,31.06,31.70,30087000,,
2019-04-15,31.70,31.75,31.32,31.64,16216000,,
2019-04-16,32.00,32.00,31.61,31.85,21116000,,
2019-04-17,32.02,32.09,31.78,32.05,18138000,,
2019-04-18,32.10,32.24,31.82,31.86,26548000,,
2019-04-22,31.73,31.79,31.42,31.50,13504000,,
2019-04-23,31.68,31.81,31.42,31.56,19777000,,
2019-04-24,31.46,31.70,31.32,31.43,23335000,,
2019-04-25,31.30,31.30,30.66,31.18,26732000,,
2019-04-26,30.91,31.09,30.51,31.04,16404000,,
2019-04-29,31.12,31.47,31.04,31.27,13404000,,
2019-04-30,31.33,31.84,31.25,31.84,18953000,,
2019-05-01,32.05,32.32,31.87,31.89,18158000,,
2019-05-02,32.00,32.22,31.42,31.58,20428000,,
2019-05-03,31.50,31.66,31.07,31.57,19214000,,
2019-05-06,30.68,31.19,30.54,31.16,14371000,,
2019-05-07,30.86,30.96,30.37,30.73,21734000,,
2019-05-08,30.53,30.77,30.31,30.34,15099000,,
2019-05-09,30.00,30.59,29.68,30.41,22282000,,
2019-05-10,30.32,30.54,29.67,30.40,21025000,,
2019-05-13,29.38,29.57,28.82,29.34,37864000,,
2019-05-14,29.57,30.46,29.55,30.20,34277000,,
2019-05-15,30.03,30.78,29.86,30.44,18166000,,
2019-05-16,29.98,30.31,29.47,29.73,34233000,,
2019-05-17,29.28,29.36,28.84,28.99,39094000,,
2019-05-20,27.80,28.00,26.86,27.26,65162000,,
2019-05-21,27.71,27.98,27.46,27.53,25060000,,
2019-05-22,27.05,27.51,26.90,26.92,31809000,,
2019-05-23,26.46,26.55,25.82,26.01,46607000,,
2019-05-24,26.27,26.57,25.57,25.59,27963000,,
2019-05-28,25.66,25.77,25.01,25.45,61965000,,
2019-05-29,25.27,25.64,25.16,25.41,28132000,,
2019-05-30,25.47,25.73,25.41,25.66,17310000,,
2019-05-31,25.30,25.57,25.10,25.16,22192000,,
2019-06-03,25.25,25.83,25.12,25.32,28911000,,
2019-06-04,25.70,26.60,25.58,26.57,36805000,,
2019-06-05,26.90,27.15,26.24,26.57,23651000,,
2019-06-06,26.70,27.50,26.53,27.28,32687000,,
2019-06-07,27.48,27.79,27.33,27.49,25963000,,
2019-06-10,27.67,28.48,27.67,28.02,23280000,,
2019-06-11,29.05,29.18,27.94,28.35,37105000,,
2019-06-12,28.17,28.32,27.74,27.97,27057000,,
2019-06-13,28.15,28.29,27.74,28.16,37735000,,
2019-06-14,25.81,26.81,25.75,26.59,100797000,,
2019-06-17,26.48,26.87,26.13,26.60,35785000,,
2019-06-18,26.82,28.30,26.65,27.80,54920000,,
2019-06-19,27.88,27.91,27.37,27.75,28920000,,
2019-06-20,28.25,28.55,27.72,27.91,57291000,,
2019-06-21,27.66,28.10,27.40,27.40,45399000,0.265,
2019-06-24,27.55,27.95,27.50,27.92,20506000,,
2019-06-25,27.92,28.29,27.60,27.65,24436000,,
2019-06-26,27.86,28.40,27.81,28.14,24774000,,
2019-06-27,28.29,28.84,28.22,28.57,21813000,,
2019-06-28,28.79,28.93,28.48,28.79,49265000,,
2019-07-01,30.17,30.57,29.63,30.04,44832000,,
2019-07-02,29.89,30.07,29.39,29.53,19011000,,
2019-07-03,28.37,28.88,28.30,28.49,49411000,,
2019-07-05,28.36,28.54,28.20,28.27,24565000,,
2019-07-08,28.00,28.12,27.44,27.50,34291000,,
2019-07-09,27.34,27.60,27.24,27.55,26131000,,
2019-07-10,27.79,27.88,27.40,27.45,30134000,,
2019-07-11,27.52,27.75,27.30,27.61,20712000,,
2019-07-12,27.64,28.59,27.64,28.54,21971000,,
2019-07-15,29.11,29.45,28.73,28.83,30334000,,
2019-07-16,28.70,28.78,28.24,28.41,14617000,,
2019-07-17,28.56,28.73,28.32,28.51,15453000,,
2019-07-18,28.62,29.03,28.38,28.98,19357000,,
2019-07-19,29.18,29.32,28.95,29.00,22047000,,
2019-07-22,29.30,30.00,29.22,29.61,33905000,,
2019-07-23,29.95,30.24,29.92,30.08,19692000,,
2019-07-24,30.12,30.49,30.05,30.38,19006000,,
2019-07-25,30.21,30.21,29.94,30.04,15741000,,
2019-07-26,30.16,30.30,30.05,30.09,14996000,,
2019-07-29,30.12,30.25,29.70,30.17,12068000,,
2019-07-30,29.91,30.09,29.71,29.96,11164000,,
2019-07-31,30.00,30.08,28.67,29.00,20819000,,
2019-08-01,28.91,29.78,28.23,28.53,21911000,,
2019-08-02,28.21,28.38,27.59,27.85,20080000,,
2019-08-05,27.20,27.22,26.41,26.77,27765000,,
2019-08-06,27.01,27.22,26.46,26.64,22199000,,
2019-08-07,26.40,27.27,26.30,27.00,22244000,,
2019-08-08,27.04,27.26,26.25,27.10,29163000,,
2019-08-09,26.96,28.05,26.96,27.57,30735000,,
2019-08-12,27.34,27.82,27.25,27.56,20040000,,
2019-08-13,27.53,28.55,27.20,28.37,22340000,,
2019-08-14,27.88,28.02,27.04,27.16,27108000,,
2019-08-15,27.20,27.28,26.48,26.86,20010000,,
2019-08-16,27.21,27.57,27.20,27.38,17458000,,
2019-08-19,27.95,28.01,27.56,27.88,17489000,,
2019-08-20,27.82,28.50,27.70,28.04,17920000,,
2019-08-21,28.46,28.83,28.41,28.75,19381000,,
2019-08-22,28.84,28.94,28.45,28.76,12294000,,
2019-08-23,28.40,28.55,27.11,27.21,25742000,,
2019-08-26,27.70,27.80,27.50,27.72,14249000,,
2019-08-27,27.91,28.02,27.49,27.56,14298000,,
2019-08-28,27.43,27.64,27.05,27.61,17202000,,
2019-08-29,28.15,28.55,28.11,28.34,16429000,,
2019-08-30,28.54,28.59,27.99,28.26,16720000,,
2019-09-03,28.00,28.09,27.09,27.41,22210000,,
2019-09-04,27.88,28.43,27.82,28.30,19865000,,
2019-09-05,28.84,29.37,28.84,29.10,20938000,,
2019-09-06,29.18,29.33,28.93,29.19,13748000,,
2019-09-09,29.50,29.72,29.04,29.26,21686000,,
2019-09-10,29.14,29.45,28.88,29.44,20850000,,
2019-09-11,29.63,29.88,29.45,29.80,19260000,,
2019-09-12,30.14,30.23,29.65,30.06,33109000,,
2019-09-13,29.77,29.80,28.39,29.03,62557000,,
2019-09-16,28.68,29.03,28.57,28.87,22176000,,
2019-09-17,28.80,28.93,28.38,28.88,21912000,,
2019-09-18,28.85,29.08,28.39,28.77,16510000,,
2019-09-19,28.85,29.20,28.72,29.06,19421000,,
2019-09-20,28.77,28.84,28.18,28.43,35524000,0.265,
2019-09-23,28.36,28.72,28.21,28.55,14850000,,
2019-09-24,28.73,28.89,27.98,28.23,20292000,,
2019-09-25,27.18,27.72,27.00,27.58,55588000,,
2019-09-26,27.53,27.87,27.27,27.69,27477000,,
2019-09-27,27.66,28.13,27.30,27.41,28660000,,
2019-09-30,27.58,27.67,27.25,27.61,19826000,,
2019-10-01,27.83,27.96,27.34,27.48,19429000,,
2019-10-02,27.35,27.38,26.83,27.01,19543000,,
2019-10-03,27.00,27.45,26.72,27.44,17096000,,
2019-10-04,27.85,28.17,27.52,28.14,25884000,,
2019-10-07,28.00,28.10,27.57,27.61,18658000,,
2019-10-08,27.41,27.49,26.89,27.03,22757000,,
2019-10-09,27.37,27.49,27.20,27.32,16329000,,
2019-10-10,27.46,27.88,27.36,27.45,17340000,,
2019-10-11,27.95,28.41,27.91,28.09,23697000,,
2019-10-14,28.04,28.27,27.99,28.17,13312000,,
2019-10-15,28.26,29.06,28.22,29.03,21230000,,
2019-10-16,28.90,29.01,28.65,28.85,20046000,,
2019-10-17,29.01,29.17,28.83,28.94,13125000,,
2019-10-18,28.95,28.99,28.40,28.67,16981000,,
2019-10-21,28.84,29.19,28.71,28.96,13031000,,
2019-10-22,28.96,29.09,28.72,28.75,13046000,,
2019-10-23,28.30,28.35,27.88,28.03,20957000,,
2019-10-24,28.29,28.35,27.87,28.23,16896000,,
2019-10-25,28.33,29.14,28.32,28.98,20869000,,
2019-10-28,29.12,29.25,28.83,29.16,12999000,,
2019-10-29,29.23,29.37,28.81,28.82,13272000,,
2019-10-30,29.00,29.10,28.65,29.02,17281000,,
2019-10-31,28.98,29.41,28.78,29.29,27881000,,
2019-11-01,29.30,29.66,29.21,29.66,21234000,,
2019-11-04,29.95,30.55,29.91,30.50,34075000,,
2019-11-05,30.50,31.68,30.45,31.40,38711000,,
2019-11-06,31.21,31.43,30.87,31.32,18076000,,
2019-11-07,31.56,31.95,31.07,31.17,23981000,,
2019-11-08,30.99,31.36,30.51,31.34,17830000,,
2019-11-11,31.12,31.32,31.08,31.27,9154000,,
2019-11-12,31.40,31.64,31.33,31.55,16875000,,
2019-11-13,31.25,31.57,31.20,31.37,12625000,,
2019-11-14,31.07,31.18,30.61,30.90,17268000,,
2019-11-15,31.23,31.31,31.01,31.29,18120000,,
2019-11-18,31.18,31.34,30.80,31.11,15850000,,
2019-11-19,31.66,32.57,31.66,31.77,31743000,,
2019-11-20,31.59,31.68,30.90,31.17,19927000,,
2019-11-21,31.11,31.57,30.98,31.52,19317000,,
2019-11-22,31.66,31.95,31.37,31.49,13216000,,
2019-11-25,31.66,32.02,31.63,31.96,19636000,,
2019-11-26,31.90,32.02,31.61,31.63,30793000,,
2019-11-27,31.79,31.99,31.65,31.84,20182000,,
2019-11-29,31.68,31.78,31.50,31.62,9229000,,
2019-12-02,31.77,31.79,31.06,31.07,23158000,,
2019-12-03,30.58,30.90,30.31,30.65,18736000,,
2019-12-04,30.98,31.14,30.71,30.97,14439000,,
2019-12-05,31.06,31.25,30.91,31.12,15494000,,
2019-12-06,31.46,31.63,31.21,31.61,16937000,,
2019-12-09,31.60,31.71,31.39,31.44,24694000,,
2019-12-10,31.51,31.59,31.32,31.51,14563000,,
2019-12-11,31.52,32.13,31.52,31.97,20829000,,
2019-12-12,31.97,33.02,31.94,32.78,38935000,,
2019-12-13,31.81,31.98,31.06,31.54,70952000,,
2019-12-16,31.80,32.76,31.75,32.31,37921000,,
2019-12-17,32.37,32.49,32.17,32.38,20248000,,
2019-12-18,32.44,33.12,32.35,32.74,35155000,,
2019-12-19,32.92,32.93,32.37,32.41,31787000,,
2019-12-20,32.25,32.25,31.69,31.90,50540000,0.325,
2019-12-23,32.05,32.23,31.76,31.95,20254000,,
2019-12-24,32.00,32.07,31.90,32.05,7024000,,
2019-12-26,32.13,32.17,31.68,31.80,15848000,,
2019-12-27,31.93,31.93,31.52,31.65,14487000,,
2019-12-30,31.65,31.73,31.27,31.35,13104000,,
2019-12-31,31.31,31.64,31.28,31.60,12487000,,
2020-01-02,31.93,32.25,31.73,32.24,20329000,,
2020-01-03,31.75,32.00,31.41,31.42,22870000,,
2020-01-06,31.09,31.39,30.96,31.37,20789000,,
2020-01-07,31.52,31.66,31.23,31.26,18565000,,
2020-01-08,31.30,31.35,30.84,30.87,31979000,,
2020-01-09,31.23,31.30,30.30,30.63,42397000,,
2020-01-10,30.55,30.55,29.88,29.92,40705000,,
2020-01-13,30.00,30.38,29.97,30.12,22054000,,
2020-01-14,30.20,30.91,30.16,30.82,28911000,,
2020-01-15,30.73,30.79,30.07,30.31,22733000,,
2020-01-16,30.50,30.79,30.42,30.70,21508000,,
2020-01-17,30.87,30.89,30.41,30.88,26896000,,
2020-01-21,30.78,30.95,30.63,30.81,21967000,,
2020-01-22,31.08,31.79,31.05,31.30,29264000,,
2020-01-23,31.52,31.98,31.08,31.96,30266000,,
2020-01-24,33.05,33.16,32.08,32.40,55782000,,
2020-01-27,31.64,31.99,30.86,30.90,38843000,,
2020-01-28,31.35,31.92,31.28,31.83,23166000,,
2020-01-29,32.08,32.54,31.71,31.75,23668000,,
2020-01-30,31.43,31.55,30.86,31.52,21128000,,
2020-01-31,31.42,31.46,30.36,30.52,22123000,,
2020-02-03,30.56,30.66,30.36,30.52,21288000,,
2020-02-04,31.18,31.46,30.96,31.16,22559000,,
2020-02-05,31.75,31.98,31.59,31.74,24825000,,
2020-02-06,31.88,31.99,31.42,31.97,22683000,,
2020-02-07,31.83,31.85,31.49,31.52,15883000,,
2020-02-10,31.24,31.46,31.03,31.42,19218000,,
2020-02-11,31.66,32.08,31.60,32.02,15527000,,
2020-02-12,32.20,32.51,32.16,32.47,15310000,,
2020-02-13,32.15,32.55,32.09,32.40,13857000,,
2020-02-14,32.48,32.57,31.71,31.78,19137000,,
2020-02-18,31.50,31.50,30.80,31.07,26693000,,
2020-02-19,31.30,31.68,31.17,31.57,20525000,,
2020-02-20,31.40,31.57,30.61,30.92,25521000,,
2020-02-21,30.85,30.95,30.23,30.45,24522000,,
2020-02-24,29.42,29.88,29.01,29.16,36849000,,
2020-02-25,29.41,29.57,28.11,28.27,31892000,,
2020-02-26,28.43,28.82,28.40,28.59,23074000,,
2020-02-27,28.03,28.53,27.35,27.39,34837000,,
2020-02-28,26.33,27.41,26.27,27.26,44586000,,
2020-03-02,27.68,28.54,27.11,28.50,31976000,,
2020-03-03,28.46,28.85,27.16,27.43,29930000,,
2020-03-04,27.75,28.57,27.48,28.55,23477000,,
2020-03-05,27.73,28.31,27.25,27.40,24374000,,
2020-03-06,26.70,27.09,26.25,26.95,30169000,,
2020-03-09,25.11,26.03,24.43,24.77,43934000,,
2020-03-10,25.66,26.37,24.34,26.29,55071000,,
2020-03-11,25.39,25.65,24.25,24.60,36030000,,
2020-03-12,22.70,24.28,21.63,21.88,64281000,,
2020-03-13,22.55,23.45,20.12,23.42,84714000,,
2020-03-16,20.82,21.88,18.02,18.76,76935000,,
2020-03-17,19.18,20.00,18.15,19.95,70662000,,
2020-03-18,18.57,18.75,15.57,16.79,98993000,,
2020-03-19,16.76,20.75,16.50,19.45,74438000,,
2020-03-20,20.20,20.87,18.79,19.22,74044000,0.325,
2020-03-23,19.29,19.60,17.77,19.35,46921000,,
2020-03-24,20.56,21.87,20.13,21.28,62970000,,
2020-03-25,21.22,24.40,20.92,21.75,64442000,,
2020-03-26,22.60,24.48,22.60,24.32,60213000,,
2020-03-27,23.30,24.21,23.00,23.07,39448000,,
2020-03-30,23.22,24.14,22.84,24.01,52343000,,
2020-03-31,23.80,25.27,23.61,23.71,50191000,,
2020-04-01,22.80,23.44,21.97,22.36,41858000,,
2020-04-02,22.24,23.80,22.14,23.71,45049000,,
2020-04-03,23.66,24.25,23.05,23.43,28960000,,
2020-04-06,24.46,25.34,24.36,25.24,38868000,,
2020-04-07,26.18,26.55,25.25,25.33,45892000,,
2020-04-08,25.68,26.22,25.36,26.11,27565000,,
2020-04-09,26.58,26.75,25.13,25.43,34828000,,
2020-04-13,25.35,26.15,25.28,25.99,25729000,,
2020-04-14,26.61,26.84,26.23,26.76,23094000,,
2020-04-15,26.10,26.23,25.62,25.74,25926000,,
2020-04-16,26.18,26.18,25.41,25.83,26896000,,
2020-04-17,26.32,26.74,25.89,26.59,34089000,,
2020-04-20,26.00,26.53,25.79,25.83,23801000,,
2020-04-21,25.46,25.48,24.68,24.77,29138000,,
2020-04-22,25.48,26.22,25.07,26.00,35438000,,
2020-04-23,26.02,26.52,25.85,25.89,21659000,,
2020-04-24,25.98,26.51,25.89,26.48,23373000,,
2020-04-27,26.43,27.12,26.43,26.84,16588000,,
2020-04-28,27.42,27.64,26.41,26.47,18988000,,
2020-04-29,27.11,27.70,26.92,27.60,28871000,,
2020-04-30,27.35,27.41,26.88,27.16,23379000,,
2020-05-01,26.60,26.79,25.82,25.97,26836000,,
2020-05-04,25.92,26.24,25.53,26.23,17046000,,
2020-05-05,26.66,26.89,26.37,26.49,26462000,,
2020-05-06,26.83,27.05,26.36,26.42,22727000,,
2020-05-07,27.00,27.05,26.60,26.77,18238000,,
2020-05-08,27.22,27.55,27.00,27.50,16757000,,
2020-05-11,27.34,27.67,27.18,27.54,20851000,,
2020-05-12,27.66,27.77,26.82,26.84,18764000,,
2020-05-13,27.01,27.03,25.94,26.32,21927000,,
2020-05-14,26.10,26.70,25.48,26.66,19912000,,
2020-05-15,25.94,26.41,25.68,26.04,21650000,,
2020-05-18,26.86,27.67,26.80,27.35,26531000,,
2020-05-19,27.35,27.60,27.16,27.20,18702000,,
2020-05-20,27.70,28.13,27.61,27.87,18605000,,
2020-05-21,27.89,27.95,27.46,27.48,14847000,,
2020-05-22,27.37,27.73,27.05,27.66,17452000,,
2020-05-26,28.50,28.71,28.14,28.20,23573000,,
2020-05-27,28.30,28.78,28.00,28.76,22812000,,
2020-05-28,28.50,28.93,28.24,28.31,18543000,,
2020-05-29,28.29,29.20,28.19,29.13,27300000,,
2020-06-01,29.04,29.11,28.74,29.00,18444000,,
2020-06-02,29.10,29.83,29.01,29.81,31847000,,
2020-06-03,30.11,31.09,30.05,30.95,31926000,,
2020-06-04,30.57,31.30,30.21,30.89,34997000,,
2020-06-05,31.97,32.81,31.51,31.71,50958000,,
2020-06-08,31.75,31.88,31.34,31.75,23916000,,
2020-06-09,31.20,31.89,31.16,31.53,22335000,,
2020-06-10,31.66,31.92,31.47,31.50,25914000,,
2020-06-11,30.76,30.86,29.34,29.38,45115000,,
2020-06-12,30.28,30.39,29.27,30.02,39439000,,
2020-06-15,29.50,30.68,29.24,30.41,29824000,,
2020-06-16,31.00,31.45,30.40,31.07,30387000,,
2020-06-17,31.34,31.67,31.18,31.34,20279000,,
2020-06-18,31.21,31.91,31.15,31.87,33625000,,
2020-06-19,31.77,31.81,30.28,30.28,58465000,0.325,
2020-06-22,30.55,31.42,30.35,31.35,27195000,,
2020-06-23,31.51,31.74,31.13,31.13,22419000,,
2020-06-24,30.92,31.10,30.45,30.70,19096000,,
2020-06-25,30.61,30.95,30.30,30.89,15029000,,
2020-06-26,31.36,31.58,30.32,30.74,31425000,,
2020-06-29,30.81,31.04,30.45,30.98,14516000,,
2020-06-30,31.00,31.71,30.68,31.56,25125000,,
2020-07-01,31.51,31.68,31.19,31.27,15661000,,
2020-07-02,31.77,31.94,31.47,31.55,16638000,,
2020-07-06,32.00,32.10,31.73,31.88,17561000,,
2020-07-07,31.73,31.82,31.25,31.31,16150000,,
2020-07-08,31.61,31.98,31.41,31.96,18023000,,
2020-07-09,32.00,32.43,31.52,32.15,25225000,,
2020-07-10,32.19,32.30,31.54,31.94,13280000,,
2020-07-13,32.17,32.35,31.06,31.13,21549000,,
2020-07-14,30.90,31.62,30.52,31.51,18363000,,
2020-07-15,31.59,31.78,31.02,31.38,15253000,,
2020-07-16,31.06,31.39,30.93,31.13,12929000,,
2020-07-17,31.41,31.52,31.00,31.27,13354000,,
2020-07-20,31.18,31.77,31.03,31.71,14323000,,
2020-07-21,31.92,31.92,31.27,31.43,14312000,,
2020-07-22,31.50,31.57,31.04,31.38,14404000,,
2020-07-23,31.34,31.61,30.84,30.97,19417000,,
2020-07-24,30.66,31.09,30.42,30.58,15631000,,
2020-07-27,30.83,31.30,30.75,31.27,20646000,,
2020-07-28,31.12,31.21,30.62,30.73,13974000,,
2020-07-29,30.85,31.12,30.74,30.89,16562000,,
2020-07-30,30.60,31.29,30.60,31.21,21259000,,
2020-07-31,31.47,31.84,31.14,31.68,24719000,,
2020-08-03,31.80,32.35,31.73,32.12,20796000,,
2020-08-04,32.05,32.86,32.04,32.84,25258000,,
2020-08-05,32.83,33.16,32.58,32.95,22299000,,
2020-08-06,32.78,33.09,32.54,32.92,14193000,,
2020-08-07,32.84,32.97,32.15,32.59,14192000,,
2020-08-10,32.42,32.93,32.41,32.74,11989000,,
2020-08-11,32.76,33.33,32.28,32.40,19316000,,
2020-08-12,32.59,33.59,32.54,33.36,18471000,,
2020-08-13,33.22,33.34,32.78,32.94,15095000,,
2020-08-14,32.80,32.98,32.60,32.78,10140000,,
2020-08-17,32.95,33.18,32.90,33.03,10594000,,
2020-08-18,33.19,33.32,32.81,32.86,8857000,,
2020-08-19,32.95,33.31,32.82,32.92,11273000,,
2020-08-20,32.77,33.00,32.61,32.88,8910000,,
2020-08-21,32.83,33.05,32.50,33.00,11508000,,
2020-08-24,33.20,33.62,33.11,33.40,11996000,,
2020-08-25,33.50,33.71,33.30,33.61,11140000,,
2020-08-26,33.47,34.15,33.35,33.97,14844000,,
2020-08-27,34.05,34.13,33.61,33.91,12552000,,
2020-08-28,33.90,34.48,33.77,34.48,14589000,,
2020-08-31,34.35,35.06,34.35,34.72,22229000,,
2020-09-01,35.00,36.21,34.74,35.95,29205000,,
2020-09-02,36.59,37.90,36.36,37.50,37053000,,
2020-09-03,36.60,36.89,35.02,35.21,41795000,,
2020-09-04,36.10,37.25,35.35,36.30,58514000,,
2020-09-08,35.27,36.27,35.00,35.05,26685000,,
2020-09-09,35.62,36.19,35.11,36.00,26273000,,
2020-09-10,36.21,36.78,35.44,35.71,22851000,,
2020-09-11,36.05,36.43,35.47,35.97,17362000,,
2020-09-14,36.44,36.59,35.94,36.22,16447000,,
2020-09-15,36.63,37.11,36.53,36.69,16618000,,
2020-09-16,36.82,37.20,36.63,36.70,18498000,,
2020-09-17,35.50,37.01,35.50,36.59,22862000,,
2020-09-18,36.71,36.78,35.51,35.97,35295000,,
2020-09-21,35.00,35.20,34.35,35.18,24198000,0.325,
2020-09-22,35.64,36.18,35.30,36.16,19500000,,
2020-09-23,36.02,36.12,35.01,35.16,15542000,,
2020-09-24,35.02,35.76,34.91,35.25,13611000,,
2020-09-25,35.20,35.77,34.83,35.68,18183000,,
2020-09-28,36.17,36.84,35.90,36.73,22192000,,
2020-09-29,36.75,37.08,36.40,36.43,13722000,,
2020-09-30,36.30,37.10,36.17,36.43,22403000,,
2020-10-01,36.90,37.07,36.48,36.86,16016000,,
2020-10-02,36.00,36.49,35.62,35.68,17100000,,
2020-10-05,36.08,36.69,35.99,36.61,18923000,,
2020-10-06,36.61,37.20,36.20,36.40,16672000,,
2020-10-07,36.84,36.99,36.61,36.67,12747000,,
2020-10-08,36.99,37.43,36.83,37.33,17045000,,
2020-10-09,37.59,38.00,37.40,37.67,17253000,,
2020-10-12,38.18,38.51,37.98,38.24,18839000,,
2020-10-13,38.44,38.78,37.86,38.15,16731000,,
2020-10-14,38.35,38.37,37.78,38.03,17298000,,
2020-10-15,37.51,38.05,37.50,37.99,14361000,,
2020-10-16,38.33,38.33,37.81,37.87,10295000,,
2020-10-19,38.12,38.36,37.52,37.58,14803000,,
2020-10-20,37.70,38.11,37.56,37.70,13297000,,
2020-10-21,37.58,37.69,37.03,37.20,11896000,,
2020-10-22,37.11,37.43,36.71,37.34,13547000,,
2020-10-23,37.33,37.39,37.08,37.27,8868000,,
2020-10-26,36.96,37.00,35.76,36.30,15509000,,
2020-10-27,36.52,36.52,35.92,35.96,9620000,,
2020-10-28,35.40,35.49,34.55,34.72,22331000,,
2020-10-29,34.73,35.94,34.54,35.50,15697000,,
2020-10-30,34.94,35.30,34.44,34.96,18530000,,
2020-11-02,35.50,35.54,34.84,35.12,11757000,,
2020-11-03,35.59,35.92,34.67,35.38,15457000,,
2020-11-04,36.05,36.90,35.71,36.46,21277000,,
2020-11-05,37.24,38.27,37.20,38.09,21783000,,
2020-11-06,38.01,38.37,37.72,38.06,13545000,,
2020-11-09,38.91,39.39,37.50,37.55,24088000,,
2020-11-10,37.03,37.32,36.04,36.31,26784000,,
2020-11-11,37.09,37.71,36.85,37.59,15133000,,
2020-11-12,37.72,37.86,36.83,37.02,12160000,,
2020-11-13,37.50,37.73,37.16,37.35,10997000,,
2020-11-16,37.48,38.14,37.40,38.08,12100000,,
2020-11-17,37.87,38.24,37.70,38.06,11950000,,
2020-11-18,37.99,38.49,37.96,38.06,13517000,,
2020-11-19,37.77,38.48,37.44,38.43,14555000,,
2020-11-20,38.43,38.88,38.27,38.33,16140000,,
2020-11-23,38.54,38.91,38.30,38.70,12212000,,
2020-11-24,38.86,39.28,38.62,39.22,13455000,,
2020-11-25,39.28,39.55,38.90,39.08,11787000,,
2020-11-27,39.31,39.92,39.30,39.49,6846000,,
2020-11-30,39.40,40.22,39.27,40.16,15454000,,
2020-12-01,40.35,40.67,40.01,40.46,18181000,,
2020-12-02,40.47,40.54,40.11,40.37,10031000,,
2020-12-03,40.45,40.66,39.81,39.98,16120000,,
2020-12-04,40.24,41.24,40.24,41.17,20083000,,
2020-12-07,41.64,42.28,41.33,42.09,19707000,,
2020-12-08,41.93,42.67,41.82,42.34,18121000,,
2020-12-09,41.95,42.61,41.37,41.62,20908000,,
2020-12-10,41.14,41.52,40.80,41.00,26244000,,
2020-12-11,40.40,40.70,39.83,40.58,26664000,,
2020-12-14,40.65,41.43,40.60,41.18,26116000,,
2020-12-15,41.53,41.94,41.30,41.81,21207000,,
2020-12-16,41.80,42.72,41.70,42.49,23160000,,
2020-12-17,42.65,43.00,42.45,42.61,17152000,,
2020-12-18,42.48,43.56,42.20,43.46,45243000,0.36,
2020-12-21,42.81,43.20,42.37,42.89,19096000,,
2020-12-22,42.89,43.35,42.80,43.31,17929000,,
2020-12-23,43.50,43.60,42.51,42.55,10533000,,
2020-12-24,42.85,43.20,42.76,43.15,4123000,,
2020-12-28,43.43,43.73,43.12,43.19,10625000,,
2020-12-29,43.58,43.58,42.68,42.90,9593000,,
2020-12-30,43.17,43.80,43.01,43.48,10553000,,
2020-12-31,43.63,43.85,43.30,43.78,10211000,,
2021-01-04,43.93,44.22,42.12,42.52,24171000,,
2021-01-05,42.51,42.94,42.24,42.81,15069000,,
2021-01-06,42.33,43.46,42.05,42.55,17226000,,
2021-01-07,43.21,44.46,43.06,44.34,21267000,,
2021-01-08,44.70,45.00,43.87,44.56,15271000,,
2021-01-11,44.06,44.88,44.04,44.58,11660000,,
2021-01-12,44.78,45.48,44.56,44.94,13846000,,
2021-01-13,45.03,45.35,44.81,45.12,13118000,,
2021-01-14,45.35,45.85,45.13,45.21,19692000,,
2021-01-15,44.82,45.00,44.07,44.59,18165000,,
2021-01-19,44.83,45.95,44.83,45.93,18819000,,
2021-01-20,45.95,46.58,45.50,46.19,14710000,,
2021-01-21,46.21,46.95,46.04,46.68,15749000,,
2021-01-22,46.37,46.76,46.24,46.50,16248000,,
2021-01-25,46.96,47.00,45.61,46.48,14692000,,
2021-01-26,46.27,46.70,46.19,46.39,10742000,,
2021-01-27,45.55,45.70,44.15,44.47,21857000,,
2021-01-28,45.55,45.85,44.70,45.17,16946000,,
2021-01-29,44.99,45.81,44.76,45.05,22069000,,
2021-02-01,45.59,46.93,45.36,46.67,17027000,,
2021-02-02,46.98,47.70,46.80,47.69,16141000,,
2021-02-03,47.69,47.85,46.46,46.52,17857000,,
2021-02-04,46.00,47.12,45.75,47.06,15243000,,
2021-02-05,47.43,47.69,46.54,46.60,12488000,,
2021-02-08,46.88,47.34,46.56,47.27,17610000,,
2021-02-09,47.20,47.52,46.86,47.46,12758000,,
2021-02-10,47.72,47.75,46.55,47.01,14587000,,
2021-02-11,47.37,47.94,46.92,47.84,17123000,,
2021-02-12,47.84,48.70,47.49,48.63,13551000,,
2021-02-16,49.09,49.48,48.70,48.91,15163000,,
2021-02-17,48.42,48.61,47.51,48.25,14084000,,
2021-02-18,48.02,48.54,47.51,48.33,16715000,,
2021-02-19,48.73,49.51,48.68,49.00,17992000,,
2021-02-22,48.40,48.66,47.53,47.64,16967000,,
2021-02-23,47.11,47.46,45.61,47.19,21303000,,
2021-02-24,46.77,48.14,46.27,48.09,15125000,,
2021-02-25,47.48,47.94,45.52,45.72,23148000,,
2021-02-26,46.75,47.58,46.07,46.99,22640000,,
2021-03-01,47.97,49.00,47.39,48.96,24677000,,
2021-03-02,49.04,49.09,47.96,48.05,18546000,,
2021-03-03,47.80,48.14,46.20,46.31,23991000,,
2021-03-04,46.17,46.70,44.14,44.36,34575000,,
2021-03-05,45.42,45.60,43.30,45.01,42414000,,
2021-03-08,44.68,44.80,41.93,42.12,45243000,,
2021-03-09,43.57,44.69,43.06,44.36,37884000,,
2021-03-10,44.73,45.40,43.51,43.76,19914000,,
2021-03-11,44.90,45.74,44.21,45.37,26170000,,
2021-03-12,44.54,45.35,44.45,45.12,18906000,,
2021-03-15,45.52,47.12,45.32,47.08,31241000,,
2021-03-16,47.13,48.40,46.74,47.82,31190000,,
2021-03-17,47.03,48.73,47.00,48.36,23754000,,
2021-03-18,47.46,48.34,46.38,46.41,28728000,,
2021-03-19,45.70,47.67,45.41,47.45,108602000,0.36,
2021-03-22,47.29,48.13,47.17,47.53,31805000,,
2021-03-23,47.38,47.54,46.27,46.41,24712000,,
2021-03-24,46.95,47.00,45.69,45.73,20882000,,
2021-03-25,45.50,46.40,44.93,46.17,17537000,,
2021-03-26,45.66,48.30,45.66,48.20,28925000,,
2021-03-29,48.04,48.12,46.83,47.26,28410000,,
2021-03-30,46.39,46.40,45.16,45.62,27935000,,
2021-03-31,45.90,46.71,45.24,46.37,28684000,,
2021-04-01,47.21,47.66,46.92,47.59,23528000,,
2021-04-05,48.03,48.96,47.68,48.85,22966000,,
2021-04-06,48.31,48.82,47.77,48.39,18063000,,
2021-04-07,48.00,48.39,47.80,48.25,12074000,,
2021-04-08,48.80,48.80,48.01,48.55,18121000,,
2021-04-09,48.00,48.53,47.65,48.51,16614000,,
2021-04-12,48.19,48.54,47.86,48.37,23247000,,
2021-04-13,48.50,48.82,48.03,48.50,15281000,,
2021-04-14,48.25,48.92,47.52,47.73,18220000,,
2021-04-15,48.16,48.23,47.68,48.00,18370000,,
2021-04-16,48.05,48.18,47.68,47.88,16263000,,
2021-04-19,47.65,47.68,46.01,46.20,26319000,,
2021-04-20,46.00,46.20,45.45,45.73,19128000,,
2021-04-21,45.52,46.03,45.26,45.98,25947000,,
2021-04-22,45.51,46.11,44.90,45.51,27057000,,
2021-04-23,45.85,46.78,45.75,46.61,22890000,,
2021-04-26,46.70,47.38,46.36,47.19,18271000,,
2021-04-27,47.37,47.43,46.51,46.63,13267000,,
2021-04-28,46.54,46.60,45.60,45.92,15940000,,
2021-04-29,46.97,46.97,45.90,46.63,14650000,,
2021-04-30,45.97,46.07,45.38,45.62,19367000,,
2021-05-03,45.98,45.98,44.83,45.01,15098000,,
2021-05-04,44.72,44.77,43.73,44.45,23497000,,
2021-05-05,45.04,45.14,44.24,44.38,16388000,,
2021-05-06,44.38,44.91,43.98,44.86,13495000,,
2021-05-07,45.46,45.84,44.92,45.26,11712000,,
2021-05-10,44.84,44.85,43.58,43.61,25239000,,
2021-05-11,42.50,44.18,42.30,44.01,17887000,,
2021-05-12,42.93,43.09,41.91,42.24,29940000,,
2021-05-13,42.99,43.48,42.56,43.06,21841000,,
2021-05-14,43.64,44.51,43.20,44.16,16964000,,
2021-05-17,44.21,44.21,43.28,43.99,15725000,,
2021-05-18,44.39,44.44,43.33,43.37,17824000,,
2021-05-19,42.60,44.25,42.57,44.17,21369000,,
2021-05-20,44.58,45.93,44.53,45.50,21886000,,
2021-05-21,45.80,45.80,44.93,45.12,13216000,,
2021-05-24,45.69,46.24,45.64,45.92,14420000,,
2021-05-25,46.19,46.30,45.65,45.95,9600000,,
2021-05-26,46.08,46.21,45.55,46.05,9873000,,
2021-05-27,46.00,46.84,45.97,46.77,19098000,,
2021-05-28,47.00,47.46,46.77,47.23,19946000,,
2021-06-01,47.54,47.80,46.72,46.83,16277000,,
2021-06-02,47.18,47.77,46.95,47.37,13286000,,
2021-06-03,46.88,46.98,46.33,46.48,20389000,,
2021-06-04,47.05,47.84,46.95,47.50,23865000,,
2021-06-07,47.30,47.45,46.25,46.38,24142000,,
2021-06-08,46.80,47.24,46.35,46.35,16615000,,
2021-06-09,46.72,46.72,46.17,46.39,12126000,,
2021-06-10,46.55,46.95,46.02,46.87,15413000,,
2021-06-11,46.84,47.21,46.72,47.07,14508000,,
2021-06-14,47.05,47.59,46.61,47.58,14675000,,
2021-06-15,47.66,47.66,46.85,47.07,11131000,,
2021-06-16,47.03,47.11,46.15,46.58,20437000,,
2021-06-17,46.49,47.52,46.39,47.12,20881000,,
2021-06-18,46.73,46.98,46.05,46.35,28537000,,
2021-06-21,46.12,46.54,45.84,46.46,18591000,0.36,
2021-06-22,46.66,46.86,46.13,46.45,13722000,,
2021-06-23,46.39,46.79,46.30,46.67,17674000,,
2021-06-24,46.99,47.37,46.86,47.01,12502000,,
2021-06-25,47.13,47.24,46.00,46.22,19100000,,
2021-06-28,46.60,47.63,46.55,47.28,13987000,,
2021-06-29,47.24,47.73,47.07,47.72,14184000,,
2021-06-30,47.81,47.86,47.25,47.68,15381000,,
2021-07-01,47.78,47.78,46.89,46.96,11153000,,
2021-07-02,47.68,47.86,45.57,46.82,37054000,,
2021-07-06,47.04,47.67,46.83,47.33,13870000,,
2021-07-07,47.50,47.54,46.64,46.95,12581000,,
2021-07-08,46.44,47.11,46.16,47.05,16011000,,
2021-07-09,46.96,48.09,46.80,48.02,16782000,,
2021-07-12,48.13,49.40,47.33,48.58,33142000,,
2021-07-13,48.53,48.75,48.20,48.40,11806000,,
2021-07-14,48.92,49.20,48.08,48.16,14020000,,
2021-07-15,48.33,48.45,47.31,47.73,12624000,,
2021-07-16,47.91,48.03,46.73,46.81,13980000,,
2021-07-19,46.35,46.60,45.76,46.57,14938000,,
2021-07-20,46.79,47.23,46.33,46.86,20727000,,
2021-07-21,46.96,47.93,46.85,47.90,13660000,,
2021-07-22,47.66,47.90,47.45,47.63,12583000,,
2021-07-23,48.00,48.36,47.68,48.31,13489000,,
2021-07-26,48.22,48.36,47.97,48.22,11160000,,
2021-07-27,48.08,48.18,46.78,47.54,14715000,,
2021-07-28,47.67,47.91,47.43,47.77,8359000,,
2021-07-29,47.85,48.58,47.74,48.41,9162000,,
2021-07-30,48.20,48.63,47.96,48.54,11548000,,
2021-08-02,48.91,49.46,48.35,48.47,15619000,,
2021-08-03,48.55,48.78,48.00,48.68,11135000,,
2021-08-04,48.85,49.00,48.40,48.78,12123000,,
2021-08-05,49.04,49.04,48.49,48.77,8372000,,
2021-08-06,48.51,48.81,48.40,48.54,9964000,,
2021-08-09,48.65,48.68,48.10,48.47,5952000,,
2021-08-10,48.59,48.65,47.78,48.23,9319000,,
2021-08-11,48.48,48.60,47.98,48.35,9816000,,
2021-08-12,48.23,48.50,47.67,48.43,8702000,,
2021-08-13,48.26,48.90,48.21,48.62,8582000,,
2021-08-16,48.48,48.89,48.44,48.81,9188000,,
2021-08-17,48.56,48.62,47.45,47.87,16499000,,
2021-08-18,47.66,47.71,46.84,46.90,15616000,,
2021-08-19,46.63,47.58,46.27,47.35,14044000,,
2021-08-20,47.28,47.62,47.04,47.52,10007000,,
2021-08-23,47.63,48.62,47.57,48.24,15707000,,
2021-08-24,48.24,48.30,48.02,48.14,9429000,,
2021-08-25,48.16,48.63,48.16,48.34,10017000,,
2021-08-26,48.30,48.81,48.06,48.57,10836000,,
2021-08-27,48.80,49.64,48.66,49.59,16459000,,
2021-08-30,50.00,50.78,49.83,49.89,19614000,,
2021-08-31,50.13,50.13,49.27,49.72,17378000,,
2021-09-01,49.63,49.92,49.29,49.32,12586000,,
2021-09-02,49.58,49.60,49.02,49.19,16991000,,
2021-09-03,49.59,50.60,49.50,49.77,25191000,,
2021-09-07,49.76,49.76,49.10,49.66,12398000,,
2021-09-08,49.96,49.99,48.81,49.44,13987000,,
2021-09-09,49.28,49.87,49.28,49.35,13174000,,
2021-09-10,49.70,50.60,49.65,49.81,16110000,,
2021-09-13,50.20,50.25,49.33,49.90,14927000,,
2021-09-14,50.20,50.54,49.84,50.19,14134000,,
2021-09-15,50.21,51.07,49.94,50.97,23346000,,
2021-09-16,50.52,50.91,50.02,50.73,17569000,,
2021-09-17,50.40,50.76,50.10,50.60,34470000,,
2021-09-20,49.90,50.30,48.84,49.48,30105000,,
2021-09-21,49.35,49.38,48.70,49.10,16935000,0.36,
2021-09-22,49.42,50.30,49.22,50.06,20610000,,
2021-09-23,50.25,50.73,50.06,50.43,18370000,,
2021-09-24,50.23,50.55,50.08,50.49,10605000,,
2021-09-27,49.98,50.58,49.74,50.48,9831000,,
2021-09-28,49.70,50.15,49.05,49.10,20124000,,
2021-09-29,49.36,49.43,48.77,48.95,15783000,,
2021-09-30,49.45,49.45,48.45,48.49,15735000,,
2021-10-01,48.78,48.87,47.75,48.73,16052000,,
2021-10-04,48.49,48.66,47.28,47.59,20093000,,
2021-10-05,47.59,48.98,47.53,48.54,16557000,,
2021-10-06,48.31,48.94,47.97,48.88,12042000,,
2021-10-07,49.26,49.99,49.26,49.39,13261000,,
2021-10-08,49.68,49.80,49.13,49.28,10279000,,
2021-10-11,49.12,49.96,49.09,49.23,11186000,,
2021-10-12,49.58,49.67,48.20,48.53,20991000,,
2021-10-13,48.12,48.54,47.95,48.50,16424000,,
2021-10-14,49.19,49.91,49.08,49.76,19233000,,
2021-10-15,50.44,50.59,50.11,50.33,25103000,,
2021-10-18,50.04,50.40,49.87,50.34,16042000,,
2021-10-19,50.43,51.09,50.18,51.04,16383000,,
2021-10-20,51.10,51.34,50.84,50.94,13458000,,
2021-10-21,50.94,51.48,50.86,51.41,11787000,,
2021-10-22,51.47,52.14,51.30,51.54,15367000,,
2021-10-25,51.75,52.45,51.52,52.21,12416000,,
2021-10-26,52.52,53.50,52.40,53.39,24043000,,
2021-10-27,53.18,53.61,52.19,52.31,23500000,,
2021-10-28,52.41,52.99,52.34,52.96,11872000,,
2021-10-29,52.35,53.22,52.35,53.17,15564000,,
2021-11-01,53.03,53.26,52.49,52.80,16896000,,
2021-11-02,52.74,54.08,52.67,53.71,16262000,,
2021-11-03,53.91,54.38,53.38,54.24,14038000,,
2021-11-04,54.38,54.91,54.09,54.86,15956000,,
2021-11-05,55.00,55.97,54.98,55.89,18674000,,
2021-11-08,56.20,56.39,55.81,55.90,17231000,,
2021-11-09,55.92,56.19,55.51,55.78,15838000,,
2021-11-10,55.43,56.09,54.80,54.88,18450000,,
2021-11-11,55.27,55.71,54.88,55.54,14157000,,
2021-11-12,55.84,56.58,55.46,56.32,13592000,,
2021-11-15,56.77,56.77,55.98,56.58,13972000,,
2021-11-16,56.41,56.95,56.27,56.88,13194000,,
2021-11-17,56.81,57.14,56.41,56.96,12532000,,
2021-11-18,57.11,57.67,56.96,57.48,12712000,,
2021-11-19,57.63,57.72,56.59,56.87,19612000,,
2021-11-22,57.17,57.20,55.25,55.33,25898000,,
2021-11-23,55.24,55.59,54.85,55.51,17109000,,
2021-11-24,55.32,55.91,54.74,55.87,12084000,,
2021-11-26,55.18,55.73,54.33,54.66,14219000,,
2021-11-29,55.62,56.76,55.37,56.43,18703000,,
2021-11-30,56.33,56.50,55.20,55.37,22574000,,
2021-12-01,56.35,56.85,55.33,55.48,21980000,,
2021-12-02,54.61,55.91,54.40,55.24,22619000,,
2021-12-03,56.49,56.90,55.04,55.81,20305000,,
2021-12-06,56.47,56.84,55.59,56.50,22482000,,
2021-12-07,57.20,59.31,57.20,59.04,29562000,,
2021-12-08,59.09,59.09,58.24,58.86,17998000,,
2021-12-09,58.24,59.02,58.24,58.34,29080000,,
2021-12-10,62.40,64.47,61.86,63.17,57087000,,
2021-12-13,63.40,63.44,62.12,62.17,26898000,,
2021-12-14,61.78,61.86,60.56,61.49,35956000,,
2021-12-15,61.56,64.09,61.03,63.99,29092000,,
2021-12-16,63.74,64.07,61.15,62.07,42748000,,
2021-12-17,61.75,64.00,61.51,63.50,50661000,,
2021-12-20,62.63,64.61,62.51,64.50,32770000,,
2021-12-21,64.81,64.95,63.33,64.62,36534000,0.41,
2021-12-22,64.33,65.72,63.93,65.52,28383000,,
2021-12-23,65.61,67.07,65.61,66.48,23596000,,
2021-12-27,66.48,67.63,66.45,67.43,19442000,,
2021-12-28,67.75,67.78,66.70,66.90,17247000,,
2021-12-29,66.98,67.70,66.91,67.26,14797000,,
2021-12-30,67.31,67.57,66.38,66.51,11473000,,
2021-12-31,66.70,67.13,66.33,66.54,12046000,,
2022-01-03,66.63,67.17,66.12,66.33,22591000,,
2022-01-04,66.29,67.22,65.72,67.09,21103000,,
2022-01-05,67.12,67.12,64.20,64.30,34961000,,
2022-01-06,64.02,64.86,63.44,63.70,28581000,,
2022-01-07,63.59,63.99,61.85,61.91,27832000,,
2022-01-10,60.89,62.20,60.36,62.12,29793000,,
2022-01-11,61.55,62.80,61.46,62.20,19037000,,
2022-01-12,62.75,63.10,61.97,62.20,18806000,,
2022-01-13,62.75,62.79,59.41,59.72,30048000,,
2022-01-14,59.58,60.04,59.20,59.64,25661000,,
2022-01-18,58.83,59.10,57.60,57.78,35825000,,
2022-01-19,58.16,58.47,56.33,56.40,22692000,,
2022-01-20,56.80,57.01,54.68,54.77,25225000,,
2022-01-21,54.66,55.54,53.13,53.32,38010000,,
2022-01-24,53.09,54.35,51.34,54.16,54256000,,
2022-01-25,52.80,54.54,52.42,53.41,38158000,,
2022-01-26,55.20,57.42,55.01,55.71,49715000,,
2022-01-27,56.97,57.03,54.10,54.23,34183000,,
2022-01-28,54.34,56.05,53.24,56.01,30254000,,
2022-01-31,55.94,58.64,55.60,58.59,40288000,,
2022-02-01,58.59,59.39,57.58,59.27,25719000,,
2022-02-02,59.90,60.48,59.36,60.34,24443000,,
2022-02-03,59.57,59.90,58.01,58.09,30602000,,
2022-02-04,57.64,59.65,57.61,59.02,20548000,,
2022-02-07,59.02,60.16,58.42,58.76,18671000,,
2022-02-08,58.84,60.19,58.70,60.02,14570000,,
2022-02-09,60.73,61.17,60.16,61.13,22004000,,
2022-02-10,59.53,61.46,58.86,59.14,24920000,,
2022-02-11,59.14,59.98,56.91,57.34,27281000,,
2022-02-14,57.50,58.28,57.01,57.86,19291000,,
2022-02-15,58.90,60.60,58.83,60.28,34284000,,
2022-02-16,59.41,60.08,58.72,59.72,22931000,,
2022-02-17,58.97,59.16,57.89,57.90,21424000,,
2022-02-18,58.09,58.77,57.33,58.00,19708000,,
2022-02-22,58.00,59.02,56.98,57.75,20204000,,
2022-02-23,58.02,58.51,56.47,56.52,22416000,,
2022-02-24,55.16,58.57,54.90,58.00,35316000,,
2022-02-25,57.98,58.94,57.40,58.80,22380000,,
2022-02-28,58.10,59.23,57.64,58.74,25005000,,
2022-03-01,58.48,58.76,56.53,57.01,24898000,,
2022-03-02,57.45,59.05,57.36,58.58,21771000,,
2022-03-03,59.37,59.37,57.43,57.86,26454000,,
2022-03-04,59.28,60.59,58.40,59.60,44757000,,
2022-03-07,59.71,59.88,57.00,57.07,26494000,,
2022-03-08,57.22,59.60,56.36,57.59,26993000,,
2022-03-09,58.88,60.16,58.70,59.70,22560000,,
2022-03-10,58.56,59.00,57.64,58.77,19323000,,
2022-03-11,59.20,59.44,57.71,57.78,19813000,,
2022-03-14,57.70,58.00,56.48,56.78,25234000,,
2022-03-15,57.73,59.68,57.50,59.28,28260000,,
2022-03-16,59.66,60.77,58.41,60.71,29454000,,
2022-03-17,60.47,60.70,59.76,60.27,18174000,,
2022-03-18,60.40,61.32,59.60,61.04,41538000,,
2022-03-21,60.56,60.56,58.89,60.13,25789000,0.41,
2022-03-22,60.17,61.35,59.93,61.13,19262000,,
2022-03-23,60.80,61.14,59.92,59.94,13839000,,
2022-03-24,60.66,62.72,60.20,62.64,26016000,,
2022-03-25,62.71,63.04,62.01,62.89,14538000,,
2022-03-28,62.59,63.33,61.58,63.29,14427000,,
2022-03-29,64.00,64.53,63.00,64.15,23001000,,
2022-03-30,63.89,64.43,62.73,63.11,18626000,,
2022-03-31,63.05,63.90,62.80,62.97,21731000,,
2022-04-01,63.17,63.46,61.87,62.70,16267000,,
2022-04-04,62.64,63.67,62.45,63.48,16484000,,
2022-04-05,62.95,63.23,61.30,61.41,19778000,,
2022-04-06,60.21,61.16,59.38,60.20,23742000,,
2022-04-07,59.98,60.76,59.32,60.30,16583000,,
2022-04-08,59.74,59.86,58.60,58.70,20464000,,
2022-04-11,58.26,58.93,57.94,58.06,23512000,,
2022-04-12,58.91,59.86,58.22,58.51,17350000,,
2022-04-13,58.85,59.67,58.60,59.25,20266000,,
2022-04-14,59.50,59.71,57.29,57.38,27385000,,
2022-04-18,57.28,59.12,57.28,58.65,21375000,,
2022-04-19,57.94,59.87,57.94,59.76,16581000,,
2022-04-20,60.42,61.34,59.51,59.77,13920000,,
2022-04-21,60.55,61.59,59.07,59.27,20352000,,
2022-04-22,59.01,59.87,58.63,58.70,21064000,,
2022-04-25,58.15,58.88,57.11,58.79,26959000,,
2022-04-26,58.38,58.55,55.97,56.01,35809000,,
2022-04-27,55.58,57.01,55.50,55.95,19313000,,
2022-04-28,56.59,58.50,55.80,57.89,22334000,,
2022-04-29,57.26,57.83,55.34,55.44,26108000,,
2022-05-02,55.71,57.76,55.64,57.63,26725000,,
2022-05-03,57.60,58.67,57.18,58.12,17064000,,
2022-05-04,58.18,60.41,57.40,60.37,23896000,,
2022-05-05,59.42,59.79,57.43,58.00,32806000,,
2022-05-06,57.49,59.00,56.94,58.01,20745000,,
2022-05-09,57.29,57.80,56.03,56.29,30074000,,
2022-05-10,58.05,59.12,57.18,58.14,29271000,,
2022-05-11,57.46,58.47,56.59,56.71,26660000,,
2022-05-12,56.34,57.36,55.83,57.16,25518000,,
2022-05-13,57.70,59.16,57.35,58.82,19449000,,
2022-05-16,58.44,58.91,57.77,58.27,14189000,,
2022-05-17,59.55,60.90,59.36,60.81,24676000,,
2022-05-18,60.00,60.07,56.62,57.06,35024000,,
2022-05-19,55.80,56.08,53.90,54.62,34884000,,
2022-05-20,55.39,55.50,51.24,54.32,40281000,,
2022-05-23,52.40,53.56,51.43,52.64,58586000,,
2022-05-24,52.67,52.89,51.62,52.42,25060000,,
2022-05-25,52.39,53.74,52.39,53.16,17842000,,
2022-05-26,53.15,55.46,52.77,55.07,39743000,,
2022-05-27,56.21,58.55,56.00,58.33,37301000,,
2022-05-31,58.45,58.70,57.60,58.01,30009000,,
2022-06-01,58.76,59.09,56.84,57.36,18345000,,
2022-06-02,57.77,57.78,56.81,57.67,29488000,,
2022-06-03,56.89,56.96,56.10,56.33,20562000,,
2022-06-06,57.15,57.27,55.75,56.12,14557000,,
2022-06-07,56.05,57.45,55.75,57.30,15895000,,
2022-06-08,57.18,57.63,56.21,56.54,24004000,,
2022-06-09,56.12,57.36,55.59,55.62,18787000,,
2022-06-10,55.01,55.10,53.97,54.13,24018000,,
2022-06-13,52.68,53.30,51.60,51.76,31619000,,
2022-06-14,52.50,52.50,51.46,52.02,24380000,,
2022-06-15,52.91,53.38,51.55,52.67,19141000,,
2022-06-16,51.20,51.44,49.23,49.72,37244000,,
2022-06-17,49.50,50.04,48.79,49.87,43504000,,
2022-06-21,50.41,51.09,50.29,50.38,21901000,0.41,
2022-06-22,49.63,50.38,49.42,49.61,24721000,,
2022-06-23,50.17,50.17,49.10,49.66,16707000,,
2022-06-24,50.50,51.18,50.15,50.91,21201000,,
2022-06-27,51.38,51.40,50.28,50.57,13207000,,
2022-06-28,51.26,51.41,49.81,49.84,15667000,,
2022-06-29,49.55,49.59,48.67,49.04,14444000,,
2022-06-30,48.80,49.37,48.07,48.58,18890000,,
2022-07-01,47.94,48.43,46.94,47.78,21315000,,
2022-07-05,47.20,47.69,46.39,47.63,20711000,,
2022-07-06,48.05,48.70,47.55,48.26,22975000,,
2022-07-07,48.81,50.14,48.81,49.85,21319000,,
2022-07-08,49.30,49.96,49.00,49.87,12713000,,
2022-07-11,48.95,49.16,48.10,48.29,21449000,,
2022-07-12,48.78,49.26,48.01,48.14,21159000,,
2022-07-13,47.50,48.56,47.23,48.17,17665000,,
2022-07-14,48.24,48.67,47.34,48.46,19957000,,
2022-07-15,49.08,49.47,48.61,49.45,18714000,,
2022-07-18,50.02,50.24,48.82,49.11,18042000,,
2022-07-19,49.68,51.13,49.59,50.90,27257000,,
2022-07-20,50.95,51.76,50.45,51.18,27412000,,
2022-07-21,51.26,51.78,50.60,51.77,13912000,,
2022-07-22,51.88,51.98,50.67,51.25,17867000,,
2022-07-25,51.05,51.33,50.65,51.31,15061000,,
2022-07-26,51.46,51.68,50.89,51.11,17958000,,
2022-07-27,51.82,53.02,51.69,52.78,25699000,,
2022-07-28,52.86,53.65,52.06,53.36,14867000,,
2022-07-29,53.20,53.78,53.03,53.55,18482000,,
2022-08-01,53.14,53.98,53.04,53.64,11485000,,
2022-08-02,53.32,53.92,52.72,53.12,13072000,,
2022-08-03,53.53,54.80,53.41,54.67,19228000,,
2022-08-04,54.84,55.31,54.50,55.28,16293000,,
2022-08-05,54.49,55.20,54.33,55.14,14357000,,
2022-08-08,54.94,55.30,53.87,54.55,13722000,,
2022-08-09,53.91,53.94,52.77,53.28,20072000,,
2022-08-10,54.61,55.10,53.92,55.04,19519000,,
2022-08-11,55.40,55.78,54.42,54.54,14268000,,
2022-08-12,54.78,55.84,54.56,55.82,18399000,,
2022-08-15,55.42,55.98,55.05,55.90,14329000,,
2022-08-16,55.75,55.79,54.60,55.16,14782000,,
2022-08-17,54.44,54.47,53.10,53.86,19022000,,
2022-08-18,54.34,56.06,54.16,55.84,23459000,,
2022-08-19,55.09,55.56,54.79,54.84,16923000,,
2022-08-22,54.26,54.31,52.70,52.88,18555000,,
2022-08-23,53.38,53.76,52.89,52.98,9003000,,
2022-08-24,52.96,53.13,52.34,53.08,11883000,,
2022-08-25,53.34,55.05,53.23,55.01,17345000,,
2022-08-26,54.88,55.10,52.00,52.09,25682000,,
2022-08-29,52.00,52.27,51.20,51.42,16580000,,
2022-08-30,51.68,51.79,50.14,50.64,18282000,,
2022-08-31,51.02,51.02,49.65,49.91,32445000,,
2022-09-01,49.15,49.33,48.08,49.20,31930000,,
2022-09-02,51.80,51.98,49.83,50.02,40426000,,
2022-09-06,49.85,50.40,49.04,49.82,24738000,,
2022-09-07,50.29,50.94,49.91,50.51,20440000,,
2022-09-08,50.26,51.27,49.87,51.19,22535000,,
2022-09-09,51.54,52.60,51.54,52.24,23019000,,
2022-09-12,52.67,53.13,52.46,52.91,18157000,,
2022-09-13,51.38,51.83,50.17,50.37,35136000,,
2022-09-14,50.71,51.30,50.28,51.08,20605000,,
2022-09-15,50.89,51.16,49.73,50.01,36574000,,
2022-09-16,49.77,50.37,48.99,50.25,59012000,,
2022-09-19,49.44,50.34,49.44,50.18,17948000,,
2022-09-20,49.60,49.88,48.97,49.31,17132000,,
2022-09-21,49.10,49.99,48.18,48.21,20669000,0.41,
2022-09-22,48.24,48.32,47.30,47.76,23540000,,
2022-09-23,47.49,47.80,46.20,46.87,29649000,,
2022-09-26,46.90,47.33,46.13,46.23,19361000,,
2022-09-27,46.95,46.99,45.65,46.48,17850000,,
2022-09-28,46.13,46.88,45.63,46.60,27605000,,
2022-09-29,46.09,46.14,44.49,45.01,39997000,,
2022-09-30,44.91,45.78,44.36,44.40,27202000,,
2022-10-03,44.92,46.09,44.70,45.68,21479000,,
2022-10-04,46.85,48.02,46.59,47.99,27277000,,
2022-10-05,47.26,48.81,47.15,48.48,18493000,,
2022-10-06,48.38,48.97,47.87,47.95,17250000,,
2022-10-07,47.24,47.33,45.90,46.05,28425000,,
2022-10-10,46.00,46.01,43.18,43.77,33454000,,
2022-10-11,43.52,43.87,42.56,43.08,28046000,,
2022-10-12,43.23,43.57,42.80,43.06,15046000,,
2022-10-13,41.74,44.38,41.51,43.80,27980000,,
2022-10-14,44.33,44.40,42.64,42.71,22816000,,
2022-10-17,43.95,44.12,43.34,43.54,24120000,,
2022-10-18,44.82,44.85,43.02,43.48,20341000,,
2022-10-19,43.32,43.83,43.09,43.53,12702000,,
2022-10-20,43.51,44.22,42.81,43.03,23402000,,
2022-10-21,43.21,45.07,42.92,44.97,26980000,,
2022-10-24,45.27,45.88,45.11,45.65,25287000,,
2022-10-25,45.80,46.43,45.68,46.01,18246000,,
2022-10-26,45.80,47.18,45.53,46.12,29291000,,
2022-10-27,46.60,47.08,45.49,45.54,18512000,,
2022-10-28,45.70,47.43,45.56,47.29,23094000,,
2022-10-31,46.69,47.28,46.50,47.01,19259000,,
2022-11-01,47.58,47.68,46.32,46.79,16324000,,
2022-11-02,47.03,48.05,45.57,45.60,21070000,,
2022-11-03,45.09,45.29,44.14,44.41,23887000,,
2022-11-04,45.69,46.89,45.33,46.53,28891000,,
2022-11-07,46.68,47.77,46.16,47.52,17687000,,
2022-11-08,48.12,48.88,47.35,48.21,20743000,,
2022-11-09,47.85,47.90,46.90,46.95,23695000,,
2022-11-10,49.10,50.72,48.72,50.66,33970000,,
2022-11-11,50.48,51.90,50.20,51.81,26728000,,
2022-11-14,51.54,52.50,51.30,51.32,21608000,,
2022-11-15,53.00,53.26,51.59,52.44,23315000,,
2022-11-16,51.67,51.85,51.03,51.17,25405000,,
2022-11-17,50.50,51.27,50.31,51.21,20375000,,
2022-11-18,51.69,51.77,51.10,51.52,14536000,,
2022-11-21,51.29,52.09,51.11,51.74,18622000,,
2022-11-22,52.30,53.03,51.90,53.01,18920000,,
2022-11-23,53.03,54.15,52.88,53.36,13964000,,
2022-11-25,53.07,53.46,52.95,52.99,7455000,,
2022-11-28,52.52,52.88,51.62,52.22,23505000,,
2022-11-29,52.30,52.59,51.48,52.14,12694000,,
2022-11-30,52.41,55.17,51.78,55.10,47349000,,
2022-12-01,55.10,55.24,54.20,55.08,23006000,,
2022-12-02,53.70,54.27,53.61,54.08,19320000,,
2022-12-05,53.78,53.95,52.55,53.06,18548000,,
2022-12-06,53.06,53.36,52.17,52.58,19655000,,
2022-12-07,51.96,52.50,51.60,51.85,16524000,,
2022-12-08,52.08,53.24,52.04,53.11,27514000,,
2022-12-09,55.09,55.26,54.10,54.47,37028000,,
2022-12-12,54.48,55.69,54.22,55.66,23416000,,
2022-12-13,57.58,58.18,56.50,57.10,40414000,,
2022-12-14,56.85,58.56,56.77,57.44,35218000,,
2022-12-15,56.38,56.65,55.77,55.80,36876000,,
2022-12-16,55.74,55.98,55.09,55.59,49549000,,
2022-12-19,55.40,55.65,54.57,54.96,25092000,0.46,
2022-12-20,54.52,54.90,54.09,54.40,29831000,,
2022-12-21,54.77,56.19,54.70,56.12,25619000,,
2022-12-22,55.34,55.49,54.72,55.31,27553000,,
2022-12-23,55.00,55.36,54.74,55.24,13761000,,
2022-12-27,55.16,55.81,54.69,55.35,16677000,,
2022-12-28,55.16,55.78,54.24,54.49,15410000,,
2022-12-29,55.19,56.26,55.05,55.78,18176000,,
2022-12-30,55.18,55.97,54.80,55.91,14376000,,
2023-01-03,56.50,56.76,55.08,55.35,20173000,,
2023-01-04,56.30,56.82,55.60,56.02,17074000,,
2023-01-05,55.57,55.98,55.11,55.50,16277000,,
2023-01-06,56.31,59.10,56.23,58.84,35261000,,
2023-01-09,59.23,60.17,56.06,57.69,37739000,,
2023-01-10,57.20,57.51,55.00,57.49,44635000,,
2023-01-11,57.30,57.83,56.69,57.81,22502000,,
2023-01-12,57.56,58.51,57.38,58.19,19514000,,
2023-01-13,57.72,58.19,57.67,57.90,19647000,,
2023-01-17,57.49,58.54,57.45,57.92,15835000,,
2023-01-18,58.32,58.76,57.37,57.43,15703000,,
2023-01-19,56.91,57.01,56.03,56.32,22692000,,
2023-01-20,56.30,57.14,55.91,57.08,22950000,,
2023-01-23,57.20,58.48,56.98,58.16,23429000,,
2023-01-24,57.84,58.67,57.56,58.50,13825000,,
2023-01-25,57.77,58.70,57.60,58.57,13766000,,
2023-01-26,59.04,60.06,58.63,59.86,24525000,,
2023-01-27,59.33,59.92,59.02,59.10,19344000,,
2023-01-30,58.30,58.96,57.98,58.15,16984000,,
2023-01-31,58.21,58.72,58.07,58.50,23719000,,
2023-02-01,58.36,60.83,58.27,60.27,26553000,,
2023-02-02,60.76,61.31,59.98,60.58,24188000,,
2023-02-03,59.80,60.80,59.62,59.76,19093000,,
2023-02-06,59.33,60.32,59.23,60.13,18709000,,
2023-02-07,60.07,61.70,59.97,61.45,24025000,,
2023-02-08,60.67,61.02,60.06,60.17,15290000,,
2023-02-09,61.26,61.49,59.55,59.94,18837000,,
2023-02-10,59.63,59.85,58.96,59.33,21035000,,
2023-02-13,59.50,60.15,59.35,60.11,19847000,,
2023-02-14,59.42,60.56,59.33,60.23,17571000,,
2023-02-15,59.89,60.83,59.67,60.77,12683000,,
2023-02-16,60.08,60.89,59.95,60.05,17449000,,
2023-02-17,60.00,60.09,59.24,59.56,14215000,,
2023-02-21,59.00,59.31,57.98,58.15,22737000,,
2023-02-22,58.23,58.31,57.21,57.62,23475000,,
2023-02-23,58.58,58.59,57.37,58.38,18939000,,
2023-02-24,57.75,58.02,57.36,57.77,15353000,,
2023-02-27,58.59,58.98,58.43,58.55,18321000,,
2023-02-28,58.56,59.86,58.22,59.43,27822000,,
2023-03-01,59.40,59.82,59.03,59.36,15484000,,
2023-03-02,58.94,60.09,58.61,59.87,27525000,,
2023-03-03,61.77,63.57,61.58,63.28,46088000,,
2023-03-06,63.50,64.41,63.17,63.29,24983000,,
2023-03-07,63.49,63.58,62.35,62.52,19334000,,
2023-03-08,62.78,63.27,62.37,63.23,20912000,,
2023-03-09,63.01,64.24,62.19,62.25,21775000,,
2023-03-10,62.82,63.02,61.28,61.48,26098000,,
2023-03-13,60.71,62.44,60.69,61.65,22364000,,
2023-03-14,62.34,63.34,61.85,63.25,25893000,,
2023-03-15,62.77,63.01,61.62,62.60,22963000,,
2023-03-16,62.19,63.71,61.78,63.65,31716000,,
2023-03-17,63.65,63.96,62.71,63.10,79303000,,
2023-03-20,63.27,64.47,63.16,64.37,25857000,,
2023-03-21,64.31,64.66,63.43,63.67,25000000,0.46,
2023-03-22,63.69,64.85,63.07,63.09,25799000,,
2023-03-23,63.89,64.82,63.15,63.92,27162000,,
2023-03-24,63.80,63.93,62.85,63.62,17228000,,
2023-03-27,63.90,63.91,62.60,62.68,14707000,,
2023-03-28,62.52,62.65,61.89,62.47,12439000,,
2023-03-29,63.28,63.40,62.46,62.55,26395000,,
2023-03-30,63.27,63.60,62.93,63.38,21523000,,
2023-03-31,63.05,64.22,62.59,64.15,22097000,,
2023-04-03,63.90,64.39,63.64,64.25,15682000,,
2023-04-04,64.31,64.42,63.20,63.44,13429000,,
2023-04-05,63.11,63.17,62.57,62.90,16908000,,
2023-04-06,62.42,62.84,61.90,62.26,14493000,,
2023-04-10,61.80,62.79,61.65,62.74,15400000,,
2023-04-11,63.08,63.09,62.08,62.16,16518000,,
2023-04-12,62.73,62.75,61.63,61.67,14112000,,
2023-04-13,61.91,62.65,61.71,62.42,17265000,,
2023-04-14,62.05,62.80,61.52,61.95,17465000,,
2023-04-17,61.86,62.83,61.78,62.74,13201000,,
2023-04-18,63.16,63.55,62.71,63.23,16806000,,
2023-04-19,62.68,63.68,62.55,63.45,19060000,,
2023-04-20,62.79,64.27,62.71,63.30,20239000,,
2023-04-21,63.06,63.38,62.20,63.29,14807000,,
2023-04-24,63.36,63.88,63.18,63.45,12338000,,
2023-04-25,63.40,63.60,62.17,62.20,23670000,,
2023-04-26,62.00,62.31,61.35,61.62,17179000,,
2023-04-27,61.62,62.01,60.32,61.84,18250000,,
2023-04-28,61.91,62.68,61.46,62.65,16183000,,
2023-05-01,62.65,63.90,62.62,63.80,17030000,,
2023-05-02,62.58,62.65,60.50,61.23,28357000,,
2023-05-03,61.69,62.20,61.24,61.32,19816000,,
2023-05-04,61.00,61.40,60.13,61.02,17684000,,
2023-05-05,61.59,63.15,61.34,63.01,24876000,,
2023-05-08,62.98,63.07,62.06,62.91,13934000,,
2023-05-09,62.27,62.41,61.59,61.85,16990000,,
2023-05-10,62.21,62.80,61.83,62.63,19174000,,
2023-05-11,62.66,62.85,61.80,62.77,14430000,,
2023-05-12,62.84,63.27,62.42,63.12,11942000,,
2023-05-15,63.19,64.00,62.85,63.98,14614000,,
2023-05-16,64.05,64.69,63.87,64.14,14967000,,
2023-05-17,64.73,66.09,64.46,65.75,24133000,,
2023-05-18,65.60,67.94,65.60,67.79,26389000,,
2023-05-19,68.00,68.50,67.84,68.22,22968000,,
2023-05-22,68.14,68.47,67.41,67.84,17796000,,
2023-05-23,69.06,69.90,68.20,68.65,36088000,,
2023-05-24,68.14,68.43,67.61,67.95,23021000,,
2023-05-25,69.94,73.24,69.08,72.88,49263000,,
2023-05-26,74.74,81.50,74.70,81.27,82500000,,
2023-05-30,83.51,92.18,79.88,80.33,116912000,,
2023-05-31,79.49,82.17,79.01,80.80,89998000,,
2023-06-01,80.06,80.58,78.52,79.00,80792000,,
2023-06-02,79.06,82.38,78.72,81.20,62815000,,
2023-06-05,80.92,80.92,79.45,80.23,26222000,,
2023-06-06,80.20,80.20,77.64,79.00,37823000,,
2023-06-07,78.98,80.55,78.75,79.26,28957000,,
2023-06-08,79.49,80.50,78.88,80.42,21909000,,
2023-06-09,80.58,81.78,80.39,80.46,19241000,,
2023-06-12,81.11,85.80,81.11,85.54,51065000,,
2023-06-13,86.11,86.33,84.10,85.11,38990000,,
2023-06-14,85.59,88.85,84.72,88.62,43524000,,
2023-06-15,88.44,88.80,87.10,88.34,33814000,,
2023-06-16,88.93,89.00,86.55,86.81,68299000,,
2023-06-20,86.27,87.71,86.10,86.80,27535000,,
2023-06-21,86.00,86.60,84.46,84.77,23229000,0.46,
2023-06-22,84.51,84.89,83.53,84.24,23464000,,
2023-06-23,83.40,83.60,81.89,82.22,37413000,,
2023-06-26,82.50,83.70,82.02,82.16,21372000,,
2023-06-27,82.87,85.00,82.10,84.84,24923000,,
2023-06-28,83.87,85.85,83.71,84.79,19445000,,
2023-06-29,85.44,86.28,84.64,86.26,23386000,,
2023-06-30,86.85,87.46,86.43,86.74,23145000,,
2023-07-03,86.86,87.67,86.49,87.64,9038000,,
2023-07-05,86.74,87.69,86.17,86.19,14440000,,
2023-07-06,84.50,85.39,84.43,84.80,23939000,,
2023-07-07,85.04,85.80,84.47,84.67,19409000,,
2023-07-10,84.83,87.92,84.83,87.77,30622000,,
2023-07-11,88.11,88.30,86.46,88.20,25498000,,
2023-07-12,88.90,89.76,88.20,89.00,28197000,,
2023-07-13,89.89,89.89,87.83,89.04,25912000,,
2023-07-14,88.62,90.33,88.62,88.86,18510000,,
2023-07-17,89.10,91.32,88.98,91.03,26819000,,
2023-07-18,90.60,90.99,89.83,90.34,24513000,,
2023-07-19,89.73,90.60,88.56,90.14,24118000,,
2023-07-20,89.25,90.70,88.60,88.83,28268000,,
2023-07-21,90.45,91.11,89.38,89.67,74287000,,
2023-07-24,90.08,90.54,89.42,90.16,19992000,,
2023-07-25,90.06,92.32,90.06,91.80,20042000,,
2023-07-26,90.90,91.06,88.77,89.31,19877000,,
2023-07-27,90.85,90.98,88.60,89.35,21922000,,
2023-07-28,89.93,90.36,89.39,89.98,18791000,,
2023-07-31,89.75,90.10,89.10,89.86,14952000,,
2023-08-01,89.90,92.06,89.77,92.00,19683000,,
2023-08-02,91.23,91.30,89.03,89.23,26877000,,
2023-08-03,88.66,89.53,88.11,88.50,18281000,,
2023-08-04,88.50,89.36,87.34,88.17,21156000,,
2023-08-07,88.77,89.74,88.53,89.71,11146000,,
2023-08-08,89.01,89.06,87.34,88.32,14081000,,
2023-08-09,88.27,88.35,84.87,85.07,24672000,,
2023-08-10,85.31,86.15,83.71,84.29,20186000,,
2023-08-11,83.40,83.64,82.35,82.98,20331000,,
2023-08-14,83.11,85.42,82.74,85.41,17688000,,
2023-08-15,84.92,85.46,83.65,84.25,14035000,,
2023-08-16,84.78,85.45,83.20,83.30,16003000,,
2023-08-17,83.65,83.94,82.70,82.71,19228000,,
2023-08-18,82.00,82.82,81.20,82.58,17759000,,
2023-08-21,83.41,86.73,83.18,86.51,30012000,,
2023-08-22,87.34,87.47,85.09,85.58,17079000,,
2023-08-23,85.08,87.82,85.00,87.66,19692000,,
2023-08-24,90.23,90.99,85.25,85.45,30934000,,
2023-08-25,85.70,86.94,83.77,85.18,24181000,,
2023-08-28,85.64,86.41,84.71,86.11,14306000,,
2023-08-29,85.84,89.28,85.64,88.99,27822000,,
2023-08-30,89.24,89.87,87.91,89.23,23234000,,
2023-08-31,89.80,92.37,89.38,92.29,55203000,,
2023-09-01,90.19,90.19,86.47,87.25,65017000,,
2023-09-05,86.95,88.30,86.70,87.22,24808000,,
2023-09-06,87.25,87.74,86.67,87.23,20142000,,
2023-09-07,85.95,86.17,84.05,85.70,27789000,,
2023-09-08,85.50,86.08,85.01,85.75,16810000,,
2023-09-11,86.88,86.90,84.56,85.91,15710000,,
2023-09-12,85.02,85.83,84.17,84.45,16680000,,
2023-09-13,84.72,85.91,84.42,85.29,17413000,,
2023-09-14,85.90,87.67,85.50,87.16,19648000,,
2023-09-15,86.82,86.82,84.29,85.17,50190000,,
2023-09-18,84.26,85.63,84.00,85.00,16541000,,
2023-09-19,84.60,85.10,83.85,84.92,13126000,,
2023-09-20,85.00,85.00,83.03,83.06,13681000,0.46,
2023-09-21,79.51,82.25,79.51,80.84,53654000,,
2023-09-22,81.12,83.06,81.04,82.91,27764000,,
2023-09-25,82.80,83.86,82.30,83.39,15648000,,
2023-09-26,82.92,83.03,81.12,81.62,17641000,,
2023-09-27,81.93,82.37,80.44,81.68,15352000,,
2023-09-28,82.02,83.89,81.47,83.20,16180000,,
2023-09-29,83.64,84.40,82.29,83.06,16481000,,
2023-10-02,82.91,83.86,82.35,83.50,14676000,,
2023-10-03,82.70,83.58,80.89,81.48,18761000,,
2023-10-04,82.03,83.06,81.63,82.38,16417000,,
2023-10-05,82.01,82.86,81.55,82.39,11474000,,
2023-10-06,81.94,84.84,81.17,84.53,21103000,,
2023-10-09,84.05,85.66,83.78,85.59,15760000,,
2023-10-10,85.72,87.25,85.57,85.84,14718000,,
2023-10-11,85.97,87.53,85.66,87.46,14334000,,
2023-10-12,87.64,91.79,87.64,90.56,43871000,,
2023-10-13,90.90,92.59,88.21,88.32,28312000,,
2023-10-16,89.10,91.58,89.10,90.26,21150000,,
2023-10-17,88.52,89.30,86.60,88.44,33008000,,
2023-10-18,88.00,89.56,87.52,88.70,20404000,,
2023-10-19,88.70,88.95,86.57,86.78,26620000,,
2023-10-20,87.49,87.49,85.18,85.36,26953000,,
2023-10-23,85.80,87.36,84.28,86.22,16456000,,
2023-10-24,86.40,88.30,86.31,88.11,14972000,,
2023-10-25,87.71,87.87,84.61,84.96,21432000,,
2023-10-26,84.79,85.44,81.83,82.67,27917000,,
2023-10-27,83.00,84.02,82.85,83.84,18236000,,
2023-10-30,84.11,84.94,82.72,84.12,20889000,,
2023-10-31,84.39,84.55,83.26,84.14,14747000,,
2023-11-01,84.20,85.38,83.56,85.29,18684000,,
2023-11-02,86.20,88.05,86.00,87.13,18759000,,
2023-11-03,87.75,88.75,87.11,88.27,18041000,,
2023-11-06,88.16,88.59,87.12,88.08,12870000,,
2023-11-07,88.23,90.18,87.62,89.78,19365000,,
2023-11-08,90.00,91.29,89.90,91.11,15280000,,
2023-11-09,91.25,92.98,90.86,91.14,24486000,,
2023-11-10,92.17,95.89,91.82,95.75,36272000,,
2023-11-13,95.00,95.24,94.05,94.69,16893000,,
2023-11-14,96.23,97.68,95.53,97.30,23886000,,
2023-11-15,97.95,98.17,96.69,97.54,16099000,,
2023-11-16,96.40,96.87,95.05,95.95,26198000,,
2023-11-17,95.82,98.39,95.10,97.77,19789000,,
2023-11-20,97.30,99.99,97.30,99.57,18674000,,
2023-11-21,97.50,99.10,97.16,98.12,43344000,,
2023-11-22,98.37,98.80,97.10,97.20,33743000,,
2023-11-24,97.50,97.99,96.67,97.89,23158000,,
2023-11-27,97.61,98.10,94.93,95.02,96962000,,
2023-11-28,93.99,95.09,93.42,94.64,39025000,,
2023-11-29,94.83,95.94,93.94,94.08,34843000,,
2023-11-30,94.10,94.24,91.84,92.57,49571000,,
2023-12-01,92.25,93.39,90.80,93.00,29612000,,
2023-12-04,92.06,93.10,91.64,92.40,25009000,,
2023-12-05,91.16,91.73,90.58,91.31,37066000,,
2023-12-06,92.04,92.10,90.31,90.36,24813000,,
2023-12-07,90.55,92.41,90.36,92.23,43517000,,
2023-12-08,92.78,95.07,91.05,94.43,69668000,,
2023-12-11,95.70,103.95,95.61,102.92,101184000,,
2023-12-12,102.80,107.94,102.46,107.23,90242000,,
2023-12-13,106.80,109.98,106.25,108.97,71654000,,
2023-12-14,109.22,112.15,109.03,110.65,66964000,,
2023-12-15,109.52,114.99,109.46,112.97,118544000,,
2023-12-18,112.08,115.18,111.86,114.70,54741000,,
2023-12-19,114.20,115.05,113.25,113.96,36020000,0.525,
2023-12-20,113.27,114.14,110.93,111.04,34523000,,
2023-12-21,113.27,113.54,111.50,112.73,24106000,,
2023-12-22,112.80,113.20,111.35,112.20,19089000,,
2023-12-26,112.42,113.55,112.30,113.19,16793000,,
2023-12-27,113.60,113.96,112.30,112.62,20055000,,
2023-12-28,113.17,113.22,111.91,112.24,21247000,,
2023-12-29,112.15,112.44,111.47,111.62,20558000,,
2024-01-02,109.21,110.20,107.71,108.54,28831000,,
2024-01-03,107.02,107.50,105.53,105.86,34735000,,
2024-01-04,105.80,106.95,104.74,104.90,25658000,,
2024-01-05,105.16,105.55,104.15,104.93,22475000,,
2024-01-08,105.65,107.80,105.20,107.48,33110000,,
2024-01-09,106.56,108.86,106.47,108.25,23225000,,
2024-01-10,108.03,108.30,106.26,108.06,17643000,,
2024-01-11,108.43,110.13,107.45,110.00,25757000,,
2024-01-12,111.21,111.57,110.00,110.77,26882000,,
2024-01-16,111.23,112.62,109.86,111.50,26145000,,
2024-01-17,110.63,111.31,109.02,110.37,18314000,,
2024-01-18,112.49,114.66,112.19,114.39,32228000,,
2024-01-19,115.73,121.70,115.60,121.12,53077000,,
2024-01-22,121.62,123.13,120.82,122.05,31222000,,
2024-01-23,122.10,122.70,120.35,122.63,16952000,,
2024-01-24,124.23,128.46,123.10,125.39,34805000,,
2024-01-25,128.10,128.10,122.88,123.00,36356000,,
2024-01-26,121.97,122.12,120.02,120.49,25818000,,
2024-01-29,121.49,122.37,120.50,121.78,21526000,,
2024-01-30,121.68,122.80,120.43,120.82,20683000,,
2024-01-31,118.94,119.72,117.43,118.00,27400000,,
2024-02-01,118.73,120.31,117.91,120.00,19411000,,
2024-02-02,120.88,123.47,120.52,122.43,26689000,,
2024-02-05,122.70,124.78,122.22,124.31,22045000,,
2024-02-06,126.36,127.21,121.19,122.27,25354000,,
2024-02-07,123.40,125.95,122.67,125.71,25768000,,
2024-02-08,126.70,129.60,126.50,127.48,29326000,,
2024-02-09,125.20,128.57,124.90,128.34,26293000,,
2024-02-12,129.00,129.01,125.90,126.50,24778000,,
2024-02-13,123.51,125.59,122.71,125.17,31907000,,
2024-02-14,126.92,127.30,124.13,126.22,27306000,,
2024-02-15,128.00,128.00,124.48,126.51,21873000,,
2024-02-16,125.90,127.57,124.24,124.55,21268000,,
2024-02-20,123.59,123.77,121.26,122.66,26329000,,
2024-02-21,121.80,122.81,120.26,122.75,20579000,,
2024-02-22,128.17,131.10,127.65,130.49,40819000,,
2024-02-23,130.84,131.96,128.88,129.64,23115000,,
2024-02-26,131.00,131.88,130.15,130.91,16282000,,
2024-02-27,130.91,131.19,129.22,129.62,12126000,,
2024-02-28,129.30,129.85,128.30,128.94,10967000,,
2024-02-29,130.33,130.84,128.73,130.05,27536000,,
2024-03-01,132.59,140.78,132.00,139.92,44488000,,
2024-03-04,140.31,143.82,138.52,140.23,34854000,,
2024-03-05,139.50,139.50,133.24,134.28,36040000,,
2024-03-06,139.16,139.48,134.71,135.00,43196000,,
2024-03-07,138.20,141.43,137.29,140.70,62832000,,
2024-03-08,139.43,141.30,130.16,130.87,74025000,,
2024-03-11,127.79,129.90,125.26,129.31,31105000,,
2024-03-12,130.70,130.78,125.93,129.19,42789000,,
2024-03-13,128.29,128.29,125.24,125.79,37838000,,
2024-03-14,126.25,127.31,124.77,126.23,38029000,,
2024-03-15,125.35,126.74,123.01,123.55,88823000,,
2024-03-18,125.40,126.29,123.17,123.72,25737000,,
2024-03-19,121.69,124.03,120.40,123.80,24491000,,
2024-03-20,123.90,128.80,122.66,127.60,40946000,0.525,
2024-03-21,132.83,140.36,131.60,134.80,72468000,,
2024-03-22,135.00,137.62,134.62,135.35,38624000,,
2024-03-25,134.50,135.84,133.75,135.16,21237000,,
2024-03-26,136.47,137.99,133.05,133.15,23522000,,
2024-03-27,135.00,135.00,129.60,131.87,25583000,,
2024-03-28,131.79,133.01,131.15,132.54,19856000,,
2024-04-01,132.57,136.30,132.54,135.03,17252000,,
2024-04-02,131.58,134.24,130.34,133.88,24694000,,
2024-04-03,132.80,137.68,132.53,136.32,28650000,,
2024-04-04,138.53,140.40,131.50,131.75,27014000,,
2024-04-05,132.60,136.12,131.42,133.94,19438000,,
2024-04-08,133.37,134.25,131.57,133.61,17139000,,
2024-04-09,135.74,135.95,130.86,133.41,17986000,,
2024-04-10,132.30,133.57,131.55,132.24,17467000,,
2024-04-11,133.27,139.19,132.37,138.25,31713000,,
2024-04-12,135.20,136.65,133.66,134.41,27823000,,
2024-04-15,137.00,137.00,130.60,131.07,24370000,,
2024-04-16,131.54,133.63,131.10,132.91,18923000,,
2024-04-17,134.31,134.70,128.14,128.26,24718000,,
2024-04-18,128.80,129.26,125.55,125.90,24888000,,
2024-04-19,125.90,126.00,119.76,120.47,44797000,,
2024-04-22,122.45,123.32,120.05,122.45,25162000,,
2024-04-23,122.82,125.79,122.80,124.92,22025000,,
2024-04-24,126.39,128.56,124.50,125.68,20108000,,
2024-04-25,127.25,130.80,125.70,129.44,30410000,,
2024-04-26,131.00,135.58,130.31,134.41,24100000,,
2024-04-29,134.41,135.30,132.57,133.86,13372000,,
2024-04-30,132.89,134.84,129.91,130.03,22113000,,
2024-05-01,127.83,129.24,124.14,124.29,30958000,,
2024-05-02,125.63,126.44,122.33,123.86,29480000,,
2024-05-03,125.90,128.39,124.71,127.81,24898000,,
2024-05-06,128.62,131.08,127.51,131.03,16287000,,
2024-05-07,131.64,131.90,129.68,130.31,12413000,,
2024-05-08,129.35,133.79,128.85,132.54,13918000,,
2024-05-09,131.78,132.16,130.20,130.57,12170000,,
2024-05-10,131.53,134.40,131.53,133.28,16300000,,
2024-05-13,134.80,135.84,133.01,133.75,18507000,,
2024-05-14,133.23,138.20,132.58,138.00,19420000,,
2024-05-15,138.00,143.90,137.00,143.62,32757000,,
2024-05-16,142.60,144.54,140.51,141.21,28395000,,
2024-05-17,141.24,141.95,138.18,139.53,18174000,,
2024-05-20,139.60,141.69,139.32,141.40,27170000,,
2024-05-21,139.87,140.94,139.35,139.92,15333000,,
2024-05-22,139.60,140.50,138.42,139.22,21002000,,
2024-05-23,142.84,142.90,137.80,139.33,31039000,,
2024-05-24,139.98,141.36,139.20,140.78,16730000,,
2024-05-28,141.00,141.72,139.25,141.25,22919000,,
2024-05-29,139.91,139.91,138.30,139.07,26861000,,
2024-05-30,137.90,138.28,135.56,136.41,21717000,,
2024-05-31,136.14,136.25,130.73,132.85,73091000,,
2024-06-03,135.27,135.30,130.25,132.19,26278000,,
2024-06-04,132.04,133.20,130.70,133.08,23048000,,
2024-06-05,134.60,141.44,134.05,141.31,32947000,,
2024-06-06,142.19,142.27,138.82,140.13,20172000,,
2024-06-07,140.78,142.50,139.70,140.66,17859000,,
2024-06-10,140.98,144.91,140.91,144.05,31042000,,
2024-06-11,143.82,146.50,141.62,146.10,34844000,,
2024-06-12,150.00,150.58,147.64,149.55,56697000,,
2024-06-13,171.00,173.59,165.25,167.90,89061000,,
2024-06-14,168.69,174.72,168.21,173.50,69705000,,
2024-06-17,180.00,184.30,177.86,182.89,87528000,,
2024-06-18,183.96,185.16,178.50,180.25,86797000,,
2024-06-20,180.35,180.47,172.22,173.46,68157000,,
2024-06-21,169.57,171.40,165.14,165.86,99289000,,
2024-06-24,164.21,166.10,159.07,159.22,58575000,0.525,
2024-06-25,160.01,160.60,156.40,158.08,53329000,,
2024-06-26,159.76,161.82,157.36,159.20,46479000,,
2024-06-27,159.20,160.56,157.10,158.67,31649000,,
2024-06-28,159.59,163.92,158.60,160.55,69377000,,
2024-07-01,160.82,164.88,159.35,164.08,47623000,,
2024-07-02,164.08,165.92,162.20,165.75,32539000,,
2024-07-03,167.00,172.92,166.45,172.92,39954000,,
2024-07-05,175.56,176.55,169.60,170.33,45240000,,
2024-07-08,170.50,175.69,170.50,174.59,36398000,,
2024-07-09,175.66,177.10,170.56,173.33,37802000,,
2024-07-10,174.60,176.65,172.64,174.47,41074000,,
2024-07-11,176.47,176.49,166.85,170.59,51026000,,
2024-07-12,171.10,172.59,169.13,170.07,30453000,,
2024-07-15,170.00,173.51,169.26,171.42,22999200,,10
2024-07-16,172.40,172.81,166.40,169.38,22244900,,
2024-07-17,162.31,162.84,155.61,155.98,43343400,,
2024-07-18,158.89,161.51,153.90,160.52,37973500,,
2024-07-19,161.84,163.95,157.12,157.35,26309500,,
2024-07-22,160.23,162.99,157.90,161.06,28813300,,
2024-07-23,160.40,165.33,159.90,163.77,21570200,,
2024-07-24,160.35,161.41,151.10,151.34,37162600,,
2024-07-25,151.26,153.55,145.52,149.26,30872100,,
2024-07-26,153.50,153.58,149.92,151.63,20839900,,
2024-07-29,152.02,155.00,149.15,150.22,16625800,,
2024-07-30,153.28,153.47,143.35,143.52,31102300,,
2024-07-31,151.47,161.33,151.00,160.68,45827500,,
2024-08-01,157.50,158.91,146.17,147.02,40320000,,
2024-08-02,141.93,145.35,139.60,143.82,33745800,,
2024-08-05,129.61,145.42,128.50,142.08,41309300,,
2024-08-06,141.73,148.91,140.25,143.92,24751300,,
2024-08-07,148.25,150.10,135.83,136.27,29749800,,
2024-08-08,141.20,146.27,138.40,145.74,27583200,,
2024-08-09,144.20,149.55,144.11,148.26,18438700,,
2024-08-12,148.08,151.13,146.37,148.62,17778500,,
2024-08-13,151.55,156.38,149.81,156.16,22053600,,
2024-08-14,158.02,160.25,154.72,157.69,20184200,,
2024-08-15,161.20,166.67,160.34,166.13,27945000,,
2024-08-16,164.47,166.09,162.68,165.72,19296900,,
2024-08-19,164.86,167.83,160.42,167.71,20441700,,
2024-08-20,167.05,168.37,164.15,165.95,19417500,,
2024-08-21,165.12,166.47,162.88,165.78,16097700,,
2024-08-22,170.84,172.42,161.49,162.34,30044500,,
2024-08-23,165.03,168.28,163.46,166.36,18848000,,
2024-08-26,164.96,165.70,158.66,159.62,18521200,,
2024-08-27,157.60,162.03,155.83,161.39,16683100,,
2024-08-28,160.08,162.28,156.25,158.18,18063600,,
2024-08-29,158.49,163.20,155.41,156.93,23519300,,
2024-08-30,161.12,163.24,158.71,162.82,25158500,,
2024-09-03,160.38,160.74,151.38,152.79,37179100,,
2024-09-04,150.30,157.79,149.15,154.12,20324100,,
2024-09-05,150.57,156.36,150.11,152.82,31548500,,
2024-09-06,143.25,143.50,136.60,137.00,76634600,,
2024-09-09,139.11,141.59,134.90,140.82,39516700,,
2024-09-10,141.22,149.86,141.04,148.21,36067500,,
2024-09-11,148.39,158.87,145.04,158.27,39700800,,
2024-09-12,158.10,166.32,156.83,164.56,43530700,,
2024-09-13,166.74,168.08,164.04,167.69,29850000,,
2024-09-16,165.19,165.50,160.41,164.02,26126900,,
2024-09-17,165.49,166.02,160.70,162.47,19844300,,
2024-09-18,163.77,167.47,161.36,161.67,26557600,,
2024-09-19,167.68,170.00,165.66,167.42,32453100,0.53,
2024-09-20,167.18,172.02,166.47,171.10,91758500,,
2024-09-23,172.00,173.32,168.35,172.94,29431100,,
2024-09-24,172.81,175.99,171.68,174.84,34223400,,
2024-09-25,174.65,177.14,173.76,175.52,16613800,,
2024-09-26,178.50,180.25,175.00,178.09,24340000,,
2024-09-27,178.17,178.47,171.76,172.69,20580900,,
2024-09-30,171.87,172.92,169.63,172.50,16902000,,
2024-10-01,172.16,172.25,165.80,167.47,23770400,,
2024-10-02,167.55,172.84,167.02,170.66,14317800,,
2024-10-03,169.62,174.94,169.19,171.89,13072300,,
2024-10-04,176.30,176.90,172.60,176.64,17921400,,
2024-10-07,174.82,178.31,173.86,175.08,15588300,,
2024-10-08,175.42,181.60,174.89,180.73,20774200,,
2024-10-09,179.24,186.42,176.42,185.95,25504100,,
2024-10-10,183.56,186.31,182.53,185.69,16318000,,
2024-10-11,181.14,182.59,177.40,181.48,23070000,,
2024-10-14,183.30,184.95,180.13,182.31,17195800,,
2024-10-15,180.79,181.70,173.37,175.98,27657500,,
2024-10-16,178.51,179.25,175.33,176.82,15285100,,
2024-10-17,181.37,185.51,180.69,181.53,25232400,,
2024-10-18,182.32,182.71,178.68,179.89,17835200,,
2024-10-21,179.38,181.72,178.25,179.99,13695100,,
2024-10-22,178.66,180.69,177.41,179.38,12062600,,
2024-10-23,177.59,178.98,172.57,173.51,19513700,,
2024-10-24,174.26,174.30,169.50,171.35,20485200,,
2024-10-25,174.19,176.80,172.72,173.00,19977700,,
2024-10-28,173.00,173.97,171.35,172.02,13195800,,
2024-10-29,172.44,180.23,171.21,179.24,23702300,,
2024-10-30,177.47,179.19,175.62,176.64,17911500,,
2024-10-31,174.45,174.45,167.38,169.77,26086600,,
2024-11-01,168.26,171.33,167.50,168.92,17847000,,
2024-11-04,169.28,172.45,168.42,168.55,13621300,,
2024-11-05,170.05,174.40,170.05,173.90,13441800,,
2024-11-06,179.63,180.21,175.96,179.55,24300800,,
2024-11-07,181.99,184.87,181.79,183.81,18970600,,
2024-11-08,182.99,185.05,181.83,183.64,13503200,,
2024-11-11,183.40,183.63,176.82,178.91,17036700,,
2024-11-12,178.90,179.56,173.20,176.22,15862000,,
2024-11-13,174.71,175.59,172.60,173.58,17472500,,
2024-11-14,174.77,175.57,169.87,170.38,20638900,,
2024-11-15,168.47,169.14,163.43,164.84,20836200,,
2024-11-18,165.66,166.35,162.22,165.67,17856900,,
2024-11-19,166.66,166.80,164.31,165.35,18003400,,
2024-11-20,165.54,165.54,160.86,163.25,17196700,,
2024-11-21,166.25,166.34,160.60,163.94,24835300,,
2024-11-22,164.30,164.91,162.40,164.23,17332500,,
2024-11-25,165.40,167.23,162.89,164.82,26850600,,
2024-11-26,164.60,166.37,162.69,164.74,16308800,,
2024-11-27,163.20,163.20,157.54,159.67,19722700,,
2024-11-29,159.57,162.69,159.08,162.08,11024000,,
2024-12-02,162.95,168.38,162.75,166.51,21472400,,
2024-12-03,164.48,168.27,164.03,168.15,17024400,,
2024-12-04,173.44,175.39,168.56,170.56,32748200,,
2024-12-05,170.75,172.40,169.20,170.47,18490000,,
2024-12-06,170.10,180.68,169.33,179.53,27830800,,
2024-12-09,178.95,180.79,176.02,178.94,20886300,,
2024-12-10,177.81,178.50,169.73,171.81,27762600,,
2024-12-11,180.01,184.87,176.43,183.20,41295200,,
2024-12-12,180.93,182.00,175.99,180.66,46967200,,
2024-12-13,213.90,228.70,211.11,224.80,121336600,,
2024-12-16,231.79,251.88,230.81,250.00,111623200,,
2024-12-17,240.65,242.47,233.80,240.23,70382100,,
2024-12-18,239.41,239.85,219.22,223.62,53960100,,
2024-12-19,227.91,228.05,217.58,218.32,40845200,,
2024-12-20,220.36,230.29,218.91,220.79,131910400,,
2024-12-23,226.69,233.40,225.13,232.35,40643800,0.59,
2024-12-24,240.12,240.23,234.80,239.68,22827200,,
2024-12-26,240.00,247.28,237.60,245.36,28459000,,
2024-12-27,245.64,245.78,236.35,241.75,29282200,,
2024-12-30,234.70,238.77,231.62,235.58,27316800,,
2024-12-31,235.88,237.46,231.31,231.84,17927700,,
2025-01-02,236.16,239.50,230.24,231.98,31525800,,
2025-01-03,233.59,236.49,229.00,232.55,24973200,,
2025-01-06,236.50,241.75,233.30,236.41,34028400,,
2025-01-07,239.50,239.50,227.60,228.64,25928600,,
2025-01-08,229.70,232.47,226.06,229.31,18756500,,
2025-01-10,227.30,227.83,221.25,224.31,23864000,,
2025-01-13,219.99,229.26,219.51,225.29,23772100,,
2025-01-14,226.57,230.26,223.10,224.70,18143100,,
2025-01-15,228.55,230.34,225.58,228.00,21745600,,
2025-01-16,235.22,238.60,229.21,229.41,23471900,,
2025-01-17,237.08,238.10,232.66,237.44,31196600,,
2025-01-21,241.50,242.75,237.40,240.31,30903200,,
2025-01-22,246.75,246.99,240.69,240.91,29610500,,
2025-01-23,238.41,240.40,236.12,240.28,17653900,,
2025-01-24,244.70,249.59,241.91,244.70,25387800,,
2025-01-27,213.40,218.43,196.23,202.13,90569400,,
2025-01-28,208.01,209.95,198.89,207.36,50316000,,
2025-01-29,208.84,211.45,202.77,206.35,32533700,,
2025-01-30,218.57,221.96,213.70,215.66,42449500,,
2025-01-31,219.66,226.80,216.30,221.27,41104700,,
2025-02-03,215.46,220.94,213.51,217.73,24507300,,
2025-02-04,219.35,223.03,215.30,222.43,23768500,,
2025-02-05,233.94,237.93,227.50,232.00,29196000,,
2025-02-06,234.50,234.80,228.56,231.36,21169500,,
2025-02-07,235.00,235.65,224.11,224.87,22117500,,
2025-02-10,227.43,235.82,227.12,235.04,23901600,,
2025-02-11,232.48,237.89,229.97,235.04,18476200,,
2025-02-12,230.36,236.48,230.00,236.35,16397300,,
2025-02-13,236.06,236.95,230.73,235.80,20962000,,
2025-02-14,234.53,235.74,228.90,233.04,16988800,,
2025-02-18,230.10,232.20,224.30,228.53,26080500,,
2025-02-19,227.85,229.07,224.40,228.73,16375500,,
2025-02-20,228.65,228.98,222.75,226.74,16104000,,
2025-02-21,225.65,227.75,215.63,218.66,24883600,,
2025-02-24,218.60,219.48,207.54,207.93,33050400,,
2025-02-25,207.00,208.64,200.92,202.54,33100800,,
2025-02-26,206.91,213.54,206.00,212.94,21368300,,
2025-02-27,217.28,219.25,197.40,197.80,27572900,,
2025-02-28,195.76,201.19,193.15,199.43,39747200,,
2025-03-03,204.00,204.06,184.53,187.37,37435600,,
2025-03-04,189.22,193.95,180.48,187.48,37910500,,
2025-03-05,191.86,194.08,187.10,191.58,25644500,,
2025-03-06,181.04,186.83,177.61,179.45,56864100,,
2025-03-07,187.73,195.48,181.56,194.96,74528900,,
2025-03-10,189.60,191.98,180.43,184.45,44217100,,
2025-03-11,188.05,195.62,185.35,190.09,42153200,,
2025-03-12,196.22,199.98,192.45,194.23,30409700,,
2025-03-13,193.15,196.32,189.47,191.36,27236100,,
2025-03-14,196.20,197.50,193.20,195.54,25900900,,
2025-03-17,188.05,196.72,187.50,194.50,26830600,,
2025-03-18,190.44,192.89,186.90,188.67,24951000,,
2025-03-19,189.34,198.27,186.90,195.57,37962700,,
2025-03-20,191.52,193.84,188.94,190.54,31430000,0.59,
2025-03-21,188.21,192.07,187.37,191.66,43086500,,
2025-03-24,194.30,196.69,190.67,191.25,33180300,,
2025-03-25,190.89,191.60,187.68,188.26,23417300,,
2025-03-26,186.66,188.06,177.58,179.27,30578500,,
2025-03-27,177.66,178.38,170.46,171.99,32151700,,
2025-03-28,171.93,173.30,166.47,169.12,30391500,,
2025-03-31,164.49,167.94,160.62,167.43,35656400,,
2025-04-01,166.37,168.71,163.42,168.52,20472400,,
2025-04-02,166.08,173.43,165.50,172.09,19523700,,
2025-04-03,160.54,163.43,153.70,154.01,44354900,,
2025-04-04,148.17,152.80,139.17,146.29,72302200,,
2025-04-07,144.49,160.43,138.10,154.14,68503500,,
2025-04-08,167.62,169.78,153.09,156.03,58888200,,
2025-04-09,160.50,187.33,157.51,185.15,72708300,,
2025-04-10,175.30,176.95,166.40,172.30,51212200,,
2025-04-11,173.62,182.66,173.31,181.94,33964100,,
2025-04-14,185.08,186.00,175.82,178.36,25748300,,
2025-04-15,179.73,182.26,178.08,178.95,17242400,,
2025-04-16,170.43,176.08,166.92,174.61,34638600,,
2025-04-17,176.25,176.25,169.92,170.99,22501800,,
2025-04-21,166.99,168.00,161.61,166.21,23469800,,
2025-04-22,167.43,170.52,165.22,169.58,18504900,,
2025-04-23,177.78,180.45,175.82,176.91,24380500,,
2025-04-24,179.69,188.57,178.30,188.15,27576900,,
2025-04-25,186.92,193.37,186.89,192.31,21242300,,
2025-04-28,190.53,193.10,187.68,192.47,16385800,,
2025-04-29,191.72,193.25,190.10,191.17,14630000,,
2025-04-30,185.90,193.20,184.02,192.47,22768900,,
2025-05-01,198.14,201.40,196.24,197.33,24939700,,
2025-05-02,203.90,205.68,201.08,203.64,17766800,,
2025-05-05,200.25,203.23,200.00,200.72,14025400,,
2025-05-06,196.44,201.91,195.94,200.09,16348800,,
2025-05-07,199.29,206.23,198.43,204.81,20253700,,
2025-05-08,208.00,211.16,203.69,207.77,18460900,,
2025-05-09,209.33,209.96,206.52,208.20,13289200,,
2025-05-12,219.49,221.80,215.88,221.58,25437700,,
2025-05-13,222.00,235.28,222.00,232.42,28790500,,
2025-05-14,230.23,233.50,228.35,232.12,19751400,,
2025-05-15,230.16,234.46,228.07,232.64,18803700,,
2025-05-16,232.32,232.64,226.39,228.61,23094600,,
2025-05-19,221.85,231.25,221.60,230.63,15355500,,
2025-05-20,226.49,231.77,226.34,231.68,11787200,,
2025-05-21,228.39,236.50,227.83,229.73,17642900,,
2025-05-22,228.34,233.69,227.43,230.53,14340200,,
2025-05-23,226.94,230.65,226.18,228.72,15385600,,
2025-05-27,232.87,236.48,231.13,235.65,17941700,,
2025-05-28,237.15,240.99,234.43,239.43,20443000,,
2025-05-29,245.91,246.07,237.40,241.97,20743700,,
2025-05-30,241.22,243.17,234.90,242.07,27088600,,
2025-06-02,243.25,250.00,243.19,248.71,19197000,,
2025-06-03,250.08,257.88,249.40,256.85,30380200,,
2025-06-04,258.06,265.43,257.59,261.08,31536000,,
2025-06-05,262.95,264.89,259.06,259.93,41970900,,
2025-06-06,251.14,255.32,246.13,246.93,41146700,,
2025-06-09,245.05,248.17,241.11,244.28,25334100,,
2025-06-10,244.22,246.28,241.40,244.63,25491300,,
2025-06-11,246.36,254.77,243.80,252.91,24599000,,
2025-06-12,250.19,257.89,249.50,256.07,20410900,,
2025-06-13,250.66,254.00,248.35,248.70,19028400,,
2025-06-16,250.35,255.19,249.57,252.10,20363000,,
2025-06-17,250.95,253.96,247.92,249.37,22014300,,
2025-06-18,250.89,255.64,249.41,251.26,30435500,,
2025-06-20,253.21,253.52,244.17,249.99,42134900,0.59,
2025-06-23,249.11,254.21,246.46,253.77,19747000,,
2025-06-24,258.77,265.87,258.77,263.77,32764900,,
2025-06-25,266.00,269.87,263.43,264.65,18894200,,
2025-06-26,265.08,271.67,264.13,270.17,23569600,,
2025-06-27,270.30,271.85,266.88,269.35,27477600,,
2025-06-30,274.73,277.71,272.13,275.65,24708400,,
2025-07-01,274.40,274.50,262.66,264.74,28847600,,
2025-07-02,263.99,272.00,262.73,269.90,17582100,,
2025-07-03,270.73,275.80,270.12,275.18,10592700,,
2025-07-07,275.13,277.56,272.66,274.18,16760600,,
2025-07-08,276.35,276.35,271.15,271.80,14869400,,
2025-07-09,272.96,279.45,272.72,277.90,20133000,,
2025-07-10,279.79,281.18,272.70,275.40,17891600,,
2025-07-11,274.14,276.47,271.89,274.38,14274700,,
2025-07-14,274.13,278.36,269.58,275.60,11934200,,
2025-07-15,279.81,283.36,277.85,280.94,17918400,,
2025-07-16,280.11,281.51,275.67,280.81,15031000,,
2025-07-17,281.14,288.28,279.91,286.45,17231100,,
2025-07-18,287.11,287.53,281.00,283.34,15012400,,
2025-07-21,283.96,290.54,283.63,288.21,17726800,,
2025-07-22,287.65,288.00,276.43,278.59,16564800,,
2025-07-23,276.78,284.00,273.00,283.69,20556200,,
2025-07-24,289.79,291.20,283.50,288.71,16413800,,
2025-07-25,288.07,292.59,287.27,290.18,12476200,,
2025-07-28,292.46,295.45,290.59,294.30,13683400,,
2025-07-29,297.50,302.19,294.87,297.42,19210800,,
2025-07-30,297.15,303.26,295.80,302.62,16738900,,
2025-07-31,302.80,306.95,290.23,293.70,25488500,,
2025-08-01,286.54,292.64,281.61,288.64,21428100,,
2025-08-04,292.20,298.48,291.40,297.72,17164600,,
2025-08-05,297.81,301.20,291.45,292.93,18477500,,
2025-08-06,292.90,302.81,291.90,301.67,17392100,,
2025-08-07,306.17,310.34,299.88,303.76,16319400,,
2025-08-08,304.05,307.87,302.55,304.97,12458700,,
2025-08-11,305.05,308.31,301.29,303.90,12396400,,
2025-08-12,306.63,313.44,304.67,312.83,17609600,,
2025-08-13,316.75,317.35,304.75,309.09,17371200,,
2025-08-14,307.01,314.17,307.00,311.23,15717600,,
2025-08-15,311.03,311.50,299.76,306.34,22806900,,
2025-08-18,302.70,306.17,299.00,305.76,14724700,,
2025-08-19,302.42,302.90,292.39,294.91,20149600,,
2025-08-20,295.46,295.49,281.87,291.17,23600500,,
2025-08-21,290.06,292.39,286.17,289.60,14946300,,
2025-08-22,291.75,300.09,289.01,294.00,16301300,,
2025-08-25,292.81,298.40,291.71,294.23,15124700,,
2025-08-26,294.35,300.25,293.99,298.01,25689100,,
2025-08-27,297.53,301.18,293.78,300.25,13830300,,
2025-08-28,302.93,311.00,302.33,308.65,18907100,,
2025-08-29,307.01,307.01,293.66,297.39,21610700,,
2025-09-02,289.34,298.71,287.17,298.24,19693000,,
2025-09-03,302.29,304.45,296.40,302.39,18529400,,
2025-09-04,305.06,308.78,302.25,306.10,31220800,,
2025-09-05,355.78,356.34,331.42,334.89,78401600,,
2025-09-08,342.75,354.17,341.25,345.65,43535600,,
2025-09-09,349.55,350.98,335.83,336.67,26972300,,
2025-09-10,351.52,372.97,350.55,369.57,51086800,,
2025-09-11,371.18,374.23,358.76,359.63,29430900,,
2025-09-12,362.91,364.39,357.16,359.87,31949800,,
2025-09-15,359.87,365.50,356.34,364.09,21792200,,
2025-09-16,365.43,365.69,356.99,360.00,21306500,,
2025-09-17,358.85,359.93,341.50,346.17,45197100,,
2025-09-18,350.00,350.70,343.79,345.35,24663900,,
2025-09-19,344.65,346.27,336.43,344.94,41240100,,
2025-09-22,342.43,346.67,337.94,338.79,28660000,0.59,
2025-09-23,340.24,345.22,337.02,338.94,21944100,,
2025-09-24,339.76,340.08,333.81,339.31,19677300,,
2025-09-25,332.99,338.06,327.30,336.10,21678200,,
2025-09-26,337.43,339.08,330.58,334.53,15464700,,
2025-09-29,336.00,341.05,327.55,327.90,21336000,,
2025-09-30,330.12,331.05,324.61,329.91,20109500,,
2025-10-01,328.15,337.95,324.50,333.39,21122700,,
2025-10-02,347.61,347.61,335.25,338.18,19917600,,
2025-10-03,341.50,344.40,335.74,338.37,14749100,,
2025-10-06,335.92,344.13,334.56,335.49,18465700,,
2025-10-07,337.03,338.11,326.58,336.41,18086700,,
2025-10-08,333.82,346.54,332.62,345.50,21478300,,
2025-10-09,345.75,347.31,340.40,345.02,17643700,,
2025-10-10,345.39,350.60,324.05,324.63,28941000,,
2025-10-13,352.77,359.38,343.52,356.70,45984300,,
2025-10-14,350.13,350.67,339.65,344.13,22078000,,
2025-10-15,354.47,359.40,347.50,351.33,23918500,,
2025-10-16,356.80,363.24,349.49,354.15,20317200,,
2025-10-17,349.61,350.97,340.78,349.33,20937900,,
2025-10-20,353.80,356.59,347.84,349.24,15640200,,
2025-10-21,350.00,351.10,341.31,342.66,16092600,,
2025-10-22,347.30,348.01,335.51,340.30,19268800,,
2025-10-23,340.40,346.57,340.40,344.29,12859200,,
2025-10-24,352.51,358.30,350.88,354.13,16143700,,
2025-10-27,361.54,362.75,355.08,362.05,20065800,,
2025-10-28,362.62,374.06,362.53,372.97,21056000,,
2025-10-29,373.19,386.48,373.19,385.98,24975200,,
2025-10-30,386.40,386.40,370.06,376.47,24295300,,
2025-10-31,378.27,378.82,365.10,369.63,21598400,,
2025-11-03,372.00,374.85,361.98,362.55,17198900,,
2025-11-04,358.52,368.95,351.00,351.94,24047500,,
2025-11-05,350.89,364.87,350.09,358.98,17087600,,
2025-11-06,360.11,363.50,352.71,355.59,19896900,,
2025-11-07,354.19,354.50,337.27,349.43,21903200,,
2025-11-10,357.90,360.00,354.61,358.39,16409000,,
2025-11-11,358.97,361.89,349.67,351.96,16446800,,
2025-11-12,358.04,358.87,351.68,355.22,12190500,,
2025-11-13,351.58,353.55,334.16,339.98,22616600,,
2025-11-14,331.47,344.74,329.06,342.46,18500800,,
2025-11-17,339.82,352.20,337.52,342.65,14799600,,
2025-11-18,343.20,347.97,335.51,340.50,21726800,,
2025-11-19,340.71,359.69,337.80,354.42,21851900,,
2025-11-20,366.00,376.08,345.18,346.82,28867000,,
2025-11-21,345.16,348.60,331.80,340.20,30280300,,
2025-11-24,347.73,382.00,347.66,377.96,47262400,,
2025-11-25,384.93,388.13,371.75,385.03,33507600,,
2025-11-26,385.55,399.87,383.26,397.57,28693000,,
2025-11-28,399.35,403.00,397.16,402.96,13365500,,
2025-12-01,394.85,395.42,385.10,386.08,23252000,,
2025-12-02,388.31,393.50,379.79,381.57,22207000,,
2025-12-03,380.00,382.30,370.65,380.61,21336400,,
2025-12-04,380.68,383.89,376.53,381.03,15845900,,
2025-12-05,386.17,393.53,385.15,390.24,24779900,,
2025-12-08,402.48,407.29,397.40,401.10,30410600,,
2025-12-09,398.75,406.93,395.51,406.29,24546000,,
2025-12-10,402.20,414.61,399.56,412.97,31531000,,
2025-12-11,404.83,409.30,394.19,406.37,45681600,,
2025-12-12,379.96,382.00,355.15,359.93,95588500,,
2025-12-15,361.89,362.00,337.51,339.81,65894900,,
2025-12-16,336.02,347.50,335.06,341.30,58061100,,
2025-12-17,346.61,346.61,321.42,326.02,73300900,,
2025-12-18,336.00,336.03,323.63,329.88,54501900,,
2025-12-19,333.34,343.45,332.58,340.36,159095200,,
2025-12-22,346.03,346.24,337.22,341.45,28739600,0.65,
2025-12-23,340.81,350.11,338.54,349.32,28232600,,
2025-12-24,350.69,352.86,347.14,350.22,11424400,,
2025-12-26,351.06,353.25,347.75,352.13,15028100,,
2025-12-29,348.72,350.33,344.69,349.39,21946900,,
2025-12-30,349.97,352.68,349.30,349.85,16633600,,
2025-12-31,349.73,349.88,345.42,346.10,15346100,,
2026-01-02,352.78,360.66,345.56,347.62,25398600,,
2026-01-05,354.74,355.03,336.50,343.42,31136000,,
2026-01-06,343.60,349.05,338.00,343.77,27135500,,
2026-01-07,341.70,349.70,335.88,343.50,20249300,,
2026-01-08,342.78,343.68,330.50,332.48,24385200,,
2026-01-09,337.92,347.39,333.50,344.97,22482500,,
2026-01-12,340.95,353.90,340.95,352.21,20949600,,
2026-01-13,352.88,359.49,350.91,354.61,18308000,,
2026-01-14,348.97,350.69,334.42,339.89,30094700,,
2026-01-15,349.12,349.68,341.67,343.02,22218800,,
2026-01-16,346.27,354.51,344.05,351.71,31291200,,
2026-01-20,344.10,345.40,331.80,332.60,32293900,,
2026-01-21,335.51,335.80,324.20,328.80,32006600,,
2026-01-22,335.35,336.99,324.89,325.49,24275400,,
2026-01-23,319.30,321.99,314.11,320.05,30259500,,
2026-01-26,319.80,328.68,317.60,324.85,25006400,,
2026-01-27,329.76,334.76,327.02,332.79,25537600,,
2026-01-28,338.85,339.99,326.70,333.24,23001700,,
2026-01-29,332.56,335.95,320.28,330.73,20447500,,
2026-01-30,332.44,338.20,328.33,331.30,28313000,,
2026-02-02,326.11,336.06,325.75,331.11,17278200,,
2026-02-03,336.74,338.90,308.65,320.33,36914800,,
2026-02-04,319.51,319.51,295.30,308.05,43330300,,
2026-02-05,314.34,326.53,306.70,310.51,42775800,,
2026-02-06,320.10,335.00,316.30,332.92,33003400,,
2026-02-09,330.77,352.34,330.65,343.94,30091000,,
2026-02-10,347.47,348.01,339.84,340.44,19542700,,
2026-02-11,346.80,347.20,333.74,342.76,17004700,,
2026-02-12,343.83,346.29,329.56,331.17,22007300,,
2026-02-13,329.85,334.32,324.69,325.17,18397200,,
2026-02-17,319.68,335.75,316.31,332.54,23469700,,
2026-02-18,329.52,337.88,327.23,333.51,13565300,,
2026-02-19,333.01,338.44,329.68,333.99,15180900,,
2026-02-20,332.36,340.11,329.58,332.65,17658900,,
2026-02-23,332.25,338.50,325.32,330.34,16472400,,
2026-02-24,322.54,328.31,314.45,325.49,23614400,,
2026-02-25,330.74,335.91,329.28,332.31,20182300,,
2026-02-26,326.50,326.58,307.93,321.70,33025300,,
2026-02-27,310.70,320.00,310.00,319.55,28004200,,
2026-03-02,309.36,320.04,307.20,318.82,20567200,,
2026-03-03,313.00,315.88,307.40,313.84,20826200,,
2026-03-04,315.68,322.64,311.74,317.53,34895800,,
2026-03-05,330.18,336.12,323.03,332.77,57076600,,
2026-03-06,328.28,343.51,327.40,330.48,39152200,,
2026-03-09,327.25,348.49,323.61,345.75,40605800,,
2026-03-10,348.73,353.14,340.80,342.58,29531700,,
2026-03-11,342.59,345.81,338.22,341.57,20104100,,
2026-03-12,337.74,339.83,332.20,335.97,21982700,,
2026-03-13,337.68,338.32,321.43,322.16,34725000,,
2026-03-16,326.02,329.20,320.06,324.92,31363100,,
2026-03-17,325.76,327.44,317.25,321.31,38026500,,
2026-03-18,320.43,325.44,315.55,315.93,25460600,,
2026-03-19,312.47,323.27,308.51,319.84,23524800,,
2026-03-20,320.12,321.51,309.92,310.51,43325900,,
2026-03-23,318.00,326.48,314.93,322.51,27369200,0.65,
2026-03-24,320.00,324.40,314.84,318.29,19799000,,
2026-03-25,322.59,324.30,316.72,318.81,19900000,,
2026-03-26,314.02,316.92,309.17,309.42,20343700,,
2026-03-27,307.06,307.50,298.87,300.68,23593900,,
2026-03-30,300.87,304.77,289.96,293.41,28054500,,
2026-03-31,299.39,310.31,296.34,309.51,29289500,,
2026-04-01,313.37,315.79,310.48,313.49,19171000,,
2026-04-02,304.49,314.69,301.75,314.55,14021100,,
2026-04-06,315.06,316.40,310.28,314.43,12111300,,
2026-04-07,326.73,334.15,321.80,333.97,33310900,,
2026-04-08,351.75,354.14,342.53,350.63,31573100,,
2026-04-09,352.30,358.70,351.50,354.91,20514900,,
2026-04-10,360.94,376.55,360.82,371.55,29958100,,
2026-04-13,369.66,380.86,369.48,379.75,24115800,,
2026-04-14,377.90,382.28,376.32,380.78,24423000,,
2026-04-15,389.88,397.08,385.57,396.72,29559300,,
2026-04-16,395.00,399.68,392.35,398.47,18872900,,
2026-04-17,400.90,406.73,399.81,406.54,20581700,,
2026-04-20,405.70,406.42,395.90,399.63,16922000,,
2026-04-21,399.41,403.60,394.57,402.17,16275500,,
2026-04-22,406.98,423.20,404.86,422.65,23702500,,
2026-04-23,422.39,429.31,417.80,419.94,19501600,,
2026-04-24,424.98,425.00,408.86,422.76,22491100,,
2026-04-27,420.48,422.75,414.63,418.20,17451600,,
2026-04-28,400.31,405.81,394.65,399.83,25519200,,
2026-04-29,403.50,405.64,396.78,405.45,15962500,,
2026-04-30,415.52,418.38,404.23,417.43,21821600,,
2026-05-01,415.09,423.17,413.28,421.28,11882600,,
2026-05-04,418.22,423.83,409.53,416.50,15140400,,
2026-05-05,421.66,433.39,419.35,427.36,21175200,,
2026-05-06,435.56,437.68,417.78,425.44,20707000,,
2026-05-07,421.82,426.49,406.30,412.56,22791700,,
2026-05-08,419.80,435.00,414.00,430.00,22561400,,
2026-05-11,427.62,433.65,425.05,428.43,16825500,,
2026-05-12,423.43,429.34,408.41,419.30,19004300,,
2026-05-13,415.81,418.63,404.80,416.79,16981200,,
2026-05-14,416.73,442.36,415.59,439.79,19733800,,
2026-05-15,432.81,432.81,419.80,425.19,18957100,,
2026-05-18,421.41,422.01,414.37,420.71,17863300,,
2026-05-19,409.82,417.95,405.86,411.07,20652100,,
2026-05-20,412.81,424.17,411.42,417.76,16312600,,
2026-05-21,413.55,422.25,410.50,414.57,16865300,,
2026-05-22,417.49,419.99,410.21,414.14,14086400,,
2026-05-26,418.50,435.31,417.00,422.01,22562900,,
2026-05-27,425.07,432.80,416.49,421.86,17601000,,
2026-05-28,421.14,429.68,414.01,426.58,17855600,,
2026-05-29,432.95,448.90,431.47,446.77,41798400,,
2026-06-01,450.09,466.05,442.22,459.97,30586000,,
2026-06-02,488.79,488.82,470.46,481.57,38306700,,
2026-06-03,494.78,495.00,472.64,479.23,50126400,,
2026-06-04,408.99,426.48,403.01,418.91,80979400,,
2026-06-05,407.61,410.50,385.59,385.73,51146100,,
2026-06-08,402.62,402.84,391.35,396.60,37099000,,
2026-06-09,401.61,407.87,370.33,392.16,37026900,,
2026-06-10,381.50,385.81,371.17,372.10,38193500,,
2026-06-11,372.82,389.50,370.55,385.57,35187600,,
2026-06-12,383.72,384.98,377.00,382.07,27600900,,
2026-06-15,395.51,396.20,388.60,393.94,32394200,,
2026-06-16,390.21,391.79,376.46,376.71,31573700,,
2026-06-17,388.71,400.65,382.65,392.90,40005500,,
2026-06-18,409.58,412.70,405.38,411.35,45076100,,
2026-06-22,413.66,414.64,391.91,392.13,26403700,0.65,
2026-06-23,377.87,391.02,376.66,380.15,33122200,,
2026-06-24,386.62,388.74,376.96,382.07,29938700,,
2026-06-25,386.58,388.80,372.70,378.91,23353700,,
2026-06-26,370.45,373.69,363.83,365.02,34839300,,
2026-06-29,373.62,376.21,360.46,372.45,24285200,,
2026-06-30,374.79,379.62,370.64,377.75,28517400,,
2026-07-01,371.87,373.75,368.03,369.34,23712600,,
2026-07-02,365.73,374.00,356.43,360.45,26749500,,
2026-07-06,373.61,383.16,371.18,373.90,24544000,,
2026-07-07,366.56,372.96,362.01,370.78,24116700,,
2026-07-08,377.52,395.09,376.89,388.69,31624100,,
2026-07-09,402.19,407.52,387.93,401.11,28074000,,
2026-07-10,398.50,402.44,395.70,399.97,14595900,,
2026-07-13,393.48,395.75,383.42,384.05,21294500,,
2026-07-14,395.72,397.33,384.64,389.11,20118700,,
2026-07-15,396.09,399.00,386.74,394.28,16324100,,
2026-07-16,384.54,386.74,371.90,374.45,23407200,,
2026-07-17,366.05,377.35,357.80,370.83,23272200,,
2026-07-20,378.76,383.59,375.96,378.16,14420500,,
2026-07-21,390.21,390.58,379.22,386.50,17291100,,
2026-07-22,380.20,398.59,380.00,396.81,16966200,,
2026-07-23,392.19,397.61,386.82,392.47,16348700,,
2026-07-24,387.68,389.27,378.75,381.92,15149400,,
2026-07-27,389.82,389.90,373.50,383.22,18502100,,
2026-07-28,374.36,385.80,371.52,380.91,20328400,,
2026-07-29,380.64,386.12,369.51,370.32,21374400,,
2026-07-30,380.35,388.68,377.54,387.84,23639800,,
2026-07-31,394.83,399.92,379.71,389.28,20391000,,
2026-08-03,384.41,392.61,374.61,392.23,17315100,,
2026-08-04,402.97,422.07,400.68,418.16,29511600,,
