date,open,high,low,close,volume,div,split
2016-08-04,38.61,38.70,38.44,38.58,22806000,,
2016-08-05,38.69,39.15,38.62,39.11,36024000,,
2016-08-08,39.10,39.13,38.90,39.09,22158000,,
2016-08-09,39.05,39.45,39.03,39.21,26378000,,
2016-08-10,39.19,39.34,39.14,39.23,15728000,,
2016-08-11,39.25,39.49,39.15,39.24,19502000,,
2016-08-12,39.08,39.17,39.02,39.16,14810000,,
2016-08-15,39.19,39.37,39.01,39.12,18764000,,
2016-08-16,39.02,39.05,38.67,38.86,20560000,,
2016-08-17,38.87,39.04,38.68,39.00,18484000,,
2016-08-18,39.00,39.14,38.85,38.88,14388000,,
2016-08-19,38.75,38.85,38.66,38.77,17230000,,
2016-08-22,38.66,38.73,38.50,38.61,19028000,,
2016-08-23,38.77,38.82,38.59,38.60,18564000,,
2016-08-24,38.53,38.73,38.35,38.48,21440000,,
2016-08-25,38.35,38.59,38.16,38.47,18538000,,
2016-08-26,38.45,38.80,38.29,38.48,23334000,,
2016-08-29,38.44,38.75,38.33,38.61,16952000,,
2016-08-30,38.47,38.72,38.34,38.45,22600000,,
2016-08-31,38.35,38.45,38.27,38.35,24972000,,
2016-09-01,38.46,38.55,38.22,38.44,18502000,,
2016-09-02,38.65,38.70,38.42,38.57,21454000,,
2016-09-06,38.67,39.10,38.55,39.00,28856000,,
2016-09-07,39.00,39.14,38.81,39.02,17874000,,
2016-09-08,38.93,39.02,38.68,38.77,25406000,,
2016-09-09,38.51,38.66,37.98,37.98,37710000,,
2016-09-12,37.76,38.51,37.70,38.45,26220000,,
2016-09-13,38.22,38.31,37.79,37.98,27900000,,
2016-09-14,37.98,38.38,37.96,38.12,21748000,,
2016-09-15,38.14,38.69,38.00,38.59,26102000,,
2016-09-16,38.49,38.49,38.23,38.44,40986000,,
2016-09-19,38.62,38.70,38.22,38.28,23456000,,
2016-09-20,38.45,38.67,38.43,38.57,19572000,,
2016-09-21,38.63,38.86,38.42,38.81,23356000,,
2016-09-22,39.00,39.49,38.92,39.36,29724000,,
2016-09-23,39.33,39.45,39.21,39.34,28238000,,
2016-09-26,39.14,39.14,38.65,38.71,30664000,,
2016-09-27,38.77,39.30,38.72,39.15,23064000,,
2016-09-28,38.89,39.09,38.75,39.08,22196000,,
2016-09-29,39.07,39.29,38.71,38.75,26294000,,
2016-09-30,38.82,39.05,38.70,38.86,31706000,,
2016-10-03,38.71,38.80,38.48,38.63,25576000,,
2016-10-04,38.80,38.94,38.64,38.82,24028000,,
2016-10-05,38.97,39.10,38.78,38.82,29224000,,
2016-10-06,38.95,39.02,38.78,38.84,21414000,,
2016-10-07,38.98,38.98,38.54,38.75,18664000,,
2016-10-10,38.89,39.47,38.79,39.30,23498000,,
2016-10-11,39.33,39.61,39.03,39.15,27450000,,
2016-10-12,39.19,39.41,39.10,39.31,18748000,,
2016-10-13,39.06,39.06,38.65,38.91,27306000,,
2016-10-14,39.08,39.20,38.80,38.93,17050000,,
2016-10-17,38.99,39.29,38.88,39.00,21860000,,
2016-10-18,39.39,40.08,39.28,39.76,41138000,,
2016-10-19,39.91,40.23,39.90,40.08,35336000,,
2016-10-20,40.16,40.20,39.80,39.85,35150000,,
2016-10-21,39.75,39.98,39.70,39.97,25324000,,
2016-10-24,40.24,40.76,40.24,40.66,33950000,,
2016-10-25,40.83,40.83,40.26,40.38,31528000,,
2016-10-26,40.32,40.35,39.82,39.95,32954000,,
2016-10-27,40.05,40.17,39.58,39.77,54984000,,
2016-10-28,40.42,40.77,39.68,39.77,85398000,,
2016-10-31,39.77,39.84,39.20,39.23,48546000,,
2016-11-01,39.14,39.47,38.78,39.18,48128000,,
2016-11-02,38.91,39.08,38.17,38.44,37448000,,
2016-11-03,38.36,38.50,37.95,38.11,38864000,,
2016-11-04,37.53,38.52,37.53,38.10,42696000,,
2016-11-07,38.73,39.26,38.63,39.13,31702000,,
2016-11-08,39.17,39.78,39.01,39.53,27338000,,
2016-11-09,39.00,39.56,38.58,39.27,52142000,,
2016-11-10,39.56,39.56,37.61,38.13,94904000,,
2016-11-11,37.83,38.04,37.52,37.70,48636000,,
2016-11-14,37.78,37.89,36.38,36.80,73088000,,
2016-11-15,37.35,38.22,37.35,37.92,47680000,,
2016-11-16,37.76,38.32,37.53,38.22,29452000,,
2016-11-17,38.35,38.63,38.21,38.56,26080000,,
2016-11-18,38.57,38.75,38.00,38.03,30942000,,
2016-11-21,38.13,38.48,38.03,38.46,26612000,,
2016-11-22,38.63,38.85,38.35,38.41,31862000,,
2016-11-23,38.39,38.41,37.76,38.05,29568000,,
2016-11-25,38.21,38.25,38.03,38.08,11748000,,
2016-11-28,38.00,38.98,37.99,38.41,43764000,,
2016-11-29,38.58,38.92,38.41,38.54,32332000,,
2016-11-30,38.50,38.65,37.74,37.90,47858000,,
2016-12-01,37.87,37.99,36.85,37.40,60358000,,
2016-12-02,37.23,37.70,37.16,37.52,29050000,,
2016-12-05,37.89,38.20,37.65,38.13,27884000,,
2016-12-06,38.24,38.44,37.87,37.96,33814000,,
2016-12-07,38.05,38.57,37.79,38.56,35220000,,
2016-12-08,38.62,38.91,38.36,38.82,29762000,,
2016-12-09,39.00,39.47,38.95,39.46,36438000,,
2016-12-12,39.25,39.56,39.22,39.46,42082000,,
2016-12-13,39.70,40.22,39.67,39.80,42904000,,
2016-12-14,39.87,40.20,39.70,39.85,34084000,,
2016-12-15,39.87,40.15,39.65,39.89,32530000,,
2016-12-16,40.02,40.04,39.51,39.54,48876000,,
2016-12-19,39.51,39.88,39.31,39.71,24642000,,
2016-12-20,39.84,39.93,39.66,39.82,19020000,,
2016-12-21,39.79,39.83,39.35,39.73,24226000,,
2016-12-22,39.62,39.67,39.43,39.56,19444000,,
2016-12-23,39.55,39.64,39.36,39.50,12468000,,
2016-12-27,39.53,39.89,39.38,39.58,15782000,,
2016-12-28,39.69,39.71,39.16,39.25,23076000,,
2016-12-29,39.17,39.30,38.95,39.14,14886000,,
2016-12-30,39.14,39.14,38.52,38.59,35400000,,
2017-01-03,38.94,39.48,38.79,39.31,33146000,,
2017-01-04,39.42,39.57,39.16,39.34,21460000,,
2017-01-05,39.30,39.72,39.25,39.70,26704000,,
2017-01-06,39.76,40.40,39.61,40.31,32804000,,
2017-01-09,40.32,40.50,40.14,40.33,25492000,,
2017-01-10,40.39,40.46,40.18,40.24,23536000,,
2017-01-11,40.25,40.41,40.07,40.40,21318000,,
2017-01-12,40.36,40.37,39.96,40.32,27062000,,
2017-01-13,40.37,40.56,40.33,40.39,21984000,,
2017-01-17,40.35,40.36,40.02,40.23,27242000,,
2017-01-18,40.29,40.31,40.05,40.30,25888000,,
2017-01-19,40.26,40.47,40.09,40.11,18386000,,
2017-01-20,40.35,40.35,40.08,40.25,33400000,,
2017-01-23,40.36,41.04,40.19,40.97,39272000,,
2017-01-24,41.12,41.30,40.89,41.19,29480000,,
2017-01-25,41.48,41.79,41.25,41.78,29890000,,
2017-01-26,41.89,41.90,41.35,41.61,59478000,,
2017-01-27,41.74,42.10,41.02,41.17,59316000,,
2017-01-30,40.73,40.79,39.99,40.12,64932000,,
2017-01-31,39.84,40.06,39.53,39.84,43212000,,
2017-02-01,39.98,40.06,39.56,39.78,40594000,,
2017-02-02,39.69,40.13,39.60,39.93,30642000,,
2017-02-03,40.15,40.30,40.02,40.07,29268000,,
2017-02-06,39.98,40.08,39.76,40.07,23690000,,
2017-02-07,40.20,40.52,40.09,40.35,24824000,,
2017-02-08,40.35,40.59,40.16,40.42,23106000,,
2017-02-09,40.48,40.53,40.23,40.48,19794000,,
2017-02-10,40.59,40.76,40.49,40.68,22700000,,
2017-02-13,40.80,41.05,40.77,40.96,24266000,,
2017-02-14,40.95,41.15,40.80,41.02,21094000,,
2017-02-15,40.97,41.15,40.92,40.95,26272000,,
2017-02-16,41.00,41.22,40.95,41.21,25752000,,
2017-02-17,41.15,41.40,41.08,41.40,32220000,,
2017-02-21,41.43,41.67,41.42,41.58,25246000,,
2017-02-22,41.43,41.66,41.43,41.54,19658000,,
2017-02-23,41.51,41.62,41.14,41.57,29456000,,
2017-02-24,41.39,41.45,41.21,41.43,27844000,,
2017-02-27,41.23,41.52,41.20,41.46,22030000,,
2017-02-28,41.28,41.43,41.01,41.16,45216000,,
2017-03-01,41.44,41.81,41.36,41.76,29930000,,
2017-03-02,41.69,41.73,41.48,41.53,18850000,,
2017-03-03,41.53,41.57,41.29,41.45,17928000,,
2017-03-06,41.35,41.44,41.12,41.39,22180000,,
2017-03-07,41.37,41.67,41.33,41.60,20752000,,
2017-03-08,41.68,41.91,41.59,41.77,19796000,,
2017-03-09,41.80,42.10,41.71,41.93,25230000,,
2017-03-10,42.16,42.25,41.98,42.16,34080000,,
2017-03-13,42.20,42.43,42.16,42.28,24472000,,
2017-03-14,42.18,42.36,42.04,42.28,15598000,,
2017-03-15,42.38,42.43,42.04,42.36,27630000,,
2017-03-16,42.45,42.54,42.31,42.44,19552000,,
2017-03-17,42.58,42.67,42.36,42.61,34246000,,
2017-03-20,42.50,42.51,42.26,42.42,24630000,,
2017-03-21,42.57,42.67,41.45,41.52,49270000,,
2017-03-22,41.60,41.78,41.36,41.48,28030000,,
2017-03-23,41.05,41.13,40.61,40.88,69742000,,
2017-03-24,41.00,41.10,40.44,40.72,39620000,,
2017-03-27,40.35,41.08,40.17,40.98,37886000,,
2017-03-28,41.02,41.30,40.70,41.05,32410000,,
2017-03-29,41.25,41.64,41.12,41.57,35726000,,
2017-03-30,41.67,41.68,41.45,41.58,21106000,,
2017-03-31,41.45,41.58,41.37,41.48,28038000,,
2017-04-03,41.46,42.04,41.46,41.93,33430000,,
2017-04-04,41.57,41.76,41.45,41.73,20908000,,
2017-04-05,41.78,42.12,41.54,41.57,31106000,,
2017-04-06,41.62,41.82,41.32,41.39,25088000,,
2017-04-07,41.40,41.42,41.03,41.23,21146000,,
2017-04-10,41.27,41.47,41.19,41.24,19578000,,
2017-04-11,41.24,41.37,40.85,41.17,21594000,,
2017-04-12,41.10,41.33,41.05,41.22,18010000,,
2017-04-13,41.11,41.32,41.07,41.18,22448000,,
2017-04-17,41.25,41.89,41.22,41.86,17900000,,
2017-04-18,41.71,41.95,41.64,41.84,16734000,,
2017-04-19,41.99,42.11,41.81,41.91,19084000,,
2017-04-20,42.07,42.26,41.97,42.08,19180000,,
2017-04-21,42.14,42.19,42.03,42.16,26472000,,
2017-04-24,42.56,43.17,42.49,43.14,27450000,,
2017-04-25,43.25,43.75,43.14,43.62,33440000,,
2017-04-26,43.71,43.80,43.39,43.59,24744000,,
2017-04-27,43.68,43.77,43.52,43.71,40536000,,
2017-04-28,45.53,45.84,45.29,45.30,65526000,,
2017-05-01,45.10,45.78,45.07,45.63,42320000,,
2017-05-02,45.48,46.04,45.47,45.82,31744000,,
2017-05-03,45.74,46.41,45.63,46.35,29990000,,
2017-05-04,46.30,46.80,46.23,46.58,28442000,,
2017-05-05,46.68,46.74,46.26,46.36,38226000,,
2017-05-08,46.31,46.85,46.26,46.72,26596000,,
2017-05-09,46.85,46.88,46.48,46.61,31636000,,
2017-05-10,46.60,46.60,46.26,46.44,23478000,,
2017-05-11,46.27,46.63,46.15,46.53,16700000,,
2017-05-12,46.58,46.67,46.39,46.61,21012000,,
2017-05-15,46.65,46.91,46.47,46.85,22162000,,
2017-05-16,47.00,47.16,46.88,47.15,19390000,,
2017-05-17,46.78,46.97,45.91,45.98,47242000,,
2017-05-18,46.05,46.66,45.94,46.51,31938000,,
2017-05-19,46.57,46.89,46.55,46.70,27860000,,
2017-05-22,46.75,47.09,46.75,47.09,22408000,,
2017-05-23,47.40,47.57,47.13,47.44,25416000,,
2017-05-24,47.65,47.75,47.48,47.75,20496000,,
2017-05-25,47.87,48.63,47.77,48.48,33210000,,
2017-05-26,48.48,48.75,48.25,48.57,25040000,,
2017-05-30,48.52,48.81,48.47,48.79,29334000,,
2017-05-31,48.75,48.96,48.01,48.24,48962000,,
2017-06-01,48.45,48.58,48.00,48.35,28210000,,
2017-06-02,48.47,48.79,48.30,48.78,35020000,,
2017-06-05,48.83,49.35,48.76,49.18,25042000,,
2017-06-06,49.16,49.41,48.76,48.83,36292000,,
2017-06-07,49.00,49.20,48.80,49.05,29078000,,
2017-06-08,49.12,49.23,48.86,49.17,29638000,,
2017-06-09,49.23,49.23,46.78,47.49,66188000,,
2017-06-12,46.98,47.47,45.76,47.15,75270000,,
2017-06-13,47.60,48.00,47.20,47.67,40266000,,
2017-06-14,48.00,48.06,47.11,47.54,29794000,,
2017-06-15,46.70,47.17,46.22,47.12,42662000,,
2017-06-16,47.00,47.10,46.58,46.99,61894000,,
2017-06-19,47.50,48.00,47.45,47.87,30666000,,
2017-06-20,47.88,48.08,47.50,47.53,22520000,,
2017-06-21,47.68,48.01,47.54,47.97,24044000,,
2017-06-22,47.94,48.04,47.73,47.85,18828000,,
2017-06-23,47.84,48.30,47.71,48.28,30558000,,
2017-06-26,48.49,48.67,47.54,47.61,31968000,,
2017-06-27,47.12,47.41,46.34,46.37,51598000,,
2017-06-28,46.45,47.14,45.80,47.02,54428000,,
2017-06-29,46.50,46.56,45.53,45.89,65984000,,
2017-06-30,46.30,46.30,45.42,45.44,41804000,,
2017-07-03,45.61,45.70,44.74,44.94,34196000,,
2017-07-05,45.09,45.73,44.92,45.59,36278000,,
2017-07-06,45.21,45.75,44.98,45.33,28490000,,
2017-07-07,45.44,46.08,45.44,45.93,32756000,,
2017-07-10,46.09,46.52,45.98,46.44,23856000,,
2017-07-11,46.48,46.57,46.10,46.50,22264000,,
2017-07-12,46.93,47.31,46.72,47.19,30642000,,
2017-07-13,47.31,47.72,47.15,47.36,25894000,,
2017-07-14,47.60,47.85,47.40,47.80,21076000,,
2017-07-17,47.85,48.04,47.46,47.67,23310000,,
2017-07-18,47.65,48.40,47.53,48.27,23080000,,
2017-07-19,48.39,48.65,48.20,48.54,24490000,,
2017-07-20,48.75,48.80,48.08,48.41,32490000,,
2017-07-21,48.11,48.66,48.01,48.65,34220000,,
2017-07-24,48.61,49.31,48.54,49.02,64966000,,
2017-07-25,47.69,47.98,47.27,47.53,93220000,,
2017-07-26,47.73,47.75,47.11,47.39,41766000,,
2017-07-27,47.59,47.59,46.00,46.70,64260000,,
2017-07-28,46.47,47.19,46.38,47.08,36928000,,
2017-07-31,47.09,47.18,46.30,46.52,39402000,,
2017-08-01,46.62,46.87,46.46,46.54,25554000,,
2017-08-02,46.43,46.63,45.83,46.52,36488000,,
2017-08-03,46.52,46.61,46.11,46.18,24050000,,
2017-08-04,46.34,46.52,46.15,46.40,21646000,,
2017-08-07,46.45,46.59,46.33,46.47,20644000,,
2017-08-08,46.35,46.79,46.28,46.34,21232000,,
2017-08-09,46.03,46.30,45.86,46.15,23842000,,
2017-08-10,45.88,45.96,45.31,45.36,36480000,,
2017-08-11,45.40,45.89,45.28,45.72,24136000,,
2017-08-14,46.13,46.23,45.91,46.13,21290000,,
2017-08-15,46.21,46.33,45.99,46.11,17668000,,
2017-08-16,46.26,46.63,46.17,46.35,20134000,,
2017-08-17,46.29,46.34,45.55,45.55,25544000,,
2017-08-18,45.52,45.76,45.36,45.53,26854000,,
2017-08-21,45.50,45.65,45.17,45.33,18868000,,
2017-08-22,45.64,46.29,45.57,46.23,23334000,,
2017-08-23,46.10,46.50,45.97,46.35,21804000,,
2017-08-24,46.43,46.54,45.77,46.06,25406000,,
2017-08-25,46.17,46.28,45.77,45.79,21068000,,
2017-08-28,45.80,45.96,45.59,45.69,21730000,,
2017-08-29,45.26,46.17,45.25,46.06,23712000,,
2017-08-30,46.00,46.54,45.98,46.48,26024000,,
2017-08-31,46.59,47.10,46.59,46.97,31652000,,
2017-09-01,47.06,47.12,46.76,46.87,18948000,,
2017-09-05,46.65,46.85,46.10,46.42,26528000,,
2017-09-06,46.51,46.55,45.96,46.39,30554000,,
2017-09-07,46.59,46.82,46.18,46.80,24254000,,
2017-09-08,46.82,46.85,46.24,46.33,20230000,,
2017-09-11,46.71,46.92,46.35,46.45,25340000,,
2017-09-12,46.63,46.67,46.19,46.60,22688000,,
2017-09-13,46.53,46.86,46.49,46.75,22052000,,
2017-09-14,46.56,46.64,46.20,46.26,27952000,,
2017-09-15,46.23,46.32,45.82,46.01,50108000,,
2017-09-18,46.00,46.10,45.53,45.75,26138000,,
2017-09-19,45.87,46.12,45.63,46.09,18734000,,
2017-09-20,46.15,46.69,46.10,46.58,33396000,,
2017-09-21,46.65,46.83,46.19,46.62,25812000,,
2017-09-22,46.39,46.74,46.32,46.43,21054000,,
2017-09-25,46.27,46.32,45.48,46.05,37136000,,
2017-09-26,46.19,46.54,46.06,46.24,33338000,,
2017-09-27,46.39,47.49,46.39,47.22,44788000,,
2017-09-28,47.07,47.53,47.03,47.48,20406000,,
2017-09-29,47.60,47.99,47.58,47.96,31620000,,
2017-10-02,48.00,48.13,47.39,47.66,25668000,,
2017-10-03,47.70,47.90,47.46,47.89,17766000,,
2017-10-04,47.85,48.02,47.53,47.58,19048000,,
2017-10-05,47.77,48.55,47.76,48.50,24276000,,
2017-10-06,48.34,48.97,48.17,48.94,23478000,,
2017-10-09,49.00,49.27,48.81,48.85,17828000,,
2017-10-10,49.00,49.08,48.30,48.63,19368000,,
2017-10-11,48.69,49.54,48.61,49.46,33866000,,
2017-10-12,49.37,49.71,49.25,49.39,25248000,,
2017-10-13,49.60,49.86,49.45,49.48,23396000,,
2017-10-16,49.60,49.70,49.20,49.60,18210000,,
2017-10-17,49.51,49.82,49.43,49.61,25804000,,
2017-10-18,49.59,49.84,49.35,49.64,21152000,,
2017-10-19,49.30,49.44,48.92,49.22,26272000,,
2017-10-20,49.47,49.55,49.23,49.41,23664000,,
2017-10-23,49.48,49.48,48.31,48.42,29568000,,
2017-10-24,48.50,48.61,48.05,48.53,24244000,,
2017-10-25,48.42,48.80,48.03,48.67,24226000,,
2017-10-26,49.00,49.38,48.61,48.63,40842000,,
2017-10-27,50.46,52.42,50.41,50.96,103354000,,
2017-10-30,50.70,51.25,50.38,50.86,41702000,,
2017-10-31,50.76,51.20,50.52,50.83,26614000,,
2017-11-01,50.86,51.48,50.85,51.27,27468000,,
2017-11-02,51.09,51.40,50.65,51.28,20980000,,
2017-11-03,51.11,51.63,51.02,51.62,21528000,,
2017-11-06,51.45,51.74,51.25,51.30,22504000,,
2017-11-07,51.36,51.70,51.26,51.67,22246000,,
2017-11-08,51.53,52.18,51.42,51.99,21774000,,
2017-11-09,51.70,51.70,50.98,51.56,24904000,,
2017-11-10,51.32,51.54,51.26,51.40,14400000,,
2017-11-13,51.17,51.58,51.13,51.29,17716000,,
2017-11-14,51.13,51.34,50.71,51.30,19184000,,
2017-11-15,50.96,51.20,50.77,51.05,17080000,,
2017-11-16,51.13,51.80,51.13,51.62,22594000,,
2017-11-17,51.70,51.72,50.89,50.95,27942000,,
2017-11-20,51.01,51.13,50.88,50.92,19070000,,
2017-11-21,51.17,51.76,51.13,51.72,21940000,,
2017-11-22,51.75,51.99,51.57,51.80,14926000,,
2017-11-24,51.79,52.16,51.75,52.03,10740000,,
2017-11-27,52.00,52.77,51.92,52.71,26158000,,
2017-11-28,52.75,53.12,52.00,52.37,28488000,,
2017-11-29,52.13,52.20,50.78,51.08,49188000,,
2017-11-30,51.12,51.42,50.75,51.07,34480000,,
2017-12-01,50.79,51.12,50.10,50.51,38192000,,
2017-12-04,50.63,50.80,49.78,49.93,38128000,,
2017-12-05,49.80,51.03,49.41,50.26,41346000,,
2017-12-06,50.08,51.25,50.06,50.92,25440000,,
2017-12-07,51.02,51.71,50.90,51.55,29164000,,
2017-12-08,51.87,52.10,51.63,51.85,25816000,,
2017-12-11,51.77,52.19,51.60,52.05,23856000,,
2017-12-12,51.98,52.52,51.68,52.02,25590000,,
2017-12-13,52.31,52.33,51.92,52.03,25654000,,
2017-12-14,52.25,52.92,52.16,52.46,31174000,,
2017-12-15,52.73,53.38,52.48,53.21,65518000,,
2017-12-18,53.30,53.92,53.10,53.86,31092000,,
2017-12-19,53.76,53.84,53.18,53.53,26774000,,
2017-12-20,53.59,53.67,53.08,53.25,25372000,,
2017-12-21,53.25,53.47,53.09,53.18,19914000,,
2017-12-22,53.06,53.21,52.97,53.01,15102000,,
2017-12-26,52.90,53.01,52.51,52.84,15212000,,
2017-12-27,52.87,52.92,52.40,52.47,25438000,,
2017-12-28,52.58,52.74,52.24,52.41,16742000,,
2017-12-29,52.34,52.48,52.24,52.32,17750000,,
2018-01-02,52.42,53.35,52.26,53.25,24752000,,
2018-01-03,53.22,54.31,53.16,54.12,28604000,,
2018-01-04,54.40,54.68,54.20,54.32,20092000,,
2018-01-05,54.70,55.21,54.60,55.11,25582000,,
2018-01-08,55.11,55.56,55.08,55.35,20952000,,
2018-01-09,55.47,55.53,55.06,55.31,18050000,,
2018-01-10,54.85,55.23,54.81,55.13,20856000,,
2018-01-11,55.31,55.33,54.98,55.28,19566000,,
2018-01-12,55.12,56.21,55.06,56.11,34410000,,
2018-01-16,56.63,57.00,55.89,56.09,31506000,,
2018-01-17,56.31,56.63,55.85,56.60,24052000,,
2018-01-18,56.57,56.63,55.88,56.49,23964000,,
2018-01-19,56.59,56.89,56.41,56.88,35564000,,
2018-01-22,56.87,57.99,56.76,57.79,32360000,,
2018-01-23,57.99,58.58,57.94,58.50,26662000,,
2018-01-24,58.87,58.99,58.05,58.21,28332000,,
2018-01-25,58.63,58.80,58.14,58.52,29610000,,
2018-01-26,58.75,58.79,57.91,58.79,40376000,,
2018-01-29,58.82,59.34,58.60,58.78,27578000,,
2018-01-30,58.39,58.83,58.18,58.18,31126000,,
2018-01-31,58.53,58.65,57.96,58.50,30774000,,
2018-02-01,58.13,58.70,57.88,58.38,48242000,,
2018-02-02,56.10,56.15,55.36,55.59,97158000,,
2018-02-05,54.53,55.50,52.60,52.79,75966000,,
2018-02-06,51.36,54.09,51.16,54.03,68960000,,
2018-02-07,54.08,54.09,52.41,52.43,47384000,,
2018-02-08,52.77,52.93,50.03,50.08,57182000,,
2018-02-09,50.86,52.20,49.63,51.89,70118000,,
2018-02-12,52.40,53.08,52.05,52.60,41154000,,
2018-02-13,52.25,52.92,52.20,52.60,25302000,,
2018-02-14,52.45,53.59,52.34,53.48,31116000,,
2018-02-15,53.95,54.57,53.22,54.48,36868000,,
2018-02-16,54.42,55.23,54.42,54.74,33590000,,
2018-02-20,54.53,55.70,54.43,55.12,28462000,,
2018-02-21,55.32,56.70,55.32,55.57,30258000,,
2018-02-22,55.81,56.14,55.13,55.33,26344000,,
2018-02-23,55.63,56.36,55.24,56.34,25220000,,
2018-02-26,56.39,57.20,56.33,57.19,31182000,,
2018-02-27,57.06,57.20,55.90,55.91,35482000,,
2018-02-28,56.15,56.38,55.16,55.24,37652000,,
2018-03-01,55.39,55.51,53.35,53.48,50318000,,
2018-03-02,52.65,54.10,52.41,53.95,45432000,,
2018-03-05,53.76,54.85,53.45,54.55,24044000,,
2018-03-06,54.96,55.09,54.49,54.75,30656000,,
2018-03-07,54.46,55.61,54.27,55.48,25850000,,
2018-03-08,55.77,56.38,55.64,56.30,27102000,,
2018-03-09,56.80,58.04,56.62,58.00,42560000,,
2018-03-12,58.19,58.85,57.87,58.23,43446000,,
2018-03-13,58.50,58.84,56.67,56.91,38144000,,
2018-03-14,57.26,57.93,57.07,57.47,25828000,,
2018-03-15,57.50,58.05,56.73,57.48,27908000,,
2018-03-16,57.71,57.79,56.60,56.79,61840000,,
2018-03-19,56.00,56.10,54.45,54.99,56118000,,
2018-03-20,54.95,55.26,54.17,54.89,36638000,,
2018-03-21,54.64,55.31,54.26,54.54,37578000,,
2018-03-22,54.09,54.15,52.30,52.45,53340000,,
2018-03-23,52.35,53.17,51.06,51.08,43134000,,
2018-03-26,52.30,52.78,50.42,52.66,53302000,,
2018-03-27,53.15,53.24,49.85,50.26,61906000,,
2018-03-28,49.90,51.21,49.03,50.23,67386000,,
2018-03-29,50.58,52.15,50.15,51.59,54536000,,
2018-04-02,51.14,51.74,49.52,50.32,53608000,,
2018-04-03,50.70,51.05,49.70,50.67,45502000,,
2018-04-04,49.67,51.44,49.65,51.26,49694000,,
2018-04-05,52.07,52.14,51.01,51.39,27260000,,
2018-04-06,51.00,51.57,50.15,50.35,34928000,,
2018-04-09,50.84,51.98,50.70,50.77,35032000,,
2018-04-10,51.32,51.81,50.57,51.58,39490000,,
2018-04-11,51.40,51.57,50.79,51.00,29678000,,
2018-04-12,51.25,52.03,51.07,51.63,27140000,,
2018-04-13,52.04,52.32,51.15,51.46,24460000,,
2018-04-16,51.85,52.16,51.34,51.90,24224000,,
2018-04-17,52.57,53.89,52.41,53.71,46406000,,
2018-04-18,53.87,53.87,53.31,53.60,26882000,,
2018-04-19,53.47,54.71,53.41,54.38,34954000,,
2018-04-20,54.10,54.62,53.48,53.65,37794000,,
2018-04-23,53.89,54.14,53.03,53.37,46826000,,
2018-04-24,52.60,52.85,50.53,51.00,95206000,,
2018-04-25,51.28,51.62,50.77,51.06,47822000,,
2018-04-26,51.48,52.40,50.91,52.00,41590000,,
2018-04-27,52.30,52.48,51.28,51.50,32396000,,
2018-04-30,51.50,51.85,50.84,50.87,33426000,,
2018-05-01,50.68,51.92,50.41,51.87,28558000,,
2018-05-02,51.41,52.02,51.14,51.22,32062000,,
2018-05-03,50.95,51.48,50.31,51.19,36302000,,
2018-05-04,50.84,52.43,50.84,52.41,38774000,,
2018-05-07,52.46,53.08,52.35,52.74,29322000,,
2018-05-08,52.93,53.03,52.36,52.70,24354000,,
2018-05-09,52.91,54.27,52.82,54.14,40656000,,
2018-05-10,54.30,55.02,54.28,54.88,28860000,,
2018-05-11,54.68,55.07,54.55,54.91,25074000,,
2018-05-14,55.00,55.54,54.96,55.01,30362000,,
2018-05-15,54.50,54.50,53.67,53.96,29898000,,
2018-05-16,53.87,54.46,53.81,54.09,21946000,,
2018-05-17,53.99,54.34,53.67,53.93,20876000,,
2018-05-18,53.09,53.50,53.03,53.32,31304000,,
2018-05-21,53.70,54.40,53.68,53.98,20464000,,
2018-05-22,54.18,54.33,53.33,53.49,21800000,,
2018-05-23,53.26,54.04,53.09,53.98,21214000,,
2018-05-24,53.95,54.02,53.31,53.96,15336000,,
2018-05-25,53.95,54.13,53.69,53.78,17988000,,
2018-05-29,53.24,53.67,52.76,53.02,37302000,,
2018-05-30,53.15,53.46,52.84,53.39,22770000,,
2018-05-31,53.38,54.86,53.38,54.25,61766000,,
2018-06-01,54.97,56.00,54.92,55.98,48432000,,
2018-06-04,56.12,57.09,56.10,56.96,37792000,,
2018-06-05,57.05,57.29,56.66,56.98,33560000,,
2018-06-06,57.11,57.15,56.29,56.84,33964000,,
2018-06-07,56.57,56.79,55.83,56.19,30400000,,
2018-06-08,55.91,56.33,55.61,56.04,25816000,,
2018-06-11,55.93,56.86,55.93,56.50,21586000,,
2018-06-12,56.55,56.99,56.54,56.97,18240000,,
2018-06-13,57.06,57.33,56.67,56.74,30128000,,
2018-06-14,57.19,57.77,57.03,57.61,26868000,,
2018-06-15,57.44,57.67,57.17,57.61,42450000,,
2018-06-18,57.18,58.72,57.18,58.67,28274000,,
2018-06-19,57.92,58.56,57.70,58.40,32420000,,
2018-06-20,58.77,59.31,58.46,58.49,32970000,,
2018-06-21,58.74,58.86,57.61,57.88,24762000,,
2018-06-22,57.96,58.12,57.36,57.77,26220000,,
2018-06-25,57.18,57.20,55.64,56.24,43146000,,
2018-06-26,56.40,56.66,55.83,55.92,31264000,,
2018-06-27,56.07,56.59,55.18,55.20,25878000,,
2018-06-28,55.10,56.12,54.80,55.71,21448000,,
2018-06-29,56.00,56.41,55.75,55.78,26302000,,
2018-07-02,54.95,56.40,54.69,56.37,24346000,,
2018-07-03,56.79,56.79,55.00,55.14,13580000,,
2018-07-05,55.53,56.38,55.42,56.21,21334000,,
2018-07-06,56.18,57.05,56.04,57.01,19922000,,
2018-07-09,57.42,57.73,57.17,57.70,18180000,,
2018-07-10,57.85,57.98,57.48,57.64,15968000,,
2018-07-11,57.23,58.21,57.05,57.70,22400000,,
2018-07-12,57.99,59.22,57.80,59.17,25038000,,
2018-07-13,59.25,59.77,59.00,59.44,24438000,,
2018-07-16,59.47,59.55,58.96,59.19,21114000,,
2018-07-17,58.61,60.15,58.53,59.94,32208000,,
2018-07-18,59.83,60.23,59.52,59.79,27872000,,
2018-07-19,59.55,60.00,59.17,59.35,25534000,,
2018-07-20,59.35,59.84,59.21,59.25,24948000,,
2018-07-23,59.05,60.32,59.05,60.27,52384000,,
2018-07-24,63.13,63.30,61.78,62.40,66364000,,
2018-07-25,61.96,63.29,61.96,63.19,42556000,,
2018-07-26,62.55,63.49,62.45,63.42,48112000,,
2018-07-27,63.55,63.69,61.55,61.92,42612000,,
2018-07-30,61.40,61.75,60.57,60.99,36998000,,
2018-07-31,61.00,61.38,60.28,60.86,32894000,,
2018-08-01,61.40,61.67,60.51,61.00,31344000,,
2018-08-02,60.30,61.49,60.24,61.31,30626000,,
2018-08-03,61.48,61.50,60.75,61.19,21792000,,
2018-08-06,61.25,61.30,60.79,61.24,21634000,,
2018-08-07,61.85,62.56,61.81,62.11,29880000,,
2018-08-08,62.02,62.83,61.90,62.28,27406000,,
2018-08-09,62.49,62.78,62.30,62.45,16972000,,
2018-08-10,62.15,62.28,61.60,61.88,22174000,,
2018-08-13,61.85,62.46,61.68,61.75,19946000,,
2018-08-14,61.76,62.29,61.26,62.10,26962000,,
2018-08-15,61.46,61.76,60.48,60.72,36576000,,
2018-08-16,61.24,61.30,60.13,60.32,26864000,,
2018-08-17,60.10,60.45,59.41,60.05,27792000,,
2018-08-20,60.25,60.55,59.73,60.39,17416000,,
2018-08-21,60.40,60.86,60.02,60.08,24112000,,
2018-08-22,60.00,60.59,59.95,60.37,17748000,,
2018-08-23,60.36,61.06,60.21,60.27,19852000,,
2018-08-24,60.44,61.08,60.32,61.03,18932000,,
2018-08-27,61.38,62.15,61.29,62.09,23126000,,
2018-08-28,62.06,62.13,61.43,61.56,26080000,,
2018-08-29,61.87,62.53,61.82,62.47,25978000,,
2018-08-30,62.21,62.68,61.63,61.96,26628000,,
2018-08-31,61.75,61.93,60.56,60.91,36328000,,
2018-09-04,60.21,60.65,59.62,59.85,36620000,,
2018-09-05,59.69,59.95,58.10,59.32,41226000,,
2018-09-06,59.31,59.31,57.60,58.57,37770000,,
2018-09-07,57.93,58.76,57.86,58.24,28026000,,
2018-09-10,58.61,58.73,58.01,58.23,22308000,,
2018-09-11,58.08,58.93,57.81,58.87,24186000,,
2018-09-12,58.64,58.93,57.92,58.14,25910000,,
2018-09-13,58.54,58.93,58.14,58.77,28624000,,
2018-09-14,58.95,59.02,58.42,58.63,18880000,,
2018-09-17,58.51,58.86,57.70,57.80,26130000,,
2018-09-18,57.85,58.80,57.85,58.06,24072000,,
2018-09-19,58.25,58.66,57.73,58.55,23828000,,
2018-09-20,59.00,59.49,58.67,59.34,24508000,,
2018-09-21,59.60,59.61,58.30,58.30,88112000,,
2018-09-24,57.86,58.90,57.35,58.67,25420000,,
2018-09-25,58.81,59.34,58.40,59.23,19554000,,
2018-09-26,59.26,59.71,58.74,59.02,29246000,,
2018-09-27,59.34,60.10,59.18,59.73,25216000,,
2018-09-28,59.59,59.77,59.23,59.67,27612000,,
2018-10-01,59.99,60.49,59.52,59.77,27152000,,
2018-10-02,59.55,60.50,59.33,60.01,33758000,,
2018-10-03,60.25,60.32,59.69,60.15,25124000,,
2018-10-04,59.77,59.88,57.78,58.41,44190000,,
2018-10-05,58.38,58.67,57.26,57.87,23686000,,
2018-10-08,57.51,58.40,56.37,57.45,38648000,,
2018-10-09,57.31,57.72,56.88,56.94,26174000,,
2018-10-10,56.55,56.61,54.06,54.06,53514000,,
2018-10-11,53.65,55.32,53.41,53.97,58980000,,
2018-10-12,55.40,55.75,54.32,55.50,42026000,,
2018-10-15,55.45,55.67,54.45,54.61,27448000,,
2018-10-16,55.23,56.21,55.12,56.06,38570000,,
2018-10-17,56.32,56.45,55.11,55.78,29344000,,
2018-10-18,56.09,56.09,53.85,54.40,41890000,,
2018-10-19,54.67,55.52,54.39,54.82,25352000,,
2018-10-22,55.15,55.61,54.55,55.06,30284000,,
2018-10-23,54.04,55.39,53.50,55.18,36974000,,
2018-10-24,55.21,55.31,52.44,52.54,39648000,,
2018-10-25,53.59,55.55,53.48,54.78,50916000,,
2018-10-26,51.85,55.33,51.70,53.57,83752000,,
2018-10-29,54.12,54.85,49.79,51.00,77614000,,
2018-10-30,50.42,51.87,50.04,51.81,64254000,,
2018-10-31,52.99,54.60,52.85,53.84,50596000,,
2018-11-01,53.79,54.20,53.12,53.50,29640000,,
2018-11-02,53.69,54.15,52.73,52.89,36780000,,
2018-11-05,52.75,52.92,51.06,52.00,48828000,,
2018-11-06,51.97,53.22,51.90,52.79,24666000,,
2018-11-07,53.45,54.77,53.30,54.67,41168000,,
2018-11-08,54.57,54.66,53.61,54.12,29764000,,
2018-11-09,53.70,53.78,52.66,53.31,26864000,,
2018-11-12,53.07,53.11,51.55,51.93,29436000,,
2018-11-13,52.16,52.83,51.56,51.80,30274000,,
2018-11-14,52.50,52.73,51.55,52.18,31318000,,
2018-11-15,52.24,53.59,51.59,53.24,36722000,,
2018-11-16,52.97,53.35,52.45,53.07,33162000,,
2018-11-19,52.86,53.04,50.81,51.00,37172000,,
2018-11-20,50.00,51.59,49.80,51.29,48982000,,
2018-11-21,51.84,52.43,51.67,51.88,30686000,,
2018-11-23,51.50,51.88,51.12,51.19,13830000,,
2018-11-26,51.92,52.47,51.70,52.43,38856000,,
2018-11-27,52.05,52.88,51.92,52.22,36064000,,
2018-11-28,52.44,54.34,51.79,54.31,49508000,,
2018-11-29,53.80,54.71,53.80,54.41,29378000,,
2018-11-30,54.45,54.78,53.89,54.72,51604000,,
2018-12-03,56.16,56.23,55.18,55.32,39824000,,
2018-12-04,55.16,55.22,52.50,52.54,46904000,,
2018-12-06,51.71,53.56,51.54,53.44,55384000,,
2018-12-07,53.00,53.76,51.42,51.83,42024000,,
2018-12-10,51.75,52.42,51.16,51.98,36154000,,
2018-12-11,52.82,53.03,51.99,52.59,27894000,,
2018-12-12,53.40,54.08,53.14,53.18,30476000,,
2018-12-13,53.40,53.99,52.70,53.09,26596000,,
2018-12-14,52.50,53.13,52.04,52.10,33732000,,
2018-12-17,51.88,52.66,50.40,50.83,47708000,,
2018-12-18,51.30,52.47,51.07,51.44,43850000,,
2018-12-19,51.70,53.10,50.40,51.15,49586000,,
2018-12-20,50.91,51.71,49.82,50.47,53470000,,
2018-12-21,50.77,51.20,48.68,48.98,91920000,,
2018-12-24,48.70,50.18,48.51,48.81,31806000,,
2018-12-26,49.45,52.00,49.15,51.97,47466000,,
2018-12-27,50.86,52.19,49.85,52.19,42196000,,
2018-12-28,52.48,52.78,51.66,51.85,28296000,,
2018-12-31,52.55,52.63,51.18,51.78,29866000,,
2019-01-02,50.83,52.62,50.79,52.29,30652000,,
2019-01-03,52.05,52.85,50.70,50.80,36822000,,
2019-01-04,51.63,53.54,51.37,53.54,41878000,,
2019-01-07,53.58,53.70,52.74,53.42,39638000,,
2019-01-08,53.81,54.23,53.03,53.81,35298000,,
2019-01-09,54.08,54.13,53.32,53.73,23986000,,
2019-01-10,53.38,53.56,52.89,53.52,29128000,,
2019-01-11,53.16,53.19,52.42,52.86,30416000,,
2019-01-14,52.35,52.58,52.06,52.23,22886000,,
2019-01-15,52.51,54.00,52.37,53.86,29272000,,
2019-01-16,54.00,54.62,53.97,54.05,26636000,,
2019-01-17,53.97,54.59,53.67,54.49,24854000,,
2019-01-18,55.00,55.42,54.55,54.91,39112000,,
2019-01-22,54.40,54.58,53.17,53.53,32270000,,
2019-01-23,53.87,54.25,52.99,53.78,19340000,,
2019-01-24,53.82,53.97,53.03,53.70,27226000,,
2019-01-25,54.25,54.70,54.09,54.55,22382000,,
2019-01-28,54.01,54.15,53.19,53.50,25686000,,
2019-01-29,53.63,53.76,52.79,53.03,20436000,,
2019-01-30,53.42,54.55,53.34,54.45,25596000,,
2019-01-31,55.15,55.87,54.77,55.82,30766000,,
2019-02-01,55.62,56.25,55.24,55.54,29244000,,
2019-02-04,55.63,56.64,55.45,56.64,51530000,,
2019-02-05,56.24,57.34,55.86,57.30,71044000,,
2019-02-06,56.98,57.35,55.64,55.76,42112000,,
2019-02-07,55.21,55.24,54.30,54.94,40896000,,
2019-02-08,54.35,54.95,54.33,54.75,21516000,,
2019-02-11,54.85,55.30,54.64,54.75,21304000,,
2019-02-12,55.34,56.26,55.29,56.07,32182000,,
2019-02-13,56.25,56.74,55.92,56.01,20996000,,
2019-02-14,55.90,56.41,55.52,56.08,18952000,,
2019-02-15,56.50,56.58,55.53,55.68,28996000,,
2019-02-19,55.50,56.09,55.50,55.93,20928000,,
2019-02-20,56.00,56.17,55.26,55.69,21756000,,
2019-02-21,55.54,55.60,54.63,54.85,28302000,,
2019-02-22,55.05,55.56,54.78,55.52,20990000,,
2019-02-25,55.80,55.93,55.36,55.47,28262000,,
2019-02-26,55.29,55.98,55.00,55.76,29426000,,
2019-02-27,55.35,55.90,55.05,55.80,19368000,,
2019-02-28,55.56,56.38,55.55,56.00,30850000,,
2019-03-01,56.24,57.15,56.24,57.05,29006000,,
2019-03-04,57.35,57.91,56.53,57.39,28920000,,
2019-03-05,57.50,58.48,57.31,58.10,28864000,,
2019-03-06,58.12,58.38,57.77,57.89,21986000,,
2019-03-07,57.79,57.84,56.75,57.16,23332000,,
2019-03-08,56.34,57.35,56.16,57.12,24248000,,
2019-03-11,57.22,58.81,57.22,58.79,34384000,,
2019-03-12,58.91,60.00,58.91,59.66,40262000,,
2019-03-13,60.03,60.05,59.60,59.67,28718000,,
2019-03-14,59.73,59.89,59.22,59.28,23456000,,
2019-03-15,59.67,59.83,59.13,59.22,49236000,,
2019-03-18,59.16,59.50,58.87,59.21,25852000,,
2019-03-19,59.44,60.00,59.29,59.94,30414000,,
2019-03-20,59.87,61.36,59.81,61.20,44548000,,
2019-03-21,60.80,61.59,60.66,61.58,24080000,,
2019-03-22,61.32,61.50,60.14,60.27,34284000,,
2019-03-25,59.85,60.32,59.35,59.65,29936000,,
2019-03-26,59.93,60.14,58.84,59.23,38024000,,
2019-03-27,59.27,59.38,57.97,58.65,28004000,,
2019-03-28,58.58,58.58,57.97,58.42,19234000,,
2019-03-29,58.74,58.95,58.14,58.67,25398000,,
2019-04-01,59.20,59.83,59.10,59.72,25050000,,
2019-04-02,59.77,60.07,59.29,60.02,16558000,,
2019-04-03,60.37,60.81,60.02,60.30,20286000,,
2019-04-04,60.30,60.78,60.21,60.75,19000000,,
2019-04-05,60.75,60.81,60.25,60.36,18144000,,
2019-04-08,60.39,60.43,59.99,60.19,17204000,,
2019-04-09,59.80,60.11,59.65,59.86,17528000,,
2019-04-10,60.03,60.19,59.82,60.11,14492000,,
2019-04-11,60.20,60.40,60.01,60.23,14204000,,
2019-04-12,60.50,60.92,60.41,60.89,18668000,,
2019-04-15,60.90,61.21,60.46,61.05,23748000,,
2019-04-16,61.25,61.54,61.01,61.36,17126000,,
2019-04-17,61.65,62.03,61.39,61.82,24438000,,
2019-04-18,61.96,62.10,61.73,61.82,26636000,,
2019-04-22,61.80,62.45,61.42,62.44,16146000,,
2019-04-23,62.53,63.45,62.32,63.23,26398000,,
2019-04-24,63.21,63.40,62.75,62.80,20376000,,
2019-04-25,63.24,63.37,62.60,63.17,22146000,,
2019-04-26,63.45,63.65,63.02,63.61,24828000,,
2019-04-29,63.70,64.46,63.31,64.38,49988000,,
2019-04-30,59.25,59.64,58.75,59.42,124140000,,
2019-05-01,59.40,59.40,58.36,58.40,52784000,,
2019-05-02,58.39,58.71,57.75,58.13,38896000,,
2019-05-03,58.68,59.34,58.45,59.27,39614000,,
2019-05-06,58.31,59.54,58.31,59.47,31278000,,
2019-05-07,59.02,59.52,58.05,58.70,31028000,,
2019-05-08,58.60,59.02,58.29,58.31,26186000,,
2019-05-09,57.95,58.48,57.54,58.12,23714000,,
2019-05-10,58.18,58.63,57.12,58.21,26290000,,
2019-05-13,57.10,57.40,56.11,56.60,37212000,,
2019-05-14,56.86,57.02,55.98,56.02,36732000,,
2019-05-15,55.89,58.57,55.83,58.21,45786000,,
2019-05-16,58.23,59.41,58.14,58.95,30628000,,
2019-05-17,58.42,59.01,58.00,58.12,24172000,,
2019-05-20,57.23,57.34,56.57,56.94,27066000,,
2019-05-21,57.42,57.64,56.90,57.48,23196000,,
2019-05-22,57.34,57.93,57.29,57.57,18290000,,
2019-05-23,57.02,57.30,56.46,57.04,23978000,,
2019-05-24,57.37,57.49,56.58,56.67,22240000,,
2019-05-28,56.70,57.58,56.66,56.71,27300000,,
2019-05-29,56.38,56.45,55.41,55.82,30764000,,
2019-05-30,55.78,56.16,55.61,55.90,19038000,,
2019-05-31,55.06,55.48,55.01,55.18,30156000,,
2019-06-03,53.27,53.27,51.25,51.81,102612000,,
2019-06-04,52.15,52.80,51.68,52.65,56670000,,
2019-06-05,52.58,52.68,51.52,52.11,43368000,,
2019-06-06,52.25,52.37,51.69,52.22,34064000,,
2019-06-07,52.53,53.55,52.42,53.30,36048000,,
2019-06-10,53.65,54.63,53.62,54.02,29284000,,
2019-06-11,54.70,55.10,53.88,53.94,28734000,,
2019-06-12,53.90,54.05,53.38,53.85,21220000,,
2019-06-13,54.18,54.71,54.01,54.44,21154000,,
2019-06-14,54.32,54.63,54.01,54.27,22230000,,
2019-06-17,54.31,54.96,54.31,54.62,18832000,,
2019-06-18,55.48,55.82,54.95,55.18,27734000,,
2019-06-19,55.28,55.35,54.67,55.12,26776000,,
2019-06-20,56.00,56.01,55.24,55.57,25240000,,
2019-06-21,55.46,56.21,55.40,56.09,38952000,,
2019-06-24,55.98,56.10,55.55,55.78,27912000,,
2019-06-25,55.63,55.72,54.19,54.32,30938000,,
2019-06-26,54.33,54.65,53.61,53.99,36218000,,
2019-06-27,54.20,54.35,53.76,53.80,20086000,,
2019-06-28,53.82,54.05,53.67,54.05,33864000,,
2019-07-01,54.90,55.38,54.69,54.90,28726000,,
2019-07-02,55.11,55.59,54.91,55.56,19832000,,
2019-07-03,55.87,56.34,55.69,56.08,15340000,,
2019-07-05,55.89,56.64,55.81,56.58,25286000,,
2019-07-08,56.26,56.30,55.56,55.82,24728000,,
2019-07-09,55.59,56.40,55.36,56.24,26608000,,
2019-07-10,56.56,57.10,56.55,57.02,24190000,,
2019-07-11,57.16,57.65,56.98,57.21,23910000,,
2019-07-12,57.20,57.37,56.94,57.24,17280000,,
2019-07-15,57.34,57.54,56.97,57.52,18076000,,
2019-07-16,57.30,57.93,57.25,57.68,24776000,,
2019-07-17,57.55,57.92,57.29,57.32,23400000,,
2019-07-18,57.09,57.38,56.64,57.32,25814000,,
2019-07-19,57.41,57.56,56.48,56.51,32944000,,
2019-07-22,56.67,56.96,56.21,56.90,26030000,,
2019-07-23,57.20,57.34,56.59,57.31,21874000,,
2019-07-24,56.59,57.20,56.35,56.89,31796000,,
2019-07-25,56.89,57.09,56.05,56.61,44196000,,
2019-07-26,61.20,63.28,61.20,62.52,96116000,,
2019-07-29,62.05,62.37,61.41,61.97,44474000,,
2019-07-30,61.27,61.74,61.16,61.26,29066000,,
2019-07-31,61.15,61.70,60.39,60.83,34510000,,
2019-08-01,60.70,61.71,60.29,60.45,33970000,,
2019-08-02,60.04,60.34,59.45,59.70,32902000,,
2019-08-05,58.50,58.76,57.01,57.62,51950000,,
2019-08-06,58.17,59.00,58.00,58.50,34188000,,
2019-08-07,57.80,58.92,57.48,58.70,28886000,,
2019-08-08,59.14,60.25,58.65,60.24,29360000,,
2019-08-09,59.90,60.19,59.18,59.40,21314000,,
2019-08-12,58.96,59.25,58.38,58.74,20060000,,
2019-08-13,58.57,60.24,58.57,59.86,25888000,,
2019-08-14,58.82,59.12,58.03,58.21,31574000,,
2019-08-15,58.17,58.79,58.11,58.36,24374000,,
2019-08-16,58.98,59.14,58.59,58.88,26266000,,
2019-08-19,59.50,60.35,59.50,59.92,24632000,,
2019-08-20,59.76,59.80,59.11,59.13,18310000,,
2019-08-21,59.66,59.95,59.37,59.56,14814000,,
2019-08-22,59.70,59.90,58.93,59.48,18950000,,
2019-08-23,59.10,59.70,57.39,57.56,33740000,,
2019-08-26,57.86,58.47,57.65,58.44,24522000,,
2019-08-27,59.03,59.12,58.07,58.39,21544000,,
2019-08-28,58.09,58.82,57.87,58.55,16040000,,
2019-08-29,59.06,59.80,59.06,59.64,21768000,,
2019-08-30,59.92,59.92,59.19,59.41,22596000,,
2019-09-03,58.85,59.34,58.16,58.42,29598000,,
2019-09-04,58.84,59.17,58.55,59.07,21378000,,
2019-09-05,59.58,60.65,59.58,60.57,28162000,,
2019-09-06,60.41,60.60,60.13,60.25,21442000,,
2019-09-09,60.20,61.00,59.63,60.22,29438000,,
2019-09-10,59.76,60.50,59.73,60.30,25202000,,
2019-09-11,60.17,61.13,60.11,61.01,26140000,,
2019-09-12,61.22,62.09,61.15,61.71,34518000,,
2019-09-13,61.57,62.04,61.35,61.98,26028000,,
2019-09-16,61.48,61.98,61.28,61.56,21066000,,
2019-09-17,61.52,61.75,61.18,61.46,19102000,,
2019-09-18,61.38,61.78,60.83,61.62,22702000,,
2019-09-19,61.60,62.22,61.60,61.94,19920000,,
2019-09-20,61.66,62.17,61.15,61.50,45400000,,
2019-09-23,61.30,61.95,61.21,61.70,21248000,,
2019-09-24,62.00,62.34,60.53,60.94,31664000,,
2019-09-25,60.79,62.41,60.50,62.33,29060000,,
2019-09-26,62.10,62.25,61.61,62.07,30760000,,
2019-09-27,62.15,62.20,60.72,61.25,27078000,,
2019-09-30,61.05,61.30,60.62,60.95,28082000,,
2019-10-01,60.95,61.56,60.18,60.26,25470000,,
2019-10-02,59.85,59.85,58.56,58.83,32302000,,
2019-10-03,59.00,59.45,58.12,59.39,32424000,,
2019-10-04,59.59,60.57,59.46,60.45,23248000,,
2019-10-07,60.22,60.91,60.19,60.38,16858000,,
2019-10-08,59.88,60.30,59.45,59.46,20786000,,
2019-10-09,59.97,60.42,59.88,60.12,17354000,,
2019-10-10,59.93,60.75,59.87,60.43,16932000,,
2019-10-11,61.11,61.42,60.69,60.77,25454000,,
2019-10-14,60.62,61.32,60.59,60.86,17350000,,
2019-10-15,61.02,62.37,61.02,62.15,27634000,,
2019-10-16,62.06,62.74,61.92,62.18,21892000,,
2019-10-17,62.55,63.17,62.50,62.65,19048000,,
2019-10-18,62.67,62.94,62.05,62.27,27056000,,
2019-10-21,62.61,62.73,62.03,62.31,20544000,,
2019-10-22,62.39,62.53,62.07,62.14,20476000,,
2019-10-23,62.12,62.99,62.12,62.96,18230000,,
2019-10-24,63.05,63.20,62.69,63.05,20562000,,
2019-10-25,62.55,63.48,62.50,63.26,24262000,,
2019-10-28,63.77,64.97,63.63,64.50,52264000,,
2019-10-29,63.81,64.08,62.86,63.13,37728000,,
2019-10-30,62.65,63.47,62.60,63.06,28178000,,
2019-10-31,63.06,63.38,62.54,63.01,29114000,,
2019-11-01,63.25,63.73,63.02,63.69,33402000,,
2019-11-04,63.82,64.71,63.82,64.57,30020000,,
2019-11-05,64.64,64.95,64.56,64.60,25654000,,
2019-11-06,64.47,64.69,64.12,64.59,23060000,,
2019-11-07,64.71,66.19,64.71,65.44,40600000,,
2019-11-08,65.26,65.90,65.22,65.57,25028000,,
2019-11-11,65.16,65.32,64.87,64.96,20238000,,
2019-11-12,65.00,65.50,64.79,64.94,21718000,,
2019-11-13,64.70,65.22,64.68,64.90,16534000,,
2019-11-14,64.88,65.85,64.78,65.57,23870000,,
2019-11-15,65.95,66.74,65.71,66.74,35652000,,
2019-11-18,66.61,66.78,65.88,66.03,29748000,,
2019-11-19,66.39,66.39,65.64,65.77,25384000,,
2019-11-20,65.59,65.75,64.56,65.15,26172000,,
2019-11-21,65.07,65.63,64.65,65.07,19910000,,
2019-11-22,65.28,65.44,64.57,64.77,27714000,,
2019-11-25,64.96,65.57,64.91,65.33,20724000,,
2019-11-26,65.49,65.74,65.25,65.68,21394000,,
2019-11-27,65.75,65.92,65.48,65.65,19912000,,
2019-11-29,65.36,65.51,65.20,65.25,11740000,,
2019-12-02,65.05,65.29,64.05,64.50,30218000,,
2019-12-03,63.98,64.92,63.95,64.76,22876000,,
2019-12-04,65.35,66.29,65.24,66.03,30750000,,
2019-12-05,66.40,66.47,65.82,66.41,24254000,,
2019-12-06,66.67,67.20,66.67,67.03,26296000,,
2019-12-09,66.90,67.97,66.89,67.18,27086000,,
2019-12-10,67.08,67.50,66.80,67.23,21882000,,
2019-12-11,67.54,67.56,67.13,67.25,17008000,,
2019-12-12,67.30,67.79,67.03,67.51,25620000,,
2019-12-13,67.40,67.65,67.19,67.39,30992000,,
2019-12-16,67.83,68.23,67.63,68.06,27946000,,
2019-12-17,68.14,68.25,67.57,67.76,37080000,,
2019-12-18,67.83,68.02,67.55,67.63,30452000,,
2019-12-19,67.59,67.91,67.45,67.80,29398000,,
2019-12-20,68.17,68.18,67.45,67.48,66300000,,
2019-12-23,67.79,67.99,67.33,67.44,17662000,,
2019-12-24,67.42,67.51,67.14,67.18,6950000,,
2019-12-26,67.31,68.07,67.22,68.02,13350000,,
2019-12-27,68.15,68.23,67.47,67.59,20768000,,
2019-12-30,67.50,67.65,66.70,66.81,21018000,,
2019-12-31,66.51,66.90,66.45,66.85,19236000,,
2020-01-02,67.08,68.41,67.08,68.37,28132000,,
2020-01-03,67.39,68.62,67.28,68.03,23728000,,
2020-01-06,67.50,69.83,67.50,69.71,34646000,,
2020-01-07,69.90,70.15,69.52,69.67,30054000,,
2020-01-08,69.60,70.58,69.54,70.22,30560000,,
2020-01-09,71.03,71.37,70.51,70.99,30018000,,
2020-01-10,71.38,71.75,70.92,71.49,36414000,,
2020-01-13,71.81,72.03,71.30,71.96,33046000,,
2020-01-14,71.95,72.09,71.42,71.54,31178000,,
2020-01-15,71.51,72.07,71.51,71.96,25654000,,
2020-01-16,72.37,72.60,72.05,72.58,23474000,,
2020-01-17,73.15,74.06,72.91,74.02,47924000,,
2020-01-21,73.96,74.59,73.56,74.22,40734000,,
2020-01-22,74.55,75.16,74.25,74.30,32216000,,
2020-01-23,74.38,74.78,74.11,74.33,27024000,,
2020-01-24,74.68,74.77,73.26,73.34,35692000,,
2020-01-27,71.55,71.90,71.06,71.69,35104000,,
2020-01-28,72.15,72.80,71.62,72.63,31548000,,
2020-01-29,72.94,73.27,72.34,72.93,21554000,,
2020-01-30,72.00,72.86,71.82,72.79,26788000,,
2020-01-31,73.44,73.51,71.43,71.71,48344000,,
2020-02-03,73.10,74.50,72.95,74.30,60736000,,
2020-02-04,72.85,73.47,71.31,72.35,78660000,,
2020-02-05,73.12,73.19,71.53,72.41,39724000,,
2020-02-06,72.52,74.10,72.48,73.81,33588000,,
2020-02-07,73.36,74.29,73.32,73.96,23446000,,
2020-02-10,73.72,75.47,73.72,75.43,28398000,,
2020-02-11,75.59,76.48,75.28,75.44,26892000,,
2020-02-12,75.72,76.03,75.41,75.91,23352000,,
2020-02-13,75.63,76.36,75.23,75.73,18590000,,
2020-02-14,75.78,76.04,75.37,76.04,23956000,,
2020-02-18,75.75,76.58,75.63,75.98,22414000,,
2020-02-19,76.25,76.61,76.07,76.33,18986000,,
2020-02-20,76.10,76.48,75.34,75.91,21932000,,
2020-02-21,75.40,75.61,74.02,74.26,34634000,,
2020-02-24,71.31,71.85,70.57,71.08,57342000,,
2020-02-25,71.65,71.91,69.12,69.42,49566000,,
2020-02-26,69.81,70.78,68.95,69.66,44048000,,
2020-02-27,68.10,68.59,65.86,65.90,59566000,,
2020-02-28,63.88,67.06,63.55,66.97,75782000,,
2020-03-02,67.58,69.54,66.34,69.46,48630000,,
2020-03-03,69.97,70.51,66.60,67.07,48046000,,
2020-03-04,67.96,69.40,67.16,69.33,38266000,,
2020-03-05,67.51,67.95,65.25,65.95,51226000,,
2020-03-06,63.85,65.31,63.05,64.92,53212000,,
2020-03-09,60.27,62.74,60.00,60.78,67308000,,
2020-03-10,63.00,64.06,60.94,64.02,52228000,,
2020-03-11,62.48,63.05,59.80,60.77,52170000,,
2020-03-12,56.30,59.69,55.66,55.75,84534000,,
2020-03-13,58.95,60.99,55.86,60.99,74002000,,
2020-03-16,54.80,57.61,53.72,54.22,85048000,,
2020-03-17,54.66,56.54,52.80,55.99,77230000,,
2020-03-18,52.83,55.33,51.86,54.84,84668000,,
2020-03-19,54.65,57.90,53.01,55.76,73022000,,
2020-03-20,56.79,57.20,53.27,53.62,72036000,,
2020-03-23,53.07,53.57,50.68,52.83,80882000,,
2020-03-24,55.19,56.75,54.53,56.72,66890000,,
2020-03-25,56.32,57.45,54.30,55.12,81630000,,
2020-03-26,55.59,58.50,54.68,58.09,71434000,,
2020-03-27,56.28,57.53,55.30,55.54,64170000,,
2020-03-30,56.25,57.58,54.82,57.34,51482000,,
2020-03-31,57.37,58.77,56.91,58.14,49728000,,
2020-04-01,56.10,56.48,54.87,55.28,46884000,,
2020-04-02,54.91,56.34,54.82,56.04,39298000,,
2020-04-03,55.95,56.18,53.99,54.89,46268000,,
2020-04-06,56.90,59.73,56.55,59.35,53294000,,
2020-04-07,61.05,61.25,59.11,59.33,47746000,,
2020-04-08,60.33,60.95,59.41,60.51,39502000,,
2020-04-09,61.20,61.28,59.84,60.57,43508000,,
2020-04-13,60.46,61.03,59.38,60.88,34796000,,
2020-04-14,62.25,64.10,61.85,63.46,49408000,,
2020-04-15,62.28,64.02,62.02,63.12,33434000,,
2020-04-16,63.70,63.95,62.13,63.17,50362000,,
2020-04-17,64.24,64.72,63.56,64.16,38980000,,
2020-04-20,63.55,64.08,63.07,63.33,33910000,,
2020-04-21,62.35,62.71,60.49,60.82,43060000,,
2020-04-22,62.28,64.28,62.10,63.16,41848000,,
2020-04-23,63.58,64.67,63.28,63.82,31324000,,
2020-04-24,63.06,64.02,62.47,63.97,32792000,,
2020-04-27,64.80,64.81,63.45,63.79,32012000,,
2020-04-28,64.40,64.40,61.61,61.68,59026000,,
2020-04-29,67.07,68.00,66.27,67.07,75872000,,
2020-04-30,66.24,67.64,66.12,67.43,53378000,,
2020-05-01,66.42,67.60,65.55,66.03,41450000,,
2020-05-04,65.41,66.38,64.95,66.34,30080000,,
2020-05-05,66.90,68.70,66.87,67.56,33030000,,
2020-05-06,68.08,68.56,67.36,67.36,24308000,,
2020-05-07,68.30,68.88,67.76,68.63,27952000,,
2020-05-08,69.16,69.94,68.77,69.42,27738000,,
2020-05-11,68.91,70.83,68.86,70.16,28242000,,
2020-05-12,70.36,70.75,68.74,68.79,27812000,,
2020-05-13,68.85,69.27,66.42,67.47,36252000,,
2020-05-14,66.75,67.87,66.20,67.81,32062000,,
2020-05-15,67.50,68.72,66.95,68.66,34154000,,
2020-05-18,68.09,69.62,67.71,69.20,36448000,,
2020-05-19,69.35,69.60,68.67,68.67,25612000,,
2020-05-20,69.48,70.52,69.36,70.34,33108000,,
2020-05-21,70.40,70.77,69.67,70.14,27700000,,
2020-05-22,69.84,70.64,69.59,70.52,26188000,,
2020-05-26,71.86,72.05,70.61,70.85,41212000,,
2020-05-27,70.86,71.09,69.56,70.89,33716000,,
2020-05-28,69.84,72.04,69.80,70.84,33844000,,
2020-05-29,70.85,71.63,70.67,71.45,36418000,,
2020-06-01,70.92,71.90,70.90,71.59,24342000,,
2020-06-02,71.53,71.98,70.94,71.96,25562000,,
2020-06-03,71.92,72.33,71.49,71.82,25124000,,
2020-06-04,71.52,71.95,70.24,70.61,29686000,,
2020-06-05,70.66,72.25,70.30,71.92,34698000,,
2020-06-08,71.12,72.40,71.12,72.33,28084000,,
2020-06-09,72.27,73.40,72.16,72.81,28184000,,
2020-06-10,72.98,73.71,72.81,73.29,30504000,,
2020-06-11,72.12,72.72,70.10,70.19,39826000,,
2020-06-12,71.42,71.85,69.30,70.66,38928000,,
2020-06-15,69.54,71.24,69.40,70.99,30078000,,
2020-06-16,72.26,72.75,71.30,72.14,34184000,,
2020-06-17,72.36,73.00,71.57,72.56,30992000,,
2020-06-18,72.46,72.57,71.35,71.80,31638000,,
2020-06-19,72.20,72.39,71.07,71.59,63158000,,
2020-06-22,71.45,72.64,71.16,72.59,30848000,,
2020-06-23,72.78,73.80,72.26,73.22,28596000,,
2020-06-24,73.08,73.77,71.49,71.60,35120000,,
2020-06-25,71.50,72.14,71.00,72.07,24610000,,
2020-06-26,71.57,71.67,67.60,68.00,85354000,,
2020-06-29,67.91,69.78,67.35,69.75,36204000,,
2020-06-30,69.52,70.93,69.20,70.68,40848000,,
2020-07-01,70.56,72.15,70.49,71.90,35504000,,
2020-07-02,72.35,74.15,72.32,73.23,37182000,,
2020-07-06,74.00,75.33,73.64,74.78,31280000,,
2020-07-07,74.50,75.84,74.18,74.26,29164000,,
2020-07-08,74.72,75.29,74.28,74.80,24994000,,
2020-07-09,75.32,76.14,74.40,75.55,28466000,,
2020-07-10,75.31,77.19,74.83,77.09,37126000,,
2020-07-13,77.50,78.86,75.26,75.57,36928000,,
2020-07-14,74.52,76.15,74.17,76.03,31700000,,
2020-07-15,76.16,76.77,74.90,75.68,32214000,,
2020-07-16,75.00,75.93,74.32,75.90,30386000,,
2020-07-17,76.08,76.17,74.92,75.78,29134000,,
2020-07-20,75.76,78.51,75.18,78.29,31146000,,
2020-07-21,79.35,79.35,77.71,77.92,24324000,,
2020-07-22,78.03,78.50,77.31,78.42,18640000,,
2020-07-23,78.35,78.59,75.37,75.78,32552000,,
2020-07-24,74.95,75.88,74.42,75.59,30880000,,
2020-07-27,75.78,77.05,75.76,76.51,24920000,,
2020-07-28,76.26,76.32,74.88,75.02,34044000,,
2020-07-29,75.32,76.56,75.07,76.10,22130000,,
2020-07-30,74.85,76.89,74.61,76.57,33428000,,
2020-07-31,75.25,75.45,72.70,74.15,68798000,,
2020-08-03,74.33,74.52,73.28,73.72,46604000,,
2020-08-04,73.83,74.28,72.93,73.25,38070000,,
2020-08-05,73.47,74.12,73.17,73.68,39590000,,
2020-08-06,73.59,75.12,73.30,75.00,39908000,,
2020-08-07,75.00,75.84,74.08,74.72,31556000,,
2020-08-10,74.36,75.20,73.65,74.81,25786000,,
2020-08-11,74.62,75.50,73.90,74.02,29088000,,
2020-08-12,74.28,75.62,74.26,75.33,28740000,,
2020-08-13,75.52,76.86,75.40,75.92,29104000,,
2020-08-14,75.78,76.09,75.14,75.39,27096000,,
2020-08-17,75.73,76.28,75.40,75.90,27566000,,
2020-08-18,76.31,78.12,76.19,77.93,40542000,,
2020-08-19,77.67,78.68,77.20,77.38,33212000,,
2020-08-20,77.17,79.29,76.91,79.09,34138000,,
2020-08-21,78.85,79.89,78.40,79.02,28930000,,
2020-08-24,79.70,80.71,79.03,79.41,28198000,,
2020-08-25,79.10,80.58,79.10,80.41,44942000,,
2020-08-26,80.40,82.96,80.18,82.62,79868000,,
2020-08-27,82.68,82.75,81.29,81.72,37232000,,
2020-08-28,81.67,82.36,81.54,82.22,29980000,,
2020-08-31,82.39,82.40,81.52,81.71,36468000,,
2020-09-01,81.83,83.29,81.61,83.04,36506000,,
2020-09-02,83.69,86.66,83.32,86.41,50224000,,
2020-09-03,85.49,85.49,80.75,82.09,62156000,,
2020-09-04,81.21,82.26,77.38,79.55,52172000,,
2020-09-08,76.68,78.19,76.40,76.62,52218000,,
2020-09-09,77.88,78.45,76.80,77.85,35494000,,
2020-09-10,78.03,79.20,76.29,76.60,32372000,,
2020-09-11,76.80,78.76,74.87,76.04,31942000,,
2020-09-14,76.95,78.20,75.79,75.96,33932000,,
2020-09-15,76.80,77.98,76.59,77.07,26622000,,
2020-09-16,77.78,78.10,75.99,76.05,26234000,,
2020-09-17,74.80,75.41,73.50,74.78,37596000,,
2020-09-18,74.90,75.15,71.86,73.00,62078000,,
2020-09-21,72.00,72.42,70.33,71.56,57776000,,
2020-09-22,72.50,73.48,71.73,73.27,31664000,,
2020-09-23,72.94,73.05,70.39,70.76,33148000,,
2020-09-24,70.55,72.19,70.49,71.41,29004000,,
2020-09-25,71.63,72.50,70.67,72.25,26460000,,
2020-09-28,73.71,73.84,72.47,73.23,40158000,,
2020-09-29,73.52,73.83,72.94,73.47,19564000,,
2020-09-30,73.34,74.49,72.99,73.48,34032000,,
2020-10-01,74.21,74.95,73.96,74.50,35590000,,
2020-10-02,73.10,74.16,72.55,72.92,25682000,,
2020-10-05,73.31,74.41,73.21,74.30,22266000,,
2020-10-06,73.78,74.34,72.43,72.67,24908000,,
2020-10-07,73.21,73.45,71.80,73.01,34924000,,
2020-10-08,73.25,74.50,73.25,74.30,23756000,,
2020-10-09,74.73,75.83,74.47,75.76,28706000,,
2020-10-12,77.15,79.69,76.63,78.46,49652000,,
2020-10-13,79.19,79.50,78.16,78.58,32020000,,
2020-10-14,78.93,79.38,77.53,78.40,38586000,,
2020-10-15,77.36,78.76,77.25,77.96,30800000,,
2020-10-16,78.29,79.06,78.15,78.65,28694000,,
2020-10-19,79.02,79.41,76.40,76.73,32142000,,
2020-10-20,76.35,78.88,76.28,77.80,44834000,,
2020-10-21,78.67,80.94,78.58,79.67,51366000,,
2020-10-22,79.65,81.10,79.25,80.77,28672000,,
2020-10-23,81.30,82.12,81.03,82.05,27516000,,
2020-10-26,81.25,81.91,78.83,79.52,37066000,,
2020-10-27,79.78,80.34,79.14,80.21,24580000,,
2020-10-28,77.99,78.07,75.73,75.83,36680000,,
2020-10-29,76.12,79.69,76.11,78.36,40062000,,
2020-10-30,83.61,84.35,80.22,81.05,86582000,,
2020-11-02,81.41,83.04,80.80,81.30,50708000,,
2020-11-03,81.59,83.08,80.83,82.51,33234000,,
2020-11-04,85.51,88.57,85.30,87.46,71418000,,
2020-11-05,89.05,89.68,87.53,88.17,41316000,,
2020-11-06,87.70,88.62,87.02,88.09,33218000,,
2020-11-09,89.55,90.90,88.00,88.15,45366000,,
2020-11-10,86.55,88.15,85.86,87.02,52722000,,
2020-11-11,87.50,88.21,87.37,87.64,25280000,,
2020-11-12,87.38,88.41,87.28,87.49,24950000,,
2020-11-13,87.88,89.05,87.23,88.85,29998000,,
2020-11-16,88.58,89.95,88.38,89.07,24936000,,
2020-11-17,88.85,89.25,88.35,88.51,22942000,,
2020-11-18,88.26,88.67,87.31,87.34,23470000,,
2020-11-19,86.92,88.48,86.85,88.20,24998000,,
2020-11-20,88.26,88.70,87.09,87.11,46270000,,
2020-11-23,87.48,87.69,85.89,86.74,43232000,,
2020-11-24,86.53,88.58,86.38,88.44,31560000,,
2020-11-25,88.64,88.93,87.83,88.57,20916000,,
2020-11-27,88.65,90.20,88.62,89.66,17698000,,
2020-11-30,89.06,89.40,87.75,88.04,36476000,,
2020-12-01,88.72,91.24,88.47,89.91,34738000,,
2020-12-02,89.91,91.78,89.47,91.40,24440000,,
2020-12-03,91.20,92.36,91.13,91.34,24546000,,
2020-12-04,91.23,91.66,90.85,91.40,27564000,,
2020-12-07,90.95,91.62,90.29,90.97,26418000,,
2020-12-08,90.50,91.09,89.81,90.93,21926000,,
2020-12-09,90.60,91.71,88.39,89.21,30152000,,
2020-12-10,88.49,89.07,87.02,88.77,27256000,,
2020-12-11,88.15,89.22,88.00,89.09,24414000,,
2020-12-14,88.75,89.87,87.86,88.00,32004000,,
2020-12-15,88.22,88.57,87.50,88.39,29646000,,
2020-12-16,88.64,88.65,87.80,88.15,30270000,,
2020-12-17,88.43,88.59,86.93,87.39,32494000,,
2020-12-18,87.71,87.76,86.01,86.55,80328000,,
2020-12-21,85.68,87.04,84.95,86.97,36568000,,
2020-12-22,86.72,86.87,85.63,86.17,18734000,,
2020-12-23,86.41,87.40,86.25,86.62,20676000,,
2020-12-24,86.75,87.30,86.46,86.94,6936000,,
2020-12-28,87.58,89.54,87.32,88.80,27860000,,
2020-12-29,89.39,89.62,87.80,87.94,25988000,,
2020-12-30,88.10,88.25,86.28,86.98,26122000,,
2020-12-31,86.77,87.95,86.77,87.59,20238000,,
2021-01-04,87.88,88.03,85.39,86.41,38038000,,
2021-01-05,86.25,87.38,85.90,87.05,22906000,,
2021-01-06,85.13,87.40,84.95,86.76,52042000,,
2021-01-07,87.00,89.42,86.85,89.36,45300000,,
2021-01-08,89.40,90.49,88.68,90.36,41012000,,
2021-01-11,89.30,89.72,88.03,88.34,24194000,,
2021-01-12,87.70,88.90,86.27,87.33,27140000,,
2021-01-13,86.93,88.25,86.90,87.72,21882000,,
2021-01-14,87.68,88.75,86.67,87.01,23590000,,
2021-01-15,86.91,87.80,86.08,86.81,26844000,,
2021-01-19,87.61,90.46,87.07,89.54,34692000,,
2021-01-20,91.57,95.19,91.28,94.34,49806000,,
2021-01-21,94.90,96.74,94.36,94.56,41278000,,
2021-01-22,94.78,95.55,94.09,95.05,25442000,,
2021-01-25,96.03,96.48,93.38,94.97,38546000,,
2021-01-26,94.44,96.25,94.21,95.86,26262000,,
2021-01-27,94.13,94.50,90.45,91.54,54966000,,
2021-01-28,92.20,94.94,92.13,93.16,35462000,,
2021-01-29,92.31,92.86,90.51,91.79,32252000,,
2021-02-01,92.68,96.12,92.55,95.07,32044000,,
2021-02-02,96.13,97.79,95.72,96.38,45474000,,
2021-02-03,103.65,105.83,100.92,103.50,82364000,,
2021-02-04,103.44,103.93,102.13,103.12,37046000,,
2021-02-05,103.50,105.13,102.97,104.90,30702000,,
2021-02-08,105.30,106.18,103.60,104.65,24838000,,
2021-02-09,103.93,105.26,103.93,104.18,17798000,,
2021-02-10,104.71,105.42,103.15,104.77,22710000,,
2021-02-11,104.98,105.10,103.87,104.79,18914000,,
2021-02-12,104.51,105.44,104.16,105.21,17114000,,
2021-02-16,105.22,107.63,105.22,106.09,22676000,,
2021-02-17,105.00,106.68,104.95,106.42,21418000,,
2021-02-18,105.52,106.64,105.19,105.86,22432000,,
2021-02-19,105.96,106.53,104.87,105.06,29148000,,
2021-02-22,103.35,104.57,103.11,103.24,27350000,,
2021-02-23,101.25,104.10,100.10,103.54,33348000,,
2021-02-24,102.09,105.04,101.91,104.76,24966000,,
2021-02-25,103.37,104.74,101.06,101.57,36568000,,
2021-02-26,102.53,103.55,100.80,101.84,41670000,,
2021-03-01,102.83,104.33,102.31,104.08,28090000,,
2021-03-02,103.81,105.22,103.56,103.79,22692000,,
2021-03-03,103.36,104.43,100.50,101.34,29684000,,
2021-03-04,101.17,104.46,101.01,102.45,42360000,,
2021-03-05,103.66,105.91,102.32,105.43,43904000,,
2021-03-08,105.06,106.44,101.08,101.21,32948000,,
2021-03-09,103.50,103.90,102.39,102.64,33946000,,
2021-03-10,103.59,103.75,101.67,102.75,25372000,,
2021-03-11,103.70,106.28,103.62,105.74,24782000,,
2021-03-12,104.25,104.51,102.38,103.10,34516000,,
2021-03-15,103.11,103.35,102.18,103.32,25962000,,
2021-03-16,103.95,106.18,103.50,104.63,29832000,,
2021-03-17,103.80,105.49,102.70,104.55,25980000,,
2021-03-18,103.05,103.78,101.68,101.81,27228000,,
2021-03-19,102.10,102.66,100.88,102.16,46298000,,
2021-03-22,102.09,102.90,101.30,101.93,39096000,,
2021-03-23,102.58,103.62,101.96,102.65,27340000,,
2021-03-24,103.27,103.91,102.08,102.25,23080000,,
2021-03-25,102.24,102.94,100.54,102.22,28378000,,
2021-03-26,101.94,102.55,100.70,101.78,29870000,,
2021-03-29,101.39,102.92,100.78,102.80,24596000,,
2021-03-30,102.88,103.54,102.20,102.78,20732000,,
2021-03-31,102.96,104.67,102.84,103.43,29198000,,
2021-04-01,104.90,107.15,104.84,106.89,33980000,,
2021-04-05,107.65,111.87,107.58,111.28,43298000,,
2021-04-06,111.12,111.88,110.74,111.24,27060000,,
2021-04-07,111.31,112.75,111.27,112.48,25798000,,
2021-04-08,113.90,114.20,112.88,113.27,27166000,,
2021-04-09,112.83,114.45,112.69,114.29,20888000,,
2021-04-12,113.31,113.77,111.92,112.74,31318000,,
2021-04-13,113.07,113.86,112.80,113.36,23310000,,
2021-04-14,113.76,113.90,112.46,112.74,20220000,,
2021-04-15,113.85,115.33,113.30,114.83,27472000,,
2021-04-16,115.15,115.32,114.22,114.89,22596000,,
2021-04-19,114.60,115.92,114.39,115.12,24688000,,
2021-04-20,115.39,115.48,113.59,114.68,21774000,,
2021-04-21,114.26,114.77,112.93,114.66,23930000,,
2021-04-22,114.66,115.19,112.82,113.40,21096000,,
2021-04-23,114.17,116.29,113.91,115.77,28670000,,
2021-04-26,116.00,117.06,115.69,116.34,20834000,,
2021-04-27,116.80,116.87,115.21,115.36,31972000,,
2021-04-28,120.36,122.62,118.74,119.00,59728000,,
2021-04-29,120.52,121.83,120.11,121.49,39554000,,
2021-04-30,120.22,121.36,120.11,120.51,39142000,,
2021-05-03,120.14,120.98,119.22,119.76,33788000,,
2021-05-04,118.49,118.96,115.58,117.71,35120000,,
2021-05-05,118.42,119.11,117.57,117.84,21806000,,
2021-05-06,117.53,119.14,117.12,119.07,20618000,,
2021-05-07,120.00,120.82,119.50,119.93,23272000,,
2021-05-10,118.74,118.90,116.74,117.08,26006000,,
2021-05-11,114.59,116.10,114.15,115.44,32110000,,
2021-05-12,113.09,114.27,111.50,111.95,34934000,,
2021-05-13,113.05,113.83,112.14,113.10,26670000,,
2021-05-14,114.59,116.06,114.17,115.81,26624000,,
2021-05-17,115.47,116.17,114.75,116.07,19842000,,
2021-05-18,116.85,117.16,115.16,115.17,17302000,,
2021-05-19,113.22,115.84,113.18,115.44,19350000,,
2021-05-20,116.40,118.02,116.05,117.80,23832000,,
2021-05-21,118.30,118.45,117.12,117.25,22832000,,
2021-05-24,118.35,120.92,118.01,120.33,21244000,,
2021-05-25,121.00,121.64,120.15,120.45,18838000,,
2021-05-26,120.64,122.15,120.63,121.68,21856000,,
2021-05-27,121.85,122.00,120.10,120.13,38962000,,
2021-05-28,121.10,121.41,120.38,120.58,24108000,,
2021-06-01,121.10,121.90,120.24,121.49,19166000,,
2021-06-02,121.77,122.10,120.21,121.06,17158000,,
2021-06-03,119.75,120.49,119.14,120.23,18346000,,
2021-06-04,121.13,122.69,120.89,122.59,25948000,,
2021-06-07,122.57,123.40,122.05,123.30,23850000,,
2021-06-08,124.00,124.72,123.41,124.14,25060000,,
2021-06-09,124.97,125.25,124.37,124.57,20126000,,
2021-06-10,124.70,126.16,124.70,126.08,31234000,,
2021-06-11,126.25,126.35,124.91,125.70,25240000,,
2021-06-14,125.67,126.41,125.05,126.35,22550000,,
2021-06-15,126.52,126.86,125.65,126.03,22182000,,
2021-06-16,126.25,126.52,124.15,125.70,26316000,,
2021-06-17,125.52,127.20,125.52,126.37,25756000,,
2021-06-18,125.71,126.39,124.60,125.57,53306000,,
2021-06-21,125.74,127.04,125.13,126.45,26256000,,
2021-06-22,126.45,127.27,126.03,127.00,20984000,,
2021-06-23,126.55,127.80,126.25,126.46,19694000,,
2021-06-24,127.05,127.54,126.96,127.28,18934000,,
2021-06-25,126.96,127.50,126.44,127.00,33484000,,
2021-06-28,127.00,127.34,125.97,126.82,28110000,,
2021-06-29,126.77,127.00,125.44,126.02,20950000,,
2021-06-30,125.65,125.80,124.76,125.32,24006000,,
2021-07-01,124.85,126.46,124.85,126.37,17120000,,
2021-07-02,126.84,128.85,126.77,128.72,21160000,,
2021-07-06,129.45,129.88,128.41,129.77,21350000,,
2021-07-07,130.34,130.64,129.76,130.08,16680000,,
2021-07-08,128.25,130.03,128.04,129.18,19780000,,
2021-07-09,128.94,129.85,128.94,129.57,15106000,,
2021-07-12,129.83,130.77,129.60,130.56,16944000,,
2021-07-13,130.88,132.04,130.64,130.99,16618000,,
2021-07-14,131.90,133.00,131.90,132.08,17912000,,
2021-07-15,132.50,132.59,130.60,131.27,16586000,,
2021-07-16,131.64,132.18,130.82,131.85,14856000,,
2021-07-19,131.16,131.25,128.54,129.25,25710000,,
2021-07-20,130.00,132.00,129.19,131.10,19084000,,
2021-07-21,130.79,132.62,130.60,132.60,14742000,,
2021-07-22,132.65,133.50,132.40,133.33,13608000,,
2021-07-23,135.26,138.81,134.70,137.82,26378000,,
2021-07-26,138.25,139.71,137.65,139.64,23052000,,
2021-07-27,140.01,140.01,135.10,136.80,42164000,,
2021-07-28,138.56,139.68,136.35,136.38,54688000,,
2021-07-29,136.38,137.15,136.14,136.54,19284000,,
2021-07-30,135.51,135.77,134.81,135.22,23954000,,
2021-08-02,135.48,136.02,134.67,135.99,20140000,,
2021-08-03,136.00,136.34,134.18,136.28,19064000,,
2021-08-04,136.25,136.54,135.41,136.03,16528000,,
2021-08-05,136.03,136.95,135.60,136.94,11866000,,
2021-08-06,136.29,137.08,136.05,137.04,13560000,,
2021-08-09,136.95,138.32,136.43,138.00,12374000,,
2021-08-10,138.08,138.55,137.23,138.10,16034000,,
2021-08-11,138.28,138.85,137.35,137.69,15204000,,
2021-08-12,137.71,138.42,136.78,138.39,14646000,,
2021-08-13,138.36,138.67,138.00,138.41,12580000,,
2021-08-16,138.00,138.99,136.17,138.92,18040000,,
2021-08-17,138.19,138.72,136.79,137.30,21272000,,
2021-08-18,137.12,138.29,136.42,136.57,14934000,,
2021-08-19,135.47,137.45,135.36,136.91,18296000,,
2021-08-20,137.08,138.61,136.47,138.44,15564000,,
2021-08-23,139.00,142.18,138.75,141.10,21090000,,
2021-08-24,141.54,143.01,141.35,142.40,15126000,,
2021-08-25,142.88,143.31,142.44,142.95,12838000,,
2021-08-26,142.62,143.13,142.09,142.12,14922000,,
2021-08-27,142.11,145.01,142.02,144.55,24562000,,
2021-08-30,144.70,146.49,144.60,145.47,16916000,,
2021-08-31,145.88,146.11,145.00,145.46,26756000,,
2021-09-01,145.65,146.82,145.61,145.84,15824000,,
2021-09-02,145.95,146.32,144.11,144.22,21844000,,
2021-09-03,144.15,145.38,143.50,144.78,19104000,,
2021-09-07,144.75,145.82,144.54,145.52,15170000,,
2021-09-08,145.39,145.55,144.20,144.88,15486000,,
2021-09-09,144.88,145.67,144.43,144.91,14798000,,
2021-09-10,145.44,146.02,141.74,141.92,32896000,,
2021-09-13,143.20,144.19,142.28,143.47,20176000,,
2021-09-14,144.16,144.73,142.91,143.41,18916000,,
2021-09-15,143.76,145.58,142.26,145.21,20648000,,
2021-09-16,145.12,145.20,143.42,144.37,20292000,,
2021-09-17,143.80,144.25,141.06,141.46,60040000,,
2021-09-20,139.00,139.36,137.05,139.02,34918000,,
2021-09-21,140.12,140.81,138.91,139.65,18130000,,
2021-09-22,140.05,141.58,139.47,140.94,22068000,,
2021-09-23,141.61,142.25,141.10,141.83,17272000,,
2021-09-24,140.95,142.90,140.85,142.63,14950000,,
2021-09-27,141.59,142.50,140.50,141.50,18844000,,
2021-09-28,139.09,139.61,135.70,136.18,42190000,,
2021-09-29,137.11,137.40,134.25,134.52,26338000,,
2021-09-30,134.32,135.59,133.00,133.27,35294000,,
2021-10-01,133.55,137.07,133.38,136.46,28388000,,
2021-10-04,135.70,135.70,131.17,133.76,31530000,,
2021-10-05,134.00,137.36,134.00,136.18,24126000,,
2021-10-06,134.63,137.85,134.49,137.35,19764000,,
2021-10-07,138.86,140.15,138.56,139.19,18250000,,
2021-10-08,139.91,140.32,139.43,140.06,18924000,,
2021-10-11,139.80,140.76,138.81,138.85,16584000,,
2021-10-12,139.64,139.69,136.25,136.71,22536000,,
2021-10-13,137.75,138.55,136.98,137.90,16380000,,
2021-10-14,139.95,141.65,139.34,141.41,21426000,,
2021-10-15,142.20,142.20,141.06,141.68,21250000,,
2021-10-18,141.21,143.00,141.21,142.96,16564000,,
2021-10-19,143.29,144.11,143.10,143.82,15316000,,
2021-10-20,144.22,144.25,141.91,142.41,17940000,,
2021-10-21,142.19,142.85,141.64,142.78,14850000,,
2021-10-22,140.35,141.56,137.17,138.62,30182000,,
2021-10-25,138.81,139.21,136.75,138.77,21082000,,
2021-10-26,140.61,140.84,139.01,139.67,28258000,,
2021-10-27,139.90,149.12,139.90,146.43,51850000,,
2021-10-28,147.30,147.42,144.76,146.13,32418000,,
2021-10-29,145.52,148.61,145.17,148.27,28954000,,
2021-11-01,148.16,148.40,143.58,143.77,32272000,,
2021-11-02,144.81,146.92,144.64,145.86,21150000,,
2021-11-03,146.28,146.91,145.05,146.79,17886000,,
2021-11-04,147.20,149.95,146.63,148.68,24700000,,
2021-11-05,149.35,150.57,148.65,149.24,20408000,,
2021-11-08,150.00,151.03,149.12,149.35,18388000,,
2021-11-09,149.75,150.38,147.51,149.25,16876000,,
2021-11-10,148.01,148.70,145.32,146.63,22708000,,
2021-11-11,147.11,148.50,146.69,146.75,12464000,,
2021-11-12,147.83,149.86,146.45,149.65,17048000,,
2021-11-15,150.00,150.48,148.65,149.39,16248000,,
2021-11-16,149.17,149.83,148.35,149.08,17254000,,
2021-11-17,149.23,149.63,148.56,149.06,15290000,,
2021-11-18,149.15,151.61,149.00,150.71,26658000,,
2021-11-19,151.00,151.85,149.89,149.95,19766000,,
2021-11-22,150.14,150.74,147.01,147.08,24608000,,
2021-11-23,147.11,147.69,144.89,146.76,18126000,,
2021-11-24,146.35,147.00,145.20,146.72,16464000,,
2021-11-26,145.02,145.30,142.49,142.81,16992000,,
2021-11-29,144.30,146.86,144.30,146.11,26276000,,
2021-11-30,145.45,146.63,142.07,142.45,41590000,,
2021-12-01,144.21,146.50,141.50,141.62,28476000,,
2021-12-02,141.82,144.68,140.98,143.78,21250000,,
2021-12-03,144.50,145.21,141.15,142.52,26688000,,
2021-12-06,143.57,144.35,140.65,143.80,22198000,,
2021-12-07,145.95,148.30,145.70,148.04,23258000,,
2021-12-08,148.33,149.16,147.20,148.72,18964000,,
2021-12-09,148.18,149.60,147.53,148.11,18580000,,
2021-12-10,149.10,149.40,147.36,148.68,21634000,,
2021-12-13,148.44,148.56,146.36,146.70,24104000,,
2021-12-14,144.77,145.44,142.24,144.97,24778000,,
2021-12-15,144.37,147.52,142.71,147.37,27280000,,
2021-12-16,148.08,148.55,144.09,144.84,27400000,,
2021-12-17,142.71,144.46,141.79,142.80,43404000,,
2021-12-20,140.68,142.61,140.25,142.40,20264000,,
2021-12-21,143.15,144.69,141.74,144.22,19548000,,
2021-12-22,144.10,147.30,143.96,146.95,18438000,,
2021-12-23,147.09,148.57,146.95,147.14,13818000,,
2021-12-27,147.46,148.43,147.25,148.06,13256000,,
2021-12-28,148.37,148.37,145.94,146.45,18624000,,
2021-12-29,146.43,147.18,145.50,146.50,17022000,,
2021-12-30,146.45,147.06,145.76,146.00,12978000,,
2021-12-31,145.54,146.37,144.68,144.68,17298000,,
2022-01-03,144.48,145.55,143.50,145.07,25214000,,
2022-01-04,145.55,146.61,143.82,144.42,22928000,,
2022-01-05,144.18,144.30,137.52,137.65,49642000,,
2022-01-06,137.50,139.69,136.76,137.55,29050000,,
2022-01-07,137.91,138.25,135.79,137.00,19408000,,
2022-01-10,135.10,138.64,133.14,138.57,34096000,,
2022-01-11,138.18,140.33,136.81,140.02,23502000,,
2022-01-12,141.55,142.81,141.11,141.65,23642000,,
2022-01-13,141.84,143.19,138.91,139.13,26566000,,
2022-01-14,137.50,141.20,137.50,139.79,23826000,,
2022-01-18,136.60,137.39,135.62,136.29,27382000,,
2022-01-19,136.94,138.40,135.50,135.65,20796000,,
2022-01-20,136.51,137.91,133.14,133.51,21930000,,
2022-01-21,133.01,134.76,130.00,130.09,41920000,,
2022-01-24,126.03,130.78,124.64,130.37,55148000,,
2022-01-25,128.44,129.34,126.38,126.74,36008000,,
2022-01-26,130.59,132.81,127.15,129.24,39630000,,
2022-01-27,131.36,132.61,128.94,129.12,30248000,,
2022-01-28,130.00,133.37,128.69,133.29,30518000,,
2022-01-31,134.20,135.84,132.27,135.70,34056000,,
2022-02-01,137.84,138.20,134.57,137.88,51204000,,
2022-02-02,151.86,152.10,145.56,148.04,89750000,,
2022-02-03,145.29,149.12,142.21,142.65,56930000,,
2022-02-04,143.02,144.54,139.82,143.02,49224000,,
2022-02-07,143.71,143.85,138.70,138.94,44610000,,
2022-02-08,138.99,139.84,136.87,139.21,34256000,,
2022-02-09,140.85,142.18,140.38,141.45,28628000,,
2022-02-10,139.50,141.43,138.05,138.60,33018000,,
2022-02-11,138.75,139.28,133.29,134.13,38808000,,
2022-02-14,133.37,136.17,133.30,135.30,26792000,,
2022-02-15,137.47,137.90,135.54,136.43,26578000,,
2022-02-16,136.43,137.95,134.82,137.49,25610000,,
2022-02-17,136.15,136.84,132.20,132.31,30968000,,
2022-02-18,133.04,133.82,130.31,130.47,31858000,,
2022-02-22,129.99,131.90,127.74,129.40,38906000,,
2022-02-23,131.08,131.75,127.50,127.58,26432000,,
2022-02-24,125.00,133.04,124.76,132.67,43166000,,
2022-02-25,133.53,135.39,131.76,134.52,26236000,,
2022-02-28,133.28,135.64,132.83,134.89,29676000,,
2022-03-01,134.48,136.11,133.38,134.17,24640000,,
2022-03-02,134.61,135.62,133.43,134.75,23966000,,
2022-03-03,135.98,136.71,133.43,134.31,19780000,,
2022-03-04,133.38,134.20,130.41,132.12,24446000,,
2022-03-07,131.90,131.90,126.41,126.46,39178000,,
2022-03-08,126.25,131.25,125.86,127.28,35250000,,
2022-03-09,131.40,134.20,130.09,133.87,32258000,,
2022-03-10,131.46,133.54,131.40,132.68,24266000,,
2022-03-11,134.00,134.20,130.30,130.48,26600000,,
2022-03-14,130.57,131.03,126.41,126.74,30254000,,
2022-03-15,127.74,130.52,126.57,129.66,30292000,,
2022-03-16,131.00,133.77,129.20,133.69,32058000,,
2022-03-17,133.32,134.74,132.72,134.60,23994000,,
2022-03-18,133.88,136.91,132.93,136.80,45900000,,
2022-03-21,136.85,137.58,134.61,136.48,26632000,,
2022-03-22,136.50,141.50,136.50,140.28,29776000,,
2022-03-23,139.14,140.03,138.17,138.50,25302000,,
2022-03-24,139.27,141.40,138.04,141.31,20544000,,
2022-03-25,141.75,141.96,139.70,141.52,19270000,,
2022-03-28,140.68,141.98,139.83,141.95,23774000,,
2022-03-29,143.16,144.16,142.48,143.25,28678000,,
2022-03-30,142.87,143.48,142.17,142.64,21046000,,
2022-03-31,142.45,142.64,139.62,139.65,29516000,,
2022-04-01,140.01,140.95,138.80,140.70,23480000,,
2022-04-04,140.82,144.04,140.82,143.64,19076000,,
2022-04-05,143.40,143.59,140.94,141.06,19256000,,
2022-04-06,139.16,139.85,136.42,137.18,23574000,,
2022-04-07,136.62,137.70,134.86,136.47,19448000,,
2022-04-08,136.25,136.25,133.75,134.01,16434000,,
2022-04-11,132.90,132.94,129.62,129.80,24188000,,
2022-04-12,132.42,132.42,127.58,128.37,23004000,,
2022-04-13,128.63,130.66,128.44,130.29,19542000,,
2022-04-14,130.65,130.71,127.11,127.25,23484000,,
2022-04-18,127.41,128.71,126.58,127.96,14918000,,
2022-04-19,128.08,130.90,127.45,130.53,22720000,,
2022-04-20,131.28,131.92,127.89,128.25,22610000,,
2022-04-21,129.35,130.31,124.65,124.94,30158000,,
2022-04-22,125.00,125.45,119.14,119.61,46410000,,
2022-04-25,119.43,123.28,118.77,123.25,34522000,,
2022-04-26,122.75,122.75,119.16,119.51,49394000,,
2022-04-27,114.37,117.50,113.12,115.02,62238000,,
2022-04-28,117.11,120.44,115.14,119.41,36790000,,
2022-04-29,117.58,118.96,114.69,114.97,33694000,,
2022-05-02,113.91,117.34,113.40,117.16,30280000,,
2022-05-03,116.77,119.30,116.63,118.13,21216000,,
2022-05-04,118.00,123.14,115.74,122.58,33232000,,
2022-05-05,120.22,121.23,115.18,116.75,43090000,,
2022-05-06,115.52,117.50,114.14,115.66,35310000,,
2022-05-09,113.30,115.56,112.55,113.08,34520000,,
2022-05-10,116.04,116.69,113.38,114.58,31158000,,
2022-05-11,113.71,116.67,113.65,113.96,36502000,,
2022-05-12,111.94,114.86,110.11,113.16,41464000,,
2022-05-13,114.85,118.08,114.00,116.52,29738000,,
2022-05-16,115.38,116.61,114.33,114.79,23282000,,
2022-05-17,117.23,117.23,115.34,116.70,21576000,,
2022-05-18,115.24,115.70,112.14,112.40,27982000,,
2022-05-19,111.84,113.59,110.47,110.75,29192000,,
2022-05-20,112.09,112.55,106.37,109.31,37586000,,
2022-05-23,110.10,112.01,109.15,111.67,31558000,,
2022-05-24,106.38,106.39,102.21,105.93,60386000,,
2022-05-25,105.14,106.54,104.21,105.84,37900000,,
2022-05-26,106.05,108.96,105.49,108.30,30288000,,
2022-05-27,109.79,112.87,109.55,112.80,29924000,,
2022-05-31,113.08,116.43,112.57,114.04,51302000,,
2022-06-01,114.93,117.40,113.55,114.14,28630000,,
2022-06-02,114.19,117.90,113.31,117.75,27472000,,
2022-06-03,115.99,116.36,113.67,114.56,25052000,,
2022-06-06,116.74,119.40,116.53,117.01,23786000,,
2022-06-07,115.65,117.75,115.13,117.23,26414000,,
2022-06-08,116.88,118.65,116.70,117.24,22544000,,
2022-06-09,116.34,118.35,114.87,114.92,23142000,,
2022-06-10,112.78,113.50,110.86,111.43,31324000,,
2022-06-13,107.45,109.22,106.59,106.88,36756000,,
2022-06-14,106.89,108.46,106.35,107.19,25480000,,
2022-06-15,108.90,112.06,108.12,110.39,33192000,,
2022-06-16,108.15,109.29,105.79,106.64,35314000,,
2022-06-17,106.53,109.25,105.63,107.87,43516000,,
2022-06-21,109.70,112.67,109.29,112.02,39010000,,
2022-06-22,111.16,113.77,110.72,112.03,23922000,,
2022-06-23,112.95,113.20,111.03,112.68,24710000,,
2022-06-24,113.60,118.64,113.60,118.54,39122000,,
2022-06-27,118.94,119.25,116.00,116.62,32840000,,
2022-06-28,116.35,117.86,112.44,112.57,28232000,,
2022-06-29,112.15,113.66,111.55,112.26,18628000,,
2022-06-30,110.50,111.33,107.31,109.37,38046000,,
2022-07-01,108.34,109.81,107.11,109.08,31028000,,
2022-07-05,107.51,114.05,106.25,113.89,36398000,,
2022-07-06,114.09,116.35,112.25,115.21,28852000,,
2022-07-07,116.01,119.86,115.53,119.31,32184000,,
2022-07-08,117.55,120.44,117.51,120.17,29082000,,
2022-07-11,118.65,118.79,116.23,116.52,26718000,,
2022-07-12,116.84,117.85,114.61,114.85,24970000,,
2022-07-13,112.64,115.16,111.82,112.19,38958000,,
2022-07-14,110.83,111.99,109.33,111.44,32366000,,
2022-07-15,112.96,114.00,111.82,112.77,34330000,,
2022-07-18,113.44,114.80,109.30,109.91,33354000,,20
2022-07-19,111.73,114.81,110.50,114.62,30992300,,
2022-07-20,114.06,116.33,113.26,114.70,26780100,,
2022-07-21,115.09,115.21,111.91,115.04,27267800,,
2022-07-22,111.81,113.18,107.60,108.36,44455300,,
2022-07-25,108.88,110.58,107.01,108.21,28289900,,
2022-07-26,107.43,107.74,104.76,105.44,36626600,,
2022-07-27,109.60,114.40,108.42,113.60,41474600,,
2022-07-28,112.80,114.70,111.85,114.59,23303800,,
2022-07-29,113.40,116.90,113.23,116.64,31336200,,
2022-08-01,115.53,117.12,114.69,115.48,22856200,,
2022-08-02,114.43,117.08,114.26,115.90,17911000,,
2022-08-03,116.34,119.42,116.15,118.78,25302800,,
2022-08-04,118.30,119.50,117.71,118.87,15757700,,
2022-08-05,116.93,118.86,116.71,118.22,15615700,,
2022-08-08,119.12,120.86,117.83,118.14,17061100,,
2022-08-09,117.99,118.20,116.56,117.50,15424300,,
2022-08-10,119.59,121.78,119.36,120.65,20497000,,
2022-08-11,122.08,122.34,119.55,119.82,16671600,,
2022-08-12,121.16,122.65,120.40,122.65,16121100,,
2022-08-15,122.21,123.26,121.57,122.88,15525000,,
2022-08-16,122.32,123.23,121.53,122.51,15626200,,
2022-08-17,120.93,122.15,120.20,120.32,17589200,,
2022-08-18,120.23,121.69,119.55,120.86,15652000,,
2022-08-19,119.87,120.00,117.67,118.12,20187000,,
2022-08-22,116.10,116.50,114.67,115.07,19316000,,
2022-08-23,114.32,115.93,114.30,114.77,14390700,,
2022-08-24,114.45,115.72,113.78,114.70,16051200,,
2022-08-25,115.15,117.78,115.05,117.70,14874700,,
2022-08-26,115.81,116.60,111.22,111.30,31698700,,
2022-08-29,110.78,111.96,109.81,110.34,20386100,,
2022-08-30,111.03,111.37,108.80,109.91,20548200,,
2022-08-31,111.63,111.77,109.05,109.15,25898000,,
2022-09-01,109.20,111.22,108.19,110.55,22784400,,
2022-09-02,111.34,111.67,108.13,108.68,20618100,,
2022-09-06,108.14,108.88,106.51,107.48,20565100,,
2022-09-07,107.76,110.99,107.61,110.48,22987200,,
2022-09-08,109.18,110.58,108.06,109.42,21660700,,
2022-09-09,110.05,112.00,110.00,111.78,21732900,,
2022-09-12,111.99,112.64,110.93,111.87,19732900,,
2022-09-13,108.89,109.37,105.00,105.31,33015000,,
2022-09-14,105.44,106.10,104.50,105.87,22115800,,
2022-09-15,105.01,106.21,103.31,103.90,26494900,,
2022-09-16,102.97,104.03,101.86,103.63,64540100,,
2022-09-19,102.54,104.02,102.37,103.85,19738600,,
2022-09-20,102.88,103.17,101.12,101.83,24001700,,
2022-09-21,102.24,103.49,99.99,100.01,26596800,,
2022-09-22,99.45,101.68,99.41,100.57,21272700,,
2022-09-23,100.06,100.11,98.01,99.17,25657000,,
2022-09-26,98.61,100.44,98.38,98.81,22437900,,
2022-09-27,99.91,100.46,97.34,98.09,24225000,,
2022-09-28,98.02,101.40,97.80,100.74,24617000,,
2022-09-29,99.30,99.30,96.52,98.09,21921500,,
2022-09-30,97.73,99.49,96.03,96.15,26277800,,
2022-10-03,97.22,99.97,97.02,99.30,24840000,,
2022-10-04,101.04,102.72,101.04,102.41,22580900,,
2022-10-05,100.69,102.74,99.74,102.22,18475500,,
2022-10-06,101.50,103.73,101.50,102.24,17156200,,
2022-10-07,100.65,101.42,99.21,99.57,24249900,,
2022-10-10,99.85,99.99,97.87,98.71,16529900,,
2022-10-11,98.25,100.12,97.25,98.05,21617700,,
2022-10-12,98.27,99.65,97.67,98.30,17343400,,
2022-10-13,95.93,100.53,95.27,99.71,32812200,,
2022-10-14,100.62,101.29,97.03,97.18,22624800,,
2022-10-17,99.52,101.77,99.51,100.78,23311600,,
2022-10-18,103.94,104.22,100.65,101.39,21610500,,
2022-10-19,100.70,101.66,99.64,100.29,21573700,,
2022-10-20,100.82,103.00,99.97,100.53,25125100,,
2022-10-21,98.46,101.62,98.23,101.48,28988700,,
2022-10-24,102.09,103.10,100.30,102.97,24680800,,
2022-10-25,103.30,105.10,103.02,104.93,29910200,,
2022-10-26,96.76,98.54,94.57,94.82,71504300,,
2022-10-27,94.31,95.17,91.90,92.60,54036500,,
2022-10-28,92.53,96.86,92.32,96.58,35696900,,
2022-10-31,95.78,96.35,94.38,94.66,29868700,,
2022-11-01,95.59,96.17,90.43,90.50,43220600,,
2022-11-02,90.91,91.30,87.01,87.07,43553600,,
2022-11-03,86.34,86.55,83.45,83.49,48510400,,
2022-11-04,85.51,86.73,83.88,86.70,40173300,,
2022-11-07,87.34,88.94,86.96,88.65,26899900,,
2022-11-08,89.16,90.41,87.65,88.91,30172000,,
2022-11-09,88.55,89.49,87.36,87.40,26743900,,
2022-11-10,92.34,94.55,91.65,94.17,42371200,,
2022-11-11,94.71,97.36,94.16,96.73,30569100,,
2022-11-14,95.50,97.18,95.11,96.03,24170100,,
2022-11-15,98.67,100.42,97.02,98.72,31831000,,
2022-11-16,98.02,99.85,97.90,98.99,24660200,,
2022-11-17,97.18,99.48,97.10,98.50,21818700,,
2022-11-18,99.01,99.16,96.74,97.80,24969900,,
2022-11-21,97.56,98.72,95.67,95.83,18696900,,
2022-11-22,96.16,97.55,94.41,97.33,18868900,,
2022-11-23,97.34,99.07,97.34,98.82,17568900,,
2022-11-25,98.47,98.94,97.53,97.60,8567800,,
2022-11-28,97.20,97.83,95.89,96.25,19974500,,
2022-11-29,96.00,96.39,94.39,95.44,20220000,,
2022-11-30,95.12,101.45,94.67,101.45,39888100,,
2022-12-01,101.40,102.59,100.67,101.28,21771500,,
2022-12-02,99.37,101.15,99.17,100.83,18821500,,
2022-12-05,99.81,101.75,99.36,99.87,19955500,,
2022-12-06,99.67,100.21,96.76,97.31,20877600,,
2022-12-07,96.77,97.31,95.03,95.15,26647900,,
2022-12-08,95.69,95.87,93.80,93.95,25593200,,
2022-12-09,93.90,94.49,93.02,93.07,21885300,,
2022-12-12,93.09,93.88,91.90,93.56,27380900,,
2022-12-13,98.07,99.80,95.38,95.85,34788500,,
2022-12-14,95.54,97.22,93.94,95.31,26452900,,
2022-12-15,93.54,94.03,90.43,91.20,28298800,,
2022-12-16,91.20,91.75,90.01,90.86,48485500,,
2022-12-19,90.88,91.20,88.92,89.15,23020500,,
2022-12-20,88.73,89.78,88.04,89.63,21976800,,
2022-12-21,89.73,90.92,88.91,90.25,20336400,,
2022-12-22,88.93,89.18,86.94,88.26,23656100,,
2022-12-23,87.62,90.10,87.62,89.81,17815000,,
2022-12-27,89.31,89.50,87.53,87.93,15470900,,
2022-12-28,87.50,88.52,86.37,86.46,17879600,,
2022-12-29,87.03,89.36,86.99,88.95,18280700,,
2022-12-30,87.36,88.83,87.03,88.73,19190300,,
2023-01-03,89.83,91.55,89.02,89.70,20738500,,
2023-01-04,91.01,91.24,87.80,88.71,27046500,,
2023-01-05,88.07,88.21,86.56,86.77,23136100,,
2023-01-06,87.36,88.47,85.57,88.16,26612600,,
2023-01-09,89.19,90.83,88.58,88.80,22996700,,
2023-01-10,86.72,89.47,86.70,89.24,22855600,,
2023-01-11,90.06,92.45,89.74,92.26,25998800,,
2023-01-12,92.40,92.62,90.57,91.91,22754200,,
2023-01-13,91.53,92.98,90.93,92.80,18630700,,
2023-01-17,92.78,92.97,90.84,92.16,22935800,,
2023-01-18,92.94,93.59,91.40,91.78,19641600,,
2023-01-19,91.39,94.40,91.38,93.91,28707700,,
2023-01-20,95.95,99.42,95.91,99.28,53704800,,
2023-01-23,99.13,101.40,98.75,101.21,31791800,,
2023-01-24,99.55,101.09,98.70,99.21,27391400,,
2023-01-25,97.20,97.72,95.26,96.73,31000900,,
2023-01-26,98.28,99.21,96.82,99.16,24542100,,
2023-01-27,99.05,101.58,98.97,100.71,29020400,,
2023-01-30,98.75,99.41,97.52,97.95,24365100,,
2023-01-31,97.86,99.91,97.79,99.87,22306800,,
2023-02-01,99.74,102.19,98.42,101.43,26392600,,
2023-02-02,106.79,108.82,106.54,108.80,46622600,,
2023-02-03,103.51,108.02,103.30,105.22,36823400,,
2023-02-06,102.69,104.70,102.21,103.47,25573000,,
2023-02-07,103.63,108.67,103.55,108.04,33738800,,
2023-02-08,102.69,103.58,98.45,100.00,73546000,,
2023-02-09,100.54,100.61,93.86,95.46,97798600,,
2023-02-10,95.74,97.02,94.53,94.86,49325300,,
2023-02-13,95.01,95.35,94.05,95.00,43116600,,
2023-02-14,94.66,95.17,92.65,94.95,42513100,,
2023-02-15,94.74,97.34,94.36,97.10,36964500,,
2023-02-16,95.54,97.88,94.97,95.78,35642100,,
2023-02-17,95.07,95.75,93.45,94.59,31095100,,
2023-02-21,93.24,93.42,92.00,92.05,28367200,,
2023-02-22,91.93,92.36,90.87,91.80,29891100,,
2023-02-23,92.13,92.13,90.01,91.07,32423700,,
2023-02-24,89.63,90.13,88.86,89.35,31295600,,
2023-02-27,90.09,90.45,89.61,90.10,22724300,,
2023-02-28,89.54,91.45,89.52,90.30,30546900,,
2023-03-01,90.16,91.20,89.85,90.51,26323900,,
2023-03-02,89.86,92.48,89.77,92.31,23328600,,
2023-03-03,92.74,94.11,92.66,94.02,30242500,,
2023-03-06,94.36,96.30,94.30,95.58,28288200,,
2023-03-07,95.42,96.09,93.84,94.17,24101500,,
2023-03-08,94.41,96.24,94.41,94.65,25395200,,
2023-03-09,94.49,95.92,92.36,92.66,24438900,,
2023-03-10,92.50,93.18,90.80,91.01,32850100,,
2023-03-13,90.56,93.08,89.94,91.66,31508600,,
2023-03-14,93.07,94.83,92.78,94.25,32303900,,
2023-03-15,93.54,97.25,93.04,96.55,38367300,,
2023-03-16,96.57,101.97,95.87,101.07,54499500,,
2023-03-17,100.84,103.49,100.75,102.46,76140300,,
2023-03-20,101.06,102.58,100.79,101.93,26033900,,
2023-03-21,101.98,105.96,101.86,105.84,33122800,,
2023-03-22,105.14,107.51,104.21,104.22,32336900,,
2023-03-23,105.89,107.10,105.41,106.26,31385800,,
2023-03-24,105.74,106.16,104.74,106.06,25236200,,
2023-03-27,105.32,105.40,102.63,103.06,25393400,,
2023-03-28,103.00,103.00,100.28,101.36,24913500,,
2023-03-29,102.72,102.82,101.03,101.90,26148300,,
2023-03-30,101.44,101.61,100.29,101.32,25009800,,
2023-03-31,101.71,104.19,101.44,104.00,28108000,,
2023-04-03,102.67,104.95,102.38,104.91,20719900,,
2023-04-04,104.84,106.10,104.60,105.12,20377200,,
2023-04-05,106.12,106.54,104.10,104.95,21864200,,
2023-04-06,105.77,109.63,104.81,108.90,34684200,,
2023-04-10,107.39,107.97,105.60,106.95,19741500,,
2023-04-11,106.92,107.22,105.28,106.12,18721300,,
2023-04-12,107.39,107.59,104.97,105.22,22761600,,
2023-04-13,106.47,108.27,106.44,108.19,21650700,,
2023-04-14,107.69,109.58,107.59,109.46,20758700,,
2023-04-17,105.43,106.71,105.32,106.42,29043400,,
2023-04-18,107.00,107.05,104.78,105.12,17641400,,
2023-04-19,104.22,105.72,103.80,105.02,16732000,,
2023-04-20,104.65,106.89,104.64,105.90,22515300,,
2023-04-21,106.09,106.64,105.48,105.91,22379000,,
2023-04-24,106.05,107.32,105.36,106.78,21410900,,
2023-04-25,106.61,107.44,104.56,104.61,31408100,,
2023-04-26,105.56,107.02,103.27,104.45,37068200,,
2023-04-27,105.23,109.15,104.42,108.37,38235200,,
2023-04-28,107.80,108.29,106.04,108.22,23957900,,
2023-05-01,107.72,108.68,107.50,107.71,20926300,,
2023-05-02,107.66,107.73,104.50,105.98,20343100,,
2023-05-03,106.22,108.13,105.62,106.12,17116300,,
2023-05-04,106.16,106.30,104.70,105.21,19780600,,
2023-05-05,105.32,106.44,104.74,106.22,20710600,,
2023-05-08,105.80,108.42,105.79,108.24,17266000,,
2023-05-09,108.78,110.59,107.72,107.94,24782400,,
2023-05-10,108.55,113.51,108.48,112.28,47533500,,
2023-05-11,115.86,118.44,114.93,116.90,57115100,,
2023-05-12,117.00,118.26,116.55,117.92,31293800,,
2023-05-15,116.49,118.80,116.48,116.96,22107900,,
2023-05-16,116.83,121.20,116.83,120.09,32370100,,
2023-05-17,120.18,122.28,119.46,121.48,26659600,,
2023-05-18,121.56,123.90,121.49,123.52,27014500,,
2023-05-19,124.20,126.48,122.72,123.25,30268900,,
2023-05-22,123.51,127.05,123.45,125.87,29760200,,
2023-05-23,124.93,125.42,123.05,123.29,24477900,,
2023-05-24,121.88,122.75,120.75,121.64,23087900,,
2023-05-25,125.21,125.98,122.90,124.35,33812700,,
2023-05-26,124.06,126.00,123.29,125.43,25154700,,
2023-05-30,126.29,126.38,122.89,124.64,27230700,,
2023-05-31,123.70,124.90,123.10,123.37,41548800,,
2023-06-01,123.50,125.04,123.30,124.37,25017700,,
2023-06-02,124.49,126.75,124.35,125.23,19367500,,
2023-06-05,124.61,127.99,124.38,126.63,22672500,,
2023-06-06,126.60,128.88,125.97,127.91,19450100,,
2023-06-07,127.58,129.55,122.63,122.94,34179300,,
2023-06-08,122.58,123.73,122.01,122.67,24815000,,
2023-06-09,122.56,124.28,122.42,122.87,20304500,,
2023-06-12,123.39,124.75,122.35,124.35,22255700,,
2023-06-13,125.65,125.86,123.84,124.43,19287700,,
2023-06-14,123.80,124.79,122.16,124.38,24659600,,
2023-06-15,123.88,126.16,123.14,125.79,24517100,,
2023-06-16,126.70,126.70,123.79,124.06,56699200,,
2023-06-20,123.53,125.17,122.83,123.85,22698000,,
2023-06-21,123.23,123.41,120.86,121.26,22612000,,
2023-06-22,120.66,123.94,119.60,123.87,20781900,,
2023-06-23,122.04,123.44,121.86,123.02,29573100,,
2023-06-26,121.47,122.72,118.99,119.09,23185000,,
2023-06-27,117.84,119.89,116.91,119.01,27221700,,
2023-06-28,117.96,121.27,117.60,121.08,19753100,,
2023-06-29,120.09,120.91,119.21,120.01,18517500,,
2023-06-30,121.10,122.03,120.88,120.97,23871800,,
2023-07-03,120.32,121.02,119.70,120.56,13888300,,
2023-07-05,120.06,123.37,120.06,122.63,17830300,,
2023-07-06,120.64,121.15,119.25,120.93,17732500,,
2023-07-07,120.89,121.75,120.09,120.14,20997700,,
2023-07-10,119.07,119.07,116.64,116.87,32960100,,
2023-07-11,116.76,118.22,115.83,117.71,18286600,,
2023-07-12,119.30,120.96,119.00,119.62,22059600,,
2023-07-13,121.54,125.33,121.06,124.83,31535900,,
2023-07-14,125.13,127.09,124.90,125.70,20499800,,
2023-07-17,126.06,127.28,124.50,125.06,20675300,,
2023-07-18,124.91,124.99,123.30,124.08,21045800,,
2023-07-19,124.79,125.47,122.47,122.78,22313800,,
2023-07-20,122.12,124.70,118.69,119.53,27541700,,
2023-07-21,120.87,121.30,119.07,120.31,56514600,,
2023-07-24,121.93,123.35,121.38,121.88,22276100,,
2023-07-25,121.88,123.69,121.53,122.79,31820800,,
2023-07-26,130.36,131.37,128.71,129.66,46216900,,
2023-07-27,131.80,133.60,129.18,129.87,35931600,,
2023-07-28,130.97,134.07,130.92,133.01,26971000,,
2023-07-31,133.01,133.83,132.13,133.11,18381900,,
2023-08-01,130.85,132.92,130.75,131.89,22154300,,
2023-08-02,129.84,130.42,127.85,128.64,22705800,,
2023-08-03,128.37,129.77,127.78,128.77,15018100,,
2023-08-04,129.60,131.93,128.31,128.54,20521900,,
2023-08-07,129.51,132.06,129.43,131.94,17621000,,
2023-08-08,130.98,131.94,130.13,131.84,16836000,,
2023-08-09,132.19,132.47,129.50,130.15,17745200,,
2023-08-10,131.97,132.65,130.03,130.21,17855700,,
2023-08-11,129.20,130.44,128.75,130.17,15205500,,
2023-08-14,129.85,131.91,129.59,131.83,17526200,,
2023-08-15,131.59,131.99,129.82,130.27,14769200,,
2023-08-16,129.28,130.90,128.46,129.11,17548400,,
2023-08-17,130.45,132.49,129.85,130.46,23665600,,
2023-08-18,129.06,129.83,127.00,128.11,23627200,,
2023-08-21,127.85,129.26,127.16,128.93,21851100,,
2023-08-22,129.13,130.95,128.93,129.69,15557900,,
2023-08-23,130.85,134.07,130.51,133.21,26497000,,
2023-08-24,134.73,134.97,130.30,130.42,18680400,,
2023-08-25,130.14,131.40,128.04,130.69,20678100,,
2023-08-28,132.08,133.24,130.85,131.79,16715500,,
2023-08-29,133.00,137.29,132.98,135.49,30803300,,
2023-08-30,135.57,137.25,135.02,136.93,21773400,,
2023-08-31,137.05,138.40,136.82,137.35,28147900,,
2023-09-01,138.43,138.58,135.94,136.80,16671600,,
2023-09-05,136.44,137.37,135.56,136.71,17730200,,
2023-09-06,137.01,137.48,134.69,135.37,15814300,,
2023-09-07,134.60,136.58,133.96,136.20,16976000,,
2023-09-08,135.87,137.51,135.87,137.20,17810700,,
2023-09-11,137.38,138.26,136.55,137.74,17180800,,
2023-09-12,137.13,137.64,135.93,136.07,15212900,,
2023-09-13,135.90,137.70,134.93,137.50,16394900,,
2023-09-14,138.39,139.55,137.06,138.99,19064600,,
2023-09-15,138.80,139.36,137.18,138.30,48958800,,
2023-09-18,137.63,139.93,137.63,138.96,16233600,,
2023-09-19,138.25,139.18,137.50,138.83,15479100,,
2023-09-20,138.83,138.84,134.52,134.59,21473500,,
2023-09-21,132.39,133.19,131.09,131.36,22058400,,
2023-09-22,131.68,133.01,130.51,131.25,17348700,,
2023-09-25,130.77,132.22,130.03,132.17,14650000,,
2023-09-26,130.91,131.41,128.19,129.45,20378800,,
2023-09-27,129.44,131.72,129.38,131.46,18764200,,
2023-09-28,130.69,134.18,130.69,133.13,18201400,,
2023-09-29,134.08,134.89,131.32,131.85,23237300,,
2023-10-02,132.16,135.36,132.06,135.17,19210400,,
2023-10-03,134.93,135.24,132.81,133.30,19628700,,
2023-10-04,133.66,136.57,133.43,136.27,22848000,,
2023-10-05,136.13,136.50,134.46,135.99,15922900,,
2023-10-06,134.94,139.19,134.94,138.73,20826700,,
2023-10-09,137.99,139.97,136.70,139.50,16599100,,
2023-10-10,139.51,140.74,138.43,139.20,19554900,,
2023-10-11,139.85,142.22,139.84,141.70,20146300,,
2023-10-12,142.16,142.38,139.45,140.29,18173100,,
2023-10-13,140.65,141.34,137.97,138.58,19438700,,
2023-10-16,139.73,140.91,139.32,140.49,17345600,,
2023-10-17,140.03,141.25,138.53,140.99,17424000,,
2023-10-18,140.75,141.99,138.71,139.28,18304900,,
2023-10-19,139.80,141.00,138.60,138.98,21831200,,
2023-10-20,138.59,139.04,136.25,136.74,24970300,,
2023-10-23,136.23,139.02,135.11,137.90,20780700,,
2023-10-24,139.16,140.71,138.75,140.12,26535200,,
2023-10-25,129.77,130.10,126.09,126.67,58796100,,
2023-10-26,124.47,125.46,122.32,123.44,33907400,,
2023-10-27,124.03,124.44,121.46,123.40,37367700,,
2023-10-30,124.46,126.55,123.88,125.75,24165600,,
2023-10-31,126.27,126.56,123.92,125.30,21123400,,
2023-11-01,125.34,127.74,124.92,127.57,26536600,,
2023-11-02,129.56,130.09,128.11,128.58,24091700,,
2023-11-03,129.09,130.73,129.01,130.37,19529400,,
2023-11-06,130.22,131.56,129.93,131.45,15360400,,
2023-11-07,131.98,133.28,131.14,132.40,19223800,,
2023-11-08,132.36,133.54,132.16,133.26,15093600,,
2023-11-09,133.36,133.96,131.51,131.69,17976500,,
2023-11-10,131.53,134.27,130.87,134.06,20872900,,
2023-11-13,133.36,134.11,132.77,133.64,16409900,,
2023-11-14,135.65,137.24,135.10,135.43,22317300,,
2023-11-15,136.64,136.84,135.33,136.38,15840900,,
2023-11-16,136.96,138.88,136.08,138.70,17615100,,
2023-11-17,137.82,138.00,135.48,136.94,25565300,,
2023-11-20,135.50,138.43,135.49,137.92,19569400,,
2023-11-21,137.94,138.97,137.71,138.62,17648100,,
2023-11-22,139.10,141.10,139.00,140.02,17306400,,
2023-11-24,139.54,139.68,137.47,138.22,8828600,,
2023-11-27,137.57,139.63,137.54,138.05,17886400,,
2023-11-28,137.63,138.66,137.04,138.62,17046900,,
2023-11-29,138.99,139.67,136.29,136.40,21014700,,
2023-11-30,136.40,136.96,132.79,133.92,29913500,,
2023-12-01,133.32,133.50,132.15,133.32,24268000,,
2023-12-04,131.29,131.45,129.40,130.63,24117100,,
2023-12-05,130.37,133.54,129.73,132.39,19235100,,
2023-12-06,132.90,133.31,131.31,131.43,16360600,,
2023-12-07,136.60,140.00,136.23,138.45,38419400,,
2023-12-08,135.66,137.99,135.57,136.64,23016100,,
2023-12-11,133.82,134.79,132.89,134.70,24502900,,
2023-12-12,133.27,134.54,132.83,133.64,26584000,,
2023-12-13,134.54,134.78,132.95,133.97,25414500,,
2023-12-14,134.77,135.03,131.06,133.20,29619100,,
2023-12-15,132.92,134.83,132.63,133.84,58594000,,
2023-12-18,133.86,138.38,133.77,137.19,25699800,,
2023-12-19,138.00,138.77,137.45,138.10,20661000,,
2023-12-20,140.33,143.08,139.41,139.66,33507300,,
2023-12-21,140.77,142.03,140.47,141.80,18101500,,
2023-12-22,142.13,143.25,142.06,142.72,18513500,,
2023-12-26,142.98,143.94,142.50,142.82,11170100,,
2023-12-27,142.83,143.32,141.05,141.44,17288400,,
2023-12-28,141.85,142.27,140.83,141.28,12192500,,
2023-12-29,140.68,141.44,139.90,140.93,14881000,,
2024-01-02,139.60,140.62,137.74,139.56,20071900,,
2024-01-03,138.60,141.09,138.43,140.36,18974300,,
2024-01-04,139.85,140.63,138.01,138.04,18253300,,
2024-01-05,138.35,138.81,136.85,137.39,15439500,,
2024-01-08,138.00,140.64,137.88,140.53,17645300,,
2024-01-09,140.06,142.80,139.79,142.56,19579700,,
2024-01-10,142.52,144.53,142.46,143.80,16641900,,
2024-01-11,144.90,146.66,142.22,143.67,17471100,,
2024-01-12,144.34,144.74,143.36,144.24,13998700,,
2024-01-16,143.43,145.84,143.06,144.08,19198900,,
2024-01-17,142.91,143.41,140.51,142.89,17884500,,
2024-01-18,143.44,145.59,143.35,144.99,18876800,,
2024-01-19,146.31,148.04,145.80,147.97,27181000,,
2024-01-22,148.71,150.01,147.58,147.71,21829200,,
2024-01-23,147.72,148.86,147.19,148.68,14113600,,
2024-01-24,150.29,151.57,149.84,150.35,19245000,,
2024-01-25,151.74,154.76,151.22,153.64,21495100,,
2024-01-26,152.87,154.11,152.80,153.79,19494500,,
2024-01-29,153.64,155.20,152.92,154.84,20909300,,
2024-01-30,154.01,155.04,152.78,153.05,26578900,,
2024-01-31,145.39,145.59,141.55,141.80,43908600,,
2024-02-01,143.69,144.62,142.26,142.71,25526900,,
2024-02-02,140.89,143.88,138.17,143.54,42136100,,
2024-02-05,144.04,146.67,143.91,144.93,29254400,,
2024-02-06,145.96,146.74,144.52,145.41,21517700,,
2024-02-07,146.12,147.00,145.21,146.68,21436100,,
2024-02-08,146.97,147.61,146.42,147.22,18241300,,
2024-02-09,147.95,150.69,147.43,150.22,21877700,,
2024-02-12,149.54,150.59,148.56,148.73,17236100,,
2024-02-13,146.07,148.04,145.11,146.37,18138500,,
2024-02-14,147.37,147.83,145.56,147.14,16651800,,
2024-02-15,144.46,144.76,141.88,143.94,26724300,,
2024-02-16,144.21,144.48,141.52,141.76,21865100,,
2024-02-20,140.94,143.33,140.80,142.20,18625600,,
2024-02-21,142.64,143.98,141.91,143.84,16440800,,
2024-02-22,146.12,146.20,144.01,145.32,23024700,,
2024-02-23,144.97,145.96,144.79,145.29,14519400,,
2024-02-26,143.45,143.84,138.74,138.75,33513000,,
2024-02-27,139.41,140.49,138.50,140.10,22364000,,
2024-02-28,139.10,139.28,136.64,137.43,30628700,,
2024-02-29,138.35,139.95,137.57,139.78,35485000,,
2024-03-01,139.61,140.00,137.97,138.08,28551500,,
2024-03-04,136.54,136.63,132.86,134.20,43571500,,
2024-03-05,132.74,134.02,131.55,133.78,28447600,,
2024-03-06,134.24,134.74,131.95,132.56,23175200,,
2024-03-07,133.89,135.82,132.66,135.24,24107300,,
2024-03-08,135.03,138.99,134.80,136.29,26495200,,
2024-03-11,137.07,139.98,137.07,138.94,22536400,,
2024-03-12,138.25,140.28,138.21,139.62,19019700,,
2024-03-13,140.06,142.19,140.01,140.77,19637000,,
2024-03-14,142.30,144.73,141.49,144.34,36117900,,
2024-03-15,143.41,144.34,141.13,142.17,41039500,,
2024-03-18,149.37,152.93,148.14,148.48,47676700,,
2024-03-19,148.98,149.62,147.01,147.92,17748400,,
2024-03-20,148.79,149.76,147.66,149.68,17730000,,
2024-03-21,150.32,151.31,148.01,148.74,19843900,,
2024-03-22,150.24,152.56,150.09,151.77,19252900,,
2024-03-25,150.95,151.46,148.80,151.15,15114700,,
2024-03-26,151.24,153.20,151.03,151.70,19312700,,
2024-03-27,152.15,152.69,150.13,151.94,16622000,,
2024-03-28,152.00,152.67,151.33,152.26,21105600,,
2024-04-01,151.83,157.00,151.65,156.50,24469800,,
2024-04-02,154.75,155.99,153.46,155.87,17598100,,
2024-04-03,154.92,156.55,154.13,156.37,17266200,,
2024-04-04,155.08,156.18,151.88,151.94,24184800,,
2024-04-05,151.68,154.84,151.08,153.94,16297300,,
2024-04-08,154.01,156.66,153.99,156.14,16641500,,
2024-04-09,157.35,159.89,156.64,158.14,21521500,,
2024-04-10,157.88,158.16,156.20,157.66,16339200,,
2024-04-11,158.34,161.12,157.93,160.79,17841700,,
2024-04-12,159.41,161.70,158.60,159.19,16989800,,
2024-04-15,160.28,160.83,156.15,156.33,21140900,,
2024-04-16,155.64,157.23,155.05,156.00,15413200,,
2024-04-17,157.19,158.68,156.13,156.88,16237800,,
2024-04-18,156.93,158.49,156.21,157.46,14016100,,
2024-04-19,157.75,157.99,153.91,155.72,21479900,,
2024-04-22,156.01,159.19,155.66,157.95,17243900,,
2024-04-23,158.59,160.48,157.97,159.92,16115400,,
2024-04-24,159.09,161.39,158.82,161.10,19485700,,
2024-04-25,153.36,158.28,152.77,157.95,36197800,,
2024-04-26,175.99,176.42,171.40,173.69,56500800,,
2024-04-29,170.77,171.38,167.06,167.90,35914600,,
2024-04-30,167.38,169.87,164.50,164.64,29420800,,
2024-05-01,166.18,168.81,164.90,165.57,25223200,,
2024-05-02,166.67,168.53,165.69,168.46,17041100,,
2024-05-03,169.54,169.85,164.98,168.99,22767100,,
2024-05-06,169.22,169.90,167.89,169.83,15147900,,
2024-05-07,170.12,173.47,170.00,172.98,21102400,,
2024-05-08,170.75,171.91,170.52,171.16,14569900,,
2024-05-09,171.15,172.44,169.93,171.58,11937700,,
2024-05-10,169.69,171.34,167.91,170.29,18740500,,
2024-05-13,165.85,170.95,165.76,170.90,19648600,,
2024-05-14,171.59,172.78,170.42,171.93,18729500,,
2024-05-15,172.30,174.05,172.03,173.88,20958200,,
2024-05-16,174.60,176.34,174.05,175.43,17247300,,
2024-05-17,175.55,177.50,174.98,177.29,16546400,,
2024-05-20,177.31,179.95,177.22,178.46,17495100,,
2024-05-21,178.40,179.82,177.31,179.54,14706000,,
2024-05-22,178.40,178.85,176.78,178.00,16189400,,
2024-05-23,178.78,179.91,174.54,175.06,14928400,,
2024-05-24,176.52,177.30,175.20,176.33,11403600,,
2024-05-28,175.74,178.51,175.68,178.02,15655300,,
2024-05-29,176.81,178.23,176.26,177.40,15023800,,
2024-05-30,176.69,176.69,173.23,173.56,18826300,,
2024-05-31,173.40,174.42,170.97,173.96,28085200,,
2024-06-03,173.88,175.86,172.45,174.42,20742800,,
2024-06-04,174.45,175.19,173.22,175.13,14066600,,
2024-06-05,176.53,177.97,175.29,177.07,15233900,,
2024-06-06,177.43,178.71,177.21,178.35,14255800,,
2024-06-07,178.46,179.42,175.79,175.95,14716300,,
2024-06-10,176.45,178.47,174.38,176.63,17099800,0.2,
2024-06-11,177.72,178.39,175.44,178.19,14402400,,
2024-06-12,179.75,182.08,177.78,179.56,18600400,,
2024-06-13,177.84,178.51,176.66,176.74,15956900,,
2024-06-14,175.85,178.73,175.85,178.37,12361600,,
2024-06-17,176.98,179.92,176.49,178.78,15272900,,
2024-06-18,178.79,178.91,175.62,176.45,15640300,,
2024-06-20,176.71,178.74,176.46,177.71,16753200,,
2024-06-21,178.49,182.51,178.06,180.26,58903200,,
2024-06-24,181.28,182.08,180.23,180.79,18198300,,
2024-06-25,181.15,185.75,181.10,185.58,18797000,,
2024-06-26,184.20,185.93,183.99,185.37,13375700,,
2024-06-27,185.65,187.50,185.45,186.86,13025700,,
2024-06-28,185.72,186.58,183.32,183.42,23032400,,
2024-07-01,184.48,185.34,182.73,184.49,11815900,,
2024-07-02,183.47,186.95,183.06,186.61,12555500,,
2024-07-03,186.30,187.62,185.38,187.39,7409100,,
2024-07-05,187.32,192.26,187.32,191.96,14303400,,
2024-07-08,191.37,191.68,189.32,190.48,12097600,,
2024-07-09,191.75,192.86,190.23,190.44,10198500,,
2024-07-10,190.75,193.31,190.62,192.66,12052900,,
2024-07-11,191.34,192.41,186.82,187.30,16452000,,
2024-07-12,186.92,188.69,186.14,186.78,14449100,,
2024-07-15,186.49,189.90,186.49,188.19,12186000,,
2024-07-16,188.96,190.34,185.12,185.50,12760100,,
2024-07-17,184.68,185.23,181.62,182.62,17376600,,
2024-07-18,183.54,184.05,178.21,179.22,17877200,,
2024-07-19,180.37,181.97,178.86,179.39,14485900,,
2024-07-22,182.35,184.30,181.90,183.35,16303900,,
2024-07-23,183.84,185.22,183.33,183.60,23772600,,
2024-07-24,175.39,177.95,173.57,174.37,31250700,,
2024-07-25,174.25,175.20,169.05,169.16,28967900,,
2024-07-26,168.77,169.84,165.87,168.68,25150100,,
2024-07-29,170.50,172.16,169.72,171.13,13768900,,
2024-07-30,171.83,172.95,170.12,171.86,13681400,,
2024-07-31,174.92,175.91,171.72,173.15,15650200,,
2024-08-01,171.98,175.68,170.51,172.45,17177800,,
2024-08-02,168.19,170.21,166.39,168.40,18907800,,
2024-08-05,157.37,165.94,156.60,160.64,34907800,,
2024-08-06,160.94,162.35,158.13,160.54,36146500,,
2024-08-07,163.24,164.79,160.24,160.75,19334200,,
2024-08-08,162.34,165.50,162.03,163.84,15733600,,
2024-08-09,161.65,165.52,160.93,165.39,13549200,,
2024-08-12,166.00,166.70,163.55,163.95,12435000,,
2024-08-13,165.19,166.54,164.77,165.93,12717600,,
2024-08-14,164.21,164.96,159.53,162.03,22515900,,
2024-08-15,162.21,163.52,161.49,163.17,18392500,,
2024-08-16,163.41,166.95,163.08,164.74,16853100,,
2024-08-19,167.00,168.47,166.09,168.40,13100800,,
2024-08-20,168.74,170.41,168.66,168.96,12622500,,
2024-08-21,166.99,168.64,166.57,167.63,15269600,,
2024-08-22,169.04,169.42,165.03,165.49,19123800,,
2024-08-23,166.55,167.95,165.66,167.43,14281600,,
2024-08-26,168.16,169.38,166.32,167.93,11990300,,
2024-08-27,167.61,168.25,166.16,166.38,13718200,,
2024-08-28,166.78,167.39,163.28,164.50,15208700,,
2024-08-29,166.06,167.63,161.98,163.40,17133800,,
2024-08-30,164.22,165.28,163.41,165.11,18498800,,
2024-09-03,163.31,163.38,157.85,158.61,26533100,,
2024-09-04,158.07,160.40,157.44,157.81,17410700,,
2024-09-05,157.78,161.01,157.52,158.60,14139500,,
2024-09-06,158.69,159.22,151.94,152.13,24999100,,
2024-09-09,153.63,154.64,148.20,149.54,28057700,0.2,
2024-09-10,151.45,152.30,149.54,150.01,20401800,,
2024-09-11,151.09,152.48,148.70,152.15,18991500,,
2024-09-12,154.81,155.61,153.50,155.54,20980800,,
2024-09-13,156.36,159.28,156.11,158.37,16733900,,
2024-09-16,158.33,159.24,157.61,158.99,14157600,,
2024-09-17,160.09,161.59,159.41,160.28,12064800,,
2024-09-18,160.85,161.63,159.66,160.81,16756500,,
2024-09-19,164.82,164.99,162.52,163.24,17548200,,
2024-09-20,164.52,164.75,163.18,164.64,46362700,,
2024-09-23,165.34,166.61,162.95,163.07,15648400,,
2024-09-24,164.25,164.55,162.03,163.64,18774100,,
2024-09-25,162.97,164.22,162.78,162.99,13607900,,
2024-09-26,165.03,165.50,163.50,163.83,18234500,,
2024-09-27,163.91,166.97,163.83,165.29,13604300,,
2024-09-30,164.78,167.36,164.64,167.19,14070100,,
2024-10-01,168.86,170.44,165.90,168.42,18629500,,
2024-10-02,167.76,168.88,166.25,167.31,12745000,,
2024-10-03,165.82,167.91,165.37,167.21,11004300,,
2024-10-04,169.34,169.55,166.96,168.56,11422100,,
2024-10-07,169.14,169.90,164.13,164.39,14034700,,
2024-10-08,165.43,166.10,164.31,165.70,11723900,,
2024-10-09,164.85,166.26,161.12,163.06,19666400,,
2024-10-10,162.11,164.31,161.64,163.18,12900500,,
2024-10-11,163.33,165.27,162.50,164.52,10946000,,
2024-10-14,164.91,167.62,164.78,166.35,9981800,,
2024-10-15,167.14,169.09,166.05,166.90,14829300,,
2024-10-16,166.03,167.28,165.22,166.74,9968500,,
2024-10-17,167.38,167.93,164.37,164.51,15113400,,
2024-10-18,164.87,166.37,164.75,165.05,13091300,,
2024-10-21,164.58,166.22,164.31,165.80,11384000,,
2024-10-22,164.70,167.47,164.67,166.82,11958600,,
2024-10-23,166.43,167.60,163.63,164.48,12754300,,
2024-10-24,164.59,165.05,162.77,164.53,12764400,,
2024-10-25,165.37,167.40,165.23,166.99,14566400,,
2024-10-28,170.59,170.61,165.79,168.34,20858300,,
2024-10-29,169.38,171.86,168.66,171.14,28916100,,
2024-10-30,182.41,183.79,175.75,176.14,49698300,,
2024-10-31,174.72,178.42,172.56,172.69,32801900,,
2024-11-01,171.54,173.82,170.31,172.65,21752900,,
2024-11-04,171.24,171.92,169.49,170.68,16194000,,
2024-11-05,170.83,172.10,170.37,171.41,12518300,,
2024-11-06,175.35,178.64,175.04,178.33,27061500,,
2024-11-07,179.11,182.58,178.89,182.28,16730400,,
2024-11-08,182.00,182.35,179.57,179.86,15021500,,
2024-11-11,180.07,182.09,179.99,181.97,12503400,,
2024-11-12,181.38,184.03,180.99,183.32,14065800,,
2024-11-13,182.15,182.62,180.12,180.49,13969700,,
2024-11-14,179.75,180.44,176.03,177.35,17925800,,
2024-11-15,175.64,175.88,172.75,173.89,21708900,,
2024-11-18,174.96,176.91,174.42,176.80,18662800,,
2024-11-19,175.24,180.17,175.12,179.58,15392900,,
2024-11-20,178.83,179.11,175.33,177.33,15729800,,
2024-11-21,175.46,175.58,165.31,169.24,38839400,,
2024-11-22,167.16,168.26,165.71,166.57,24497000,,
2024-11-25,167.99,170.46,167.40,169.43,21395700,,
2024-11-26,169.49,171.50,169.43,170.62,14937500,,
2024-11-27,170.68,171.14,169.67,170.82,12433400,,
2024-11-29,170.06,170.87,168.75,170.49,9250700,,
2024-12-02,170.32,173.60,170.27,172.98,16593400,,
2024-12-03,173.12,174.32,172.51,173.02,15721500,,
2024-12-04,172.78,176.43,172.75,176.09,18239800,,
2024-12-05,177.32,177.71,174.01,174.31,16145500,,
2024-12-06,173.88,176.84,173.55,176.49,13319500,,
2024-12-09,175.72,178.04,175.40,177.10,19887800,0.2,
2024-12-10,184.53,188.03,182.67,186.53,34317400,,
2024-12-11,186.70,196.89,186.26,196.71,41664500,,
2024-12-12,196.30,196.71,193.28,193.63,25197800,,
2024-12-13,192.71,194.34,191.26,191.38,18883200,,
2024-12-16,194.37,200.64,194.11,198.16,32248600,,
2024-12-17,198.53,202.88,196.69,197.12,24129500,,
2024-12-18,196.83,198.69,189.28,190.15,27638400,,
2024-12-19,193.28,194.60,189.52,189.70,26981200,,
2024-12-20,187.01,194.13,186.37,192.96,45319700,,
2024-12-23,194.03,196.49,191.63,195.99,15235900,,
2024-12-24,196.17,197.67,195.20,197.57,6809800,,
2024-12-26,196.74,198.16,195.87,197.10,7907900,,
2024-12-27,196.47,196.80,191.97,194.04,14693000,,
2024-12-30,190.87,193.78,190.36,192.69,12209500,,
2024-12-31,192.44,193.25,189.58,190.44,14355200,,
2025-01-02,191.49,193.20,188.71,190.63,17545200,,
2025-01-03,192.72,194.50,191.35,193.13,12875000,,
2025-01-06,195.15,199.56,195.06,197.96,19483300,,
2025-01-07,198.27,202.14,195.94,196.71,16966800,,
2025-01-08,193.95,197.64,193.75,195.39,14335300,,
2025-01-10,195.42,197.62,191.60,193.17,20753800,,
2025-01-13,191.35,192.49,188.66,192.29,13169100,,
2025-01-14,192.50,193.27,189.64,191.05,13651200,,
2025-01-15,194.35,197.80,193.33,196.98,12894900,,
2025-01-16,195.82,196.98,194.30,194.41,13449600,,
2025-01-17,198.05,198.81,195.31,197.55,22109100,,
2025-01-21,200.51,203.84,199.44,199.63,19005200,,
2025-01-22,200.55,202.12,199.20,200.03,15477400,,
2025-01-23,199.98,201.94,196.82,199.58,15170800,,
2025-01-24,199.85,202.57,199.78,201.90,12732400,,
2025-01-27,194.19,198.67,192.70,193.77,24970200,,
2025-01-28,194.65,197.23,192.61,197.07,15939200,,
2025-01-29,197.37,198.46,195.19,197.18,12287800,,
2025-01-30,199.76,203.24,199.47,202.63,14571500,,
2025-01-31,203.72,207.08,203.58,205.60,17060300,,
2025-02-03,202.22,205.22,201.66,202.64,16719500,,
2025-02-04,204.50,208.70,204.26,207.71,28285400,,
2025-02-05,193.10,194.55,189.91,193.30,43666400,,
2025-02-06,190.99,193.83,190.49,193.31,20816600,,
2025-02-07,192.74,193.01,185.10,187.14,29565700,,
2025-02-10,189.06,189.99,187.61,188.20,16606000,,
2025-02-11,186.84,188.80,186.08,187.07,13028100,,
2025-02-12,185.23,186.83,183.63,185.43,17632300,,
2025-02-13,185.93,187.99,184.88,187.88,12729300,,
2025-02-14,186.83,188.15,186.11,186.87,12714200,,
2025-02-18,187.44,187.78,183.58,185.80,19796000,,
2025-02-19,186.19,187.36,185.50,187.13,13120500,,
2025-02-20,186.50,187.12,184.60,186.64,12063800,,
2025-02-21,187.29,187.47,181.13,181.58,19520800,,
2025-02-24,183.80,185.09,180.88,181.19,18734000,,
2025-02-25,180.16,180.76,176.77,177.37,20832500,,
2025-02-26,176.94,178.08,173.59,174.70,23637200,,
2025-02-27,175.94,176.59,169.75,170.21,25930500,,
2025-02-28,170.30,172.50,168.39,172.22,30049800,,
2025-03-03,173.73,175.00,167.64,168.66,24122000,,
2025-03-04,167.94,175.16,167.54,172.61,30711400,,
2025-03-05,172.32,175.75,170.93,174.99,18848000,,
2025-03-06,172.55,176.73,172.51,174.21,19082400,,
2025-03-07,173.24,176.90,172.25,175.75,16395300,,
2025-03-10,170.16,170.45,165.56,167.81,28990700,0.2,
2025-03-11,166.68,168.66,163.24,165.98,23705900,,
2025-03-12,168.47,169.53,165.48,169.00,19880100,,
2025-03-13,167.98,168.12,164.07,164.73,15206200,,
2025-03-14,165.31,168.25,164.51,167.62,18611100,,
2025-03-17,167.32,168.46,165.81,166.57,17839100,,
2025-03-18,165.96,166.44,158.80,162.67,24616800,,
2025-03-19,163.91,168.13,163.05,166.28,24955700,,
2025-03-20,163.82,167.03,163.14,165.05,19981500,,
2025-03-21,163.38,166.47,163.03,166.25,29882100,,
2025-03-24,169.26,170.50,167.44,169.93,18742800,,
2025-03-25,171.18,172.91,170.55,172.79,13841600,,
2025-03-26,171.30,171.94,166.86,167.14,22498000,,
2025-03-27,166.71,167.44,163.85,164.08,21571200,,
2025-03-28,162.36,163.81,155.34,156.06,34866500,,
2025-03-31,154.81,157.13,152.21,156.23,33591600,,
2025-04-01,155.30,160.08,155.25,158.88,20111400,,
2025-04-02,156.96,160.28,156.53,158.86,17113300,,
2025-04-03,152.84,154.69,152.18,152.63,28416100,,
2025-04-04,149.90,153.09,147.54,147.74,39832200,,
2025-04-07,143.39,154.93,142.66,149.24,47823000,,
2025-04-08,153.57,154.44,145.21,146.58,35304400,,
2025-04-09,146.33,161.87,145.81,161.06,46479500,,
2025-04-10,158.76,160.03,152.20,155.37,35270500,,
2025-04-11,155.59,159.86,155.59,159.40,22582000,,
2025-04-14,162.31,164.03,159.92,161.47,18255900,,
2025-04-15,161.57,162.05,157.65,158.68,15690800,,
2025-04-16,155.47,158.18,153.91,155.50,16921500,,
2025-04-17,156.61,157.07,150.90,153.36,19513400,,
2025-04-21,150.97,151.06,148.40,149.86,16147800,,
2025-04-22,151.07,154.61,150.87,153.90,15910300,,
2025-04-23,157.91,160.02,156.35,157.72,18575700,,
2025-04-24,158.53,161.71,158.09,161.47,30787500,,
2025-04-25,167.10,168.24,163.00,163.85,35148100,,
2025-04-28,164.26,164.95,160.38,162.42,20871200,,
2025-04-29,162.04,162.68,159.39,162.06,15955200,,
2025-04-30,159.86,161.37,157.16,160.89,20639500,,
2025-05-01,162.52,163.94,160.93,162.79,21904300,,
2025-05-02,164.96,166.70,163.66,165.81,16844900,,
2025-05-05,164.51,167.10,164.47,166.05,15309300,,
2025-05-06,163.96,166.74,163.13,165.20,10691900,,
2025-05-07,166.07,166.99,149.49,152.80,78729800,,
2025-05-08,155.92,157.41,154.10,155.75,38387500,,
2025-05-09,155.55,156.43,153.83,154.38,22871000,,
2025-05-12,159.10,160.44,157.89,159.58,31884900,,
2025-05-13,159.92,162.06,157.58,160.89,24944300,,
2025-05-14,161.31,168.34,160.93,166.81,31769200,,
2025-05-15,167.14,167.51,163.84,165.40,22717600,,
2025-05-16,168.93,170.65,166.95,167.43,36271400,,
2025-05-19,165.72,167.95,165.41,167.87,21374700,,
2025-05-20,167.76,169.68,164.26,165.32,33563300,,
2025-05-21,164.95,174.53,164.89,170.06,45567600,,
2025-05-22,173.35,178.13,171.88,171.98,45024100,,
2025-05-23,170.28,171.21,169.26,169.59,24963600,,
2025-05-27,171.30,174.29,171.21,173.98,24341300,,
2025-05-28,173.98,176.48,173.01,173.38,25999200,,
2025-05-29,175.00,175.40,171.78,172.96,21174700,,
2025-05-30,172.41,173.44,168.53,172.85,36258300,,
2025-06-02,169.01,171.06,168.65,170.37,24742900,,
2025-06-03,168.87,169.80,166.68,167.71,25386700,,
2025-06-04,168.28,169.58,167.79,169.39,18508700,,
2025-06-05,171.62,172.36,169.35,169.81,25375400,,
2025-06-06,172.30,175.83,172.30,174.92,22258100,,
2025-06-09,175.87,177.91,175.66,177.63,18817600,0.21,
2025-06-10,177.76,182.44,176.47,180.01,32908000,,
2025-06-11,181.23,181.75,178.00,178.79,18994400,,
2025-06-12,177.48,178.13,176.11,176.97,17345900,,
2025-06-13,173.58,178.34,173.57,175.88,20873200,,
2025-06-16,175.91,178.25,175.82,177.94,18132500,,
2025-06-17,177.00,178.72,175.94,177.23,17656100,,
2025-06-18,177.28,177.82,172.84,173.98,32531800,,
2025-06-20,174.87,175.37,166.27,167.73,55402600,,
2025-06-23,167.32,168.48,163.33,166.01,36975600,,
2025-06-24,167.69,169.25,166.91,167.74,27310300,,
2025-06-25,168.65,173.36,168.56,171.49,23627400,,
2025-06-26,173.38,174.65,170.86,174.43,25909100,,
2025-06-27,174.63,178.84,172.71,178.27,74053100,,
2025-06-30,180.78,181.58,175.50,177.39,43964600,,
2025-07-01,176.81,177.22,174.66,176.91,25778500,,
2025-07-02,176.54,179.94,176.09,179.76,19325900,,
2025-07-03,179.82,180.77,178.19,180.55,13287400,,
2025-07-07,180.13,180.34,176.64,177.56,20991400,,
2025-07-08,178.78,178.79,173.92,175.16,24108600,,
2025-07-09,176.11,180.28,173.88,177.66,31288000,,
2025-07-10,176.67,179.59,175.74,178.70,24693700,,
2025-07-11,177.91,182.61,177.54,181.31,23975700,,
2025-07-14,182.07,184.73,180.71,182.81,20990400,,
2025-07-15,183.94,185.41,182.39,183.10,23911600,,
2025-07-16,184.32,185.34,183.08,183.77,21152600,,
2025-07-17,183.12,185.19,181.50,184.70,21654400,,
2025-07-18,186.62,187.36,184.73,185.94,21033400,,
2025-07-21,187.10,191.26,187.05,191.15,24665000,,
2025-07-22,192.42,193.36,188.50,192.11,26212900,,
2025-07-23,192.36,193.36,190.18,191.51,34068100,,
2025-07-24,198.11,198.97,191.95,193.20,45252100,,
2025-07-25,192.93,195.28,192.13,194.08,31101800,,
2025-07-28,194.41,194.82,191.85,193.42,25553500,,
2025-07-29,193.30,196.66,192.99,196.43,31891600,,
2025-07-30,196.30,198.48,195.56,197.44,21150500,,
2025-07-31,196.60,196.83,192.08,192.86,27852000,,
2025-08-01,189.78,191.62,188.70,189.95,21236700,,
2025-08-04,191.18,196.08,190.92,195.75,23386000,,
2025-08-05,195.54,198.70,194.68,195.32,19010200,,
2025-08-06,195.25,197.38,194.47,196.92,15383700,,
2025-08-07,197.71,198.37,195.22,197.28,14660600,,
2025-08-08,197.98,203.43,197.90,202.09,24379900,,
2025-08-11,201.56,202.16,199.80,201.63,16690200,,
2025-08-12,202.09,205.13,201.40,204.16,19854000,,
2025-08-13,204.98,205.43,198.64,203.03,19573000,,
2025-08-14,202.56,205.42,202.32,203.82,17777100,,
2025-08-15,204.72,207.33,202.09,204.91,21111400,,
2025-08-18,205.07,206.14,203.41,204.29,13000200,,
2025-08-19,203.91,204.29,200.93,202.49,13476600,,
2025-08-20,201.68,202.17,197.46,200.19,13971700,,
2025-08-21,200.72,203.36,200.40,200.62,11768900,,
2025-08-22,203.96,209.23,202.13,206.72,25723700,,
2025-08-25,207.00,211.09,205.95,209.16,22788800,,
2025-08-26,208.37,208.46,206.45,207.95,23051000,,
2025-08-27,206.46,209.57,206.39,208.21,15249000,,
2025-08-28,207.84,212.90,207.60,212.37,20915700,,
2025-08-29,211.27,215.34,210.97,213.53,24682200,,
2025-09-02,208.99,212.37,206.96,211.99,28900100,,
2025-09-03,226.48,231.80,225.12,231.10,72250300,,
2025-09-04,230.16,232.77,226.76,232.66,32196000,,
2025-09-05,232.66,236.13,232.38,235.17,26127700,,
2025-09-08,235.79,238.40,233.73,234.16,23128800,0.21,
2025-09-09,234.19,240.59,233.38,239.94,22854800,,
2025-09-10,239.25,242.08,238.11,239.56,19990100,,
2025-09-11,240.14,242.57,236.58,240.78,21308600,,
2025-09-12,240.80,242.42,238.50,241.38,14536600,,
2025-09-15,245.14,252.75,244.98,251.76,29935200,,
2025-09-16,252.33,253.23,249.72,251.42,24493500,,
2025-09-17,251.46,251.95,246.58,249.85,20491300,,
2025-09-18,251.86,254.14,250.11,252.33,21166400,,
2025-09-19,253.40,256.70,252.07,255.24,41616800,,
2025-09-22,254.78,256.31,250.81,252.88,20079000,,
2025-09-23,253.66,254.77,251.09,252.34,17521100,,
2025-09-24,252.15,252.96,247.22,247.83,16958500,,
2025-09-25,244.84,247.31,241.65,246.57,17379800,,
2025-09-26,247.78,250.12,246.64,247.18,16594600,,
2025-09-29,248.28,251.65,243.20,244.36,23157200,,
2025-09-30,243.06,243.68,239.57,243.55,22541200,,
2025-10-01,241.18,247.15,239.20,245.54,23967700,,
2025-10-02,245.64,247.63,243.10,246.43,20657500,,
2025-10-03,245.23,247.12,242.47,246.45,19941400,,
2025-10-06,245.78,252.20,245.69,251.51,18309000,,
2025-10-07,248.93,251.55,246.81,247.13,13811200,,
2025-10-08,246.20,247.26,245.09,245.46,14136500,,
2025-10-09,245.06,245.56,239.68,242.21,19375700,,
2025-10-10,242.16,244.84,236.69,237.49,22449100,,
2025-10-13,241.03,244.99,240.75,244.64,12465000,,
2025-10-14,241.75,248.03,241.18,246.19,17705400,,
2025-10-15,248.09,252.76,246.79,251.71,16048100,,
2025-10-16,252.47,257.58,250.67,251.88,18946000,,
2025-10-17,251.35,254.88,248.59,253.79,17653800,,
2025-10-20,255.23,257.88,254.60,257.02,13726800,,
2025-10-21,255.25,255.38,244.67,251.34,27836400,,
2025-10-22,255.01,257.18,250.45,252.53,19650200,,
2025-10-23,253.70,255.86,252.77,253.73,13241300,,
2025-10-24,257.30,262.51,256.10,260.51,18406000,,
2025-10-27,265.36,270.80,264.94,269.93,22987700,,
2025-10-28,270.20,271.38,267.17,268.43,20101200,,
2025-10-29,268.61,275.97,268.43,275.17,26287900,,
2025-10-30,291.72,291.93,280.45,281.90,48570000,,
2025-10-31,283.20,286.29,277.52,281.82,29932800,,
2025-11-03,282.42,285.94,280.37,284.12,19691800,,
2025-11-04,277.06,281.83,276.87,278.06,18123700,,
2025-11-05,279.38,286.70,277.88,284.75,20063200,,
2025-11-06,285.74,288.81,281.62,285.34,23103800,,
2025-11-07,284.21,284.50,275.74,279.70,21991100,,
2025-11-10,285.26,291.46,283.54,290.59,19508200,,
2025-11-11,288.20,292.34,287.88,291.74,14156700,,
2025-11-12,292.08,292.36,284.38,287.43,16998800,,
2025-11-13,282.99,283.51,278.00,279.12,18060200,,
2025-11-14,271.89,279.15,271.41,276.98,18330500,,
2025-11-17,286.40,294.52,284.23,285.60,34286100,,
2025-11-18,288.49,289.44,279.01,284.96,29702200,,
2025-11-19,287.69,304.25,287.67,292.99,43123600,,
2025-11-20,304.74,306.89,289.17,289.98,34801400,,
2025-11-21,296.87,303.96,294.36,299.65,43670600,,
2025-11-24,311.01,319.80,309.40,318.47,55311800,,
2025-11-25,326.80,328.67,317.82,323.64,50899300,,
2025-11-26,320.78,324.99,317.20,320.28,29839600,,
2025-11-28,323.43,326.88,316.94,320.12,19695800,,
2025-12-01,317.48,319.63,313.98,315.12,28520600,,
2025-12-02,316.90,318.60,314.22,316.02,24668200,,
2025-12-03,316.03,322.04,314.28,320.62,32285100,,
2025-12-04,323.05,323.10,315.59,318.39,20831600,,
2025-12-05,320.00,323.83,319.98,322.09,15719900,,
2025-12-08,321.03,321.23,311.91,314.45,22006900,0.21,
2025-12-09,313.10,318.71,312.62,317.75,14151300,,
2025-12-10,316.62,321.87,315.40,321.00,22764500,,
2025-12-11,321.10,321.99,309.88,313.70,25912100,,
2025-12-12,314.80,316.14,306.96,310.52,21264800,,
2025-12-15,312.62,312.70,305.74,309.32,22028900,,
2025-12-16,306.00,311.85,303.83,307.73,21285200,,
2025-12-17,309.01,309.19,297.45,298.06,29120400,,
2025-12-18,303.06,305.26,300.63,303.75,21040500,,
2025-12-19,303.27,308.99,302.34,308.61,45234400,,
2025-12-22,311.23,311.70,306.59,311.33,14091400,,
2025-12-23,311.13,316.30,310.75,315.68,13961400,,
2025-12-24,316.15,316.29,313.32,315.67,6138200,,
2025-12-26,315.92,316.56,313.72,314.96,6730900,,
2025-12-29,312.82,314.97,311.90,314.39,12317700,,
2025-12-30,313.41,317.70,313.25,314.55,11052500,,
2025-12-31,313.37,315.39,312.20,313.80,10821500,,
2026-01-02,317.59,322.91,310.65,315.32,22043700,,
2026-01-05,317.69,319.25,315.25,317.32,19934000,,
2026-01-06,317.31,321.56,312.34,314.55,18989900,,
2026-01-07,314.57,326.46,314.50,322.43,24681800,,
2026-01-08,329.26,330.54,321.99,326.01,21789600,,
2026-01-09,327.49,331.48,326.25,329.14,17917700,,
2026-01-12,326.50,334.44,325.51,332.73,23893800,,
2026-01-13,335.28,341.20,334.35,336.43,24616700,,
2026-01-14,334.99,337.03,331.14,336.31,17839300,,
2026-01-15,338.06,338.13,331.29,333.16,16424900,,
2026-01-16,334.94,335.24,328.17,330.34,21868600,,
2026-01-20,321.24,328.09,320.89,322.16,27169900,,
2026-01-21,321.10,332.73,319.54,328.38,22791700,,
2026-01-22,334.26,335.21,328.88,330.84,19902100,,
2026-01-23,332.65,334.03,327.97,328.43,19110600,,
2026-01-26,328.20,336.35,327.49,333.59,18502500,,
2026-01-27,335.63,338.21,333.75,335.00,16080900,,
2026-01-28,336.61,337.63,332.13,336.28,17538500,,
2026-01-29,340.35,342.29,326.72,338.66,24548300,,
2026-01-30,334.46,340.29,332.64,338.53,21740200,,
2026-02-02,336.55,345.17,336.01,344.90,22775200,,
2026-02-03,348.51,350.15,338.59,340.70,25786500,,
2026-02-04,343.75,344.25,329.37,333.34,36991100,,
2026-02-05,313.20,332.64,306.92,331.33,51842000,,
2026-02-06,327.35,330.64,320.15,323.10,33877000,,
2026-02-09,321.24,327.74,317.70,324.40,26103300,,
2026-02-10,320.91,321.63,314.66,318.63,25281900,,
2026-02-11,318.96,321.05,310.13,311.33,24008100,,
2026-02-12,312.35,316.48,308.15,309.37,28194000,,
2026-02-13,307.99,308.89,303.90,306.02,20236000,,
2026-02-17,300.64,304.89,296.90,302.82,23750800,,
2026-02-18,302.43,305.91,301.98,303.94,15847700,,
2026-02-19,302.52,306.03,300.67,303.56,13448600,,
2026-02-20,304.80,316.76,304.42,314.90,33663100,,
2026-02-23,319.14,319.45,309.99,311.69,17641200,,
2026-02-24,310.64,312.37,306.09,310.92,15040700,,
2026-02-25,312.12,313.66,309.36,313.03,20209100,,
2026-02-26,312.81,313.00,302.41,307.15,22380000,,
2026-02-27,303.94,312.08,303.59,311.43,33389200,,
2026-03-02,302.96,308.14,301.06,306.36,21854400,,
2026-03-03,298.42,303.94,296.70,303.56,20361100,,
2026-03-04,302.69,305.46,300.80,303.45,20015600,,
2026-03-05,303.20,303.37,298.07,300.91,22643900,,
2026-03-06,296.07,300.33,295.25,298.30,17598000,,
2026-03-09,294.13,306.50,293.93,306.01,19632700,0.21,
2026-03-10,305.88,309.15,305.31,306.93,14386400,,
2026-03-11,306.30,311.07,305.84,308.42,13376700,,
2026-03-12,306.21,308.64,300.84,303.21,15610200,,
2026-03-13,306.65,307.26,299.78,301.46,16857500,,
2026-03-16,303.60,305.57,301.81,304.42,14822000,,
2026-03-17,304.67,310.05,304.35,309.41,14423600,,
2026-03-18,307.90,310.75,305.55,306.30,13848400,,
2026-03-19,303.21,306.68,301.00,305.73,15399700,,
2026-03-20,304.07,304.37,296.75,298.79,34763500,,
2026-03-23,300.53,303.37,298.03,299.02,22204100,,
2026-03-24,296.21,297.10,288.86,289.20,27411200,,
2026-03-25,292.15,294.66,287.37,289.59,22343000,,
2026-03-26,286.19,286.51,279.05,280.74,29281200,,
2026-03-27,277.40,279.09,273.48,273.76,25703300,,
2026-03-30,275.44,276.26,271.54,273.14,22752300,,
2026-03-31,277.54,287.05,276.76,286.86,31625100,,
2026-04-01,289.98,297.99,289.47,294.90,24403600,,
2026-04-02,288.99,295.90,287.57,294.46,13433400,,
2026-04-06,294.70,298.43,293.79,297.66,10121700,,
2026-04-07,300.14,304.10,295.43,303.93,17317700,,
2026-04-08,317.83,319.39,312.70,314.74,20887500,,
2026-04-09,313.19,317.43,309.47,316.37,14606800,,
2026-04-10,318.23,319.50,314.54,315.72,11997600,,
2026-04-13,315.42,319.43,313.69,319.21,12212800,,
2026-04-14,322.06,330.64,321.15,330.58,18557500,,
2026-04-15,330.56,335.00,328.66,334.47,15104100,,
2026-04-16,335.85,337.38,331.65,332.77,13949600,,
2026-04-17,334.43,339.99,333.29,339.40,19683800,,
2026-04-20,338.56,339.16,334.63,335.40,12897300,,
2026-04-21,335.58,337.17,329.63,330.47,14623800,,
2026-04-22,334.88,338.03,332.96,337.73,12954200,,
2026-04-23,339.57,340.16,335.06,337.75,13442100,,
2026-04-24,337.72,343.69,334.05,342.32,18260900,,
2026-04-27,343.88,350.90,340.81,348.52,17443000,,
2026-04-28,346.92,349.90,344.28,347.50,18502300,,
2026-04-29,345.48,353.40,342.43,347.31,22232200,,
2026-04-30,371.25,382.63,363.09,381.94,44570500,,
2026-05-01,377.98,383.39,375.26,383.22,28047900,,
2026-05-04,382.32,384.18,376.77,379.64,18275000,,
2026-05-05,381.87,388.96,380.35,384.27,15432500,,
2026-05-06,389.59,396.38,387.10,395.14,23097300,,
2026-05-07,397.06,397.36,390.31,395.30,15153600,,
2026-05-08,394.27,398.37,393.67,397.05,13762500,,
2026-05-11,390.69,394.33,386.23,386.77,16314900,,
2026-05-12,385.00,386.44,379.72,383.82,17103900,,
2026-05-13,381.90,399.93,381.58,399.04,18160100,,
2026-05-14,393.79,399.10,392.73,397.17,13805400,,
2026-05-15,393.21,395.88,389.76,393.32,15801900,,
2026-05-18,392.12,404.47,390.90,393.11,18592800,,
2026-05-19,393.30,393.36,383.00,384.90,25559400,,
2026-05-20,385.04,390.70,380.00,384.90,16488100,,
2026-05-21,382.01,388.68,379.48,383.47,16837600,,
2026-05-22,383.26,384.87,378.26,379.38,13382800,,
2026-05-26,381.00,385.39,379.14,384.84,16150900,,
2026-05-27,382.76,389.73,382.00,384.83,16893100,,
2026-05-28,383.86,390.00,381.25,386.12,20795400,,
2026-05-29,381.23,381.65,374.30,376.43,48018600,,
2026-06-01,372.57,374.60,369.71,372.58,19091900,,
2026-06-02,363.16,369.79,355.00,358.39,34648600,,
2026-06-03,358.33,362.50,354.38,355.68,43031000,,
2026-06-04,355.44,369.86,354.80,369.27,37746200,,
2026-06-05,363.38,369.20,361.63,365.76,23411500,,
2026-06-08,362.49,363.38,357.89,361.17,18739000,0.22,
2026-06-09,364.88,369.69,354.72,362.29,19873600,,
2026-06-10,361.05,366.31,352.81,353.32,19878600,,
2026-06-11,353.05,358.01,343.63,356.56,28771800,,
2026-06-12,361.10,364.77,353.34,358.16,17637100,,
2026-06-15,365.99,370.65,364.65,367.11,17268600,,
2026-06-16,367.46,373.60,365.32,371.10,16492800,,
2026-06-17,367.05,370.15,360.23,362.10,16003500,,
2026-06-18,363.89,369.00,356.61,367.46,29339100,,
2026-06-22,357.13,358.20,340.94,348.78,32211200,,
2026-06-23,340.11,348.72,339.71,346.08,21820900,,
2026-06-24,348.72,352.83,341.50,345.04,23898400,,
2026-06-25,336.92,343.19,335.90,342.19,27687600,,
2026-06-26,340.98,344.12,333.69,334.69,82484600,,
2026-06-29,339.95,351.97,338.81,351.28,25565700,,
2026-06-30,350.96,355.39,348.11,353.33,21278400,,
2026-07-01,354.62,359.56,353.23,357.89,19546800,,
2026-07-02,356.15,360.99,350.32,356.18,15532900,,
2026-07-06,358.19,365.68,354.19,364.90,22652700,,
2026-07-07,367.24,370.89,362.42,363.62,16443900,,
2026-07-08,362.21,364.98,354.70,358.71,14710400,,
2026-07-09,351.08,356.73,348.66,356.24,17217400,,
2026-07-10,354.95,355.68,350.70,355.03,11618500,,
2026-07-13,353.99,355.75,349.82,350.67,10583500,,
2026-07-14,348.84,357.88,348.84,357.33,11252600,,
2026-07-15,356.01,372.14,355.67,370.21,20258200,,
2026-07-16,372.17,374.35,351.67,353.81,23603700,,
2026-07-17,345.77,348.17,341.12,346.12,22023900,,
2026-07-20,350.17,359.49,350.00,351.37,13203300,,
2026-07-21,350.56,350.74,346.01,346.19,17419500,,
2026-07-22,347.18,349.45,341.64,341.91,23273800,,
2026-07-23,321.63,324.45,314.89,318.34,46751900,,
2026-07-24,318.30,323.98,317.50,319.09,21630800,,
2026-07-27,324.74,330.10,324.41,326.57,21419600,,
2026-07-28,327.80,335.21,324.54,332.60,20986900,,
2026-07-29,333.50,341.98,330.41,335.76,20242900,,
2026-07-30,333.08,335.45,329.82,333.68,17309500,,
2026-07-31,340.07,358.88,339.16,356.65,30514500,,
2026-08-03,365.30,376.10,363.26,372.47,27100400,,
2026-08-04,366.52,377.67,366.16,375.35,19948500,,
