date,open,high,low,close,volume,div,split
2016-08-04,34.29,34.62,34.22,34.58,16362600,,
2016-08-05,34.80,35.13,34.70,34.98,20046200,,
2016-08-08,34.90,35.17,34.86,35.04,19497300,,
2016-08-09,35.04,35.16,34.84,34.92,12578900,,
2016-08-10,35.00,35.00,34.50,34.53,19579000,,
2016-08-11,34.66,34.74,34.49,34.68,16364100,,
2016-08-12,34.52,34.76,34.44,34.57,15708300,,
2016-08-15,34.70,35.16,34.63,34.91,18931100,,
2016-08-16,34.77,35.21,34.77,35.21,16320900,,
2016-08-17,35.17,35.21,34.77,35.02,18221600,,
2016-08-18,34.96,35.09,34.75,34.97,16085200,,
2016-08-19,34.84,35.27,34.74,35.24,16417600,,
2016-08-22,35.20,35.45,35.12,35.36,14941400,,
2016-08-23,35.50,35.69,35.30,35.40,18316000,,
2016-08-24,35.32,35.41,35.02,35.15,16343500,,
2016-08-25,35.05,35.22,34.90,35.09,12428000,,
2016-08-26,35.11,35.58,35.05,35.26,14469900,,
2016-08-29,35.48,35.67,35.15,35.55,15264300,,
2016-08-30,35.59,35.74,35.52,35.70,15183200,,
2016-08-31,35.62,35.90,35.58,35.89,20562700,,
2016-09-01,35.99,36.04,35.58,36.02,18925800,,
2016-09-02,36.21,36.33,35.95,36.08,16726700,,
2016-09-06,36.38,36.60,36.17,36.57,22337800,,
2016-09-07,36.65,36.65,36.38,36.46,18495600,,
2016-09-08,36.35,36.59,36.12,36.44,20356500,,
2016-09-09,36.10,36.39,35.44,35.44,29457900,,
2016-09-12,35.19,36.12,35.06,36.08,22796600,,
2016-09-13,35.75,35.88,35.32,35.61,23591300,,
2016-09-14,35.51,35.82,35.40,35.62,14074500,,
2016-09-15,35.74,36.65,35.54,36.56,23736000,,
2016-09-16,37.72,38.05,37.25,37.67,74577900,,
2016-09-19,37.69,38.02,37.09,37.16,30531700,,
2016-09-20,37.42,37.43,36.94,37.14,24796900,,
2016-09-21,37.21,37.46,36.86,37.45,21233700,,
2016-09-22,37.60,37.83,37.44,37.55,17013400,,
2016-09-23,37.45,37.65,37.12,37.19,18062500,,
2016-09-26,36.92,36.94,36.60,36.65,25518800,,
2016-09-27,36.90,37.22,36.63,37.18,22391600,,
2016-09-28,37.31,37.50,37.15,37.44,19020800,,
2016-09-29,37.49,37.53,37.00,37.32,17675000,,
2016-09-30,37.47,37.92,37.44,37.75,24279300,,
2016-10-03,37.69,37.95,37.53,37.66,14113600,,
2016-10-04,37.77,37.94,37.33,37.54,14393100,,
2016-10-05,37.75,38.31,37.64,37.99,22420800,,
2016-10-06,37.84,38.16,37.58,38.07,15171400,,
2016-10-07,38.08,38.22,37.78,38.10,16942500,,
2016-10-10,38.25,38.36,37.90,38.02,14954300,,
2016-10-11,37.91,38.00,36.82,37.27,27650500,,
2016-10-12,37.20,37.25,36.81,37.13,14053900,,
2016-10-13,36.85,37.13,36.46,36.97,16936000,,
2016-10-14,37.19,37.70,37.16,37.45,19123900,,
2016-10-17,37.55,37.72,37.24,37.29,15788100,,
2016-10-18,37.97,38.05,37.53,37.75,42907800,,
2016-10-19,36.07,36.09,35.23,35.51,75229000,,
2016-10-20,35.41,35.67,35.10,35.43,25669500,,
2016-10-21,35.21,35.40,34.81,35.15,20813200,,
2016-10-24,35.43,35.49,35.11,35.26,21524700,,
2016-10-25,35.14,35.25,35.01,35.10,17860300,,
2016-10-26,35.04,35.21,34.74,34.92,19977600,,
2016-10-27,35.10,35.23,34.75,34.81,14634700,,
2016-10-28,34.87,35.17,34.71,34.74,22296400,,
2016-10-31,34.92,35.08,34.84,34.87,19188600,,
2016-11-01,34.90,35.16,34.27,34.52,25368200,,
2016-11-02,34.60,34.90,34.47,34.60,21416400,,
2016-11-03,34.45,34.52,33.87,33.93,19400000,0.26,
2016-11-04,33.53,33.93,33.42,33.61,21914700,,
2016-11-07,34.24,34.75,34.15,34.69,19296600,,
2016-11-08,34.60,34.95,34.49,34.74,14833100,,
2016-11-09,34.13,34.85,33.67,34.75,25999400,,
2016-11-10,34.95,34.95,34.03,34.50,28249900,,
2016-11-11,34.57,34.87,34.34,34.61,22665000,,
2016-11-14,34.56,34.73,34.20,34.48,22558900,,
2016-11-15,34.64,35.29,34.61,34.91,20676100,,
2016-11-16,34.90,34.92,34.54,34.84,18565500,,
2016-11-17,34.81,35.02,34.63,35.02,15748500,,
2016-11-18,34.90,35.00,34.64,34.95,16806900,,
2016-11-21,35.10,35.20,34.84,34.98,14259500,,
2016-11-22,35.18,35.50,35.11,35.48,22327400,,
2016-11-23,35.48,35.52,35.10,35.20,15843100,,
2016-11-25,35.11,35.45,35.11,35.44,6372800,,
2016-11-28,35.43,35.66,35.21,35.51,13549000,,
2016-11-29,35.64,35.64,35.27,35.31,19581000,,
2016-11-30,35.20,35.30,34.70,34.70,27016100,,
2016-12-01,34.86,34.93,33.56,33.76,29618700,,
2016-12-02,33.72,34.26,33.60,34.16,21492500,,
2016-12-05,34.31,34.42,33.97,34.39,14462000,,
2016-12-06,34.39,34.75,34.30,34.72,15297700,,
2016-12-07,34.67,35.57,34.45,35.50,21710300,,
2016-12-08,35.48,36.03,35.22,35.70,19966500,,
2016-12-09,35.75,35.90,35.59,35.76,16326900,,
2016-12-12,35.78,36.09,35.67,35.97,21985800,,
2016-12-13,36.01,36.89,35.93,36.80,35773600,,
2016-12-14,36.70,36.89,36.46,36.55,30819400,,
2016-12-15,36.74,37.16,36.53,36.79,23721500,,
2016-12-16,36.72,36.87,36.09,36.31,38212800,,
2016-12-19,36.34,36.95,36.27,36.89,18744300,,
2016-12-20,36.95,37.24,36.89,37.21,18551800,,
2016-12-21,37.25,37.35,36.91,36.98,14323600,,
2016-12-22,37.23,37.24,36.81,36.93,10793900,,
2016-12-23,36.93,36.98,36.77,36.97,6287300,,
2016-12-27,36.91,37.33,36.91,37.07,9033700,,
2016-12-28,37.10,37.20,36.58,36.63,12868600,,
2016-12-29,36.51,36.72,36.43,36.66,8447300,,
2016-12-30,36.79,36.80,36.20,36.27,17468000,,
2017-01-03,36.61,36.93,36.27,36.60,20196500,,
2017-01-04,36.71,36.77,36.34,36.41,15915700,,
2017-01-05,36.45,36.72,36.31,36.35,13986000,,
2017-01-06,36.59,36.68,36.19,36.48,15114000,,
2017-01-09,36.48,36.89,36.48,36.61,19461400,,
2017-01-10,36.55,36.93,36.53,36.54,15918800,,
2017-01-11,36.51,37.00,36.51,36.95,22398400,,
2017-01-12,36.83,36.83,36.32,36.71,20391900,,
2017-01-13,36.71,36.86,36.62,36.79,15072200,,
2017-01-17,36.67,36.83,36.59,36.80,20195200,,
2017-01-18,36.89,37.01,36.61,36.76,15382500,,
2017-01-19,36.51,36.91,36.51,36.57,13654500,,
2017-01-20,36.76,37.03,36.58,36.94,23950900,,
2017-01-23,37.07,37.21,36.55,36.77,27752600,,
2017-01-24,36.84,37.74,36.81,37.62,35140900,,
2017-01-25,37.87,38.00,37.52,37.80,32276400,,
2017-01-26,37.82,37.92,37.42,37.56,34144800,,
2017-01-27,38.00,38.45,37.81,37.98,44368600,,
2017-01-30,37.74,37.84,37.33,37.42,23954700,,
2017-01-31,37.22,37.37,36.64,36.82,27059100,,
2017-02-01,36.82,36.95,36.02,36.52,28380600,,
2017-02-02,36.26,36.70,36.20,36.68,31916900,,
2017-02-03,36.69,36.82,36.45,36.52,21038100,0.26,
2017-02-06,36.51,36.51,36.15,36.27,21427000,,
2017-02-07,36.45,36.52,36.24,36.35,18581900,,
2017-02-08,36.34,36.65,36.14,36.38,20807400,,
2017-02-09,36.50,36.50,35.40,35.46,47802700,,
2017-02-10,35.26,35.43,34.84,35.34,44106500,,
2017-02-13,35.57,35.85,35.34,35.80,28180600,,
2017-02-14,35.84,35.96,35.53,35.93,25734800,,
2017-02-15,35.98,36.06,35.67,36.05,18452200,,
2017-02-16,36.18,36.56,36.10,36.41,21317500,,
2017-02-17,36.32,36.48,36.10,36.48,18909900,,
2017-02-21,36.53,36.65,36.33,36.52,20556000,,
2017-02-22,36.34,36.40,35.79,36.07,29904400,,
2017-02-23,36.24,36.30,35.90,36.18,22775000,,
2017-02-24,36.14,36.53,35.95,36.53,18617600,,
2017-02-27,36.42,36.68,36.27,36.51,14065200,,
2017-02-28,36.42,36.46,36.00,36.20,24977000,,
2017-03-01,35.85,36.10,35.44,35.93,34085900,,
2017-03-02,35.93,36.02,35.65,35.91,23602100,,
2017-03-03,35.94,36.09,35.67,35.90,17538100,,
2017-03-06,35.79,35.80,35.42,35.57,24416700,,
2017-03-07,35.54,35.80,35.39,35.80,23434900,,
2017-03-08,35.67,35.90,35.53,35.62,20920100,,
2017-03-09,35.60,35.94,35.50,35.82,23616800,,
2017-03-10,36.12,36.30,35.78,35.91,25402300,,
2017-03-13,35.85,36.04,34.94,35.16,53582900,,
2017-03-14,35.06,35.23,34.66,35.18,28586900,,
2017-03-15,34.94,35.17,34.68,35.10,27996100,,
2017-03-16,35.17,35.36,35.07,35.14,19616100,,
2017-03-17,35.31,35.33,35.10,35.27,30778900,,
2017-03-20,35.37,35.63,35.26,35.43,17322300,,
2017-03-21,35.59,35.60,35.00,35.04,22814500,,
2017-03-22,35.22,35.46,35.00,35.37,19144500,,
2017-03-23,35.49,35.49,35.02,35.27,20640400,,
2017-03-24,35.65,35.73,35.12,35.16,22188000,,
2017-03-27,35.07,35.50,34.94,35.39,16992200,,
2017-03-28,35.34,35.71,35.21,35.60,18398100,,
2017-03-29,35.52,35.70,35.44,35.57,17202600,,
2017-03-30,35.58,35.89,35.52,35.75,16433000,,
2017-03-31,35.75,36.25,35.74,36.07,21438400,,
2017-04-03,36.19,36.74,36.12,36.16,32013600,,
2017-04-04,36.12,36.38,35.99,36.28,18918000,,
2017-04-05,36.43,36.76,36.17,36.22,22455500,,
2017-04-06,36.13,36.28,36.03,36.03,20198200,,
2017-04-07,36.07,36.32,35.99,36.03,15689500,,
2017-04-10,36.02,36.09,35.61,35.80,19973700,,
2017-04-11,35.77,35.79,35.21,35.74,22711800,,
2017-04-12,35.87,36.01,35.50,35.63,19289800,,
2017-04-13,35.55,35.76,35.25,35.25,15764000,,
2017-04-17,35.44,35.59,35.33,35.48,12560700,,
2017-04-18,35.43,35.81,35.30,35.77,12321100,,
2017-04-19,35.97,36.22,35.89,35.91,16594600,,
2017-04-20,36.18,36.27,35.86,36.18,22968300,,
2017-04-21,36.20,36.42,35.85,36.32,20390500,,
2017-04-24,36.67,36.85,36.46,36.75,26305800,,
2017-04-25,36.77,37.00,36.66,36.87,22066800,,
2017-04-26,36.78,37.23,36.78,36.93,27241000,,
2017-04-27,36.87,37.50,36.78,37.43,39890000,,
2017-04-28,36.10,36.49,35.88,36.15,56769300,,
2017-05-01,36.11,36.40,35.94,36.31,24825600,,
2017-05-02,36.37,37.03,36.35,36.97,35813000,,
2017-05-03,36.72,37.17,36.62,36.98,22040300,0.273,
2017-05-04,36.99,37.11,36.64,36.85,16437100,,
2017-05-05,36.86,36.93,36.50,36.82,18119200,,
2017-05-08,36.73,36.85,36.48,36.54,17660200,,
2017-05-09,36.48,36.75,36.28,36.37,17819100,,
2017-05-10,36.27,36.38,35.93,36.01,25133800,,
2017-05-11,35.91,36.00,35.45,35.69,21508900,,
2017-05-12,35.72,35.74,35.40,35.53,19730800,,
2017-05-15,35.53,35.72,35.42,35.63,22120100,,
2017-05-16,35.75,35.89,35.42,35.82,22291800,,
2017-05-17,35.67,35.99,35.02,35.04,26670200,,
2017-05-18,35.19,35.47,35.08,35.22,17171900,,
2017-05-19,35.15,35.55,35.13,35.40,18340100,,
2017-05-22,35.48,36.11,35.38,35.77,14638100,,
2017-05-23,35.87,35.99,35.56,35.86,16903700,,
2017-05-24,35.98,36.18,35.89,36.12,20640600,,
2017-05-25,36.12,36.39,36.06,36.26,13148500,,
2017-05-26,36.26,36.33,36.13,36.26,11145500,,
2017-05-30,36.27,36.44,36.09,36.18,13026900,,
2017-05-31,36.31,36.38,35.87,36.11,17741900,,
2017-06-01,36.12,36.13,35.80,36.12,17510900,,
2017-06-02,36.27,36.33,36.00,36.32,19127400,,
2017-06-05,36.30,36.50,36.20,36.34,11685700,,
2017-06-06,36.16,36.45,35.98,36.13,18420900,,
2017-06-07,36.13,36.57,36.10,36.26,17192000,,
2017-06-08,36.34,36.53,36.16,36.48,17154200,,
2017-06-09,36.50,36.56,35.31,35.71,33322100,,
2017-06-12,35.59,36.01,35.41,35.73,28488300,,
2017-06-13,35.68,35.95,35.53,35.88,20588200,,
2017-06-14,35.99,36.05,35.22,35.53,19149000,,
2017-06-15,35.21,35.48,35.14,35.31,20410000,,
2017-06-16,35.28,35.33,35.01,35.21,30762800,,
2017-06-19,35.61,35.61,35.32,35.51,21583800,,
2017-06-20,35.45,35.45,34.84,34.86,21536500,,
2017-06-21,34.33,34.60,34.09,34.58,27138500,,
2017-06-22,34.56,34.63,34.29,34.36,24602900,,
2017-06-23,34.21,34.55,34.10,34.19,29260900,,
2017-06-26,34.26,34.51,34.03,34.07,18854800,,
2017-06-27,34.00,34.15,33.65,33.65,27078900,,
2017-06-28,33.77,34.24,33.74,34.20,25940100,,
2017-06-29,33.92,34.10,33.34,33.54,25215700,,
2017-06-30,33.87,33.93,33.53,33.74,24432000,,
2017-07-03,33.51,34.03,33.43,33.46,12676900,,
2017-07-05,33.52,34.43,33.49,34.34,30010800,,
2017-07-06,34.12,34.29,33.56,33.63,20733200,,
2017-07-07,33.70,34.12,33.70,33.88,18304500,,
2017-07-10,33.25,33.74,33.23,33.65,29918400,,
2017-07-11,33.64,33.93,33.43,33.92,25737500,,
2017-07-12,34.28,34.39,33.94,34.25,23768300,,
2017-07-13,34.33,34.40,34.12,34.24,15046200,,
2017-07-14,34.48,34.71,34.27,34.68,16316400,,
2017-07-17,34.74,34.74,34.36,34.47,21044400,,
2017-07-18,34.43,34.58,34.25,34.53,14362800,,
2017-07-19,34.68,34.68,34.46,34.56,17036200,,
2017-07-20,34.54,34.84,34.48,34.75,17506200,,
2017-07-21,34.54,34.82,34.40,34.73,22245000,,
2017-07-24,34.73,34.80,34.38,34.50,16146300,,
2017-07-25,34.55,34.74,34.40,34.67,18096700,,
2017-07-26,34.70,34.97,34.59,34.75,15499300,,
2017-07-27,34.78,35.25,34.67,34.97,43062800,,
2017-07-28,35.13,35.86,35.00,35.31,36291500,,
2017-07-31,35.47,35.74,35.32,35.47,27057000,,
2017-08-01,35.66,36.43,35.57,36.35,38710200,,
2017-08-02,36.33,36.67,36.06,36.64,35004300,,
2017-08-03,36.55,36.59,36.15,36.49,26611300,0.273,
2017-08-04,36.45,36.56,36.10,36.30,20520300,,
2017-08-07,36.39,36.55,36.22,36.43,18169300,,
2017-08-08,36.37,36.70,36.30,36.41,22819900,,
2017-08-09,36.28,36.66,36.02,36.59,22796800,,
2017-08-10,36.40,36.56,36.11,36.14,22693300,,
2017-08-11,36.26,36.40,35.79,35.87,19275100,,
2017-08-14,36.12,36.47,36.08,36.34,18469400,,
2017-08-15,36.30,36.32,35.82,36.00,21706600,,
2017-08-16,35.98,36.07,35.56,35.81,22014000,,
2017-08-17,35.60,35.68,35.17,35.17,19525000,,
2017-08-18,35.29,35.31,34.99,35.01,16231400,,
2017-08-21,35.09,35.28,34.70,34.92,26493300,,
2017-08-22,35.02,35.19,34.62,34.65,26097800,,
2017-08-23,34.54,34.81,34.38,34.66,19648100,,
2017-08-24,34.70,34.89,34.55,34.71,14301900,,
2017-08-25,34.82,34.93,34.58,34.67,14726800,,
2017-08-28,34.78,34.80,34.59,34.65,20712900,,
2017-08-29,34.51,34.75,34.46,34.73,15843700,,
2017-08-30,34.75,34.96,34.63,34.89,18565000,,
2017-08-31,34.94,35.18,34.87,35.07,16366800,,
2017-09-01,35.24,35.39,35.07,35.09,12822000,,
2017-09-05,35.02,35.33,34.93,35.02,18772000,,
2017-09-06,35.22,35.94,35.11,35.76,28076400,,
2017-09-07,35.88,35.95,35.33,35.54,16297100,,
2017-09-08,35.42,35.54,35.08,35.19,14125000,,
2017-09-11,35.49,36.00,35.14,35.77,20037600,,
2017-09-12,35.88,36.34,35.74,36.09,19489900,,
2017-09-13,36.00,36.40,35.97,36.33,15509800,,
2017-09-14,36.19,36.70,36.16,36.48,18093900,,
2017-09-15,36.55,37.08,36.22,37.00,33596100,,
2017-09-18,37.00,37.33,36.80,37.00,19393800,,
2017-09-19,37.20,37.30,37.02,37.23,23850500,,
2017-09-20,37.23,37.29,36.66,37.07,23957500,,
2017-09-21,36.99,37.27,36.85,37.20,22954200,,
2017-09-22,36.95,37.22,36.95,37.18,21631800,,
2017-09-25,37.05,37.23,36.85,37.16,23180800,,
2017-09-26,37.21,37.64,37.00,37.47,29790400,,
2017-09-27,37.62,37.69,37.10,37.54,25981400,,
2017-09-28,37.32,37.88,37.29,37.83,21171400,,
2017-09-29,37.84,38.15,37.70,38.08,23217300,,
2017-10-02,38.12,39.09,38.08,39.04,37394500,,
2017-10-03,38.95,39.70,38.95,39.38,34002200,,
2017-10-04,39.39,39.40,38.86,39.34,28368800,,
2017-10-05,39.50,39.65,39.21,39.53,17710300,,
2017-10-06,39.60,39.89,39.42,39.63,18887500,,
2017-10-09,39.68,39.88,39.52,39.86,18494100,,
2017-10-10,39.93,39.95,39.38,39.65,29890000,,
2017-10-11,39.48,39.67,39.06,39.30,30754700,,
2017-10-12,39.35,39.39,38.98,39.19,18286900,,
2017-10-13,39.44,39.81,39.28,39.67,16829400,,
2017-10-16,39.71,39.79,39.44,39.76,12489100,,
2017-10-17,39.56,39.87,39.37,39.79,15532800,,
2017-10-18,39.80,40.29,39.60,40.25,21424600,,
2017-10-19,39.88,40.33,39.83,40.09,19222700,,
2017-10-20,40.33,40.45,40.10,40.43,18335700,,
2017-10-23,40.55,41.04,40.40,40.83,28647000,,
2017-10-24,41.00,41.05,40.72,40.95,19652400,,
2017-10-25,40.89,41.06,40.49,40.78,24031700,,
2017-10-26,40.91,41.58,40.71,41.35,38247400,,
2017-10-27,43.30,45.00,43.10,44.40,90028300,,
2017-10-30,44.48,45.19,43.88,44.37,48161500,,
2017-10-31,45.20,45.80,44.65,45.49,47000900,,
2017-11-01,45.97,46.71,45.59,46.71,47813700,,
2017-11-02,46.61,47.23,46.21,47.10,44602300,,
2017-11-03,47.20,47.30,45.60,46.34,39298100,,
2017-11-06,46.60,46.74,46.09,46.70,34035000,0.273,
2017-11-07,46.70,47.09,46.39,46.78,24461400,,
2017-11-08,46.62,46.70,46.28,46.70,21565800,,
2017-11-09,46.05,46.39,45.65,46.30,25570400,,
2017-11-10,46.04,46.09,45.38,45.58,24095400,,
2017-11-13,45.26,45.94,45.25,45.75,18999000,,
2017-11-14,45.70,45.92,45.32,45.86,22201200,,
2017-11-15,45.39,45.81,45.17,45.46,17157200,,
2017-11-16,45.63,46.07,45.46,45.65,26439400,,
2017-11-17,45.50,45.62,44.62,44.63,63798000,,
2017-11-20,44.73,45.12,44.50,44.62,22420000,,
2017-11-21,44.72,45.22,44.71,44.94,21871000,,
2017-11-22,44.94,44.95,44.54,44.65,19538300,,
2017-11-24,44.55,44.78,44.43,44.75,6465800,,
2017-11-27,44.42,44.61,44.27,44.49,18202100,,
2017-11-28,44.65,44.84,44.32,44.73,20194100,,
2017-11-29,44.85,45.09,43.77,43.95,27036900,,
2017-11-30,44.36,45.20,44.33,44.84,34145300,,
2017-12-01,44.73,44.84,43.53,44.68,26656300,,
2017-12-04,45.02,45.30,44.33,44.49,28000800,,
2017-12-05,44.60,44.90,43.23,43.44,30626900,,
2017-12-06,43.14,43.72,42.67,43.45,27710800,,
2017-12-07,43.46,43.60,42.78,43.08,32708400,,
2017-12-08,43.35,43.58,43.11,43.35,23154700,,
2017-12-11,43.28,43.78,43.25,43.66,20425900,,
2017-12-12,43.47,43.62,43.08,43.33,16557400,,
2017-12-13,43.65,43.66,43.24,43.34,21399500,,
2017-12-14,43.43,43.57,43.02,43.26,19644900,,
2017-12-15,43.40,44.84,43.07,44.56,47477000,,
2017-12-18,45.15,46.35,45.04,46.26,50369300,,
2017-12-19,46.30,47.26,45.89,47.04,41421100,,
2017-12-20,47.47,47.64,46.66,47.56,40935000,,
2017-12-21,47.54,47.59,46.56,46.76,42963500,,
2017-12-22,46.33,47.02,46.02,46.70,33913500,,
2017-12-26,46.28,46.47,45.95,46.08,15533300,,
2017-12-27,46.11,46.36,46.00,46.11,13359700,,
2017-12-28,46.36,46.36,45.95,46.22,9504400,,
2017-12-29,46.21,46.49,46.09,46.16,17394500,,
2018-01-02,46.38,46.90,46.21,46.85,23370800,,
2018-01-03,45.47,46.21,43.65,45.26,116479000,,
2018-01-04,43.52,44.65,42.69,44.43,89209100,,
2018-01-05,44.43,45.15,43.90,44.74,41824000,,
2018-01-08,44.27,44.84,43.96,44.74,33733800,,
2018-01-09,44.70,44.84,43.49,43.62,44282300,,
2018-01-10,43.33,43.60,42.44,42.50,45735000,,
2018-01-11,42.80,43.58,42.45,43.41,35371500,,
2018-01-12,43.45,43.60,43.01,43.24,29973600,,
2018-01-16,43.55,43.79,42.89,43.14,38367200,,
2018-01-17,43.55,44.45,43.51,44.39,32368600,,
2018-01-18,44.40,44.74,44.17,44.48,26826500,,
2018-01-19,44.62,44.89,44.25,44.82,25780200,,
2018-01-22,44.80,45.79,44.79,45.75,27706800,,
2018-01-23,45.81,46.09,45.63,46.06,22135100,,
2018-01-24,45.90,46.13,44.96,45.51,32464200,,
2018-01-25,45.88,46.37,45.17,45.30,36758700,,
2018-01-26,48.38,50.15,48.12,50.08,86916100,,
2018-01-29,49.60,50.85,49.37,49.98,46304000,,
2018-01-30,49.48,50.06,48.74,48.79,32814600,,
2018-01-31,49.23,49.25,47.56,48.14,41619900,,
2018-02-01,47.70,48.47,47.45,47.65,28840400,,
2018-02-02,47.32,47.79,46.10,46.15,28663000,,
2018-02-05,46.35,47.26,44.50,44.52,47869000,,
2018-02-06,44.02,44.93,43.03,44.91,58145400,0.3,
2018-02-07,44.58,46.30,44.34,45.20,37508400,,
2018-02-08,45.28,45.42,42.74,42.75,43151300,,
2018-02-09,43.50,44.28,42.04,43.95,49301100,,
2018-02-12,44.15,45.16,44.09,44.83,28379500,,
2018-02-13,44.59,44.78,44.26,44.46,19517600,,
2018-02-14,44.07,45.51,44.04,45.38,19922000,,
2018-02-15,45.88,45.99,44.95,45.92,23536800,,
2018-02-16,45.82,46.59,45.51,45.56,21475200,,
2018-02-20,45.46,46.71,45.39,46.32,25512000,,
2018-02-21,46.67,47.06,45.92,45.94,27527500,,
2018-02-22,46.14,46.56,45.62,45.80,16946400,,
2018-02-23,46.34,47.79,46.31,47.73,26040900,,
2018-02-26,48.20,49.13,48.10,49.11,26992300,,
2018-02-27,49.37,50.90,49.31,49.91,43624100,,
2018-02-28,50.18,50.34,49.28,49.29,35541200,,
2018-03-01,49.50,49.72,47.47,47.84,36326600,,
2018-03-02,47.20,49.05,46.96,48.98,33310600,,
2018-03-05,48.57,49.80,48.04,49.75,30826500,,
2018-03-06,50.16,51.33,50.15,50.71,39132300,,
2018-03-07,50.18,51.49,50.10,51.32,31801900,,
2018-03-08,51.79,52.08,50.47,50.74,29481200,,
2018-03-09,51.27,52.30,51.00,52.19,32727900,,
2018-03-12,51.86,51.95,50.50,51.52,32044400,,
2018-03-13,52.52,53.78,51.39,51.78,45573900,,
2018-03-14,52.06,52.18,51.31,51.86,24993500,,
2018-03-15,52.23,52.30,50.88,50.88,25631200,,
2018-03-16,51.17,51.70,50.99,51.17,42559800,,
2018-03-19,50.74,51.23,49.93,50.83,31115200,,
2018-03-20,50.88,51.81,50.85,51.55,22215000,,
2018-03-21,51.55,52.17,51.17,51.56,23239500,,
2018-03-22,50.74,51.96,50.60,50.83,30916000,,
2018-03-23,50.59,50.99,49.36,49.36,37683900,,
2018-03-26,50.74,52.49,50.32,52.48,39306200,,
2018-03-27,53.01,53.25,50.78,51.19,38777000,,
2018-03-28,50.50,50.70,49.01,49.60,37970900,,
2018-03-29,49.98,52.08,49.87,52.08,45265800,,
2018-04-02,51.69,52.04,47.29,48.92,67187800,,
2018-04-03,49.00,49.96,48.41,49.75,39432400,,
2018-04-04,48.10,50.16,48.01,49.99,30370000,,
2018-04-05,50.01,50.72,49.97,50.38,25115400,,
2018-04-06,49.79,50.40,48.50,48.79,28215200,,
2018-04-09,49.16,51.11,49.16,49.55,31437000,,
2018-04-10,51.12,51.49,50.34,51.27,25906400,,
2018-04-11,50.99,51.73,50.82,51.10,17568400,,
2018-04-12,51.49,53.27,51.45,52.72,29781400,,
2018-04-13,53.06,53.21,51.60,51.86,20884900,,
2018-04-16,52.29,52.53,51.79,52.40,18855500,,
2018-04-17,52.91,53.70,52.89,53.54,21228700,,
2018-04-18,53.52,54.36,53.34,53.61,22164700,,
2018-04-19,52.95,52.96,51.61,52.22,25422400,,
2018-04-20,52.17,52.28,50.88,51.53,26910100,,
2018-04-23,51.69,51.89,50.85,51.10,21706700,,
2018-04-24,51.87,53.64,51.14,51.45,42494700,,
2018-04-25,51.86,52.10,50.60,51.38,25752800,,
2018-04-26,52.26,53.27,52.07,53.05,39575000,,
2018-04-27,55.44,55.79,52.23,52.73,69888100,,
2018-04-30,52.56,53.37,51.21,51.62,36417400,,
2018-05-01,51.64,53.42,51.44,53.33,27600800,,
2018-05-02,53.09,53.20,52.15,52.31,25778300,,
2018-05-03,51.89,52.56,51.21,52.28,28561000,,
2018-05-04,51.62,52.84,51.00,52.78,25642500,0.3,
2018-05-07,52.86,53.58,52.83,53.33,20285700,,
2018-05-08,53.29,53.63,52.80,53.63,21026800,,
2018-05-09,53.76,54.37,53.19,54.34,19827500,,
2018-05-10,54.55,55.00,54.10,54.98,18715900,,
2018-05-11,54.62,55.19,54.43,54.67,15405000,,
2018-05-14,54.77,55.24,54.74,54.90,21878200,,
2018-05-15,54.58,54.75,53.56,53.92,21712600,,
2018-05-16,54.17,54.70,53.96,54.64,16260500,,
2018-05-17,54.55,55.44,54.42,54.81,16872600,,
2018-05-18,54.53,54.54,53.47,53.50,23679900,,
2018-05-21,54.36,55.22,53.86,54.32,25367400,,
2018-05-22,54.73,55.05,54.05,54.45,19009600,,
2018-05-23,54.00,55.23,53.84,55.21,20555400,,
2018-05-24,55.18,55.30,54.13,54.75,19667100,,
2018-05-25,54.80,55.50,54.54,55.44,18550000,,
2018-05-29,55.12,55.81,54.81,55.32,24253500,,
2018-05-30,55.89,56.20,55.62,55.68,24711500,,
2018-05-31,55.67,55.86,55.06,55.20,30962100,,
2018-06-01,55.84,57.10,55.80,57.08,31183200,,
2018-06-04,57.01,57.60,56.78,56.83,22538100,,
2018-06-05,56.90,57.12,56.22,56.53,21687000,,
2018-06-06,56.53,57.06,56.08,57.03,22955400,,
2018-06-07,56.92,57.00,55.62,55.88,27596100,,
2018-06-08,55.56,55.70,54.66,55.05,30822900,,
2018-06-11,54.80,55.09,54.26,54.52,25752400,,
2018-06-12,54.87,55.03,54.22,54.82,23294900,,
2018-06-13,54.98,55.70,54.91,55.03,22631400,,
2018-06-14,55.45,55.86,55.18,55.54,23419800,,
2018-06-15,55.17,55.38,54.58,55.11,39194700,,
2018-06-18,54.30,54.30,52.34,53.22,40764400,,
2018-06-19,52.14,52.95,51.88,52.93,31780900,,
2018-06-20,53.19,53.75,52.69,53.46,21403000,,
2018-06-21,54.38,54.53,51.94,52.19,44435600,,
2018-06-22,52.62,53.09,52.30,52.50,34682100,,
2018-06-25,51.17,51.75,49.91,50.71,45356500,,
2018-06-26,49.95,50.41,49.36,49.67,37543000,,
2018-06-27,49.34,50.06,48.75,48.76,33338800,,
2018-06-28,48.58,49.49,48.50,49.25,29055700,,
2018-06-29,49.53,50.11,49.50,49.71,28906500,,
2018-07-02,49.04,50.27,48.83,50.20,23755500,,
2018-07-03,50.58,50.86,49.43,49.47,16327900,,
2018-07-05,49.98,50.96,49.75,50.75,26163500,,
2018-07-06,50.77,51.50,50.40,51.37,19968000,,
2018-07-09,51.64,51.89,51.00,51.86,21361600,,
2018-07-10,52.10,52.26,51.84,52.16,17362900,,
2018-07-11,51.69,51.87,51.19,51.20,18665600,,
2018-07-12,52.05,52.48,51.73,52.35,20292700,,
2018-07-13,52.40,52.42,51.76,52.22,13749300,,
2018-07-16,52.15,52.32,51.87,52.01,15951500,,
2018-07-17,51.05,51.88,51.01,51.75,15754500,,
2018-07-18,51.87,51.97,51.47,51.72,14649000,,
2018-07-19,51.60,52.01,51.05,51.98,15954600,,
2018-07-20,51.83,52.07,51.33,51.91,17380500,,
2018-07-23,51.77,52.50,51.33,52.31,15945500,,
2018-07-24,52.76,53.30,52.08,52.18,17788700,,
2018-07-25,52.21,52.45,51.09,52.43,19854800,,
2018-07-26,52.45,53.18,51.87,52.16,28282500,,
2018-07-27,48.76,49.20,47.48,47.68,67816700,,
2018-07-30,47.63,47.99,46.43,47.69,35696600,,
2018-07-31,48.24,48.68,47.69,48.10,36581200,,
2018-08-01,48.06,48.91,48.00,48.81,28060700,,
2018-08-02,48.50,49.52,48.20,49.48,26452500,,
2018-08-03,49.50,49.78,49.17,49.63,22008200,,
2018-08-06,48.77,49.31,48.32,49.30,26669000,0.3,
2018-08-07,49.43,49.83,49.41,49.70,28322700,,
2018-08-08,49.60,50.13,49.44,49.96,21990600,,
2018-08-09,49.86,50.60,49.72,50.14,23795600,,
2018-08-10,48.51,49.17,48.30,48.85,28712400,,
2018-08-13,48.92,49.24,48.38,48.45,17070600,,
2018-08-14,48.67,48.76,47.65,48.12,23061600,,
2018-08-15,47.78,48.00,46.90,47.46,26739900,,
2018-08-16,47.75,47.95,47.05,47.17,24358000,,
2018-08-17,47.00,47.39,46.33,47.10,26382000,,
2018-08-20,47.05,47.12,46.19,46.50,24334000,,
2018-08-21,46.66,47.85,46.64,47.62,19254300,,
2018-08-22,47.25,47.35,46.92,47.05,23182500,,
2018-08-23,46.86,47.17,46.71,46.98,31343200,,
2018-08-24,47.29,47.89,47.08,47.66,18214700,,
2018-08-27,48.00,48.39,47.63,48.35,17170300,,
2018-08-28,48.55,48.79,48.31,48.57,13472400,,
2018-08-29,48.70,48.86,48.40,48.75,13479100,,
2018-08-30,48.52,48.83,48.09,48.24,16418800,,
2018-08-31,47.96,48.56,47.92,48.43,16484000,,
2018-09-04,48.38,48.43,47.56,47.96,15682900,,
2018-09-05,47.75,48.12,47.47,47.72,20857200,,
2018-09-06,47.76,47.96,47.21,47.26,19318100,,
2018-09-07,46.91,47.48,46.36,46.45,25958300,,
2018-09-10,46.56,46.76,46.23,46.30,21522400,,
2018-09-11,46.00,46.03,44.89,44.93,32455300,,
2018-09-12,44.56,44.98,44.06,44.93,29778700,,
2018-09-13,45.68,45.85,45.11,45.57,18657100,,
2018-09-14,45.78,45.97,45.35,45.54,22998700,,
2018-09-17,45.29,45.90,45.19,45.42,17603200,,
2018-09-18,45.58,46.53,45.41,46.10,20528100,,
2018-09-19,46.09,46.44,45.89,46.15,15918900,,
2018-09-20,46.78,47.36,46.52,47.20,21999300,,
2018-09-21,47.12,47.42,46.37,46.66,52650600,,
2018-09-24,46.31,47.00,46.15,46.91,17847000,,
2018-09-25,46.22,46.39,45.80,45.91,23389900,,
2018-09-26,46.04,46.30,45.58,45.70,23957700,,
2018-09-27,45.91,46.17,45.73,45.88,15415500,,
2018-09-28,45.62,47.75,45.46,47.29,46223500,,
2018-10-01,46.79,47.22,46.20,46.45,23796200,,
2018-10-02,47.51,48.88,47.32,48.10,42121100,,
2018-10-03,48.62,49.72,48.56,48.76,39211900,,
2018-10-04,48.84,48.86,47.62,48.13,30108300,,
2018-10-05,48.23,48.34,46.66,47.03,28901400,,
2018-10-08,46.96,47.35,46.52,47.03,19376800,,
2018-10-09,47.18,47.62,46.54,46.55,23285700,,
2018-10-10,46.06,46.12,44.80,44.80,43109500,,
2018-10-11,45.15,45.61,43.73,44.23,43648800,,
2018-10-12,45.27,45.34,44.23,44.88,32087400,,
2018-10-15,44.63,45.14,44.44,44.53,21633000,,
2018-10-16,44.90,46.01,44.83,45.94,21472000,,
2018-10-17,46.00,46.33,45.54,45.89,23124400,,
2018-10-18,45.65,45.75,44.83,44.97,26638800,,
2018-10-19,45.02,45.18,43.86,44.00,28368500,,
2018-10-22,44.50,45.34,44.10,45.01,34508800,,
2018-10-23,44.18,45.09,43.91,44.50,38590300,,
2018-10-24,44.16,44.36,42.36,42.42,33631800,,
2018-10-25,43.54,44.94,43.28,44.31,48255300,,
2018-10-26,45.59,46.44,44.70,45.69,67280400,,
2018-10-29,46.50,46.75,44.44,45.40,35732200,,
2018-10-30,45.53,47.88,45.46,47.76,43975200,,
2018-10-31,48.29,48.56,46.83,46.88,33369100,,
2018-11-01,46.95,48.47,46.86,48.22,28335300,,
2018-11-02,48.13,48.25,46.75,47.11,30759800,,
2018-11-05,47.34,48.25,46.92,47.97,23751200,,
2018-11-06,47.80,47.92,47.03,47.25,23839600,0.3,
2018-11-07,47.63,48.75,47.59,48.72,29913200,,
2018-11-08,48.49,49.29,48.46,48.99,26581700,,
2018-11-09,48.79,49.03,47.87,48.11,21761400,,
2018-11-12,47.71,47.80,46.60,46.65,24412800,,
2018-11-13,46.99,48.25,46.99,47.39,29315900,,
2018-11-14,47.85,47.97,46.89,47.09,25632700,,
2018-11-15,47.01,48.24,46.72,48.11,29581000,,
2018-11-16,47.77,49.05,47.69,48.83,31670600,,
2018-11-19,48.61,49.15,47.78,48.00,26859000,,
2018-11-20,47.40,48.12,47.09,47.39,29200800,,
2018-11-21,47.85,47.88,47.02,47.03,19011400,,
2018-11-23,46.69,47.07,46.52,46.54,8906900,,
2018-11-26,47.27,47.46,46.70,47.45,20723000,,
2018-11-27,46.94,48.22,46.59,48.07,27621000,,
2018-11-28,47.94,48.88,47.65,48.86,28003200,,
2018-11-29,48.49,48.56,47.63,47.70,23592500,,
2018-11-30,47.95,49.32,47.56,49.31,43313700,,
2018-12-03,50.00,50.50,49.53,50.13,30870400,,
2018-12-04,49.52,49.60,47.68,47.75,35397700,,
2018-12-06,46.80,48.39,46.52,48.37,31661700,,
2018-12-07,47.94,48.06,46.23,46.24,34016400,,
2018-12-10,46.28,47.46,46.01,47.21,23289000,,
2018-12-11,47.90,48.59,47.13,47.38,23851000,,
2018-12-12,48.58,48.64,47.41,47.83,31305000,,
2018-12-13,48.26,48.58,47.86,48.29,19526000,,
2018-12-14,47.89,48.76,47.85,47.86,26372100,,
2018-12-17,47.86,48.41,46.66,47.08,26598700,,
2018-12-18,47.47,48.45,47.36,47.74,29014300,,
2018-12-19,47.49,47.73,45.38,45.57,39717600,,
2018-12-20,45.41,46.31,45.01,45.54,37750900,,
2018-12-21,45.75,46.65,44.80,44.84,52768300,,
2018-12-24,44.63,45.17,43.54,43.59,19241600,,
2018-12-26,44.00,46.20,43.51,46.19,28677600,,
2018-12-27,45.62,46.38,44.67,46.36,29970700,,
2018-12-28,46.51,47.74,46.30,46.75,24758700,,
2018-12-31,47.09,47.48,46.55,46.93,20490400,,
2019-01-02,45.96,47.47,45.77,47.08,18774600,,
2019-01-03,46.15,46.28,44.39,44.49,32267300,,
2019-01-04,45.84,47.57,45.54,47.22,35447300,,
2019-01-07,47.10,48.00,46.75,47.44,22736800,,
2019-01-08,47.80,48.03,46.78,47.74,22749200,,
2019-01-09,47.96,48.57,47.78,48.01,22554500,,
2019-01-10,47.75,48.65,47.41,48.56,27202600,,
2019-01-11,48.10,49.29,48.05,48.93,21751300,,
2019-01-14,48.46,48.83,48.30,48.35,19193900,,
2019-01-15,48.71,49.13,48.44,48.60,22480800,,
2019-01-16,48.60,48.89,48.08,48.13,19057700,,
2019-01-17,48.00,48.84,47.91,48.47,17448700,,
2019-01-18,49.11,49.38,48.69,49.19,29874600,,
2019-01-22,48.96,48.98,47.87,48.27,25940700,,
2019-01-23,48.41,48.80,47.52,47.94,18960700,,
2019-01-24,48.70,50.04,48.60,49.76,50578300,,
2019-01-25,46.85,47.43,45.75,47.04,86455700,,
2019-01-28,46.13,46.73,46.05,46.71,35928700,,
2019-01-29,46.78,46.97,46.33,46.54,20988300,,
2019-01-30,46.68,47.68,46.45,47.54,26931700,,
2019-01-31,46.70,47.18,46.10,47.12,43051300,,
2019-02-01,47.06,49.05,47.01,48.73,37442900,,
2019-02-04,48.62,49.24,48.24,49.22,20905000,,
2019-02-05,49.18,50.72,49.18,50.01,31641600,,
2019-02-06,49.95,50.64,49.82,49.90,21647800,0.315,
2019-02-07,49.50,49.85,48.68,49.23,27825900,,
2019-02-08,48.77,49.02,48.01,48.84,18851200,,
2019-02-11,49.02,49.32,48.58,48.77,18004100,,
2019-02-12,49.36,50.14,49.27,50.01,18050100,,
2019-02-13,50.13,50.81,50.00,50.47,17712800,,
2019-02-14,50.41,51.04,50.35,50.81,17545400,,
2019-02-15,51.25,51.67,51.09,51.66,22520400,,
2019-02-19,51.35,51.71,51.34,51.40,15611800,,
2019-02-20,51.63,51.73,51.06,51.39,21607700,,
2019-02-21,51.32,51.84,51.21,51.41,16162100,,
2019-02-22,52.70,52.98,52.06,52.49,31934100,,
2019-02-25,53.06,53.61,52.86,53.10,20711800,,
2019-02-26,53.01,53.37,52.91,53.23,16082200,,
2019-02-27,52.76,53.38,52.51,53.24,17590300,,
2019-02-28,52.92,53.18,52.81,52.96,18388800,,
2019-03-01,53.44,53.68,52.89,53.30,18359300,,
2019-03-04,53.75,54.10,53.21,53.94,21706100,,
2019-03-05,53.85,53.99,53.11,53.68,21057700,,
2019-03-06,53.63,53.65,52.94,52.95,14740500,,
2019-03-07,52.77,52.99,52.36,52.60,17803000,,
2019-03-08,51.97,52.56,51.70,52.48,16793900,,
2019-03-11,52.88,53.65,52.57,53.35,18963000,,
2019-03-12,53.34,53.96,53.18,53.57,20782100,,
2019-03-13,54.00,54.57,53.65,54.37,25522300,,
2019-03-14,54.30,54.45,53.33,53.44,26647100,,
2019-03-15,53.68,54.69,53.68,54.33,46512500,,
2019-03-18,54.42,54.51,53.87,54.10,16274000,,
2019-03-19,54.47,54.65,54.00,54.17,18274800,,
2019-03-20,54.06,54.40,53.61,53.82,24325300,,
2019-03-21,53.92,54.99,53.84,54.64,19127200,,
2019-03-22,54.40,54.62,53.21,53.26,21438400,,
2019-03-25,52.97,53.55,52.38,52.78,16971400,,
2019-03-26,53.32,53.77,53.04,53.44,17724300,,
2019-03-27,53.59,53.86,52.94,53.16,19656000,,
2019-03-28,53.25,53.44,52.77,53.11,13607900,,
2019-03-29,53.80,54.04,53.48,53.70,18736100,,
2019-04-01,54.34,54.57,54.10,54.51,17830400,,
2019-04-02,54.53,54.80,54.23,54.36,13704500,,
2019-04-03,55.03,55.99,54.89,55.48,24552800,,
2019-04-04,55.27,56.14,55.27,55.92,16520500,,
2019-04-05,55.75,55.95,54.87,55.60,19268400,,
2019-04-08,55.28,55.74,55.20,55.68,11758800,,
2019-04-09,55.35,55.43,54.90,55.32,13339700,,
2019-04-10,55.32,55.86,55.32,55.75,13084000,,
2019-04-11,55.76,56.07,55.63,55.80,10845800,,
2019-04-12,56.21,56.49,55.84,56.42,12910200,,
2019-04-15,56.46,56.56,55.92,56.28,11676900,,
2019-04-16,56.66,57.47,56.07,56.71,30301900,,
2019-04-17,58.44,59.59,58.12,58.56,38788400,,
2019-04-18,58.71,58.88,58.12,58.49,20464200,,
2019-04-22,58.15,58.83,57.88,58.82,12327500,,
2019-04-23,58.89,58.98,58.50,58.78,17739900,,
2019-04-24,58.52,59.29,58.14,58.72,17723700,,
2019-04-25,58.30,58.38,57.23,57.61,27949900,,
2019-04-26,52.74,53.09,51.52,52.43,72364500,,
2019-04-29,52.17,52.43,51.00,51.11,42142300,,
2019-04-30,51.00,51.43,50.87,51.04,27130900,,
2019-05-01,51.10,51.60,50.74,50.76,20467600,,
2019-05-02,50.80,51.33,50.12,50.55,22655400,,
2019-05-03,51.08,51.82,50.73,51.75,25656600,,
2019-05-06,50.25,51.28,50.19,51.22,26245200,0.315,
2019-05-07,50.60,50.88,49.93,50.48,29713400,,
2019-05-08,50.20,50.79,49.07,49.24,36812400,,
2019-05-09,47.90,48.29,46.05,46.62,59642200,,
2019-05-10,46.44,46.80,45.10,46.20,42522800,,
2019-05-13,45.33,45.64,44.70,44.76,39091900,,
2019-05-14,45.18,45.49,44.87,45.17,24706500,,
2019-05-15,44.92,45.75,44.76,45.62,23407900,,
2019-05-16,45.47,45.95,45.42,45.53,19954700,,
2019-05-17,45.18,45.73,44.76,44.89,22500400,,
2019-05-20,44.00,44.52,43.45,43.56,28675000,,
2019-05-21,44.34,44.78,44.18,44.46,25543400,,
2019-05-22,44.15,44.46,43.85,44.00,16932500,,
2019-05-23,43.37,44.74,42.86,44.53,35783900,,
2019-05-24,44.59,45.05,44.49,44.57,27168100,,
2019-05-28,44.66,44.69,43.30,43.57,34779900,,
2019-05-29,43.35,44.53,43.33,44.23,28450300,,
2019-05-30,44.30,45.03,44.23,44.73,21618900,,
2019-05-31,44.18,44.97,43.93,44.04,25532500,,
2019-06-03,44.25,44.59,43.20,43.46,31155700,,
2019-06-04,44.16,44.86,43.77,44.79,28094900,,
2019-06-05,45.11,45.18,44.19,44.55,20802000,,
2019-06-06,44.75,45.17,44.51,45.10,19076200,,
2019-06-07,45.25,46.12,45.10,46.03,24370300,,
2019-06-10,46.23,47.19,46.20,46.80,20806100,,
2019-06-11,47.26,47.32,46.52,46.85,18415500,,
2019-06-12,46.67,46.67,46.25,46.32,15900600,,
2019-06-13,46.60,46.96,46.53,46.70,12267600,,
2019-06-14,45.83,46.42,45.55,46.19,15381100,,
2019-06-17,46.14,46.53,45.80,46.13,12643300,,
2019-06-18,46.75,48.00,46.60,47.37,25732300,,
2019-06-19,47.48,47.58,47.00,47.07,17436400,,
2019-06-20,47.87,48.05,46.87,47.19,20126800,,
2019-06-21,46.95,47.73,46.80,47.46,31096300,,
2019-06-24,47.40,47.85,47.17,47.63,14479900,,
2019-06-25,47.56,47.68,46.80,46.85,16665600,,
2019-06-26,47.65,48.48,47.56,48.19,21886300,,
2019-06-27,48.15,48.42,47.24,47.46,23062900,,
2019-06-28,47.77,48.20,47.68,47.87,26646200,,
2019-07-01,49.29,49.45,47.75,48.05,27423300,,
2019-07-02,47.91,48.22,47.69,48.12,15381600,,
2019-07-03,48.18,48.56,48.00,48.52,10739100,,
2019-07-05,48.03,48.18,47.44,48.08,14339200,,
2019-07-08,47.62,47.95,47.07,47.82,16564300,,
2019-07-09,47.36,47.80,47.13,47.75,17853200,,
2019-07-10,47.92,48.61,47.90,48.21,16032300,,
2019-07-11,48.56,48.78,48.31,48.60,16615100,,
2019-07-12,49.00,49.93,48.81,49.92,20148700,,
2019-07-15,50.00,50.25,49.77,50.12,14345100,,
2019-07-16,49.91,50.00,48.96,49.17,17131400,,
2019-07-17,49.50,49.70,49.24,49.39,11928600,,
2019-07-18,49.28,49.99,48.89,49.94,15671600,,
2019-07-19,49.96,50.66,49.91,50.27,29141100,,
2019-07-22,50.01,51.52,49.89,51.35,21688000,,
2019-07-23,52.00,52.00,51.30,51.75,18413500,,
2019-07-24,51.98,52.97,51.80,52.92,20896400,,
2019-07-25,52.51,52.60,51.88,52.16,27765400,,
2019-07-26,52.69,53.50,51.53,51.59,36401500,,
2019-07-29,51.53,52.56,50.78,52.51,21897500,,
2019-07-30,51.71,52.31,51.56,51.70,16487700,,
2019-07-31,51.51,51.72,50.05,50.55,24169800,,
2019-08-01,50.52,51.89,49.47,49.50,34020800,,
2019-08-02,49.09,49.36,48.50,48.68,27881600,,
2019-08-05,47.76,47.96,46.57,46.97,38936600,,
2019-08-06,47.15,47.56,46.77,46.96,26119600,0.315,
2019-08-07,46.30,46.88,45.97,46.73,29440400,,
2019-08-08,46.16,47.37,45.91,47.17,30643700,,
2019-08-09,46.94,47.00,45.78,45.98,24975500,,
2019-08-12,45.76,46.07,45.44,45.60,18494300,,
2019-08-13,45.49,47.05,45.36,46.84,28959500,,
2019-08-14,46.06,46.63,45.65,45.87,25650200,,
2019-08-15,46.10,46.18,45.44,45.70,21896000,,
2019-08-16,46.34,46.68,46.06,46.50,22701800,,
2019-08-19,47.46,47.60,47.04,47.23,21403600,,
2019-08-20,47.03,47.12,46.46,46.60,23113300,,
2019-08-21,47.11,47.29,46.89,47.15,15915000,,
2019-08-22,47.28,47.43,46.69,46.78,19783000,,
2019-08-23,46.35,46.63,44.80,44.96,32814000,,
2019-08-26,45.82,45.82,45.25,45.56,22080500,,
2019-08-27,45.87,46.12,45.50,45.79,16925500,,
2019-08-28,45.70,45.91,45.37,45.79,14888800,,
2019-08-29,46.46,47.22,46.40,46.87,17803800,,
2019-08-30,47.24,47.79,47.16,47.41,16922600,,
2019-09-03,47.12,47.22,46.50,46.98,15003800,,
2019-09-04,47.56,48.95,47.54,48.92,23450700,,
2019-09-05,49.93,51.17,49.87,50.10,30014200,,
2019-09-06,50.25,50.99,50.07,50.92,17067900,,
2019-09-09,51.06,52.03,51.02,51.59,20749700,,
2019-09-10,51.33,51.84,50.83,51.82,18532000,,
2019-09-11,51.60,52.79,51.38,52.79,18968900,,
2019-09-12,53.00,53.33,52.07,53.01,23308700,,
2019-09-13,52.76,53.00,52.23,52.54,18010800,,
2019-09-16,51.90,52.29,51.70,52.20,13354600,,
2019-09-17,52.05,52.14,51.35,51.95,19641100,,
2019-09-18,52.13,52.13,51.16,51.74,14906800,,
2019-09-19,51.70,51.99,51.50,51.57,11428400,,
2019-09-20,51.60,51.88,50.56,50.72,37067900,,
2019-09-23,50.83,51.23,50.39,50.90,18916600,,
2019-09-24,51.10,51.18,49.64,49.82,28197400,,
2019-09-25,49.75,51.21,49.42,51.02,19486700,,
2019-09-26,50.98,51.15,50.34,50.92,11351800,,
2019-09-27,50.63,51.22,50.34,50.78,14845700,,
2019-09-30,51.19,51.60,50.94,51.53,13652100,,
2019-10-01,51.97,52.24,50.43,50.76,18413100,,
2019-10-02,50.31,50.37,48.98,49.39,20078700,,
2019-10-03,49.50,50.07,48.53,50.03,16320100,,
2019-10-04,50.35,50.97,50.03,50.92,12644900,,
2019-10-07,50.70,51.23,50.56,50.62,12081400,,
2019-10-08,50.16,50.48,49.61,49.73,17409100,,
2019-10-09,50.47,50.79,50.15,50.48,11834900,,
2019-10-10,50.41,51.78,50.40,51.11,13907900,,
2019-10-11,52.00,52.79,51.82,52.09,24072500,,
2019-10-14,51.90,51.95,51.44,51.64,15016800,,
2019-10-15,51.93,53.07,51.83,52.65,18878100,,
2019-10-16,52.35,52.56,52.12,52.45,14769300,,
2019-10-17,52.64,52.84,51.38,51.86,16533900,,
2019-10-18,51.75,51.82,51.03,51.36,16974100,,
2019-10-21,51.52,52.17,51.34,52.13,12189000,,
2019-10-22,51.90,52.32,51.89,52.01,13114300,,
2019-10-23,51.37,51.96,51.20,51.72,15887500,,
2019-10-24,52.09,52.43,51.43,52.23,23413000,,
2019-10-25,54.19,56.61,53.92,56.46,59767700,,
2019-10-28,56.38,56.81,56.06,56.76,32307500,,
2019-10-29,56.37,57.24,56.24,56.34,18155800,,
2019-10-30,56.32,56.63,55.62,56.60,15248000,,
2019-10-31,56.33,56.60,55.62,56.53,19249700,,
2019-11-01,55.94,56.65,55.62,56.51,17953500,,
2019-11-04,56.93,57.80,56.85,57.61,19068000,,
2019-11-05,57.47,58.35,57.21,57.55,20865400,,
2019-11-06,57.49,57.71,56.98,57.60,17721000,0.315,
2019-11-07,58.00,58.55,57.86,58.05,16962800,,
2019-11-08,57.85,58.30,57.31,58.27,11888900,,
2019-11-11,57.97,58.50,57.90,58.35,11228900,,
2019-11-12,58.40,58.80,58.03,58.20,11952500,,
2019-11-13,57.87,57.97,57.35,57.89,15332700,,
2019-11-14,57.61,58.04,57.57,57.81,12119000,,
2019-11-15,58.17,58.70,57.62,57.96,16112100,,
2019-11-18,57.70,58.48,57.57,58.25,16097500,,
2019-11-19,58.48,58.65,57.75,58.35,17061900,,
2019-11-20,58.26,58.36,57.37,57.90,18542300,,
2019-11-21,57.49,58.30,57.41,58.22,16139000,,
2019-11-22,58.34,58.65,57.49,57.61,15690200,,
2019-11-25,58.00,58.84,58.00,58.81,15011700,,
2019-11-26,58.95,59.13,58.45,58.90,22338700,,
2019-11-27,58.53,58.59,57.91,58.51,18184200,,
2019-11-29,58.15,58.30,57.79,58.05,9481100,,
2019-12-02,58.55,58.69,57.47,57.66,19154500,,
2019-12-03,56.86,56.86,55.75,56.07,25737400,,
2019-12-04,56.66,56.66,55.86,56.02,18881400,,
2019-12-05,56.41,56.41,55.76,56.08,17673700,,
2019-12-06,56.66,56.99,56.42,56.81,16476800,,
2019-12-09,56.54,56.96,56.50,56.53,14298600,,
2019-12-10,56.71,56.83,56.44,56.59,16157900,,
2019-12-11,56.91,57.17,56.58,57.07,20051100,,
2019-12-12,56.75,58.05,56.61,57.55,27883300,,
2019-12-13,57.55,58.34,57.38,57.79,22795200,,
2019-12-16,58.21,58.57,57.65,57.70,19131200,,
2019-12-17,58.00,58.10,57.13,57.30,21653100,,
2019-12-18,57.39,57.46,56.94,57.17,28261000,,
2019-12-19,57.17,57.99,56.97,57.96,18865100,,
2019-12-20,58.32,59.05,57.89,58.95,49953000,,
2019-12-23,59.06,59.78,59.04,59.23,23593000,,
2019-12-24,59.25,59.48,59.16,59.41,6313200,,
2019-12-26,59.41,59.85,59.35,59.82,11480300,,
2019-12-27,59.91,60.48,59.90,60.08,14085800,,
2019-12-30,59.99,60.05,59.38,59.62,12750500,,
2019-12-31,59.62,59.93,59.36,59.85,14432900,,
2020-01-02,60.24,60.97,60.22,60.84,18056000,,
2020-01-03,59.81,60.70,59.81,60.10,15293900,,
2020-01-06,59.59,60.20,59.33,59.93,17755200,,
2020-01-07,59.78,59.80,58.89,58.93,21876100,,
2020-01-08,58.89,59.32,58.52,58.97,23133500,,
2020-01-09,59.05,59.51,58.83,59.30,18813300,,
2020-01-10,59.57,60.08,58.87,58.94,15200600,,
2020-01-13,59.17,59.78,59.08,59.59,16453300,,
2020-01-14,59.49,59.74,59.19,59.43,17051200,,
2020-01-15,59.30,59.65,58.75,58.94,18498800,,
2020-01-16,59.26,59.84,59.07,59.66,21365500,,
2020-01-17,59.98,60.00,59.24,59.60,21803400,,
2020-01-21,59.81,61.25,59.79,60.55,28358500,,
2020-01-22,61.04,62.85,60.97,62.73,29475100,,
2020-01-23,62.86,63.71,62.81,63.32,42778700,,
2020-01-24,66.57,69.29,66.46,68.47,84711000,,
2020-01-27,66.72,67.42,65.60,65.69,30764000,,
2020-01-28,66.50,67.58,65.94,67.31,30915400,,
2020-01-29,67.63,68.06,66.17,66.33,18055800,,
2020-01-30,65.64,66.50,64.93,66.47,18522400,,
2020-01-31,65.80,65.98,63.67,63.93,25268400,,
2020-02-03,64.46,65.04,64.30,64.42,16646600,,
2020-02-04,65.77,66.06,64.92,65.46,20970800,,
2020-02-05,66.69,67.60,66.13,67.34,23401400,,
2020-02-06,67.30,67.40,66.77,67.09,17408000,0.33,
2020-02-07,66.86,67.30,66.01,66.02,18134600,,
2020-02-10,65.56,66.40,65.44,66.39,22299300,,
2020-02-11,66.83,67.71,66.57,67.41,17975600,,
2020-02-12,67.60,68.09,67.31,67.46,15586600,,
2020-02-13,66.99,67.65,66.74,67.44,11602700,,
2020-02-14,67.52,67.86,66.82,67.27,13405500,,
2020-02-18,66.66,66.69,65.88,66.14,12758400,,
2020-02-19,66.39,67.20,66.18,67.11,13551200,,
2020-02-20,67.04,67.29,64.56,65.45,26452600,,
2020-02-21,65.18,65.25,64.04,64.34,20775900,,
2020-02-24,61.61,62.77,61.32,61.76,26903100,,
2020-02-25,61.99,62.28,59.46,59.73,34495700,,
2020-02-26,60.11,60.82,59.27,59.65,26190100,,
2020-02-27,57.93,58.51,55.80,55.83,42226900,,
2020-02-28,54.30,56.38,53.60,55.52,60721700,,
2020-03-02,55.79,58.22,54.52,58.18,43140300,,
2020-03-03,58.03,59.02,55.40,55.97,49740300,,
2020-03-04,57.01,58.71,56.16,58.68,29223100,,
2020-03-05,57.06,58.66,56.61,56.96,29099200,,
2020-03-06,55.18,56.01,54.54,55.77,36259200,,
2020-03-09,51.92,52.71,50.00,50.85,56197000,,
2020-03-10,52.76,54.00,50.43,53.98,36569000,,
2020-03-11,52.39,53.54,51.01,51.66,38563500,,
2020-03-12,47.99,50.09,45.37,45.54,50661700,,
2020-03-13,48.26,55.00,47.74,54.43,48805100,,
2020-03-16,47.51,52.25,43.63,44.61,53878900,,
2020-03-17,45.76,51.63,45.20,50.08,52085200,,
2020-03-18,46.71,50.05,45.20,47.61,49309900,,
2020-03-19,47.84,49.23,45.16,45.94,44538000,,
2020-03-20,46.51,49.42,45.47,45.83,52344000,,
2020-03-23,46.02,50.49,45.91,49.58,46698500,,
2020-03-24,53.14,54.64,51.35,52.40,50019800,,
2020-03-25,52.48,53.79,49.91,51.26,41106100,,
2020-03-26,51.74,55.95,51.66,55.54,41459800,,
2020-03-27,53.42,54.64,52.07,52.37,31633500,,
2020-03-30,52.99,56.10,52.83,55.49,31628600,,
2020-03-31,55.06,55.80,53.22,54.12,48074700,,
2020-04-01,52.50,54.69,51.43,51.88,29586600,,
2020-04-02,51.29,54.56,51.22,54.35,27810000,,
2020-04-03,53.85,55.13,52.73,54.13,23906100,,
2020-04-06,56.63,58.77,56.12,58.43,32323400,,
2020-04-07,59.94,61.49,58.21,58.40,41410000,,
2020-04-08,58.99,59.51,57.91,58.98,26719500,,
2020-04-09,59.36,59.72,56.06,57.14,40499700,,
2020-04-13,56.57,58.77,56.57,58.70,23251900,,
2020-04-14,60.04,60.90,59.51,60.66,25674000,,
2020-04-15,59.74,59.83,58.39,58.87,22841600,,
2020-04-16,59.61,60.96,58.81,60.79,24433500,,
2020-04-17,62.02,62.13,59.83,60.36,27385600,,
2020-04-20,59.28,60.04,58.89,59.18,26420300,,
2020-04-21,58.11,58.60,55.93,56.36,25248000,,
2020-04-22,58.27,60.50,57.81,60.10,23350400,,
2020-04-23,59.67,60.10,58.81,59.04,35092000,,
2020-04-24,56.20,59.40,56.10,59.26,50187000,,
2020-04-27,59.72,59.83,58.39,59.47,25902200,,
2020-04-28,59.99,60.22,58.26,58.75,28784700,,
2020-04-29,59.44,62.03,59.32,61.80,30451500,,
2020-04-30,61.37,61.54,59.75,59.98,26279900,,
2020-05-01,58.83,59.32,57.31,57.47,21194800,,
2020-05-04,57.12,58.07,56.31,57.99,18957200,,
2020-05-05,58.79,59.30,58.35,58.75,17252100,,
2020-05-06,59.04,59.95,58.94,59.18,17848700,0.33,
2020-05-07,59.93,60.10,58.92,59.17,14733500,,
2020-05-08,59.67,59.78,59.05,59.67,20384500,,
2020-05-11,59.74,60.84,59.71,60.13,18684400,,
2020-05-12,60.22,60.64,58.26,58.39,16754900,,
2020-05-13,58.45,59.23,56.90,57.74,21065000,,
2020-05-14,57.32,59.15,56.10,59.08,21569400,,
2020-05-15,57.40,58.37,56.96,58.28,21373300,,
2020-05-18,59.74,60.28,59.36,59.92,20428700,,
2020-05-19,60.13,61.77,59.85,60.29,21865000,,
2020-05-20,61.16,63.49,61.02,63.10,30584000,,
2020-05-21,63.10,63.80,61.82,61.98,20987700,,
2020-05-22,61.98,62.32,61.42,62.26,14103000,,
2020-05-26,63.68,64.14,62.12,62.34,20933600,,
2020-05-27,62.32,63.59,61.07,63.56,19886300,,
2020-05-28,63.00,63.45,61.49,61.70,17253500,,
2020-05-29,61.90,63.66,61.62,62.93,33393900,,
2020-06-01,62.49,62.66,61.66,61.86,14317700,,
2020-06-02,61.70,62.17,60.83,62.12,20702400,,
2020-06-03,62.45,62.54,61.53,61.93,16737300,,
2020-06-04,61.74,63.47,61.34,62.97,22010100,,
2020-06-05,63.36,65.11,63.16,64.34,26813100,,
2020-06-08,63.97,64.15,62.94,63.67,21546200,,
2020-06-09,62.99,63.71,62.90,63.04,23594100,,
2020-06-10,62.79,64.29,62.75,63.87,21367800,,
2020-06-11,63.07,63.30,59.52,59.70,26998200,,
2020-06-12,60.11,60.96,58.12,59.33,30419800,,
2020-06-15,59.33,60.36,58.58,60.10,29651700,,
2020-06-16,61.49,61.65,59.49,60.40,23226600,,
2020-06-17,60.74,61.28,60.06,60.49,20454800,,
2020-06-18,60.35,60.51,59.32,60.08,24899700,,
2020-06-19,60.65,60.89,59.10,59.62,60336100,,
2020-06-22,59.73,60.55,58.83,60.09,22846000,,
2020-06-23,60.19,60.47,59.86,59.92,22809600,,
2020-06-24,59.64,59.81,58.67,59.09,27764500,,
2020-06-25,58.98,59.09,57.48,58.51,21906900,,
2020-06-26,58.49,58.73,57.07,57.50,38477500,,
2020-06-29,57.47,58.35,56.76,58.27,22150300,,
2020-06-30,58.71,59.98,58.54,59.83,31542100,,
2020-07-01,59.91,60.03,58.76,58.81,14748100,,
2020-07-02,59.19,59.81,58.97,59.13,15578600,,
2020-07-06,58.72,59.62,58.60,59.54,20536700,,
2020-07-07,59.07,59.57,58.14,58.31,15996500,,
2020-07-08,58.45,58.70,57.93,58.61,13277900,,
2020-07-09,58.20,58.75,57.70,58.42,20683700,,
2020-07-10,57.95,59.69,57.83,59.53,17742300,,
2020-07-13,59.84,60.62,58.39,58.58,19082900,,
2020-07-14,57.87,59.25,57.35,58.98,24190900,,
2020-07-15,59.03,59.34,58.42,59.03,19986300,,
2020-07-16,58.54,59.36,58.40,59.14,12425900,,
2020-07-17,59.42,60.46,59.28,60.00,16322800,,
2020-07-20,60.08,61.38,59.34,61.15,16868700,,
2020-07-21,61.52,61.93,60.44,60.70,19803700,,
2020-07-22,61.31,61.77,60.62,61.05,18959900,,
2020-07-23,61.26,61.74,59.98,60.40,43518600,,
2020-07-24,52.15,52.18,49.50,50.59,182269900,,
2020-07-27,51.03,51.14,49.47,49.57,107526500,,
2020-07-28,49.48,50.23,49.14,49.24,62362600,,
2020-07-29,49.49,49.50,47.90,48.07,60500800,,
2020-07-30,47.83,48.50,47.59,47.99,39735200,,
2020-07-31,48.13,48.32,46.97,47.73,46536000,,
2020-08-03,48.27,48.63,47.74,48.30,31767100,,
2020-08-04,48.60,49.14,48.50,49.13,29045800,,
2020-08-05,49.72,49.72,48.66,48.92,29438600,,
2020-08-06,48.79,48.82,48.10,48.57,23795500,0.33,
2020-08-07,48.53,48.65,47.70,48.03,36765200,,
2020-08-10,48.20,49.39,48.06,49.22,37442600,,
2020-08-11,49.63,49.73,48.06,48.19,35348100,,
2020-08-12,48.67,49.26,48.24,49.19,30659800,,
2020-08-13,49.26,49.33,48.39,48.56,24774500,,
2020-08-14,48.73,49.21,48.65,48.89,22321200,,
2020-08-17,49.11,49.31,48.73,48.93,20018300,,
2020-08-18,49.26,49.57,48.62,48.65,19251400,,
2020-08-19,48.79,48.98,48.25,48.33,27775000,,
2020-08-20,49.81,50.20,49.00,49.17,55081300,,
2020-08-21,49.02,49.31,48.65,49.28,34621500,,
2020-08-24,49.26,49.40,48.82,49.14,36295300,,
2020-08-25,49.35,49.88,49.21,49.43,38384300,,
2020-08-26,49.39,49.67,49.23,49.55,28616600,,
2020-08-27,49.79,49.93,49.17,49.40,24420600,,
2020-08-28,49.57,50.80,49.46,50.43,35384700,,
2020-08-31,51.00,51.50,50.32,50.95,46114100,,
2020-09-01,50.91,51.00,50.22,50.79,30472800,,
2020-09-02,51.21,52.68,51.09,52.25,53000700,,
2020-09-03,52.50,52.62,50.14,50.39,47394300,,
2020-09-04,50.53,51.23,49.49,50.08,43318400,,
2020-09-08,49.26,49.90,48.85,48.91,39752700,,
2020-09-09,49.53,49.97,49.04,49.62,33437300,,
2020-09-10,50.00,50.09,48.71,48.96,32649100,,
2020-09-11,49.26,50.05,48.95,49.28,29333600,,
2020-09-14,48.85,49.72,48.85,49.41,27212500,,
2020-09-15,49.79,50.60,49.73,50.00,27598300,,
2020-09-16,50.51,51.03,50.17,50.37,26531400,,
2020-09-17,49.37,50.49,49.30,50.32,26959900,,
2020-09-18,50.33,50.50,49.04,49.89,50123500,,
2020-09-21,49.39,49.75,48.83,49.72,27377100,,
2020-09-22,49.89,50.21,49.47,49.95,22290900,,
2020-09-23,49.83,50.15,48.66,48.82,30078800,,
2020-09-24,48.53,49.64,48.42,49.16,29343400,,
2020-09-25,48.96,50.28,48.75,49.94,26633400,,
2020-09-28,50.51,51.46,50.16,51.43,29652200,,
2020-09-29,51.31,51.74,50.95,51.19,19558200,,
2020-09-30,51.24,52.38,51.15,51.78,27711300,,
2020-10-01,52.40,52.72,51.99,52.24,22127600,,
2020-10-02,51.50,51.98,50.99,51.01,25811800,,
2020-10-05,51.30,51.81,51.27,51.69,20883200,,
2020-10-06,51.71,52.70,51.23,51.37,25642800,,
2020-10-07,51.85,52.90,51.79,52.67,21978700,,
2020-10-08,52.91,53.58,52.67,53.37,22369500,,
2020-10-09,53.55,53.85,52.67,52.82,24343900,,
2020-10-12,53.55,54.20,53.21,53.88,27303500,,
2020-10-13,54.27,54.29,53.62,53.83,20005800,,
2020-10-14,54.01,54.40,53.51,53.55,21874200,,
2020-10-15,52.75,53.98,52.62,53.85,18272900,,
2020-10-16,53.90,54.70,53.90,54.16,23414400,,
2020-10-19,54.47,56.23,53.84,54.58,43537200,,
2020-10-20,54.60,54.70,53.27,53.43,27224900,,
2020-10-21,53.14,54.07,52.82,53.50,21866000,,
2020-10-22,53.12,54.22,53.07,53.90,41522700,,
2020-10-23,48.35,48.67,47.66,48.20,97322500,,
2020-10-26,47.85,47.86,46.25,46.72,54161300,,
2020-10-27,45.98,46.41,45.36,45.64,50130500,,
2020-10-28,44.89,45.29,44.20,44.25,45066000,,
2020-10-29,44.24,44.47,43.92,44.11,36796800,,
2020-10-30,44.10,44.80,43.61,44.28,46781300,,
2020-11-02,44.96,45.06,44.24,44.46,33856700,,
2020-11-03,44.73,45.46,44.70,44.85,34349500,,
2020-11-04,45.11,46.15,44.78,45.70,34748200,,
2020-11-05,46.15,46.38,45.53,45.68,31103200,0.33,
2020-11-06,45.54,45.80,44.90,45.39,36233700,,
2020-11-09,46.64,47.35,45.54,45.60,48481700,,
2020-11-10,45.40,46.48,45.25,45.44,39224500,,
2020-11-11,45.90,46.46,45.86,46.35,31496900,,
2020-11-12,46.13,46.19,44.55,44.95,42881300,,
2020-11-13,44.99,45.58,44.97,45.46,30884700,,
2020-11-16,46.04,46.75,45.79,46.19,36306300,,
2020-11-17,45.75,46.12,45.41,45.53,31118000,,
2020-11-18,45.55,45.69,45.04,45.06,32817900,,
2020-11-19,44.92,45.67,44.70,45.62,29469100,,
2020-11-20,45.66,45.88,45.33,45.39,24199300,,
2020-11-23,45.48,46.21,45.45,46.06,35489600,,
2020-11-24,46.29,47.30,46.01,47.01,33901200,,
2020-11-25,47.03,47.18,46.57,47.05,28126900,,
2020-11-27,47.36,48.10,47.36,47.45,15921400,,
2020-11-30,47.42,48.50,47.27,48.35,46332700,,
2020-12-01,48.75,50.23,48.71,49.56,57768000,,
2020-12-02,49.22,50.06,49.18,49.90,33753500,,
2020-12-03,49.92,51.11,49.78,50.99,50261200,,
2020-12-04,51.06,52.65,51.00,51.99,39767700,,
2020-12-07,51.00,51.29,49.56,50.20,51040300,,
2020-12-08,49.83,50.72,49.81,50.69,28956500,,
2020-12-09,50.28,50.84,49.73,50.07,34068400,,
2020-12-10,49.66,50.72,49.59,50.26,33706000,,
2020-12-11,50.14,50.14,49.12,49.73,29398800,,
2020-12-14,49.82,51.34,49.74,50.47,33436400,,
2020-12-15,50.98,51.01,50.21,50.67,25465600,,
2020-12-16,50.71,51.46,50.68,51.12,28351000,,
2020-12-17,51.15,51.32,50.22,50.65,26399000,,
2020-12-18,50.57,50.68,47.11,47.46,119298400,,
2020-12-21,46.32,46.45,45.24,46.36,53775700,,
2020-12-22,46.25,46.34,45.77,46.17,32171200,,
2020-12-23,46.17,47.03,46.07,46.57,22564200,,
2020-12-24,46.60,47.09,46.34,47.07,11865600,,
2020-12-28,47.19,47.64,46.86,47.07,21269200,,
2020-12-29,47.22,50.67,46.49,49.39,84531400,,
2020-12-30,49.11,49.19,48.56,48.75,37385400,,
2020-12-31,48.75,50.19,48.72,49.82,28576800,,
2021-01-04,49.89,51.39,49.40,49.67,46102500,,
2021-01-05,49.45,50.83,49.33,50.61,24866600,,
2021-01-06,50.44,52.15,50.20,51.10,36809600,,
2021-01-07,51.49,52.69,51.30,52.19,32092300,,
2021-01-08,52.45,52.53,51.27,51.65,34625400,,
2021-01-11,51.29,52.24,51.25,51.54,32925000,,
2021-01-12,51.90,53.85,51.56,53.24,39883900,,
2021-01-13,59.50,60.25,56.90,56.95,124070700,,
2021-01-14,58.45,60.14,57.84,59.25,74680900,,
2021-01-15,58.85,59.65,57.50,57.58,50265400,,
2021-01-19,57.94,58.34,57.10,57.99,35647100,,
2021-01-20,58.24,59.22,58.09,58.67,28701300,,
2021-01-21,59.04,63.95,58.22,62.46,86519500,,
2021-01-22,58.85,59.62,56.65,56.66,85729300,,
2021-01-25,56.38,56.50,54.06,55.44,61968500,,
2021-01-26,55.28,56.20,54.85,55.21,31485900,,
2021-01-27,54.61,54.85,53.30,53.59,49722900,,
2021-01-28,54.79,57.40,54.70,56.07,49202600,,
2021-01-29,55.98,57.16,55.36,55.51,37256200,,
2021-02-01,55.95,57.39,55.71,56.69,26926600,,
2021-02-02,57.19,58.28,56.88,58.00,23580900,,
2021-02-03,57.89,58.33,57.38,57.68,21893200,,
2021-02-04,57.61,58.88,57.19,58.79,29853800,0.348,
2021-02-05,59.00,59.08,58.12,58.18,23432600,,
2021-02-08,58.38,59.22,57.95,59.16,34358300,,
2021-02-09,58.77,59.31,57.94,58.78,28754100,,
2021-02-10,59.30,59.42,58.12,58.86,16325100,,
2021-02-11,59.10,60.99,58.86,60.66,27539100,,
2021-02-12,60.60,62.51,60.43,61.81,26214200,,
2021-02-16,62.00,62.87,61.70,62.47,26326300,,
2021-02-17,61.49,62.19,61.21,61.85,21055400,,
2021-02-18,60.65,61.98,60.64,61.61,17846100,,
2021-02-19,61.91,63.26,61.85,63.01,28290100,,
2021-02-22,61.88,62.70,60.66,60.71,32288200,,
2021-02-23,60.48,61.50,59.17,61.12,27374600,,
2021-02-24,60.53,63.28,60.38,63.19,24669900,,
2021-02-25,62.41,63.54,60.13,60.40,36394000,,
2021-02-26,60.89,61.69,59.68,60.78,38216800,,
2021-03-01,61.72,63.08,61.65,62.88,28495400,,
2021-03-02,62.80,63.14,61.11,61.24,23320000,,
2021-03-03,60.64,61.52,59.70,59.90,28740400,,
2021-03-04,59.83,60.24,57.91,58.33,40210400,,
2021-03-05,59.26,61.18,58.51,60.74,39511700,,
2021-03-08,60.47,61.70,59.72,59.85,33112400,,
2021-03-09,61.18,63.17,60.84,62.67,36387500,,
2021-03-10,63.22,64.12,62.13,62.25,27160300,,
2021-03-11,62.94,64.09,62.39,63.31,30701800,,
2021-03-12,62.65,63.30,62.24,62.90,20173000,,
2021-03-15,63.61,63.88,62.48,63.79,21247400,,
2021-03-16,64.15,65.73,64.08,64.78,30186600,,
2021-03-17,64.22,66.29,63.71,65.78,32394700,,
2021-03-18,65.63,65.70,63.65,63.73,30094200,,
2021-03-19,63.18,64.99,62.92,63.76,54951700,,
2021-03-22,64.82,66.38,64.56,65.63,34380100,,
2021-03-23,66.00,66.05,63.17,63.48,35160000,,
2021-03-24,66.58,67.44,61.99,62.04,74584700,,
2021-03-25,61.66,62.44,60.98,62.02,35401400,,
2021-03-26,61.80,64.97,61.77,64.87,34705800,,
2021-03-29,64.01,65.13,63.61,64.50,26161600,,
2021-03-30,63.77,64.00,63.15,63.77,20709500,,
2021-03-31,64.01,64.49,63.58,64.00,33013200,,
2021-04-01,64.72,64.89,63.58,64.55,31416300,,
2021-04-05,64.95,66.74,64.70,66.54,27947500,,
2021-04-06,66.06,66.58,65.29,65.56,28771400,,
2021-04-07,65.67,66.57,65.36,66.25,17793300,,
2021-04-08,66.97,67.29,66.36,67.05,22224200,,
2021-04-09,66.80,68.40,66.63,68.26,27177100,,
2021-04-12,68.20,68.49,64.71,65.41,51266900,,
2021-04-13,65.61,65.63,64.21,65.22,26822000,,
2021-04-14,65.31,65.38,63.84,64.19,25768400,,
2021-04-15,63.97,65.22,63.68,65.02,24927700,,
2021-04-16,65.33,65.52,64.57,64.75,24625500,,
2021-04-19,64.70,64.74,63.07,63.63,23997700,,
2021-04-20,63.64,63.76,62.41,62.70,19872100,,
2021-04-21,62.79,63.78,62.30,63.70,24364200,,
2021-04-22,63.35,63.91,62.28,62.57,38257600,,
2021-04-23,59.16,60.00,57.90,59.24,77479500,,
2021-04-26,59.10,59.52,58.46,58.76,39645900,,
2021-04-27,58.56,58.63,57.77,57.97,38167700,,
2021-04-28,57.52,58.16,57.15,57.62,30387400,,
2021-04-29,57.88,58.30,57.47,58.28,23290600,,
2021-04-30,57.61,58.43,57.07,57.53,30731800,,
2021-05-03,57.86,57.88,56.84,57.26,22281700,,
2021-05-04,56.88,56.98,55.81,56.90,35323600,,
2021-05-05,56.96,57.30,56.46,56.85,21001900,,
2021-05-06,56.62,57.25,56.25,57.19,25529300,0.348,
2021-05-07,57.70,58.01,57.24,57.67,19959000,,
2021-05-10,57.15,57.23,55.88,55.97,35046500,,
2021-05-11,55.05,55.63,54.30,55.04,35968100,,
2021-05-12,54.39,54.65,53.42,53.62,30232300,,
2021-05-13,54.04,54.39,53.46,54.01,29192500,,
2021-05-14,54.60,55.85,54.26,55.35,28158300,,
2021-05-17,55.29,55.89,54.76,55.33,20010200,,
2021-05-18,55.95,56.14,54.80,54.84,18703400,,
2021-05-19,54.07,55.43,53.84,55.36,23769700,,
2021-05-20,55.57,56.24,55.36,55.95,23145200,,
2021-05-21,56.42,56.71,55.98,56.08,17723100,,
2021-05-24,56.65,57.39,56.40,56.96,19164400,,
2021-05-25,57.56,57.56,56.42,56.87,22309900,,
2021-05-26,57.05,57.23,56.59,56.92,15173600,,
2021-05-27,57.11,57.88,57.00,57.73,32387600,,
2021-05-28,57.55,57.65,56.94,57.12,20303900,,
2021-06-01,57.61,57.82,56.59,56.89,20326400,,
2021-06-02,56.91,57.69,56.76,57.48,18483600,,
2021-06-03,56.98,57.10,56.09,56.24,21831300,,
2021-06-04,56.55,57.75,56.54,57.37,21493800,,
2021-06-07,57.41,57.44,56.78,57.09,17364400,,
2021-06-08,57.45,57.64,56.60,57.00,33254500,,
2021-06-09,57.36,57.48,56.97,57.00,13904800,,
2021-06-10,57.15,58.03,56.93,57.38,26738100,,
2021-06-11,57.47,57.94,56.95,57.85,18119700,,
2021-06-14,58.02,58.20,57.23,58.19,21784500,,
2021-06-15,58.21,58.42,57.80,57.99,20806500,,
2021-06-16,58.15,58.37,56.77,57.22,21879700,,
2021-06-17,57.05,57.90,56.70,57.18,21498800,,
2021-06-18,56.68,56.75,55.10,55.67,55118300,,
2021-06-21,55.75,56.04,55.37,55.87,19254600,,
2021-06-22,55.94,56.28,55.50,55.87,18682800,,
2021-06-23,55.87,55.97,55.23,55.26,20287900,,
2021-06-24,55.49,56.10,55.34,56.07,21209700,,
2021-06-25,56.02,56.41,55.75,55.91,21101200,,
2021-06-28,56.36,57.73,56.34,57.48,22480900,,
2021-06-29,57.55,57.83,55.88,56.75,26360000,,
2021-06-30,56.34,56.38,55.39,56.14,29891600,,
2021-07-01,56.13,56.64,55.87,56.01,24871600,,
2021-07-02,56.55,56.99,56.32,56.76,17219400,,
2021-07-06,56.92,57.01,55.70,56.09,26186600,,
2021-07-07,56.37,56.45,55.71,55.96,14857400,,
2021-07-08,55.31,55.72,54.79,55.39,19162000,,
2021-07-09,55.51,56.11,55.31,55.99,18708000,,
2021-07-12,56.26,56.76,56.11,56.73,15392800,,
2021-07-13,56.62,57.30,56.34,56.87,15716000,,
2021-07-14,57.17,57.46,56.33,56.52,16263600,,
2021-07-15,56.40,56.40,55.57,55.81,18917000,,
2021-07-16,56.05,56.93,54.90,54.97,25263800,,
2021-07-19,54.41,54.81,53.97,54.64,27007700,,
2021-07-20,54.92,55.56,54.27,55.24,19867000,,
2021-07-21,55.18,56.28,55.01,56.23,18497200,,
2021-07-22,56.06,56.54,55.68,55.96,36691000,,
2021-07-23,54.58,54.71,52.32,53.00,67742300,,
2021-07-26,52.81,54.54,52.76,54.31,32881200,,
2021-07-27,53.12,53.20,52.31,53.18,39878000,,
2021-07-28,53.03,53.92,52.94,53.07,28478800,,
2021-07-29,53.48,54.10,53.32,53.70,16886600,,
2021-07-30,53.65,53.90,53.25,53.72,16465700,,
2021-08-02,53.99,54.47,53.54,53.68,18098100,,
2021-08-03,53.89,54.16,53.26,54.06,16375900,,
2021-08-04,54.25,54.44,53.70,53.90,17612700,,
2021-08-05,53.99,54.02,53.58,53.89,15310000,0.348,
2021-08-06,53.86,54.13,53.73,53.92,19256000,,
2021-08-09,54.08,54.41,53.83,54.05,14670100,,
2021-08-10,54.24,54.39,53.51,53.94,16215700,,
2021-08-11,54.26,54.36,53.84,54.14,18590800,,
2021-08-12,54.17,54.18,53.26,53.54,15070100,,
2021-08-13,53.50,53.56,53.06,53.49,15281100,,
2021-08-16,53.23,53.49,53.00,53.47,17690300,,
2021-08-17,53.17,53.18,52.22,52.69,22014900,,
2021-08-18,52.60,53.03,52.11,52.19,15061700,,
2021-08-19,52.05,52.67,51.58,52.44,22999400,,
2021-08-20,52.16,52.38,51.42,52.01,25728300,,
2021-08-23,52.59,53.54,52.48,53.23,23976300,,
2021-08-24,53.56,53.97,53.31,53.81,20348800,,
2021-08-25,54.08,54.23,53.73,53.81,15048400,,
2021-08-26,53.75,53.75,52.97,53.13,19570000,,
2021-08-27,53.36,53.94,52.92,53.89,16525000,,
2021-08-30,54.26,54.87,53.76,53.94,14581300,,
2021-08-31,54.44,54.50,53.66,54.06,22350100,,
2021-09-01,54.11,54.16,53.53,53.67,18615000,,
2021-09-02,53.80,53.89,53.35,53.73,15869500,,
2021-09-03,53.44,54.08,53.32,53.51,13456200,,
2021-09-07,53.57,53.95,53.44,53.65,13915000,,
2021-09-08,53.73,53.92,52.99,53.57,18235100,,
2021-09-09,53.66,53.89,53.34,53.40,13495800,,
2021-09-10,53.85,54.98,53.81,53.84,20324700,,
2021-09-13,54.61,55.49,54.41,54.99,22639200,,
2021-09-14,55.37,55.44,54.27,54.52,22072700,,
2021-09-15,54.67,55.15,54.42,55.12,18796200,,
2021-09-16,54.86,54.95,54.24,54.83,19863100,,
2021-09-17,54.59,54.59,53.67,54.26,35359200,,
2021-09-20,53.21,53.50,52.32,52.98,35051900,,
2021-09-21,53.20,53.45,52.83,52.87,17968900,,
2021-09-22,53.40,53.87,53.00,53.50,18594100,,
2021-09-23,53.75,54.30,53.60,54.03,16474300,,
2021-09-24,53.78,54.42,53.73,54.22,12976200,,
2021-09-27,53.94,54.87,53.82,54.66,13899900,,
2021-09-28,54.18,54.59,53.96,54.00,24691300,,
2021-09-29,54.00,54.05,53.18,53.49,20514300,,
2021-09-30,53.76,53.98,53.26,53.28,20534100,,
2021-10-01,53.65,54.11,53.05,53.86,19895100,,
2021-10-04,53.93,54.33,53.08,53.47,27353300,,
2021-10-05,53.55,54.34,53.48,53.95,18129400,,
2021-10-06,53.48,54.07,53.07,53.98,20059600,,
2021-10-07,54.32,54.99,54.12,54.18,20704400,,
2021-10-08,54.55,54.58,53.70,53.81,16068000,,
2021-10-11,53.81,54.41,53.42,53.44,14398800,,
2021-10-12,53.57,53.72,52.01,52.17,32784300,,
2021-10-13,52.38,52.58,51.87,52.26,18534000,,
2021-10-14,52.90,54.00,52.73,53.90,26586700,,
2021-10-15,54.20,54.49,53.81,54.46,25231100,,
2021-10-18,54.19,54.56,53.72,54.47,22407600,,
2021-10-19,54.63,55.22,54.37,55.21,18392900,,
2021-10-20,55.25,55.49,55.08,55.37,16850300,,
2021-10-21,54.93,56.07,54.83,56.00,38390900,,
2021-10-22,50.39,50.55,49.14,49.46,109971900,,
2021-10-25,49.83,50.07,49.31,49.41,43178800,,
2021-10-26,49.40,49.44,47.93,48.28,68405400,,
2021-10-27,48.52,48.82,47.87,47.89,41081500,,
2021-10-28,48.14,48.36,47.88,48.08,31317200,,
2021-10-29,48.10,49.28,47.92,49.00,42301000,,
2021-11-01,49.40,49.60,49.00,49.55,28013700,,
2021-11-02,49.61,49.90,49.23,49.86,27193300,,
2021-11-03,49.93,50.45,49.71,50.39,23962100,,
2021-11-04,50.24,50.35,49.73,50.31,24806000,0.348,
2021-11-05,50.55,51.58,50.54,50.92,36816200,,
2021-11-08,51.46,51.99,51.06,51.55,31647800,,
2021-11-09,51.54,51.77,50.77,51.20,22508400,,
2021-11-10,50.98,51.39,50.71,50.76,25040700,,
2021-11-11,51.01,51.07,50.41,50.53,25420000,,
2021-11-12,50.60,50.90,50.18,50.31,23884800,,
2021-11-15,50.41,50.63,50.12,50.32,24695800,,
2021-11-16,50.37,51.15,50.34,50.61,30927800,,
2021-11-17,50.60,50.94,49.98,50.23,23546900,,
2021-11-18,50.24,50.24,48.97,49.68,30658200,,
2021-11-19,49.60,49.73,49.24,49.52,27607600,,
2021-11-22,49.55,50.85,49.41,49.83,33389600,,
2021-11-23,50.16,50.45,48.64,49.10,44713300,,
2021-11-24,48.86,49.78,48.63,49.76,26035800,,
2021-11-26,48.90,49.18,48.12,48.78,25269000,,
2021-11-29,49.30,50.13,48.72,50.00,31478900,,
2021-11-30,49.50,50.40,48.68,49.20,49460800,,
2021-12-01,49.84,50.31,48.52,48.60,35093500,,
2021-12-02,48.61,49.79,48.33,49.50,37240800,,
2021-12-03,49.68,50.06,48.76,49.25,32224900,,
2021-12-06,49.48,51.21,49.18,50.99,40336000,,
2021-12-07,54.66,55.00,52.21,52.57,91731500,,
2021-12-08,52.57,52.88,51.38,51.75,37143400,,
2021-12-09,51.30,51.59,50.43,50.48,31694200,,
2021-12-10,50.84,51.07,50.05,50.59,23783600,,
2021-12-13,50.85,51.02,49.95,50.00,35726900,,
2021-12-14,49.82,50.27,49.32,49.70,34120400,,
2021-12-15,49.87,50.78,49.33,50.67,32590300,,
2021-12-16,50.74,51.40,50.58,50.83,33132300,,
2021-12-17,50.59,51.02,50.01,50.62,50102300,,
2021-12-20,49.91,50.13,48.96,49.60,30140300,,
2021-12-21,49.94,50.84,49.94,50.77,31956300,,
2021-12-22,50.64,51.02,50.21,50.97,23307900,,
2021-12-23,51.08,51.73,51.05,51.31,25198200,,
2021-12-27,51.35,52.06,51.30,51.94,20985400,,
2021-12-28,51.93,52.12,51.63,51.76,19290400,,
2021-12-29,51.81,52.14,51.66,51.83,14174800,,
2021-12-30,51.92,52.14,51.65,51.74,18359400,,
2021-12-31,51.89,52.16,51.46,51.50,16319000,,
2022-01-03,51.65,53.23,51.60,53.21,33857600,,
2022-01-04,53.57,53.94,52.65,53.14,45681400,,
2022-01-05,54.19,56.17,53.83,53.87,59109300,,
2022-01-06,54.61,54.67,53.42,54.01,35757900,,
2022-01-07,54.19,54.39,53.15,53.44,30717200,,
2022-01-10,53.97,55.31,53.31,55.21,49260800,,
2022-01-11,55.50,56.08,54.73,55.91,39795200,,
2022-01-12,56.14,56.28,54.81,55.74,29136800,,
2022-01-13,56.00,56.21,54.77,54.94,29605400,,
2022-01-14,54.85,55.77,54.53,55.70,30151500,,
2022-01-18,55.31,55.65,54.68,54.76,35313800,,
2022-01-19,54.63,54.85,53.56,53.62,30595100,,
2022-01-20,53.86,54.09,51.94,52.04,28582600,,
2022-01-21,52.08,53.13,51.95,52.04,46372400,,
2022-01-24,51.48,52.13,49.88,51.94,64198400,,
2022-01-25,51.01,51.62,50.25,51.00,44095400,,
2022-01-26,51.13,52.72,50.75,51.69,54895400,,
2022-01-27,49.98,50.06,47.78,48.05,89642800,,
2022-01-28,47.71,48.20,46.30,47.73,61945400,,
2022-01-31,47.68,48.87,47.31,48.82,51828400,,
2022-02-01,48.78,49.03,48.36,48.95,35386100,,
2022-02-02,48.25,49.58,48.09,49.51,37962700,,
2022-02-03,49.25,49.69,48.25,48.28,42145800,,
2022-02-04,47.86,48.24,47.13,48.01,32431500,0.365,
2022-02-07,48.13,48.66,47.96,48.18,27558500,,
2022-02-08,47.98,48.94,47.90,48.81,28051200,,
2022-02-09,49.33,49.97,48.83,49.91,35217300,,
2022-02-10,49.18,49.93,48.76,48.86,32762700,,
2022-02-11,48.95,49.11,47.50,47.63,37208200,,
2022-02-14,47.92,48.18,47.11,47.58,28456900,,
2022-02-15,47.70,48.46,47.19,48.44,35837900,,
2022-02-16,48.06,48.49,47.60,48.23,26022900,,
2022-02-17,47.86,48.26,47.38,47.57,32030600,,
2022-02-18,46.19,46.21,44.51,45.04,76520100,,
2022-02-22,44.69,45.41,43.85,44.69,57093300,,
2022-02-23,45.17,45.71,44.55,44.65,38176700,,
2022-02-24,43.90,46.79,43.63,46.72,72740100,,
2022-02-25,46.93,47.79,46.25,47.71,39266300,,
2022-02-28,47.00,47.82,46.85,47.70,41946100,,
2022-03-01,47.54,47.90,46.22,46.82,53853000,,
2022-03-02,47.52,48.99,47.48,48.87,46936500,,
2022-03-03,48.18,48.55,47.62,47.93,36389900,,
2022-03-04,47.37,48.27,47.37,48.07,38310700,,
2022-03-07,48.01,48.54,47.60,47.68,43813700,,
2022-03-08,47.69,48.72,46.89,47.50,44813900,,
2022-03-09,48.41,48.46,46.89,47.63,36076500,,
2022-03-10,47.29,47.31,46.16,46.66,36456000,,
2022-03-11,47.15,47.28,45.77,45.83,27082100,,
2022-03-14,45.90,45.98,44.30,44.40,35993900,,
2022-03-15,44.50,44.90,44.07,44.81,34448900,,
2022-03-16,45.30,46.63,45.27,46.63,38885500,,
2022-03-17,46.32,47.29,45.73,47.14,28555000,,
2022-03-18,46.82,47.60,46.35,47.45,46237100,,
2022-03-21,47.46,47.89,47.07,47.39,32910900,,
2022-03-22,47.50,48.47,47.40,48.39,27923300,,
2022-03-23,48.46,49.58,48.06,48.27,37126400,,
2022-03-24,48.66,51.65,48.59,51.62,51677900,,
2022-03-25,50.69,51.98,50.45,51.83,33239800,,
2022-03-28,51.36,51.57,50.56,51.51,22932400,,
2022-03-29,52.00,52.29,51.28,52.25,27303700,,
2022-03-30,52.25,52.51,51.22,51.43,24623300,,
2022-03-31,51.20,51.26,49.51,49.56,43698300,,
2022-04-01,49.83,49.90,47.33,48.11,46598600,,
2022-04-04,48.17,49.23,47.92,49.20,23784900,,
2022-04-05,48.83,48.98,48.02,48.13,25779200,,
2022-04-06,47.44,48.17,47.24,47.54,31518700,,
2022-04-07,47.43,47.91,46.77,47.56,24117000,,
2022-04-08,47.28,47.58,46.85,47.02,22167300,,
2022-04-11,46.90,47.30,46.53,46.57,30352500,,
2022-04-12,47.32,47.91,46.41,46.50,29861400,,
2022-04-13,46.75,47.27,46.55,47.01,22171300,,
2022-04-14,46.75,46.75,45.62,45.67,36181800,,
2022-04-18,45.53,46.89,45.52,46.64,25593100,,
2022-04-19,46.60,48.00,46.34,47.93,31483100,,
2022-04-20,48.36,48.75,47.98,48.11,22787100,,
2022-04-21,48.62,48.90,47.40,47.50,27316900,,
2022-04-22,47.45,47.65,46.50,46.54,28219900,,
2022-04-25,46.21,47.14,46.18,47.06,35999300,,
2022-04-26,46.69,46.84,45.51,45.52,35356600,,
2022-04-27,45.48,46.06,45.01,45.22,28320900,,
2022-04-28,45.79,47.27,45.54,46.84,41097000,,
2022-04-29,44.99,45.36,43.50,43.59,70765900,,
2022-05-02,43.72,44.99,43.51,44.96,45446500,,
2022-05-03,44.79,45.49,44.23,45.06,40158400,,
2022-05-04,45.06,46.64,44.41,46.54,44625600,,
2022-05-05,45.60,45.91,44.13,44.60,52996700,0.365,
2022-05-06,44.49,45.15,43.84,44.30,40916600,,
2022-05-09,43.81,44.20,42.87,43.07,44925800,,
2022-05-10,44.35,44.74,43.50,44.01,42770000,,
2022-05-11,44.02,44.29,42.78,42.83,40351700,,
2022-05-12,42.73,42.91,42.01,42.84,42329600,,
2022-05-13,43.42,43.84,42.97,43.60,32034100,,
2022-05-16,43.42,43.61,42.79,43.08,25071900,,
2022-05-17,43.82,44.42,43.65,44.40,28596600,,
2022-05-18,43.98,43.98,42.22,42.35,35218400,,
2022-05-19,42.32,42.70,41.72,42.01,29181000,,
2022-05-20,42.25,42.29,40.31,41.65,44802300,,
2022-05-23,41.69,42.25,41.33,42.00,27199500,,
2022-05-24,41.70,41.89,41.10,41.67,29837500,,
2022-05-25,41.44,42.52,41.39,42.20,26283100,,
2022-05-26,42.17,43.68,42.08,43.48,28826700,,
2022-05-27,43.59,44.55,43.55,44.55,30553300,,
2022-05-31,44.25,44.75,43.65,44.42,41111500,,
2022-06-01,44.77,44.93,43.53,44.11,29885500,,
2022-06-02,44.19,44.88,43.94,44.84,28727600,,
2022-06-03,44.11,44.25,43.34,43.39,33174700,,
2022-06-06,43.81,44.04,43.08,43.34,25437100,,
2022-06-07,43.06,43.59,42.66,43.53,25168700,,
2022-06-08,42.25,42.26,41.03,41.23,59649900,,
2022-06-09,41.01,41.35,40.01,40.01,39047200,,
2022-06-10,39.85,40.08,39.18,39.18,43066200,,
2022-06-13,38.55,38.81,37.67,37.77,50335900,,
2022-06-14,38.01,38.20,37.54,37.93,31351700,,
2022-06-15,38.56,39.17,37.92,38.65,37652300,,
2022-06-16,37.70,37.79,36.93,37.34,45576500,,
2022-06-17,37.48,38.12,36.60,36.97,71393200,,
2022-06-21,37.36,38.03,37.33,37.73,34004900,,
2022-06-22,37.33,37.77,37.22,37.38,32571000,,
2022-06-23,37.61,37.62,36.91,37.41,30163000,,
2022-06-24,37.85,38.64,37.74,38.61,38159900,,
2022-06-27,38.87,39.06,38.47,38.63,29585300,,
2022-06-28,38.58,39.02,37.74,37.78,37824200,,
2022-06-29,37.54,37.60,37.02,37.29,25437200,,
2022-06-30,37.21,38.00,36.73,37.41,35141000,,
2022-07-01,37.09,37.20,35.88,36.34,40596300,,
2022-07-05,35.93,36.74,35.54,36.69,33215000,,
2022-07-06,36.82,37.42,36.46,36.99,26258300,,
2022-07-07,37.89,38.33,37.73,38.14,33165400,,
2022-07-08,37.66,38.14,37.39,37.99,22566300,,
2022-07-11,37.66,37.67,37.03,37.20,25904300,,
2022-07-12,37.65,37.70,36.99,37.21,30546300,,
2022-07-13,36.68,37.43,36.62,37.21,27059200,,
2022-07-14,36.99,38.16,36.29,37.71,36690700,,
2022-07-15,38.27,38.67,37.73,38.62,32892300,,
2022-07-18,39.10,39.34,38.53,38.71,30814400,,
2022-07-19,39.32,40.73,39.24,40.22,53095300,,
2022-07-20,40.21,40.67,39.56,40.56,36387900,,
2022-07-21,40.51,40.65,39.82,40.61,29661200,,
2022-07-22,40.37,40.51,38.94,39.20,41350000,,
2022-07-25,39.28,39.41,38.55,39.16,32263400,,
2022-07-26,39.10,39.57,38.88,38.96,35925500,,
2022-07-27,39.27,40.42,39.23,40.18,42571600,,
2022-07-28,40.09,40.12,39.04,39.71,56662300,,
2022-07-29,35.60,36.62,35.24,36.31,125292400,,
2022-08-01,36.05,37.69,36.05,36.96,52513400,,
2022-08-02,36.59,36.66,36.00,36.01,53929400,,
2022-08-03,36.09,36.59,35.26,36.52,59513900,,
2022-08-04,36.01,36.10,35.36,35.66,54046300,0.365,
2022-08-05,35.35,35.69,35.18,35.39,40205100,,
2022-08-08,35.36,35.96,35.20,35.38,41534600,,
2022-08-09,35.22,35.30,34.40,34.52,48202300,,
2022-08-10,34.99,35.40,34.59,35.37,42243300,,
2022-08-11,35.64,36.29,35.49,35.59,35569700,,
2022-08-12,35.80,36.14,35.67,36.11,37675200,,
2022-08-15,36.10,36.43,35.71,36.34,25400600,,
2022-08-16,36.16,36.58,35.70,36.19,25000200,,
2022-08-17,35.81,36.08,35.27,35.78,29176100,,
2022-08-18,35.68,36.33,35.57,36.20,24598200,,
2022-08-19,35.80,36.03,35.19,35.38,31425500,,
2022-08-22,35.00,35.06,33.73,33.84,51006100,,
2022-08-23,33.98,34.39,33.91,33.95,30687100,,
2022-08-24,33.97,33.99,33.60,33.86,25105700,,
2022-08-25,33.87,34.93,33.82,34.89,29799100,,
2022-08-26,34.95,35.03,33.35,33.36,44851500,,
2022-08-29,33.23,33.41,32.81,32.94,32976800,,
2022-08-30,33.04,33.07,32.15,32.26,40182500,,
2022-08-31,32.39,32.39,31.77,31.92,44074500,,
2022-09-01,31.57,31.83,31.13,31.76,36440700,,
2022-09-02,32.21,32.38,31.06,31.22,34893300,,
2022-09-06,31.39,31.39,30.33,30.36,46989600,,
2022-09-07,30.42,30.79,30.05,30.65,37329500,,
2022-09-08,30.37,30.85,29.91,30.75,37359500,,
2022-09-09,31.19,31.50,31.08,31.46,34069500,,
2022-09-12,31.74,31.86,31.10,31.56,38305500,,
2022-09-13,30.83,30.93,29.25,29.29,71417900,,
2022-09-14,29.55,29.77,29.01,29.18,40767200,,
2022-09-15,29.15,29.41,28.71,28.84,39919100,,
2022-09-16,28.70,29.32,28.42,29.24,72748000,,
2022-09-19,29.02,29.50,28.90,29.44,33151900,,
2022-09-20,29.07,29.17,28.71,28.96,31129000,,
2022-09-21,29.15,29.59,28.46,28.47,39977300,,
2022-09-22,28.40,28.50,28.04,28.07,36092700,,
2022-09-23,27.90,27.90,27.19,27.52,43491100,,
2022-09-26,27.56,27.70,26.86,26.97,44786400,,
2022-09-27,27.40,27.60,26.62,26.89,44121400,,
2022-09-28,26.86,27.28,26.60,27.13,40433400,,
2022-09-29,26.78,26.78,26.19,26.38,41831300,,
2022-09-30,26.30,26.57,25.74,25.77,43821000,,
2022-10-03,26.33,27.25,26.07,26.97,44096200,,
2022-10-04,27.43,27.80,27.09,27.70,42427500,,
2022-10-05,27.37,27.84,26.89,27.64,30120000,,
2022-10-06,27.44,27.76,27.00,27.18,33985100,,
2022-10-07,26.17,26.28,25.65,25.72,57215500,,
2022-10-10,25.94,25.99,25.09,25.20,43409300,,
2022-10-11,25.01,25.48,24.69,25.04,48134900,,
2022-10-12,25.05,25.52,24.66,25.33,39634100,,
2022-10-13,24.73,26.84,24.59,26.42,62447000,,
2022-10-14,26.46,26.63,25.76,25.91,48185400,,
2022-10-17,26.31,26.75,26.17,26.42,39416500,,
2022-10-18,26.74,26.96,25.54,25.87,51126900,,
2022-10-19,25.74,26.25,25.69,26.00,33882300,,
2022-10-20,26.15,26.95,25.95,26.08,33247700,,
2022-10-21,25.85,27.05,25.79,26.97,53058700,,
2022-10-24,26.75,27.48,26.52,27.18,43831600,,
2022-10-25,27.18,27.56,27.00,27.41,32205300,,
2022-10-26,27.19,27.80,26.99,27.21,37111100,,
2022-10-27,27.45,27.59,26.13,26.27,56305100,,
2022-10-28,28.18,29.22,27.86,29.07,91695700,,
2022-10-31,29.08,29.18,28.05,28.43,59507700,,
2022-11-01,28.80,28.85,27.89,28.30,44418700,,
2022-11-02,28.27,28.85,27.41,27.42,51956100,,
2022-11-03,27.45,27.88,27.17,27.39,39678200,,
2022-11-04,27.57,28.24,27.41,28.20,43051900,0.365,
2022-11-07,28.36,28.47,27.89,28.41,34389800,,
2022-11-08,28.76,28.95,27.93,28.48,36258000,,
2022-11-09,28.22,28.30,27.52,27.52,30544800,,
2022-11-10,28.88,29.83,28.65,29.76,62943900,,
2022-11-11,28.93,30.63,28.87,30.43,49826500,,
2022-11-14,30.34,30.99,30.18,30.35,39395300,,
2022-11-15,31.10,31.34,30.17,30.71,40933200,,
2022-11-16,30.11,30.23,29.44,29.53,35582800,,
2022-11-17,29.07,29.95,29.00,29.89,31983300,,
2022-11-18,30.26,30.26,29.61,29.87,27122200,,
2022-11-21,29.66,29.72,28.91,28.94,36086800,,
2022-11-22,29.14,29.86,29.06,29.82,25584100,,
2022-11-23,29.73,30.08,29.49,29.67,23143900,,
2022-11-25,29.68,29.68,29.34,29.34,11314900,,
2022-11-28,29.10,29.19,28.54,28.73,28267900,,
2022-11-29,28.85,29.18,28.74,28.90,24361500,,
2022-11-30,28.77,30.08,28.22,30.07,72072500,,
2022-12-01,30.24,30.48,29.52,29.83,38896300,,
2022-12-02,29.17,29.43,28.71,29.41,31546000,,
2022-12-05,29.42,29.75,28.89,29.17,34040400,,
2022-12-06,29.19,29.31,28.34,28.60,27701200,,
2022-12-07,28.28,28.55,28.15,28.33,28239900,,
2022-12-08,28.32,28.60,28.07,28.44,28486100,,
2022-12-09,28.39,28.78,28.19,28.24,25641300,,
2022-12-12,28.13,28.71,27.86,28.69,35117900,,
2022-12-13,29.79,30.09,28.37,28.73,58546800,,
2022-12-14,28.51,29.12,28.01,28.26,37141100,,
2022-12-15,27.94,28.00,27.12,27.15,45682700,,
2022-12-16,27.00,27.14,26.45,26.92,81104200,,
2022-12-19,26.90,26.97,26.50,26.79,37662500,,
2022-12-20,26.54,26.87,26.42,26.44,31863300,,
2022-12-21,26.59,26.97,26.58,26.83,28100900,,
2022-12-22,26.45,26.45,25.35,25.97,47478300,,
2022-12-23,25.92,26.19,25.68,26.09,23600900,,
2022-12-27,25.85,26.10,25.65,25.94,29548100,,
2022-12-28,25.84,26.12,25.50,25.54,26176900,,
2022-12-29,25.77,26.29,25.75,26.21,30944800,,
2022-12-30,25.90,26.46,25.80,26.43,31030100,,
2023-01-03,27.05,27.07,26.37,26.73,31308000,,
2023-01-04,27.41,27.92,27.16,27.68,37665200,,
2023-01-05,27.44,27.78,27.38,27.56,33552600,,
2023-01-06,27.93,28.83,27.38,28.73,31788600,,
2023-01-09,28.84,29.87,28.84,29.31,37493200,,
2023-01-10,29.24,29.51,28.92,29.44,23008100,,
2023-01-11,29.68,29.88,29.00,29.85,30375400,,
2023-01-12,29.98,30.38,29.47,30.29,28963900,,
2023-01-13,29.97,30.17,29.81,30.11,31361900,,
2023-01-17,30.18,30.26,29.52,29.60,34759100,,
2023-01-18,29.80,29.82,28.63,28.81,44199600,,
2023-01-19,28.61,28.76,28.24,28.42,36886600,,
2023-01-20,28.42,29.23,28.25,29.22,35158500,,
2023-01-23,29.33,30.49,29.18,30.27,38795800,,
2023-01-24,29.94,30.19,29.73,29.92,24855100,,
2023-01-25,29.52,29.89,29.17,29.70,28268000,,
2023-01-26,30.06,30.11,29.33,30.09,56088100,,
2023-01-27,27.07,28.24,26.78,28.16,148548200,,
2023-01-30,27.72,28.51,27.67,27.95,55145800,,
2023-01-31,27.78,28.29,27.53,28.26,52621600,,
2023-02-01,27.89,29.43,27.68,29.07,63330600,,
2023-02-02,29.25,30.30,28.80,30.19,62230700,,
2023-02-03,29.62,31.17,29.53,30.32,57603100,,
2023-02-06,29.55,29.65,28.61,28.69,48726400,0.365,
2023-02-07,28.65,29.27,28.43,29.05,50780800,,
2023-02-08,28.95,29.12,28.21,28.24,36479100,,
2023-02-09,28.68,28.82,27.57,27.73,43906400,,
2023-02-10,27.63,27.99,27.34,27.80,31232500,,
2023-02-13,27.87,28.55,27.72,28.55,32347500,,
2023-02-14,28.38,28.72,27.99,28.64,27928900,,
2023-02-15,28.36,28.88,28.16,28.85,23359400,,
2023-02-16,28.50,28.83,28.13,28.20,28972500,,
2023-02-17,28.00,28.07,27.38,27.61,32086200,,
2023-02-21,27.11,27.27,26.04,26.06,63668400,,
2023-02-22,25.91,26.90,25.30,25.47,89195300,,
2023-02-23,25.78,26.08,25.32,25.61,56473200,,
2023-02-24,25.22,25.35,24.92,25.14,44089900,,
2023-02-27,25.55,25.58,24.88,24.90,37657000,,
2023-02-28,24.94,25.12,24.73,24.93,50255300,,
2023-03-01,25.03,25.92,24.97,25.33,47823400,,
2023-03-02,25.21,26.30,25.12,26.20,48309300,,
2023-03-03,26.20,26.48,26.01,26.40,36744900,,
2023-03-06,26.47,26.54,25.93,25.99,37879800,,
2023-03-07,25.84,25.99,25.50,25.53,43164600,,
2023-03-08,25.56,26.01,25.45,25.98,36071900,,
2023-03-09,25.98,26.98,25.97,26.44,54886100,,
2023-03-10,26.55,27.52,26.32,27.22,65187000,,
2023-03-13,26.74,27.31,26.61,26.95,50977000,,
2023-03-14,27.35,28.10,27.25,28.01,47689800,,
2023-03-15,27.73,28.50,27.66,28.41,49322800,,
2023-03-16,28.39,30.27,28.39,30.18,75779500,,
2023-03-17,29.92,31.00,29.44,29.81,80628500,,
2023-03-20,29.80,29.90,28.63,29.16,38780100,,
2023-03-21,29.00,29.17,27.98,28.46,55650800,,
2023-03-22,28.48,29.12,28.10,28.13,37415500,,
2023-03-23,28.38,29.16,28.22,29.03,43785500,,
2023-03-24,29.04,29.81,28.93,29.36,55912100,,
2023-03-27,29.37,29.73,29.08,29.18,34758200,,
2023-03-28,29.08,29.33,28.63,29.29,37407900,,
2023-03-29,29.77,31.89,29.76,31.52,85556200,,
2023-03-30,31.85,32.58,31.81,32.09,70077600,,
2023-03-31,31.80,32.90,31.73,32.67,59765000,,
2023-04-03,32.94,33.56,32.54,32.89,57038300,,
2023-04-04,32.85,33.84,32.84,33.10,55714100,,
2023-04-05,32.80,32.99,32.34,32.83,39615700,,
2023-04-06,32.60,33.00,32.46,32.81,28551900,,
2023-04-10,32.60,32.76,32.20,32.52,30534400,,
2023-04-11,32.66,33.11,32.32,32.35,27059100,,
2023-04-12,32.77,32.89,31.96,32.02,37070800,,
2023-04-13,31.82,32.43,31.65,32.13,29722300,,
2023-04-14,32.00,32.24,31.69,31.89,24623600,,
2023-04-17,31.95,32.64,31.77,32.14,29601100,,
2023-04-18,32.43,32.46,31.78,31.83,26041400,,
2023-04-19,31.10,31.52,31.08,31.15,25746600,,
2023-04-20,30.76,31.25,30.71,30.86,30255100,,
2023-04-21,30.84,30.84,30.23,30.30,28655800,,
2023-04-24,30.13,30.37,29.61,29.66,38732500,,
2023-04-25,29.44,29.57,28.87,28.88,38289900,,
2023-04-26,29.20,29.81,28.84,29.05,41218800,,
2023-04-27,28.75,29.95,28.51,29.86,60186200,,
2023-04-28,31.98,32.57,30.81,31.06,80252400,,
2023-05-01,31.11,31.24,30.28,30.30,36918500,,
2023-05-02,30.30,30.58,29.75,29.77,33463400,,
2023-05-03,30.64,31.11,30.25,30.65,45554500,,
2023-05-04,30.44,31.72,30.38,31.24,46104000,0.125,
2023-05-05,31.38,31.41,30.73,30.99,35024600,,
2023-05-08,30.70,30.84,30.39,30.77,30882800,,
2023-05-09,30.38,30.58,29.91,30.10,30706500,,
2023-05-10,30.29,30.40,29.49,29.97,40526500,,
2023-05-11,29.60,29.68,28.82,28.86,47144400,,
2023-05-12,29.03,29.10,28.72,28.95,24153800,,
2023-05-15,28.90,29.83,28.88,29.80,28717500,,
2023-05-16,29.62,29.90,29.21,29.22,22812000,,
2023-05-17,29.52,29.56,28.68,28.87,41667300,,
2023-05-18,29.00,29.76,28.87,29.68,36529200,,
2023-05-19,29.60,30.24,29.50,29.93,40683000,,
2023-05-22,29.85,30.45,29.82,30.28,28693400,,
2023-05-23,30.05,30.20,29.49,29.51,29400900,,
2023-05-24,29.31,29.49,28.82,29.00,28045800,,
2023-05-25,28.29,28.29,26.86,27.40,78009400,,
2023-05-26,27.44,29.09,27.10,29.00,71910600,,
2023-05-30,29.70,30.04,29.00,29.99,54874800,,
2023-05-31,29.70,32.29,29.67,31.44,136243800,,
2023-06-01,31.80,31.94,31.02,31.13,52667400,,
2023-06-02,31.40,31.59,30.83,31.31,36521000,,
2023-06-05,31.31,31.40,29.83,29.86,48244100,,
2023-06-06,29.77,31.45,29.70,30.96,42295300,,
2023-06-07,31.03,31.37,30.93,31.28,39098000,,
2023-06-08,31.43,31.85,31.06,31.82,35199000,,
2023-06-09,31.93,31.99,30.68,31.34,40218000,,
2023-06-12,31.40,33.30,31.36,33.07,59881600,,
2023-06-13,33.77,33.95,33.07,33.91,51990000,,
2023-06-14,33.87,35.60,33.80,35.58,74404300,,
2023-06-15,35.28,36.42,35.22,35.82,67676300,,
2023-06-16,36.36,36.80,35.60,36.37,110240300,,
2023-06-20,36.77,37.11,34.72,35.00,65970200,,
2023-06-21,34.92,35.05,32.83,32.90,70973500,,
2023-06-22,32.69,33.24,32.13,32.71,45740300,,
2023-06-23,32.21,33.45,32.03,33.00,46327100,,
2023-06-26,33.19,33.99,33.10,33.34,38952400,,
2023-06-27,33.22,34.23,33.01,34.10,33038900,,
2023-06-28,33.61,33.81,33.03,33.57,33906900,,
2023-06-29,33.34,33.34,32.49,32.91,38313000,,
2023-06-30,33.36,33.56,33.16,33.44,33811300,,
2023-07-03,33.54,33.89,33.14,33.62,15753000,,
2023-07-05,33.31,33.33,32.50,32.51,37664700,,
2023-07-06,31.90,32.04,31.38,31.97,41693600,,
2023-07-07,32.00,32.41,31.82,31.85,28356300,,
2023-07-10,31.87,32.83,31.77,32.74,36305700,,
2023-07-11,32.82,33.36,32.50,33.30,28148800,,
2023-07-12,33.69,34.08,33.06,33.98,37762200,,
2023-07-13,34.15,34.30,33.62,33.87,32745800,,
2023-07-14,33.78,33.87,33.00,33.15,30438700,,
2023-07-17,33.16,34.60,33.07,34.37,34111200,,
2023-07-18,34.28,34.70,33.83,34.50,29662200,,
2023-07-19,34.40,34.84,34.33,34.46,26486700,,
2023-07-20,33.70,34.21,33.23,33.37,37878000,,
2023-07-21,33.73,34.25,33.42,34.02,79737000,,
2023-07-24,33.84,34.46,33.56,33.63,25225800,,
2023-07-25,33.70,34.34,33.40,34.10,31771100,,
2023-07-26,33.72,34.53,33.70,34.36,32643200,,
2023-07-27,34.82,35.03,34.11,34.55,58890800,,
2023-07-28,36.75,36.99,35.51,36.83,90863000,,
2023-07-31,36.87,37.19,35.67,35.77,55630700,,
2023-08-01,35.82,36.02,35.28,35.80,24702200,,
2023-08-02,35.15,35.18,34.28,34.39,39052000,,
2023-08-03,34.29,35.03,34.13,34.87,24817900,,
2023-08-04,34.48,35.56,34.48,35.14,26674900,0.125,
2023-08-07,35.41,35.55,34.75,35.23,22486900,,
2023-08-08,34.67,35.10,33.86,35.02,34753600,,
2023-08-09,35.00,35.10,34.23,34.28,28720200,,
2023-08-10,34.70,35.09,34.48,34.68,30957300,,
2023-08-11,34.46,34.95,34.36,34.89,28783700,,
2023-08-14,34.67,35.71,34.47,35.68,36896100,,
2023-08-15,35.41,35.63,34.75,34.77,27420300,,
2023-08-16,34.52,34.63,33.46,33.53,35757300,,
2023-08-17,33.56,33.59,32.35,32.58,39906700,,
2023-08-18,32.23,32.91,32.18,32.75,23701100,,
2023-08-21,32.60,33.17,32.02,33.14,43718200,,
2023-08-22,33.22,33.80,32.83,32.89,23425300,,
2023-08-23,32.88,34.15,32.80,33.98,32324300,,
2023-08-24,33.72,34.09,32.49,32.59,37931000,,
2023-08-25,32.53,33.40,32.35,33.25,27324800,,
2023-08-28,33.50,33.78,33.21,33.62,22341800,,
2023-08-29,33.49,34.48,33.47,34.31,29943600,,
2023-08-30,34.06,34.66,33.78,34.53,26279200,,
2023-08-31,34.32,35.56,34.30,35.14,48157600,,
2023-09-01,35.79,36.75,35.73,36.61,43808500,,
2023-09-05,36.58,37.41,36.46,36.71,43379400,,
2023-09-06,36.56,37.04,36.03,36.98,39643400,,
2023-09-07,36.83,38.34,36.75,38.18,67659700,,
2023-09-08,38.12,38.83,37.71,38.01,44255200,,
2023-09-11,38.24,38.74,37.84,38.59,36349300,,
2023-09-12,38.65,40.07,38.65,38.86,55326600,,
2023-09-13,38.80,39.15,38.25,38.71,35407800,,
2023-09-14,38.81,38.90,38.30,38.67,30616500,,
2023-09-15,38.42,38.52,37.62,37.88,68881200,,
2023-09-18,37.62,38.39,37.51,37.99,29322200,,
2023-09-19,38.04,38.10,36.02,36.34,53288100,,
2023-09-20,36.22,36.25,34.63,34.69,57660800,,
2023-09-21,34.57,35.25,34.46,34.65,45240600,,
2023-09-22,34.81,34.89,34.14,34.18,29232700,,
2023-09-25,34.00,34.37,33.77,34.29,21729400,,
2023-09-26,34.14,34.78,33.64,33.83,34198300,,
2023-09-27,33.92,34.83,33.88,34.61,44369100,,
2023-09-28,34.65,35.66,34.38,35.18,32265300,,
2023-09-29,35.65,35.91,35.16,35.55,28763700,,
2023-10-02,35.61,35.98,34.98,35.46,26086200,,
2023-10-03,35.27,36.54,35.27,35.69,45292600,,
2023-10-04,36.52,36.52,35.33,35.93,39842200,,
2023-10-05,35.97,36.10,35.60,35.89,25771200,,
2023-10-06,35.87,36.46,35.18,36.19,33262200,,
2023-10-09,35.70,36.17,35.50,36.06,19376100,,
2023-10-10,36.14,36.74,35.81,36.43,24044100,,
2023-10-11,36.62,37.03,36.38,36.88,19262600,,
2023-10-12,36.80,37.22,36.39,36.84,23639200,,
2023-10-13,36.74,36.79,35.86,35.97,28390100,,
2023-10-16,36.14,36.94,36.08,36.56,29555800,,
2023-10-17,35.92,36.35,35.07,36.06,24993600,,
2023-10-18,35.52,36.02,35.45,35.64,22086000,,
2023-10-19,35.96,36.36,35.52,35.67,29201800,,
2023-10-20,35.65,36.28,34.87,34.92,32303300,,
2023-10-23,34.60,35.19,33.39,33.85,53924700,,
2023-10-24,33.64,34.71,33.64,34.59,52673900,,
2023-10-25,34.18,34.45,32.55,32.83,44658500,,
2023-10-26,32.89,33.22,32.15,32.52,59142500,,
2023-10-27,34.66,36.38,34.60,35.54,84128200,,
2023-10-30,35.47,35.96,34.92,35.69,36656300,,
2023-10-31,35.66,36.57,35.62,36.50,41185200,,
2023-11-01,36.50,37.32,36.28,37.29,41710700,,
2023-11-02,37.58,37.82,36.91,37.70,35440000,,
2023-11-03,38.00,38.32,37.67,38.14,30502700,,
2023-11-06,38.02,38.20,37.85,37.95,23877200,0.125,
2023-11-07,38.24,38.90,37.98,38.77,32052000,,
2023-11-08,38.85,38.89,37.75,37.92,33483400,,
2023-11-09,38.05,38.52,37.77,37.80,48955800,,
2023-11-10,38.24,38.99,38.24,38.86,38862500,,
2023-11-13,38.35,38.57,38.14,38.23,24558300,,
2023-11-14,38.80,39.49,38.07,39.41,45457400,,
2023-11-15,39.59,40.84,39.58,40.61,47392100,,
2023-11-16,41.00,43.40,40.82,43.35,86405700,,
2023-11-17,42.91,43.81,42.56,43.81,49735000,,
2023-11-20,43.78,44.93,43.78,44.74,44564900,,
2023-11-21,44.50,44.66,43.30,43.64,37252100,,
2023-11-22,44.03,44.63,43.54,43.67,31481200,,
2023-11-24,43.68,44.00,43.61,43.96,13037100,,
2023-11-27,43.65,44.55,43.65,44.08,33339900,,
2023-11-28,43.69,44.38,43.66,44.23,24548900,,
2023-11-29,44.60,45.34,44.60,44.94,38982000,,
2023-11-30,44.65,45.09,44.41,44.70,46263000,,
2023-12-01,44.36,44.36,42.86,43.74,43928400,,
2023-12-04,43.30,43.31,41.69,42.35,50417600,,
2023-12-05,41.91,42.29,41.61,41.92,31859300,,
2023-12-06,42.48,42.59,41.17,41.27,31992300,,
2023-12-07,41.75,42.44,41.18,42.15,29118700,,
2023-12-08,41.84,42.96,41.81,42.70,42815000,,
2023-12-11,43.16,44.73,43.08,44.54,48288200,,
2023-12-12,44.36,44.44,43.63,44.04,31452200,,
2023-12-13,44.08,44.72,43.33,44.57,35216100,,
2023-12-14,45.01,47.07,44.65,45.18,70620800,,
2023-12-15,45.94,47.27,45.67,46.16,84583400,,
2023-12-18,46.15,46.23,45.40,45.69,27895700,,
2023-12-19,45.60,46.68,45.51,46.66,35358800,,
2023-12-20,46.64,46.95,45.70,45.76,38159100,,
2023-12-21,46.48,47.12,46.02,47.08,28320500,,
2023-12-22,47.25,48.16,47.20,48.00,30095700,,
2023-12-26,48.92,50.52,48.71,50.50,60287400,,
2023-12-27,50.63,51.28,50.19,50.76,52148000,,
2023-12-28,50.81,50.87,50.16,50.39,27705200,,
2023-12-29,50.30,50.57,49.77,50.25,29288700,,
2024-01-02,49.20,49.38,47.45,47.80,45905700,,
2024-01-03,47.10,47.81,46.80,47.05,35858400,,
2024-01-04,45.72,47.16,45.24,46.87,47797800,,
2024-01-05,47.03,47.83,46.64,46.89,34344000,,
2024-01-08,47.07,48.76,46.97,48.45,42135100,,
2024-01-09,48.01,48.56,47.80,48.05,30097000,,
2024-01-10,48.24,48.30,46.94,47.47,31480200,,
2024-01-11,47.44,47.84,46.73,47.64,31707900,,
2024-01-12,47.60,47.67,46.61,47.12,27587900,,
2024-01-16,46.98,47.22,46.38,47.06,43720700,,
2024-01-17,46.42,46.42,45.65,46.06,33488000,,
2024-01-18,47.03,47.57,46.17,46.74,46681300,,
2024-01-19,47.00,48.76,46.44,48.15,55979800,,
2024-01-22,48.85,49.17,47.64,48.22,45639500,,
2024-01-23,48.12,48.94,47.32,48.89,37224100,,
2024-01-24,49.17,49.77,48.27,49.09,49375800,,
2024-01-25,50.00,50.30,48.97,49.55,84845100,,
2024-01-26,44.18,45.41,43.35,43.65,127665300,,
2024-01-29,43.71,43.99,42.81,43.84,51790900,,
2024-01-30,43.67,43.82,42.89,42.92,47958800,,
2024-01-31,42.57,43.79,42.36,43.08,51584200,,
2024-02-01,43.15,43.57,42.49,43.36,38819900,,
2024-02-02,43.00,43.14,41.60,42.60,53683500,,
2024-02-05,42.62,43.15,42.43,42.77,28890300,,
2024-02-06,42.70,42.78,42.14,42.74,34068200,0.125,
2024-02-07,42.89,43.10,42.55,42.78,34269200,,
2024-02-08,42.72,42.97,42.33,42.50,33206500,,
2024-02-09,42.55,43.52,42.40,43.31,51193000,,
2024-02-12,43.39,45.04,43.32,44.03,51107300,,
2024-02-13,43.00,43.63,42.76,43.16,36622200,,
2024-02-14,43.82,44.29,43.39,44.19,36186200,,
2024-02-15,44.76,45.27,44.02,44.05,44024500,,
2024-02-16,44.03,44.22,43.12,43.51,29975300,,
2024-02-20,44.26,45.17,43.42,44.52,61514100,,
2024-02-21,44.48,44.69,43.08,43.47,57485200,,
2024-02-22,44.68,44.68,42.53,42.98,62809300,,
2024-02-23,43.13,43.51,42.66,42.99,33810700,,
2024-02-26,43.50,43.68,42.82,42.99,27035400,,
2024-02-27,43.25,43.27,42.51,42.73,25126400,,
2024-02-28,42.44,42.45,41.91,41.99,26928500,,
2024-02-29,42.37,43.15,42.36,43.05,48875100,,
2024-03-01,43.41,44.27,43.13,43.82,41426100,,
2024-03-04,44.27,46.61,43.85,45.61,59990800,,
2024-03-05,44.56,44.87,42.69,43.16,56655100,,
2024-03-06,43.93,45.51,43.56,44.51,52652000,,
2024-03-07,45.55,46.42,45.18,46.15,50378200,,
2024-03-08,46.44,46.63,44.00,44.00,54916600,,
2024-03-11,43.87,44.93,43.66,44.86,35051000,,
2024-03-12,45.06,45.27,44.46,45.24,31795800,,
2024-03-13,44.51,44.98,43.20,43.23,53195900,,
2024-03-14,43.23,43.35,42.51,42.75,38100000,,
2024-03-15,42.45,43.15,42.35,42.64,66952900,,
2024-03-18,43.09,43.38,42.60,42.71,27668300,,
2024-03-19,42.25,42.29,41.44,42.05,34673000,,
2024-03-20,42.99,43.01,41.41,42.20,74865000,,
2024-03-21,42.99,43.60,42.32,42.42,50807600,,
2024-03-22,42.25,42.80,42.09,42.57,28503100,,
2024-03-25,40.89,42.22,40.57,41.83,47276500,,
2024-03-26,41.95,42.27,41.66,41.99,39109700,,
2024-03-27,42.54,43.83,42.50,43.77,51017800,,
2024-03-28,43.76,44.60,43.71,44.17,54204200,,
2024-04-01,44.29,45.41,44.18,44.52,31712600,,
2024-04-02,43.93,44.08,43.50,43.94,32748400,,
2024-04-03,41.40,41.65,40.22,40.33,83718000,,
2024-04-04,40.59,40.78,39.70,39.73,57307200,,
2024-04-05,39.35,39.46,38.51,38.71,67263000,,
2024-04-08,38.64,38.86,37.91,37.98,56967800,,
2024-04-09,38.05,38.58,37.33,38.33,78671700,,
2024-04-10,38.02,38.22,37.02,37.20,51108400,,
2024-04-11,37.43,37.67,37.08,37.63,41909100,,
2024-04-12,36.69,36.70,35.60,35.69,80254800,,
2024-04-15,36.04,36.70,35.89,36.31,50751600,,
2024-04-16,36.27,36.51,35.76,36.26,30607500,,
2024-04-17,36.10,36.13,35.37,35.68,41173300,,
2024-04-18,35.42,35.66,34.77,35.04,42334400,,
2024-04-19,35.13,35.13,34.18,34.20,59070300,,
2024-04-22,34.42,34.57,34.08,34.41,39909900,,
2024-04-23,34.34,34.60,34.18,34.28,46834000,,
2024-04-24,34.86,35.18,34.34,34.50,53261100,,
2024-04-25,34.56,35.30,34.50,35.11,66549400,,
2024-04-26,31.78,32.24,30.64,31.88,119742500,,
2024-04-29,31.86,31.91,31.07,31.36,58533300,,
2024-04-30,31.04,31.18,30.42,30.47,72346400,,
2024-05-01,30.17,31.04,30.02,30.37,60654800,,
2024-05-02,30.59,30.67,30.19,30.51,50899400,,
2024-05-03,30.98,31.06,30.70,30.90,36794800,,
2024-05-06,31.12,31.20,30.73,30.97,36185600,0.125,
2024-05-07,31.09,31.45,30.61,30.68,44683400,,
2024-05-08,30.00,30.15,29.73,30.00,63734600,,
2024-05-09,29.93,30.39,29.81,30.09,45003400,,
2024-05-10,30.33,30.46,29.84,29.85,42931300,,
2024-05-13,30.03,31.13,30.00,30.51,51459100,,
2024-05-14,30.62,31.11,30.61,31.05,47759900,,
2024-05-15,31.38,31.40,30.81,31.27,36992900,,
2024-05-16,31.63,32.26,31.52,32.03,47752800,,
2024-05-17,32.06,32.11,31.59,31.83,41449800,,
2024-05-20,31.85,32.42,31.76,32.10,31989000,,
2024-05-21,31.98,32.24,31.62,31.74,42975400,,
2024-05-22,31.91,32.07,31.10,31.42,36706400,,
2024-05-23,31.45,31.57,29.87,30.08,62014500,,
2024-05-24,30.29,31.02,30.13,30.72,42434500,,
2024-05-28,30.94,31.37,30.66,31.06,36799100,,
2024-05-29,30.47,30.67,30.11,30.13,35848600,,
2024-05-30,30.21,30.50,30.06,30.19,33351000,,
2024-05-31,30.22,30.96,29.94,30.85,95797500,,
2024-06-03,31.03,31.07,30.05,30.29,35544900,,
2024-06-04,30.75,30.75,29.94,30.03,51027200,,
2024-06-05,30.27,30.84,30.01,30.78,44161700,,
2024-06-06,30.55,30.59,30.16,30.42,34248100,,
2024-06-07,30.25,30.78,30.21,30.74,34085500,,
2024-06-10,30.55,30.95,30.29,30.91,37396500,,
2024-06-11,30.77,31.03,30.53,30.92,25326900,,
2024-06-12,31.46,31.48,30.39,30.76,51323900,,
2024-06-13,30.38,30.58,30.14,30.46,33787200,,
2024-06-14,30.29,30.56,30.21,30.45,28125900,,
2024-06-17,30.34,31.00,30.18,30.98,36235300,,
2024-06-18,30.99,31.47,30.50,30.63,33294700,,
2024-06-20,30.56,31.11,30.45,30.62,43826300,,
2024-06-21,30.85,31.36,30.67,31.09,90795200,,
2024-06-24,31.14,31.42,30.53,30.57,40611800,,
2024-06-25,30.70,30.83,30.29,30.74,29323600,,
2024-06-26,30.64,30.68,30.27,30.54,30743000,,
2024-06-27,30.42,30.66,30.29,30.59,30184300,,
2024-06-28,30.75,31.31,30.72,30.97,41467700,,
2024-07-01,30.91,31.02,30.61,30.84,32401800,,
2024-07-02,30.86,31.31,30.59,31.07,35999300,,
2024-07-03,31.12,31.34,30.91,31.23,24065700,,
2024-07-05,31.40,32.34,31.31,32.02,45309400,,
2024-07-08,33.03,34.09,32.82,33.99,82315900,,
2024-07-09,35.02,35.22,33.72,34.59,97546900,,
2024-07-10,34.44,34.97,34.13,34.87,52256200,,
2024-07-11,35.03,35.15,33.31,33.50,55213700,,
2024-07-12,33.77,35.48,33.77,34.49,62792600,,
2024-07-15,34.70,35.23,34.31,34.46,39847900,,
2024-07-16,34.36,34.45,33.84,34.34,28409900,,
2024-07-17,36.08,37.16,34.40,34.46,112304200,,
2024-07-18,34.96,36.30,34.53,34.87,84188600,,
2024-07-19,34.57,34.58,32.85,32.98,69628700,,
2024-07-22,33.28,33.41,32.76,33.37,48503700,,
2024-07-23,32.96,33.23,32.83,32.95,29466400,,
2024-07-24,32.53,32.80,31.66,31.70,62216700,,
2024-07-25,31.37,31.99,30.95,31.10,49774000,,
2024-07-26,31.43,31.56,31.02,31.35,38352500,,
2024-07-29,31.42,31.47,30.79,30.83,32342200,,
2024-07-30,30.85,30.91,30.01,30.13,48256600,,
2024-07-31,30.54,30.87,30.28,30.74,56110600,,
2024-08-01,30.43,30.71,28.89,29.05,107672500,,
2024-08-02,21.94,21.98,20.42,21.48,300895900,,
2024-08-05,20.20,20.39,19.29,20.11,147385700,,
2024-08-06,20.32,20.63,19.75,19.83,106670400,,
2024-08-07,19.92,20.25,18.95,18.99,97972300,0.125,
2024-08-08,19.10,20.55,18.84,20.49,96836800,,
2024-08-09,20.08,20.15,19.50,19.71,76394500,,
2024-08-12,19.87,19.97,19.00,19.36,54677600,,
2024-08-13,19.48,20.48,19.47,20.47,77511300,,
2024-08-14,20.49,20.50,19.79,19.92,56758200,,
2024-08-15,20.32,21.06,20.23,20.69,84814900,,
2024-08-16,20.53,20.90,20.41,20.87,48582700,,
2024-08-19,20.89,21.86,20.84,21.52,65956300,,
2024-08-20,21.21,21.23,20.82,20.99,84161300,,
2024-08-21,21.07,21.44,21.07,21.41,57028900,,
2024-08-22,21.39,21.40,20.04,20.10,81444700,,
2024-08-23,20.32,20.93,20.26,20.54,73398400,,
2024-08-26,20.53,20.56,19.95,20.13,58534800,,
2024-08-27,20.13,20.26,19.84,20.07,43862000,,
2024-08-28,19.98,20.11,19.51,19.61,50144900,,
2024-08-29,19.76,20.60,19.75,20.13,64529700,,
2024-08-30,21.25,22.12,21.00,22.04,177785400,,
2024-09-03,21.54,21.69,19.99,20.10,115305500,,
2024-09-04,19.76,20.05,19.28,19.43,85871900,,
2024-09-05,19.28,19.90,19.24,19.40,65388800,,
2024-09-06,19.44,19.49,18.64,18.89,92686500,,
2024-09-09,19.00,19.54,18.95,19.07,64244100,,
2024-09-10,19.03,19.11,18.51,18.98,55621300,,
2024-09-11,19.01,19.69,18.52,19.64,71403100,,
2024-09-12,19.43,19.54,19.04,19.36,51520600,,
2024-09-13,19.49,19.80,19.49,19.66,44236300,,
2024-09-16,20.03,21.07,19.76,20.91,149337000,,
2024-09-17,21.71,22.58,21.24,21.47,196249800,,
2024-09-18,21.36,21.74,20.72,20.77,118727900,,
2024-09-19,21.28,21.69,21.03,21.14,99829200,,
2024-09-20,20.89,23.14,20.35,21.84,260377900,,
2024-09-23,22.43,22.82,22.03,22.56,184439100,,
2024-09-24,22.53,23.11,22.29,22.81,113082500,,
2024-09-25,22.80,24.06,22.73,23.54,117013400,,
2024-09-26,24.28,24.42,23.25,23.92,95416900,,
2024-09-27,24.16,24.66,23.70,23.91,85883300,,
2024-09-30,23.74,23.95,23.09,23.46,66308200,,
2024-10-01,23.46,23.72,22.26,22.69,86344400,,
2024-10-02,22.67,23.07,22.35,22.39,59033900,,
2024-10-03,22.14,22.73,21.65,22.26,49565900,,
2024-10-04,22.70,22.91,22.30,22.59,49845500,,
2024-10-07,22.40,22.65,22.02,22.38,54928700,,
2024-10-08,22.25,23.42,22.05,23.32,58650500,,
2024-10-09,23.25,23.48,23.06,23.46,44759000,,
2024-10-10,23.19,23.53,22.96,23.22,44874600,,
2024-10-11,23.05,23.82,22.98,23.56,43585300,,
2024-10-14,23.58,23.77,23.27,23.44,35403600,,
2024-10-15,23.41,23.72,22.47,22.66,68900600,,
2024-10-16,22.38,22.54,21.74,22.31,62151800,,
2024-10-17,22.72,22.82,22.40,22.44,43807600,,
2024-10-18,22.61,22.82,22.50,22.77,39971700,,
2024-10-21,22.61,22.88,22.25,22.84,39727000,,
2024-10-22,22.73,22.82,22.17,22.40,50160400,,
2024-10-23,22.30,22.43,21.58,21.98,45799100,,
2024-10-24,22.09,22.37,21.97,22.34,40554400,,
2024-10-25,22.42,23.34,22.41,22.68,67503000,,
2024-10-28,22.67,23.27,22.56,22.92,41915000,,
2024-10-29,22.87,23.14,22.41,22.90,83422200,,
2024-10-30,22.42,22.93,22.26,22.30,50941200,,
2024-10-31,22.15,22.25,21.47,21.52,112485500,,
2024-11-01,23.00,23.58,21.91,23.20,173471100,,
2024-11-04,22.96,23.00,22.00,22.52,84616300,,
2024-11-05,22.58,23.58,22.40,23.32,59153300,,
2024-11-06,24.30,25.12,24.05,25.05,116760500,,
2024-11-07,25.43,26.38,25.19,26.23,101489300,,
2024-11-08,26.00,26.43,25.83,26.20,76428000,,
2024-11-11,25.96,26.29,24.83,25.05,80185300,,
2024-11-12,24.66,24.96,23.89,24.16,62539700,,
2024-11-13,24.06,25.14,24.02,24.92,58202000,,
2024-11-14,25.12,25.61,24.93,25.03,49252100,,
2024-11-15,24.81,24.82,24.23,24.35,55104900,,
2024-11-18,24.33,25.02,24.16,24.84,59589500,,
2024-11-19,24.50,24.54,24.10,24.20,61190900,,
2024-11-20,24.07,24.21,23.55,24.01,50191500,,
2024-11-21,24.08,24.77,23.83,24.44,58928400,,
2024-11-22,24.35,24.68,24.14,24.50,36784700,,
2024-11-25,25.04,25.57,24.76,24.87,91128400,,
2024-11-26,24.95,24.99,23.81,24.05,69613600,,
2024-11-27,23.83,23.93,23.06,23.65,53992300,,
2024-11-29,23.72,24.28,23.60,24.05,36616800,,
2024-12-02,24.84,25.48,23.44,23.93,150497900,,
2024-12-03,23.68,23.75,22.44,22.47,138160500,,
2024-12-04,22.53,22.54,21.81,21.96,104649000,,
2024-12-05,22.04,22.19,20.66,20.80,167993500,,
2024-12-06,20.95,21.05,20.66,20.92,78539100,,
2024-12-09,20.92,21.06,20.73,20.81,68818200,,
2024-12-10,20.83,20.86,19.96,20.16,90004800,,
2024-12-11,20.14,20.25,19.87,20.12,75209300,,
2024-12-12,20.02,20.90,19.92,20.78,77695000,,
2024-12-13,20.60,20.80,20.25,20.34,55104100,,
2024-12-16,20.17,21.10,20.00,20.83,73832900,,
2024-12-17,20.64,20.77,20.29,20.44,51767200,,
2024-12-18,20.48,20.58,19.21,19.30,86041200,,
2024-12-19,19.53,19.69,19.03,19.06,69117800,,
2024-12-20,18.97,19.76,18.90,19.52,108453700,,
2024-12-23,19.58,20.23,19.52,20.20,57988400,,
2024-12-24,20.22,20.40,19.96,20.40,29884000,,
2024-12-26,20.23,20.67,20.08,20.44,39846200,,
2024-12-27,20.21,20.61,20.09,20.30,48260800,,
2024-12-30,20.01,20.11,19.73,19.82,59608100,,
2024-12-31,19.99,20.40,19.88,20.05,49846700,,
2025-01-02,20.23,20.43,20.00,20.22,46438500,,
2025-01-03,20.39,20.67,20.06,20.56,48983900,,
2025-01-06,20.83,20.98,19.78,19.87,83271000,,
2025-01-07,20.02,20.34,19.90,20.01,61726100,,
2025-01-08,19.83,20.12,19.71,19.88,47897100,,
2025-01-10,19.66,19.66,18.91,19.15,71244600,,
2025-01-13,18.92,19.25,18.73,19.20,50669000,,
2025-01-14,19.36,19.52,18.82,19.20,47147500,,
2025-01-15,19.40,19.77,19.17,19.72,56306000,,
2025-01-16,19.75,19.95,19.40,19.67,44898100,,
2025-01-17,21.26,21.62,20.79,21.49,166483900,,
2025-01-21,22.03,22.41,21.75,21.77,96262200,,
2025-01-22,21.73,22.29,21.57,21.86,60972600,,
2025-01-23,21.69,21.75,21.35,21.57,55778200,,
2025-01-24,21.36,21.41,20.75,20.83,66300600,,
2025-01-27,20.81,21.06,20.14,20.29,83582100,,
2025-01-28,20.34,20.34,19.74,19.80,73411400,,
2025-01-29,19.87,20.08,19.66,19.75,86506800,,
2025-01-30,19.72,20.10,19.43,20.01,108167000,,
2025-01-31,20.10,20.33,19.38,19.43,117081700,,
2025-02-03,18.97,19.75,18.78,19.38,77523100,,
2025-02-04,19.10,19.53,19.02,19.29,54098200,,
2025-02-05,19.19,19.77,18.91,19.65,66059200,,
2025-02-06,19.51,19.70,19.22,19.38,45553800,,
2025-02-07,19.35,19.36,19.03,19.10,58277900,,
2025-02-10,19.25,20.08,19.24,19.77,73007300,,
2025-02-11,19.87,21.88,19.86,20.97,150960700,,
2025-02-12,21.98,22.56,20.93,22.48,162631200,,
2025-02-13,22.84,24.83,22.79,24.13,248661300,,
2025-02-14,24.36,25.19,22.86,23.60,230254100,,
2025-02-18,24.60,27.55,24.49,27.39,284292200,,
2025-02-19,25.98,26.33,25.46,25.72,151881700,,
2025-02-20,25.56,26.12,24.48,26.09,144939600,,
2025-02-21,25.96,26.29,24.84,24.87,111630900,,
2025-02-24,24.55,24.80,23.62,24.27,91358100,,
2025-02-25,24.21,24.28,22.77,22.99,88886500,,
2025-02-26,23.25,23.82,23.21,23.52,67449300,,
2025-02-27,23.70,24.40,23.07,23.09,97871900,,
2025-02-28,23.02,24.44,22.64,23.73,104133800,,
2025-03-03,25.00,25.04,22.52,22.74,141348700,,
2025-03-04,22.54,22.63,20.76,21.33,152182200,,
2025-03-05,21.33,21.36,20.18,20.81,127219300,,
2025-03-06,20.26,21.13,20.00,20.75,96466400,,
2025-03-07,20.27,21.20,20.11,20.64,81099600,,
2025-03-10,20.24,20.51,19.65,19.93,82760600,,
2025-03-11,19.97,20.06,19.29,19.78,80789000,,
2025-03-12,20.79,21.17,20.21,20.68,128671100,,
2025-03-13,23.50,24.53,23.13,23.70,243261000,,
2025-03-14,23.68,24.37,23.52,24.05,116901600,,
2025-03-17,24.42,26.15,24.37,25.69,160723600,,
2025-03-18,25.55,26.41,25.39,25.92,132488800,,
2025-03-19,24.90,25.23,24.03,24.12,135491400,,
2025-03-20,23.77,24.31,23.73,23.96,68937600,,
2025-03-21,23.60,24.70,23.49,24.26,94110700,,
2025-03-24,24.72,24.99,24.13,24.22,69169000,,
2025-03-25,24.18,24.75,24.11,24.20,51743300,,
2025-03-26,24.25,24.42,23.25,23.42,59496700,,
2025-03-27,23.29,23.76,22.86,23.62,57720600,,
2025-03-28,23.35,23.58,22.56,22.71,58365300,,
2025-03-31,22.38,22.75,21.75,22.71,65832000,,
2025-04-01,22.56,22.62,21.66,22.05,64060400,,
2025-04-02,21.89,22.38,21.70,21.98,58878800,,
2025-04-03,21.40,23.90,20.86,22.43,242972100,,
2025-04-04,21.70,22.20,19.70,19.85,175014700,,
2025-04-07,19.14,20.67,18.56,19.57,142491200,,
2025-04-08,20.06,20.39,17.67,18.13,163982700,,
2025-04-09,18.07,21.73,17.98,21.53,224183500,,
2025-04-10,20.68,20.82,19.16,19.88,129064900,,
2025-04-11,19.25,19.80,18.18,19.74,128425800,,
2025-04-14,20.59,21.05,19.98,20.31,101964400,,
2025-04-15,20.20,20.47,19.81,19.85,64056900,,
2025-04-16,19.34,19.43,18.72,19.23,89469700,,
2025-04-17,18.91,19.10,18.56,18.93,85646700,,
2025-04-21,18.93,18.99,18.25,18.84,72409900,,
2025-04-22,19.06,19.74,19.04,19.51,83365600,,
2025-04-23,20.72,21.03,20.31,20.59,97188100,,
2025-04-24,21.04,21.55,20.88,21.49,117086200,,
2025-04-25,19.73,20.18,19.34,20.05,147711200,,
2025-04-28,20.12,21.08,20.05,20.51,96624400,,
2025-04-29,20.31,20.85,20.22,20.34,70031900,,
2025-04-30,19.71,20.18,19.55,20.10,68297300,,
2025-05-01,20.22,20.65,19.94,19.98,72607500,,
2025-05-02,20.26,20.78,20.21,20.62,63298500,,
2025-05-05,20.39,20.58,20.24,20.27,44237000,,
2025-05-06,19.92,20.12,19.77,19.94,51330800,,
2025-05-07,19.97,20.37,19.82,20.31,61002600,,
2025-05-08,21.01,21.24,20.64,21.00,71651700,,
2025-05-09,21.20,21.45,20.83,21.42,51768600,,
2025-05-12,22.18,22.67,21.88,22.18,94578700,,
2025-05-13,22.36,22.88,22.30,22.56,76850400,,
2025-05-14,22.35,22.46,21.46,21.52,91584800,,
2025-05-15,21.23,21.63,21.19,21.55,66705500,,
2025-05-16,21.53,21.76,21.35,21.66,55795100,,
2025-05-19,21.18,21.56,21.05,21.38,64279100,,
2025-05-20,21.33,21.41,21.12,21.27,48497400,,
2025-05-21,21.19,21.63,20.59,20.69,62904700,,
2025-05-22,20.73,20.90,20.51,20.55,56077500,,
2025-05-23,20.16,20.27,19.94,20.05,68206100,,
2025-05-27,20.44,20.67,20.18,20.55,69504600,,
2025-05-28,20.57,20.64,20.33,20.37,46096500,,
2025-05-29,20.54,20.60,20.10,20.25,66372200,,
2025-05-30,20.26,20.26,19.31,19.55,114281900,,
2025-06-02,19.48,19.82,19.37,19.74,67885500,,
2025-06-03,19.75,20.41,19.40,20.29,80401900,,
2025-06-04,20.34,20.50,20.01,20.25,71166500,,
2025-06-05,20.27,20.55,19.85,19.99,72458400,,
2025-06-06,20.17,20.44,20.03,20.06,70072800,,
2025-06-09,20.22,20.96,20.22,20.48,92893900,,
2025-06-10,20.50,22.44,20.28,22.08,171457000,,
2025-06-11,21.78,21.83,20.38,20.68,146784500,,
2025-06-12,20.50,20.98,20.41,20.77,78175900,,
2025-06-13,20.33,20.60,20.10,20.14,87655900,,
2025-06-16,20.41,20.93,20.30,20.74,86745100,,
2025-06-17,20.63,21.48,20.62,20.80,87512200,,
2025-06-18,20.81,21.60,20.66,21.49,94200600,,
2025-06-20,21.70,21.89,20.88,21.08,133472800,,
2025-06-23,21.07,21.58,20.73,21.19,81461000,,
2025-06-24,21.34,22.69,21.33,22.55,130368700,,
2025-06-25,22.58,22.77,22.13,22.20,64975100,,
2025-06-26,22.40,22.62,22.21,22.50,63229300,,
2025-06-27,22.71,23.38,22.42,22.69,95542400,,
2025-06-30,22.97,22.97,22.27,22.40,77102400,,
2025-07-01,22.33,23.16,22.28,22.85,79094900,,
2025-07-02,22.53,22.77,21.52,21.88,138245300,,
2025-07-03,22.15,22.63,21.99,22.49,61176000,,
2025-07-07,22.21,22.39,21.86,22.00,80725200,,
2025-07-08,22.18,23.79,22.13,23.59,119545500,,
2025-07-09,23.29,23.53,23.13,23.44,70247700,,
2025-07-10,23.63,24.04,23.48,23.82,54599800,,
2025-07-11,23.56,23.66,23.16,23.43,49367900,,
2025-07-14,23.24,23.40,22.88,23.30,48420500,,
2025-07-15,23.57,23.78,22.90,22.92,66099400,,
2025-07-16,22.99,23.13,22.25,22.69,58865900,,
2025-07-17,22.66,23.05,22.59,22.80,49384000,,
2025-07-18,23.22,23.59,22.90,23.10,60195600,,
2025-07-21,23.40,23.83,23.16,23.26,61658000,,
2025-07-22,23.34,23.54,23.08,23.24,53969800,,
2025-07-23,23.26,23.62,22.92,23.49,68711700,,
2025-07-24,23.49,23.58,22.60,22.63,131963300,,
2025-07-25,20.68,21.05,20.36,20.70,245077700,,
2025-07-28,20.82,21.29,20.65,20.68,86105600,,
2025-07-29,20.69,20.85,20.34,20.41,100831500,,
2025-07-30,20.43,20.62,20.08,20.34,67420300,,
2025-07-31,20.17,20.23,19.66,19.80,90665200,,
2025-08-01,19.50,19.55,18.97,19.31,86496100,,
2025-08-04,19.52,19.59,19.35,19.50,69249400,,
2025-08-05,19.70,20.54,19.68,20.19,97338200,,
2025-08-06,20.12,20.48,19.87,20.41,67074200,,
2025-08-07,20.00,20.44,19.60,19.77,131382800,,
2025-08-08,20.00,20.02,19.61,19.95,75415000,,
2025-08-11,20.45,21.60,20.44,20.65,175545600,,
2025-08-12,21.20,21.86,20.76,21.81,134153600,,
2025-08-13,21.62,22.30,21.36,22.22,86024400,,
2025-08-14,21.99,24.20,21.90,23.86,188052500,,
2025-08-15,25.01,25.65,24.11,24.56,310161100,,
2025-08-18,24.00,24.90,23.21,23.66,212515600,,
2025-08-19,24.94,26.53,24.94,25.31,297659200,,
2025-08-20,24.90,24.93,23.33,23.54,161149400,,
2025-08-21,23.53,23.57,22.78,23.50,97718300,,
2025-08-22,23.65,25.23,23.65,24.80,200266800,,
2025-08-25,25.50,25.88,24.44,24.55,156825600,,
2025-08-26,24.58,24.74,24.10,24.35,78558200,,
2025-08-27,24.19,24.99,24.05,24.85,90934400,,
2025-08-28,24.96,25.14,24.61,24.93,60035100,,
2025-08-29,24.76,24.97,24.28,24.35,63734400,,
2025-09-02,23.88,24.24,23.68,24.21,57661800,,
2025-09-03,24.09,24.09,23.72,24.00,47822900,,
2025-09-04,23.85,24.64,23.75,24.61,59056500,,
2025-09-05,24.60,24.71,24.17,24.49,55975300,,
2025-09-08,24.48,24.74,24.12,24.48,51122100,,
2025-09-09,24.53,24.81,24.27,24.44,42146200,,
2025-09-10,24.42,24.87,24.28,24.77,61600700,,
2025-09-11,24.76,24.93,24.57,24.61,55536900,,
2025-09-12,24.61,24.63,24.05,24.08,52672800,,
2025-09-15,24.33,25.46,24.22,24.77,83951600,,
2025-09-16,24.82,25.34,24.69,25.27,60336600,,
2025-09-17,25.08,25.26,24.45,24.90,63093700,,
2025-09-18,31.78,32.38,30.16,30.57,523908000,,
2025-09-19,30.38,30.63,29.33,29.58,225702900,,
2025-09-22,29.67,30.10,28.73,28.76,130314500,,
2025-09-23,28.99,30.20,28.82,29.34,126317900,,
2025-09-24,29.38,31.70,29.23,31.22,164458500,,
2025-09-25,31.61,34.25,31.21,33.99,295709300,,
2025-09-26,35.02,36.30,34.49,35.50,268583300,,
2025-09-29,34.52,35.05,33.73,34.48,152605900,,
2025-09-30,33.93,34.24,33.02,33.55,124818400,,
2025-10-01,33.53,36.06,33.50,35.94,162649700,,
2025-10-02,35.76,37.57,35.44,37.30,149361700,,
2025-10-03,37.95,38.08,36.45,36.83,125359300,,
2025-10-06,37.19,38.68,36.43,36.59,112086100,,
2025-10-07,36.64,38.05,36.35,37.17,111140200,,
2025-10-08,36.55,37.79,35.91,37.43,103202100,,
2025-10-09,37.53,38.10,36.86,37.80,89884700,,
2025-10-10,38.46,39.65,36.30,36.37,183063300,,
2025-10-13,36.44,37.51,36.28,37.22,104020700,,
2025-10-14,36.00,36.55,34.69,35.63,117908300,,
2025-10-15,36.40,37.49,35.64,37.15,99242700,,
2025-10-16,37.15,38.02,36.41,36.84,83357800,,
2025-10-17,36.36,38.38,36.08,37.01,119394700,,
2025-10-20,37.57,38.52,37.56,38.10,80230200,,
2025-10-21,38.14,38.35,37.67,38.12,73134900,,
2025-10-22,37.84,37.93,36.04,36.92,87099900,,
2025-10-23,36.60,38.40,36.43,38.16,121974200,,
2025-10-24,40.02,41.12,37.83,38.28,246380000,,
2025-10-27,38.39,40.67,38.23,39.54,160007600,,
2025-10-28,39.59,42.48,39.54,41.53,181256400,,
2025-10-29,41.60,42.04,40.92,41.34,106962900,,
2025-10-30,40.97,41.43,40.11,40.16,84855500,,
2025-10-31,40.68,40.83,39.79,39.99,80471400,,
2025-11-03,40.25,40.45,39.05,39.50,61267500,,
2025-11-04,38.14,38.25,36.63,37.03,102250300,,
2025-11-05,37.42,38.69,37.11,38.38,74631600,,
2025-11-06,38.34,39.84,36.80,37.24,77629900,,
2025-11-07,37.26,38.27,36.97,38.13,95521400,,
2025-11-10,38.93,39.53,37.97,38.45,77820300,,
2025-11-11,38.15,38.22,37.49,37.88,53741900,,
2025-11-12,38.06,38.20,37.35,37.89,53876000,,
2025-11-13,37.27,37.31,35.45,35.91,95593200,,
2025-11-14,35.03,36.10,34.62,35.52,71716200,,
2025-11-17,35.45,35.73,34.23,34.71,72580100,,
2025-11-18,34.25,34.76,33.57,34.33,61504800,,
2025-11-19,34.33,35.75,34.25,35.11,67115500,,
2025-11-20,36.00,36.68,33.48,33.62,96389100,,
2025-11-21,33.51,34.98,32.89,34.50,105641700,,
2025-11-24,34.97,36.16,34.69,35.79,103804200,,
2025-11-25,35.55,36.13,34.68,35.83,62203300,,
2025-11-26,36.20,37.24,36.13,36.81,54563400,,
2025-11-28,37.40,40.59,37.34,40.56,95799500,,
2025-12-01,39.86,40.38,39.60,40.01,74534900,,
2025-12-02,40.47,43.68,40.05,43.47,167205800,,
2025-12-03,43.39,44.02,42.51,43.76,91957200,,
2025-12-04,43.26,43.28,40.14,40.50,107850200,,
2025-12-05,41.16,42.83,41.15,41.41,103042000,,
2025-12-08,41.94,42.12,39.70,40.30,93953600,,
2025-12-09,40.73,41.26,40.03,40.50,61877200,,
2025-12-10,40.11,40.99,38.89,40.78,75974900,,
2025-12-11,40.07,40.19,39.08,39.51,59096800,,
2025-12-12,39.25,40.03,37.62,37.81,87784500,,
2025-12-15,38.33,38.48,37.32,37.51,60898500,,
2025-12-16,37.58,37.96,36.92,37.31,50490300,,
2025-12-17,37.59,37.84,35.97,36.05,54792000,,
2025-12-18,37.38,37.49,35.67,36.28,69468400,,
2025-12-19,36.48,37.58,36.44,36.82,163221300,,
2025-12-22,37.89,37.90,36.29,36.37,51685400,,
2025-12-23,36.24,36.80,36.03,36.35,35958000,,
2025-12-24,35.17,36.18,34.95,36.16,37443800,,
2025-12-26,36.17,36.49,35.85,36.20,28779400,,
2025-12-29,36.01,36.80,35.82,36.68,38062300,,
2025-12-30,36.91,38.26,36.82,37.30,61935300,,
2025-12-31,37.40,37.58,36.87,36.90,51524700,,
2026-01-02,37.77,39.86,37.76,39.38,95396400,,
2026-01-05,41.59,42.10,39.27,39.37,96665400,,
2026-01-06,39.86,40.31,38.95,40.04,66395100,,
2026-01-07,40.18,44.57,40.12,42.63,166028400,,
2026-01-08,42.62,43.34,40.68,41.11,88242000,,
2026-01-09,41.83,45.73,41.57,45.55,186691400,,
2026-01-12,44.24,45.45,43.89,44.06,101989100,,
2026-01-13,45.89,48.24,45.22,47.29,168656400,,
2026-01-14,48.95,49.00,47.42,48.72,148225800,,
2026-01-15,49.35,50.39,47.83,48.32,132328900,,
2026-01-16,49.27,50.21,46.71,46.96,127314700,,
2026-01-20,47.30,50.23,47.00,48.56,150153000,,
2026-01-21,50.32,54.41,50.15,54.25,220565300,,
2026-01-22,54.21,54.60,53.08,54.32,190066400,,
2026-01-23,46.86,48.13,44.45,45.07,294675400,,
2026-01-26,44.28,44.46,42.28,42.49,149407800,,
2026-01-27,43.97,44.53,43.10,43.93,121832200,,
2026-01-28,46.60,49.29,46.32,48.78,201995100,,
2026-01-29,47.56,48.77,46.99,48.66,124256600,,
2026-01-30,48.98,49.58,45.96,46.47,114920100,,
2026-02-02,45.63,49.84,45.50,48.81,101414600,,
2026-02-03,50.06,51.49,48.43,49.25,122205100,,
2026-02-04,49.54,49.70,47.00,48.60,128702300,,
2026-02-05,47.59,50.86,46.79,48.24,114307800,,
2026-02-06,49.10,51.30,48.83,50.59,115600200,,
2026-02-09,49.59,51.22,47.59,50.24,94841400,,
2026-02-10,50.41,50.54,46.77,47.13,99832900,,
2026-02-11,48.11,49.55,46.86,48.29,107681200,,
2026-02-12,47.80,48.95,46.19,46.48,88321200,,
2026-02-13,45.76,47.69,44.97,46.79,69740400,,
2026-02-17,45.93,46.83,45.46,46.18,65802200,,
2026-02-18,45.92,46.77,44.88,45.46,65306100,,
2026-02-19,44.95,45.17,43.92,44.62,72724900,,
2026-02-20,43.89,44.39,42.88,44.11,90743600,,
2026-02-23,44.09,44.55,43.18,43.63,57130900,,
2026-02-24,44.10,46.60,43.54,46.12,98872300,,
2026-02-25,46.09,46.97,45.08,46.88,75645300,,
2026-02-26,46.77,46.95,44.39,45.46,71457500,,
2026-02-27,44.46,46.56,44.40,45.61,79327200,,
2026-03-02,44.20,45.81,43.95,45.50,60705100,,
2026-03-03,43.44,43.69,42.14,43.10,83971000,,
2026-03-04,44.07,46.13,43.27,45.58,96628100,,
2026-03-05,44.87,46.48,44.70,45.95,78229400,,
2026-03-06,44.67,45.18,43.28,43.42,74698300,,
2026-03-09,42.74,45.76,41.64,45.58,82937400,,
2026-03-10,45.41,47.88,45.41,46.78,85233300,,
2026-03-11,46.82,48.83,46.66,47.98,72480600,,
2026-03-12,47.40,47.44,45.17,45.25,85110200,,
2026-03-13,45.97,46.65,45.39,45.77,68386200,,
2026-03-16,47.91,49.17,45.69,45.76,114199400,,
2026-03-17,46.08,46.08,43.91,44.06,89061600,,
2026-03-18,44.20,45.71,44.05,45.03,78056200,,
2026-03-19,43.99,46.44,43.65,46.18,74051500,,
2026-03-20,46.95,47.55,43.64,43.87,162814200,,
2026-03-23,44.50,45.46,43.74,44.01,80772200,,
2026-03-24,43.54,44.31,43.20,44.06,65323500,,
2026-03-25,45.85,47.85,45.45,47.18,97467900,,
2026-03-26,46.30,46.60,43.92,44.10,82841400,,
2026-03-27,43.62,44.13,42.86,43.13,70002200,,
2026-03-30,43.72,43.99,40.63,41.19,84596000,,
2026-03-31,41.95,44.23,41.60,44.13,95294900,,
2026-04-01,45.00,48.77,44.98,48.03,129598500,,
2026-04-02,46.06,50.49,46.04,50.38,117134200,,
2026-04-06,50.88,52.39,49.87,50.78,79978800,,
2026-04-07,51.91,53.27,51.22,52.91,129543800,,
2026-04-08,55.37,59.17,54.80,58.95,184599900,,
2026-04-09,58.40,62.08,58.39,61.72,155609900,,
2026-04-10,61.52,63.39,60.75,62.38,98624400,,
2026-04-13,62.18,65.65,62.18,65.18,112111000,,
2026-04-14,65.16,65.18,62.09,63.81,112796100,,
2026-04-15,63.77,65.84,62.88,64.94,92051500,,
2026-04-16,64.93,68.61,64.27,68.50,108328300,,
2026-04-17,68.85,70.33,67.74,68.50,118831500,,
2026-04-20,68.45,69.21,64.47,65.70,96851100,,
2026-04-21,67.14,67.67,65.64,66.26,91402300,,
2026-04-22,67.94,68.77,64.98,65.27,90267300,,
2026-04-23,66.10,68.28,65.42,66.78,155141800,,
2026-04-24,82.20,85.22,79.62,82.54,281405200,,
2026-04-27,83.67,87.10,82.61,84.99,178820200,,
2026-04-28,81.28,84.59,80.80,84.52,147773500,,
2026-04-29,86.14,94.95,85.87,94.75,235070900,,
2026-04-30,95.60,95.69,91.50,94.48,160597300,,
2026-05-01,93.20,100.45,92.61,99.62,158502800,,
2026-05-04,99.18,99.82,95.60,95.78,119294000,,
2026-05-05,100.51,110.48,100.08,108.15,198482000,,
2026-05-06,110.98,113.50,106.58,113.01,157320100,,
2026-05-07,111.02,114.51,109.15,109.62,122699900,,
2026-05-08,111.81,130.57,111.80,124.92,227681300,,
2026-05-11,130.88,132.75,123.92,129.44,179486500,,
2026-05-12,124.36,127.79,115.00,120.61,172516500,,
2026-05-13,124.10,125.00,116.41,120.29,115364400,,
2026-05-14,114.66,118.57,113.17,115.93,118279800,,
2026-05-15,109.79,110.57,105.02,108.77,135206000,,
2026-05-18,113.47,115.54,103.85,108.17,145764000,,
2026-05-19,106.98,113.07,102.40,110.80,150234900,,
2026-05-20,116.22,121.94,114.80,118.96,165086900,,
2026-05-21,116.58,119.41,113.17,118.50,102452500,,
2026-05-22,120.34,122.78,118.09,119.84,82663000,,
2026-05-26,122.10,125.62,117.35,123.52,108167300,,
2026-05-27,124.39,125.27,117.00,121.77,93323300,,
2026-05-28,121.45,123.08,116.31,120.89,97321000,,
2026-05-29,123.85,126.64,113.54,114.68,191676100,,
2026-06-01,109.43,113.30,106.33,109.33,134900400,,
2026-06-02,107.45,109.00,104.17,107.93,106336200,,
2026-06-03,116.42,118.29,110.86,112.71,118928800,,
2026-06-04,108.40,113.14,107.48,111.78,77325800,,
2026-06-05,106.48,106.48,98.33,99.17,145209400,,
2026-06-08,111.00,112.54,106.66,110.27,136973900,,
2026-06-09,112.99,114.00,99.46,107.92,149623100,,
2026-06-10,106.03,111.50,104.92,107.04,122653500,,
2026-06-11,113.52,119.44,110.51,116.96,188430300,,
2026-06-12,117.42,127.60,115.33,124.57,151169400,,
2026-06-15,129.49,132.61,126.66,127.86,134507500,,
2026-06-16,125.11,128.70,116.00,117.05,132962600,,
2026-06-17,121.85,125.20,118.06,121.10,115324900,,
2026-06-18,131.81,135.48,127.90,133.99,233906600,,
2026-06-22,139.12,141.45,136.21,140.94,127190600,,
2026-06-23,129.73,137.98,128.30,132.28,132976700,,
2026-06-24,133.05,136.08,127.95,131.65,104591700,,
2026-06-25,139.73,140.72,125.41,132.87,122588800,,
2026-06-26,128.71,131.23,125.50,128.32,99475400,,
2026-06-29,127.00,132.05,118.50,131.72,106805300,,
2026-06-30,131.99,142.35,131.52,139.63,116996700,,
2026-07-01,135.00,135.74,126.68,127.02,113107200,,
2026-07-02,128.92,130.74,117.63,120.35,124577600,,
2026-07-06,122.57,127.30,121.52,122.20,86950200,,
2026-07-07,116.30,116.47,108.30,110.39,140405900,,
2026-07-08,108.30,110.49,104.41,110.24,105488100,,
2026-07-09,114.87,116.77,111.51,112.54,99352500,,
2026-07-10,109.58,110.85,107.45,109.84,70846600,,
2026-07-13,105.98,106.17,101.79,103.12,100988800,,
2026-07-14,107.98,109.19,103.59,107.76,91129000,,
2026-07-15,109.30,109.61,99.20,102.99,120625500,,
2026-07-16,101.14,101.88,95.48,96.98,107742900,,
2026-07-17,92.14,98.05,89.59,95.04,126779300,,
2026-07-20,97.58,100.98,96.92,97.06,89741400,,
2026-07-21,103.19,106.34,101.22,105.45,105429400,,
2026-07-22,101.55,106.85,101.48,102.62,78431000,,
2026-07-23,101.14,104.18,99.24,100.23,140806900,,
2026-07-24,100.36,101.74,91.58,92.32,181132900,,
2026-07-27,92.46,94.98,86.94,91.67,133247300,,
2026-07-28,86.62,88.28,83.10,86.30,154346700,,
2026-07-29,86.57,88.47,81.79,81.88,152394600,,
2026-07-30,86.51,94.10,85.97,91.13,140322600,,
2026-07-31,96.72,97.90,90.13,90.20,109039500,,
2026-08-03,88.40,91.68,85.62,91.00,96633600,,
2026-08-04,95.24,101.39,94.32,100.86,123236500,,
