date,open,high,low,close,volume,div,split
2016-08-04,4.54,4.67,4.48,4.55,486300,,
2016-08-05,4.95,5.54,4.95,5.38,2662300,,
2016-08-08,5.35,5.79,5.35,5.65,1607600,,
2016-08-09,5.60,5.65,5.36,5.59,782700,,
2016-08-10,5.62,5.68,5.52,5.67,724500,,
2016-08-11,5.68,5.95,5.61,5.89,829200,,
2016-08-12,5.92,6.18,5.84,6.14,1302000,,
2016-08-15,6.34,6.80,6.31,6.78,1831300,,
2016-08-16,6.80,6.85,6.42,6.56,1130900,,
2016-08-17,6.58,6.68,6.45,6.67,488900,,
2016-08-18,6.69,6.73,6.60,6.68,498300,,
2016-08-19,6.66,6.87,6.61,6.87,766800,,
2016-08-22,6.84,7.22,6.82,7.10,1148600,,
2016-08-23,7.08,7.19,7.05,7.16,842400,,
2016-08-24,7.21,7.50,7.20,7.39,874500,,
2016-08-25,7.40,7.58,7.39,7.55,1451000,,
2016-08-26,7.53,7.54,7.34,7.44,1065500,,
2016-08-29,7.05,7.25,6.36,6.99,1895900,,
2016-08-30,7.02,7.29,6.99,7.24,787500,,
2016-08-31,7.12,7.21,6.96,6.98,633100,,
2016-09-01,6.98,7.06,6.84,6.97,529300,,
2016-09-02,7.00,7.07,6.91,7.04,493400,,
2016-09-06,7.00,7.04,6.91,6.94,462900,,
2016-09-07,6.90,6.98,6.84,6.86,375600,,
2016-09-08,6.81,6.97,6.81,6.91,320400,,
2016-09-09,6.85,6.86,6.51,6.53,447600,,
2016-09-12,6.54,6.68,6.47,6.61,409600,,
2016-09-13,6.90,6.95,6.58,6.70,640500,,
2016-09-14,6.71,6.78,6.58,6.60,351500,,
2016-09-15,6.57,6.67,6.52,6.63,240700,,
2016-09-16,6.59,6.73,6.50,6.51,355600,,
2016-09-19,6.52,6.62,6.50,6.55,318100,,
2016-09-20,6.62,6.63,6.42,6.48,229600,,
2016-09-21,6.48,6.67,6.42,6.65,348500,,
2016-09-22,6.72,6.85,6.69,6.84,326100,,
2016-09-23,6.80,6.93,6.71,6.77,190900,,
2016-09-26,6.68,6.72,6.48,6.49,510600,,
2016-09-27,6.51,6.71,6.49,6.65,350000,,
2016-09-28,6.70,6.84,6.60,6.83,258900,,
2016-09-29,6.84,6.95,6.75,6.79,325900,,
2016-09-30,6.75,6.95,6.72,6.89,515000,,
2016-10-03,6.90,6.96,6.73,6.75,232300,,
2016-10-04,6.73,6.83,6.63,6.66,214300,,
2016-10-05,6.67,7.14,6.65,6.91,559600,,
2016-10-06,6.88,6.93,6.62,6.72,313700,,
2016-10-07,6.71,6.71,6.51,6.59,356100,,
2016-10-10,6.67,6.78,6.55,6.64,294500,,
2016-10-11,6.66,6.66,6.36,6.45,411500,,
2016-10-12,6.45,6.46,6.25,6.38,375000,,
2016-10-13,6.35,6.43,6.26,6.32,310700,,
2016-10-14,6.32,6.42,6.28,6.28,211400,,
2016-10-17,6.28,6.63,6.27,6.45,303600,,
2016-10-18,6.50,6.57,6.35,6.38,336900,,
2016-10-19,6.38,6.50,6.34,6.34,175500,,
2016-10-20,6.35,6.44,6.31,6.34,184400,,
2016-10-21,6.25,6.32,6.10,6.20,225500,,
2016-10-24,6.28,6.43,6.09,6.14,202300,,
2016-10-25,6.11,6.19,5.91,5.95,383100,,
2016-10-26,5.99,6.12,5.79,5.87,745600,,
2016-10-27,5.60,5.80,5.23,5.71,723400,,
2016-10-28,5.70,5.76,5.64,5.68,428700,,
2016-10-31,5.63,5.72,5.54,5.62,347600,,
2016-11-01,5.62,5.65,5.51,5.54,365700,,
2016-11-02,5.54,5.62,5.40,5.43,513300,,
2016-11-03,5.90,6.09,5.80,6.00,1036500,,
2016-11-04,5.98,6.00,5.68,5.77,769000,,
2016-11-07,5.79,5.90,5.67,5.72,426400,,
2016-11-08,5.67,5.70,5.56,5.60,307800,,
2016-11-09,5.70,6.28,5.63,6.23,745000,,
2016-11-10,6.42,6.47,6.26,6.41,635800,,
2016-11-11,6.45,6.86,6.45,6.84,649800,,
2016-11-14,7.02,7.39,6.91,7.13,1036200,,
2016-11-15,7.25,7.25,6.98,7.02,497800,,
2016-11-16,7.23,7.23,6.85,6.94,349300,,
2016-11-17,6.90,7.20,6.85,6.85,602600,,
2016-11-18,6.34,6.43,6.21,6.26,4727100,,
2016-11-21,6.58,6.63,6.25,6.55,1533200,,
2016-11-22,6.60,7.02,6.55,7.00,1680600,,
2016-11-23,7.00,7.25,6.99,7.18,2652700,,
2016-11-25,7.18,7.22,7.00,7.04,897900,,
2016-11-28,7.13,7.21,7.05,7.09,1189200,,
2016-11-29,7.19,7.23,7.09,7.16,833400,,
2016-11-30,7.24,7.38,7.04,7.32,1811900,,
2016-12-01,7.58,7.58,7.32,7.46,1679800,,
2016-12-02,7.50,7.95,7.38,7.94,1886100,,
2016-12-05,8.11,8.22,7.66,7.73,1526800,,
2016-12-06,7.85,7.89,7.59,7.69,1022100,,
2016-12-07,7.74,7.74,7.34,7.40,1658900,,
2016-12-08,7.44,7.60,7.37,7.40,962500,,
2016-12-09,7.45,7.54,7.22,7.25,672400,,
2016-12-12,7.29,7.34,7.15,7.22,680500,,
2016-12-13,7.24,7.48,7.21,7.25,903700,,
2016-12-14,7.18,7.34,7.03,7.05,739300,,
2016-12-15,7.02,7.32,7.02,7.18,782100,,
2016-12-16,7.17,7.35,7.07,7.13,2307100,,
2016-12-19,7.23,7.25,7.02,7.17,608400,,
2016-12-20,7.24,7.45,7.21,7.35,499900,,
2016-12-21,7.34,7.41,7.20,7.30,494100,,
2016-12-22,7.36,7.74,7.36,7.58,1114200,,
2016-12-23,7.56,7.58,7.27,7.51,902500,,
2016-12-27,7.83,7.83,7.42,7.62,415300,,
2016-12-28,7.61,7.73,7.44,7.51,477000,,
2016-12-29,7.49,7.59,7.35,7.58,574200,,
2016-12-30,7.58,7.64,7.31,7.40,644200,,
2017-01-03,7.38,7.41,7.18,7.36,750100,,
2017-01-04,7.39,7.52,7.36,7.51,795800,,
2017-01-05,7.49,7.55,7.24,7.31,502800,,
2017-01-06,7.30,7.30,7.09,7.26,537300,,
2017-01-09,7.31,7.34,7.02,7.06,476100,,
2017-01-10,7.05,7.09,6.83,7.04,640400,,
2017-01-11,7.02,7.54,6.91,7.50,977700,,
2017-01-12,7.54,7.67,7.17,7.49,834200,,
2017-01-13,7.54,7.82,7.54,7.80,1198600,,
2017-01-17,7.99,8.08,7.81,7.88,1323300,,
2017-01-18,7.93,8.00,7.81,7.87,441100,,
2017-01-19,7.96,8.04,7.71,7.80,686500,,
2017-01-20,7.80,7.86,7.71,7.83,491500,,
2017-01-23,7.82,7.85,7.64,7.84,542900,,
2017-01-24,7.85,8.04,7.75,8.03,481200,,
2017-01-25,8.15,8.27,8.01,8.27,958600,,
2017-01-26,8.27,8.49,8.23,8.34,862300,,
2017-01-27,8.34,8.44,8.20,8.28,628400,,
2017-01-30,8.30,8.40,7.90,8.15,687000,,
2017-01-31,8.08,8.25,7.93,8.24,630400,,
2017-02-01,8.24,8.27,8.09,8.21,617100,,
2017-02-02,8.26,8.33,8.18,8.25,474500,,
2017-02-03,8.25,8.60,8.21,8.57,811200,,
2017-02-06,8.75,9.00,8.73,8.85,1718500,,
2017-02-07,8.88,9.11,8.84,8.89,1210400,,
2017-02-08,8.90,8.95,8.60,8.68,880800,,
2017-02-09,8.74,8.83,8.55,8.57,718800,,
2017-02-10,8.60,8.67,8.25,8.45,1273100,,
2017-02-13,8.97,9.19,8.58,8.77,2989200,,
2017-02-14,8.81,8.88,8.45,8.49,1377000,,
2017-02-15,8.49,8.54,8.31,8.34,1290700,,
2017-02-16,8.45,8.50,8.13,8.39,1828100,,
2017-02-17,8.42,8.44,8.21,8.33,1223100,,
2017-02-21,8.38,8.68,8.34,8.63,1550800,,
2017-02-22,8.64,8.82,8.58,8.76,1132300,,
2017-02-23,8.79,8.87,8.41,8.51,969000,,
2017-02-24,8.41,8.51,8.22,8.35,1363100,,
2017-02-27,8.44,8.99,8.40,8.76,3019800,,
2017-02-28,8.77,8.78,8.10,8.25,3497800,,
2017-03-01,8.45,8.50,8.00,8.03,2493300,,
2017-03-02,7.57,7.66,7.28,7.42,8026800,,
2017-03-03,7.42,7.58,7.34,7.48,3264400,,
2017-03-06,7.45,7.60,7.40,7.40,2117000,,
2017-03-07,7.37,7.47,7.17,7.26,2717000,,
2017-03-08,7.25,7.32,7.12,7.22,2265500,,
2017-03-09,7.27,7.43,7.14,7.15,1671600,,
2017-03-10,7.20,7.26,7.01,7.02,2392500,,
2017-03-13,7.07,7.34,6.96,7.33,2914200,,
2017-03-14,7.31,7.44,7.24,7.40,2462400,,
2017-03-15,7.42,7.71,7.42,7.68,2093500,,
2017-03-16,7.75,8.05,7.71,7.89,2442000,,
2017-03-17,8.11,8.28,8.05,8.26,9676900,,
2017-03-20,8.33,8.42,8.14,8.33,2380300,,
2017-03-21,8.35,8.39,7.97,8.12,3187000,,
2017-03-22,8.08,8.15,7.84,7.90,1674900,,
2017-03-23,7.91,8.14,7.90,8.11,1218700,,
2017-03-24,8.15,8.22,7.94,8.01,1300000,,
2017-03-27,7.96,8.01,7.80,7.99,1420100,,
2017-03-28,7.96,7.96,7.76,7.88,1650900,,
2017-03-29,7.86,7.97,7.85,7.94,1048000,,
2017-03-30,7.91,8.03,7.88,7.90,971800,,
2017-03-31,7.88,7.95,7.78,7.78,2065000,,
2017-04-03,7.87,7.92,7.56,7.71,1900100,,
2017-04-04,7.69,7.77,7.66,7.76,1152700,,
2017-04-05,7.77,7.92,7.68,7.77,1795800,,
2017-04-06,7.77,7.95,7.75,7.88,1505500,,
2017-04-07,8.00,8.04,7.82,7.84,1184000,,
2017-04-10,7.83,8.00,7.80,7.84,988100,,
2017-04-11,7.81,7.97,7.75,7.95,1022900,,
2017-04-12,7.93,7.97,7.57,7.59,981700,,
2017-04-13,7.55,7.63,7.37,7.39,1269600,,
2017-04-17,7.41,7.54,7.38,7.51,880900,,
2017-04-18,7.47,7.55,7.41,7.55,851000,,
2017-04-19,7.56,7.59,7.41,7.41,697400,,
2017-04-20,7.45,7.57,7.38,7.57,813100,,
2017-04-21,7.57,7.65,7.51,7.60,587600,,
2017-04-24,7.79,7.83,7.69,7.71,897400,,
2017-04-25,7.77,7.92,7.77,7.79,986400,,
2017-04-26,7.79,7.84,7.66,7.77,884400,,
2017-04-27,7.78,7.82,7.67,7.67,570600,,
2017-04-28,7.69,7.76,7.61,7.62,554100,,
2017-05-01,7.65,8.07,7.63,8.00,1369800,,
2017-05-02,7.97,8.09,7.82,7.82,843300,,
2017-05-03,7.81,7.82,7.66,7.75,760100,,
2017-05-04,7.76,7.79,7.63,7.67,912900,,
2017-05-05,8.20,9.08,8.20,9.08,6495300,,
2017-05-08,9.05,9.38,8.97,9.30,3086400,,
2017-05-09,9.25,9.36,9.15,9.21,1468200,,
2017-05-10,9.20,9.45,9.18,9.39,1228800,,
2017-05-11,9.36,9.50,9.16,9.43,984700,,
2017-05-12,9.41,9.45,9.28,9.38,615100,,
2017-05-15,9.46,9.70,9.46,9.61,1257500,,
2017-05-16,9.63,9.71,9.48,9.71,977200,,
2017-05-17,9.59,9.81,9.48,9.70,1346900,,
2017-05-18,9.65,9.92,9.60,9.81,891400,,
2017-05-19,9.81,10.12,9.80,9.93,1133700,,
2017-05-22,10.09,10.33,10.08,10.31,1804100,,
2017-05-23,10.39,10.48,10.15,10.28,1251100,,
2017-05-24,10.26,10.84,10.26,10.76,1537100,,
2017-05-25,11.01,11.26,10.87,11.05,2160800,,
2017-05-26,11.03,11.15,10.92,11.03,1055700,,
2017-05-30,11.15,11.20,10.47,10.56,1877500,,
2017-05-31,10.73,10.92,10.54,10.82,1352300,,
2017-06-01,10.76,10.83,10.58,10.64,1071800,,
2017-06-02,10.63,10.98,10.60,10.89,1000500,,
2017-06-05,10.90,10.91,10.61,10.65,956500,,
2017-06-06,10.64,10.80,10.49,10.72,1034200,,
2017-06-07,10.75,10.84,10.40,10.52,831400,,
2017-06-08,10.49,11.19,10.45,11.13,1896600,,
2017-06-09,11.19,11.47,10.81,10.99,2073200,,
2017-06-12,11.02,11.13,10.71,10.82,829800,,
2017-06-13,10.81,11.10,10.81,10.97,734000,,
2017-06-14,11.03,11.07,10.71,10.82,709400,,
2017-06-15,10.68,10.86,10.65,10.82,509700,,
2017-06-16,10.78,10.94,10.67,10.79,1712100,,
2017-06-19,10.87,11.10,10.85,11.06,702600,,
2017-06-20,11.07,11.28,10.97,11.16,1065100,,
2017-06-21,11.19,11.33,11.15,11.21,781800,,
2017-06-22,11.24,11.43,11.21,11.35,744300,,
2017-06-23,11.39,11.63,11.26,11.56,2030400,,
2017-06-26,11.62,11.76,11.45,11.47,810900,,
2017-06-27,11.53,11.57,11.24,11.35,920400,,
2017-06-28,11.50,12.34,11.47,12.15,2308100,,
2017-06-29,12.14,12.16,11.69,11.92,1650400,,
2017-06-30,11.97,12.01,11.72,11.87,1275100,,
2017-07-03,11.95,11.99,11.56,11.57,669100,,
2017-07-05,11.47,11.94,10.95,11.82,1304200,,
2017-07-06,11.77,12.24,11.77,11.97,1327400,,
2017-07-07,11.97,12.22,11.88,12.19,838100,,
2017-07-10,12.25,12.32,11.97,12.20,856000,,
2017-07-11,12.36,12.72,12.28,12.49,1552100,,
2017-07-12,12.62,12.88,12.60,12.72,1193100,,
2017-07-13,12.80,12.91,12.62,12.87,1098400,,
2017-07-14,12.36,12.44,11.74,11.90,4065300,,
2017-07-17,11.90,12.11,11.66,11.95,1300400,,
2017-07-18,11.98,12.13,11.82,11.96,959200,,
2017-07-19,11.95,12.29,11.94,12.26,1131200,,
2017-07-20,12.24,12.36,12.08,12.33,943800,,
2017-07-21,12.34,12.48,12.25,12.38,943600,,
2017-07-24,12.40,12.54,12.27,12.40,1080800,,
2017-07-25,12.48,12.69,12.41,12.61,1168000,,
2017-07-26,12.72,12.75,12.45,12.48,1214400,,
2017-07-27,12.50,12.60,11.94,12.22,1564400,,
2017-07-28,12.20,12.23,10.95,11.12,4570800,,
2017-07-31,11.02,11.13,10.64,11.01,2172200,,
2017-08-01,11.02,11.11,10.82,11.01,1274000,,
2017-08-02,11.03,11.22,10.94,11.11,893700,,
2017-08-03,11.09,11.22,10.95,11.08,1038900,,
2017-08-04,11.03,11.13,10.95,11.07,637400,,
2017-08-07,11.08,11.28,11.01,11.23,634100,,
2017-08-08,11.39,12.05,11.31,11.87,2076900,,
2017-08-09,11.98,12.51,11.80,12.39,2568500,,
2017-08-10,12.70,12.70,11.88,12.12,2453000,,
2017-08-11,12.14,12.40,12.02,12.35,1434600,,
2017-08-14,12.44,12.75,12.40,12.72,1546300,,
2017-08-15,12.78,13.02,12.43,12.48,1497900,,
2017-08-16,12.53,12.62,12.31,12.46,1000900,,
2017-08-17,12.45,12.50,12.13,12.22,1092300,,
2017-08-18,12.15,12.36,12.14,12.29,828800,,
2017-08-21,12.24,12.25,11.92,12.03,1290400,,
2017-08-22,12.10,12.40,12.10,12.36,704200,,
2017-08-23,12.27,12.33,12.11,12.32,853700,,
2017-08-24,12.33,12.80,12.22,12.51,1332800,,
2017-08-25,12.55,12.62,12.16,12.34,823900,,
2017-08-28,12.40,12.40,12.11,12.15,847800,,
2017-08-29,12.50,13.12,12.32,12.90,3836700,,
2017-08-30,13.06,13.40,12.95,13.33,2781600,,
2017-08-31,13.43,13.53,13.25,13.38,1403400,,
2017-09-01,13.39,13.58,13.26,13.39,1098100,,
2017-09-05,13.80,13.89,13.40,13.81,1850800,,
2017-09-06,13.89,13.93,13.10,13.53,4669000,,
2017-09-07,13.40,13.50,12.69,12.83,4611100,,
2017-09-08,12.55,12.65,12.19,12.28,12199700,,
2017-09-11,12.42,12.47,12.23,12.32,3201100,,
2017-09-12,12.32,12.40,11.89,11.93,3330600,,
2017-09-13,11.93,12.06,11.59,11.94,2143000,,
2017-09-14,11.93,11.94,11.55,11.55,2596700,,
2017-09-15,11.65,11.90,11.47,11.78,2624100,,
2017-09-18,12.10,12.57,11.96,12.29,3483800,,
2017-09-19,12.41,12.53,12.16,12.45,2274600,,
2017-09-20,12.50,12.51,12.22,12.33,1535700,,
2017-09-21,12.36,12.51,12.22,12.49,1823800,,
2017-09-22,12.53,13.01,12.51,13.00,4616700,,
2017-09-25,13.00,13.09,12.54,12.72,2805100,,
2017-09-26,12.94,13.20,12.73,13.07,2688600,,
2017-09-27,13.11,13.35,12.94,13.30,2456500,,
2017-09-28,13.22,13.30,13.00,13.09,1603400,,
2017-09-29,13.09,13.13,12.84,13.08,1328700,,
2017-10-02,13.05,13.34,13.00,13.33,1719700,,
2017-10-03,13.28,13.55,13.27,13.37,1145200,,
2017-10-04,13.36,13.48,13.26,13.43,1003100,,
2017-10-05,13.44,13.73,13.31,13.48,1426400,,
2017-10-06,13.28,13.46,13.10,13.44,1531100,,
2017-10-09,13.51,13.75,13.45,13.71,1184400,,
2017-10-10,13.75,13.75,13.30,13.43,1487600,,
2017-10-11,13.58,13.58,13.07,13.20,1909100,,
2017-10-12,13.20,13.39,13.06,13.30,1360900,,
2017-10-13,13.29,13.34,13.06,13.10,1088400,,
2017-10-16,13.10,13.19,12.83,12.87,1606300,,
2017-10-17,12.82,12.89,12.47,12.52,1578600,,
2017-10-18,12.50,12.77,12.33,12.66,1133800,,
2017-10-19,12.55,12.62,12.34,12.57,1164000,,
2017-10-20,12.65,12.92,12.60,12.89,1098300,,
2017-10-23,13.00,13.00,12.72,12.81,1241000,,
2017-10-24,12.80,12.99,12.78,12.96,1092700,,
2017-10-25,12.97,13.05,12.63,12.77,1160300,,
2017-10-26,12.81,12.82,12.18,12.19,1664600,,
2017-10-27,12.20,12.36,11.92,12.03,1946200,,
2017-10-30,12.00,12.22,11.86,11.94,1476500,,
2017-10-31,11.97,12.11,11.97,12.04,1354900,,
2017-11-01,12.16,12.30,11.65,11.90,1603400,,
2017-11-02,11.89,12.09,11.62,11.98,1965000,,
2017-11-03,12.14,12.25,10.55,10.99,4502300,,
2017-11-06,11.16,11.64,11.05,11.44,2388900,,
2017-11-07,11.48,11.57,11.14,11.18,1909900,,
2017-11-08,11.09,11.18,10.63,10.91,2236500,,
2017-11-09,10.85,10.98,10.50,10.69,1808700,,
2017-11-10,10.64,10.78,10.56,10.61,1314600,,
2017-11-13,10.55,10.60,9.83,10.00,4024000,,
2017-11-14,9.99,10.26,9.71,10.08,1854200,,
2017-11-15,10.05,10.30,9.80,10.20,1959300,,
2017-11-16,10.25,10.49,10.18,10.43,2180600,,
2017-11-17,10.45,10.50,9.95,9.97,2660600,,
2017-11-20,9.95,10.18,9.89,10.12,2507100,,
2017-11-21,10.16,10.54,10.16,10.33,1596200,,
2017-11-22,10.33,10.37,10.06,10.10,1328700,,
2017-11-24,10.12,10.30,10.08,10.22,641800,,
2017-11-27,10.22,10.39,10.17,10.30,1128800,,
2017-11-28,10.36,10.60,10.26,10.58,1483600,,
2017-11-29,10.62,10.86,10.31,10.38,1190900,,
2017-11-30,10.43,10.59,10.35,10.43,1482900,,
2017-12-01,10.64,10.72,9.93,10.23,1763500,,
2017-12-04,10.35,10.49,10.05,10.07,1276100,,
2017-12-05,10.03,10.18,9.95,10.03,1609800,,
2017-12-06,9.96,10.27,9.96,10.19,981200,,
2017-12-07,10.34,10.57,10.27,10.52,1238400,,
2017-12-08,10.56,10.56,10.02,10.12,1774100,,
2017-12-11,10.25,10.63,10.16,10.27,1924600,,
2017-12-12,10.28,10.38,10.23,10.25,873600,,
2017-12-13,10.25,10.76,10.21,10.72,1539400,,
2017-12-14,10.73,11.10,10.70,10.93,2112600,,
2017-12-15,10.99,11.13,10.81,10.99,5468500,,
2017-12-18,11.08,11.14,10.86,10.99,1329200,,
2017-12-19,11.24,11.40,10.91,11.11,1598900,,
2017-12-20,11.12,11.20,10.99,11.08,945300,,
2017-12-21,11.07,11.15,10.95,10.99,764500,,
2017-12-22,10.95,11.12,10.88,10.93,807700,,
2017-12-26,10.87,10.99,10.59,10.67,883100,,
2017-12-27,10.66,10.74,10.52,10.66,904000,,
2017-12-28,10.65,10.72,10.53,10.63,646200,,
2017-12-29,10.67,10.77,10.52,10.59,1287000,,
2018-01-02,11.02,11.09,10.77,10.96,1476800,,
2018-01-03,11.02,11.15,10.70,10.95,1755600,,
2018-01-04,10.98,11.50,10.95,11.42,2671200,,
2018-01-05,11.50,11.74,11.42,11.73,2312300,,
2018-01-08,11.75,12.00,11.67,11.71,2328900,,
2018-01-09,11.71,11.73,11.19,11.29,1516400,,
2018-01-10,11.21,11.27,11.03,11.20,1034000,,
2018-01-11,11.20,11.42,11.06,11.37,1213400,,
2018-01-12,11.45,11.53,11.28,11.33,766400,,
2018-01-16,11.35,11.44,10.90,10.99,1248600,,
2018-01-17,11.07,11.28,10.97,11.24,1164200,,
2018-01-18,11.20,11.31,11.05,11.24,2406800,,
2018-01-19,11.28,11.40,11.16,11.30,1113200,,
2018-01-22,11.22,11.25,10.90,10.96,1408600,,
2018-01-23,10.92,11.24,10.67,11.09,2254500,,
2018-01-24,11.06,11.16,10.86,11.01,1706900,,
2018-01-25,11.09,11.16,10.96,11.15,978700,,
2018-01-26,11.18,11.54,11.02,11.52,2099400,,
2018-01-29,11.64,11.69,11.46,11.53,1325200,,
2018-01-30,11.37,12.07,11.22,12.00,4199800,,
2018-01-31,11.94,11.98,11.15,11.41,4803100,,
2018-02-01,11.35,11.59,11.32,11.53,1389800,,
2018-02-02,11.49,11.53,11.26,11.35,1765000,,
2018-02-05,11.14,11.33,10.50,10.51,2853900,,
2018-02-06,10.24,10.76,10.22,10.55,2421900,,
2018-02-07,10.56,11.46,10.45,11.32,3238700,,
2018-02-08,11.37,11.55,11.08,11.10,2655300,,
2018-02-09,11.27,11.48,10.78,11.25,2126100,,
2018-02-12,11.30,11.48,11.07,11.35,1584300,,
2018-02-13,11.26,11.51,11.07,11.47,1216000,,
2018-02-14,11.34,11.87,11.33,11.84,1464100,,
2018-02-15,11.90,12.37,11.82,12.29,1938700,,
2018-02-16,12.30,12.65,12.27,12.61,2256800,,
2018-02-20,12.56,12.92,12.53,12.65,1713000,,
2018-02-21,12.65,12.85,12.44,12.52,2107100,,
2018-02-22,12.65,12.69,12.12,12.23,1590700,,
2018-02-23,12.32,12.39,12.17,12.31,951200,,
2018-02-26,12.46,12.70,12.27,12.37,2113100,,
2018-02-27,12.38,12.45,11.97,11.98,1441300,,
2018-02-28,12.01,12.32,12.00,12.05,1559600,,
2018-03-01,11.50,11.81,10.75,11.04,4112800,,
2018-03-02,10.95,11.33,10.85,11.24,2471400,,
2018-03-05,11.19,11.20,10.79,10.95,2257900,,
2018-03-06,10.96,11.11,10.72,11.03,1583200,,
2018-03-07,11.04,11.36,10.96,11.32,1459500,,
2018-03-08,11.31,11.46,11.15,11.45,1000000,,
2018-03-09,11.50,11.56,11.32,11.39,983300,,
2018-03-12,11.38,11.59,11.38,11.45,1063600,,
2018-03-13,11.53,11.76,11.34,11.40,1256200,,
2018-03-14,11.46,11.50,10.98,11.00,1353400,,
2018-03-15,11.02,11.02,10.36,10.45,2522000,,
2018-03-16,10.44,10.45,9.24,9.28,13030900,,
2018-03-19,9.22,9.62,8.90,9.32,4114300,,
2018-03-20,9.38,10.15,9.38,9.71,3958300,,
2018-03-21,9.80,9.89,9.50,9.69,2140800,,
2018-03-22,9.56,9.65,9.30,9.32,1962700,,
2018-03-23,9.30,9.31,8.96,9.02,2005700,,
2018-03-26,9.13,9.58,9.12,9.54,1640200,,
2018-03-27,9.54,9.69,9.37,9.55,2982600,,
2018-03-28,9.92,10.57,9.90,10.38,6022700,,
2018-03-29,10.36,10.45,10.02,10.29,2005000,,
2018-04-02,10.25,10.38,10.03,10.35,2194400,,
2018-04-03,10.36,10.41,10.15,10.21,1242400,,
2018-04-04,10.11,10.37,10.03,10.35,1043900,,
2018-04-05,10.40,10.72,10.39,10.67,1558100,,
2018-04-06,10.56,10.86,10.51,10.67,1421100,,
2018-04-09,10.73,10.80,10.53,10.54,1072000,,
2018-04-10,10.67,10.70,10.42,10.57,1730800,,
2018-04-11,10.58,11.06,10.58,10.92,1916900,,
2018-04-12,11.01,11.20,10.94,11.11,1324500,,
2018-04-13,11.21,11.25,10.83,10.86,1545300,,
2018-04-16,10.94,11.08,10.87,10.92,876200,,
2018-04-17,10.96,11.02,10.84,10.97,1020000,,
2018-04-18,11.50,12.05,11.37,11.54,4322400,,
2018-04-19,11.52,11.64,11.20,11.48,1461300,,
2018-04-20,11.49,11.51,11.32,11.38,958000,,
2018-04-23,11.35,11.45,11.17,11.27,888600,,
2018-04-24,11.35,11.48,10.87,11.11,1832200,,
2018-04-25,11.08,11.08,10.55,10.89,1293300,,
2018-04-26,10.89,11.13,10.75,10.99,822600,,
2018-04-27,10.98,11.05,10.41,10.42,1389200,,
2018-04-30,10.42,10.50,10.00,10.01,1566900,,
2018-05-01,10.00,10.09,9.76,9.99,1587100,,
2018-05-02,9.85,10.15,9.85,9.92,1204400,,
2018-05-03,9.90,10.05,9.78,10.02,657300,,
2018-05-04,9.95,10.21,9.91,10.01,1504500,,
2018-05-07,10.02,10.31,10.02,10.29,1138300,,
2018-05-08,10.36,10.66,10.31,10.66,1592400,,
2018-05-09,10.71,10.83,10.46,10.77,1310500,,
2018-05-10,10.74,10.84,10.56,10.61,1080700,,
2018-05-11,11.08,11.68,10.81,11.40,3051200,,
2018-05-14,11.44,11.56,11.19,11.44,1598600,,
2018-05-15,11.38,11.45,11.01,11.24,2058800,,
2018-05-16,11.30,11.31,10.71,10.93,3614600,,
2018-05-17,10.82,11.12,10.82,10.99,1233300,,
2018-05-18,11.01,11.13,10.93,11.13,1025600,,
2018-05-21,11.18,11.25,11.05,11.13,3385500,,
2018-05-22,11.11,11.11,10.82,10.84,834400,,
2018-05-23,10.80,11.05,10.66,10.98,861100,,
2018-05-24,11.03,11.15,10.92,11.10,836400,,
2018-05-25,11.08,11.15,11.02,11.07,421200,,
2018-05-29,11.00,11.12,10.82,10.96,862300,,
2018-05-30,11.04,11.28,11.01,11.28,980900,,
2018-05-31,11.32,11.59,11.19,11.19,939200,,
2018-06-01,11.24,11.33,11.17,11.27,778500,,
2018-06-04,11.30,11.38,11.22,11.32,604900,,
2018-06-05,11.31,11.39,11.23,11.33,668800,,
2018-06-06,11.33,11.52,11.29,11.50,681100,,
2018-06-07,11.49,11.53,11.23,11.40,674600,,
2018-06-08,11.40,11.75,11.37,11.72,1796000,,
2018-06-11,11.67,11.78,11.57,11.73,963800,,
2018-06-12,11.73,11.73,11.38,11.43,986400,,
2018-06-13,11.46,11.68,11.39,11.61,746300,,
2018-06-14,11.66,11.72,11.43,11.51,934300,,
2018-06-15,11.45,11.55,11.37,11.53,1827500,,
2018-06-18,11.43,11.65,11.41,11.60,700700,,
2018-06-19,11.54,11.56,11.30,11.35,1048800,,
2018-06-20,11.35,11.45,11.27,11.30,715600,,
2018-06-21,11.28,11.34,11.17,11.28,879700,,
2018-06-22,11.34,11.48,11.26,11.40,1418200,,
2018-06-25,11.30,11.37,11.11,11.25,1434700,,
2018-06-26,11.23,11.48,11.15,11.47,1084300,,
2018-06-27,11.49,11.53,11.16,11.25,1010900,,
2018-06-28,11.20,11.34,11.05,11.29,770000,,
2018-06-29,11.35,11.63,11.34,11.51,839900,,
2018-07-02,11.39,11.45,11.26,11.36,1219200,,
2018-07-03,11.44,11.53,11.26,11.28,742900,,
2018-07-05,11.31,11.64,11.27,11.62,1087900,,
2018-07-06,11.59,11.98,11.55,11.96,1012500,,
2018-07-09,11.98,11.98,11.77,11.93,654200,,
2018-07-10,11.97,12.29,11.94,12.23,1186300,,
2018-07-11,12.18,12.24,12.10,12.13,739600,,
2018-07-12,12.24,12.57,12.17,12.54,870500,,
2018-07-13,12.58,12.74,12.50,12.70,577400,,
2018-07-16,12.83,13.06,12.82,12.84,1658100,,
2018-07-17,12.93,13.16,12.92,13.11,1185500,,
2018-07-18,13.15,13.26,13.02,13.10,1072200,,
2018-07-19,13.12,13.16,12.96,13.13,686900,,
2018-07-20,13.06,13.38,13.00,13.24,867300,,
2018-07-23,13.21,13.26,13.03,13.04,847400,,
2018-07-24,13.07,13.09,12.37,12.67,1276600,,
2018-07-25,12.64,12.82,12.52,12.79,681100,,
2018-07-26,12.77,13.20,12.66,13.09,1038900,,
2018-07-27,13.15,13.20,12.85,12.93,929200,,
2018-07-30,12.95,12.95,12.65,12.67,558100,,
2018-07-31,12.72,13.03,12.66,12.92,914700,,
2018-08-01,12.97,13.05,12.82,13.03,885000,,
2018-08-02,12.99,13.00,12.80,12.92,945200,,
2018-08-03,12.98,12.98,12.11,12.40,2212000,,
2018-08-06,12.35,12.50,12.27,12.44,959000,,
2018-08-07,12.52,12.86,12.46,12.78,983900,,
2018-08-08,12.95,13.50,12.89,13.24,2410200,,
2018-08-09,13.24,13.44,13.05,13.06,754300,,
2018-08-10,13.24,13.24,12.92,13.07,530000,,
2018-08-13,13.03,13.16,12.68,12.71,695700,,
2018-08-14,12.79,12.94,12.69,12.71,603100,,
2018-08-15,12.69,12.80,12.57,12.64,741200,,
2018-08-16,12.70,12.86,12.62,12.70,525900,,
2018-08-17,12.70,12.93,12.65,12.92,647000,,
2018-08-20,12.96,13.19,12.90,12.95,671800,,
2018-08-21,12.92,13.19,12.91,13.14,641900,,
2018-08-22,13.12,13.38,13.01,13.28,968000,,
2018-08-23,13.28,13.70,13.13,13.16,1676800,,
2018-08-24,13.19,13.21,12.76,12.83,1200400,,
2018-08-27,12.94,13.26,12.85,13.05,849000,,
2018-08-28,13.11,13.33,12.95,13.27,1116900,,
2018-08-29,13.31,13.41,13.20,13.32,1139100,,
2018-08-30,13.30,13.42,13.19,13.22,769300,,
2018-08-31,13.22,13.40,13.17,13.36,498800,,
2018-09-04,13.40,13.77,13.40,13.55,994200,,
2018-09-05,13.57,13.67,13.47,13.53,578700,,
2018-09-06,13.59,13.92,13.53,13.90,917200,,
2018-09-07,13.90,14.36,13.83,14.26,1572900,,
2018-09-10,14.36,14.53,14.22,14.44,1074800,,
2018-09-11,14.43,14.68,14.30,14.57,1458400,,
2018-09-12,14.63,14.87,14.56,14.71,1217000,,
2018-09-13,14.70,14.82,14.12,14.22,1311200,,
2018-09-14,14.13,14.38,14.04,14.10,1045500,,
2018-09-17,14.14,14.55,13.76,14.48,1760000,,
2018-09-18,14.56,14.78,14.21,14.78,1228900,,
2018-09-19,14.74,14.75,13.82,13.97,1278700,,
2018-09-20,14.01,14.03,13.57,13.82,1488500,,
2018-09-21,13.78,14.27,13.75,14.09,4334300,,
2018-09-24,14.10,14.35,14.02,14.21,1285600,,
2018-09-25,14.23,14.58,14.13,14.47,1127100,,
2018-09-26,14.50,14.83,14.33,14.35,790700,,
2018-09-27,14.40,14.72,14.31,14.70,1022100,,
2018-09-28,14.67,14.94,14.57,14.78,1093600,,
2018-10-01,14.90,14.92,14.61,14.89,1154200,,
2018-10-02,14.89,14.90,14.41,14.55,1220400,,
2018-10-03,14.53,14.59,14.34,14.34,626700,,
2018-10-04,14.31,14.34,13.94,14.09,756800,,
2018-10-05,14.10,14.25,13.68,13.93,1269500,,
2018-10-08,13.95,13.98,13.64,13.94,628500,,
2018-10-09,13.89,14.00,13.70,13.84,821400,,
2018-10-10,13.80,13.86,13.14,13.18,1347500,,
2018-10-11,13.10,13.45,12.96,13.01,1509400,,
2018-10-12,13.30,13.34,12.76,12.98,900100,,
2018-10-15,13.01,13.63,13.01,13.52,838200,,
2018-10-16,13.59,13.96,13.36,13.94,661600,,
2018-10-17,13.93,14.00,13.47,13.75,536700,,
2018-10-18,13.68,13.72,13.35,13.49,391900,,
2018-10-19,13.46,13.64,13.21,13.28,522200,,
2018-10-22,13.35,13.42,13.18,13.37,456200,,
2018-10-23,13.14,13.61,13.14,13.47,624800,,
2018-10-24,13.47,13.51,12.76,12.81,1199200,,
2018-10-25,12.81,12.91,12.51,12.62,841300,,
2018-10-26,12.50,12.71,12.19,12.58,630100,,
2018-10-29,12.74,12.83,11.91,12.11,780700,,
2018-10-30,12.03,12.46,12.03,12.43,1148400,,
2018-10-31,12.61,12.92,12.42,12.53,650400,,
2018-11-01,12.62,12.95,12.62,12.78,826900,,
2018-11-02,12.85,13.11,12.79,12.98,914700,,
2018-11-05,13.03,13.06,12.61,13.04,939400,,
2018-11-06,13.09,13.36,12.93,13.19,1131700,,
2018-11-07,13.54,15.00,13.11,14.97,3711400,,
2018-11-08,14.93,15.67,14.65,15.55,2496500,,
2018-11-09,15.70,16.09,15.48,15.54,2500500,,
2018-11-12,15.52,15.54,15.08,15.11,1458600,,
2018-11-13,15.01,15.48,14.90,15.10,1444600,,
2018-11-14,15.19,15.42,14.96,15.00,830500,,
2018-11-15,14.72,15.65,14.72,15.47,1349000,,
2018-11-16,15.36,15.54,15.18,15.26,896500,,
2018-11-19,15.21,15.21,14.39,14.46,1246100,,
2018-11-20,14.26,14.26,13.62,13.65,1645500,,
2018-11-21,13.81,13.90,13.51,13.52,1024300,,
2018-11-23,13.44,13.85,13.16,13.61,491600,,
2018-11-26,13.83,13.83,13.48,13.70,1021700,,
2018-11-27,13.57,13.70,13.36,13.45,893000,,
2018-11-28,13.57,13.84,13.38,13.68,1075000,,
2018-11-29,13.62,13.75,13.31,13.45,752600,,
2018-11-30,13.47,13.47,13.10,13.30,1317800,,
2018-12-03,13.62,13.69,13.24,13.42,844500,,
2018-12-04,13.50,13.90,12.77,12.81,2153300,,
2018-12-06,12.54,13.78,12.42,13.74,3009200,,
2018-12-07,13.74,14.49,13.60,13.64,1687100,,
2018-12-10,14.75,14.96,14.38,14.57,2546600,,
2018-12-11,14.77,15.22,14.48,14.65,1177900,,
2018-12-12,14.80,15.13,14.67,14.75,1559500,,
2018-12-13,14.86,15.02,14.55,14.55,1081700,,
2018-12-14,14.45,14.90,14.35,14.64,1169100,,
2018-12-17,14.55,14.58,13.76,13.89,1139200,,
2018-12-18,13.95,14.50,13.95,14.24,870700,,
2018-12-19,14.29,14.35,13.52,13.58,1008600,,
2018-12-20,13.50,13.64,12.92,13.19,1071800,,
2018-12-21,13.26,13.42,12.81,12.86,1789500,,
2018-12-24,12.68,12.76,12.31,12.47,1108500,,
2018-12-26,12.55,13.82,12.52,13.80,1594600,,
2018-12-27,13.55,13.96,13.39,13.95,1235500,,
2018-12-28,14.02,14.25,13.68,13.75,1030400,,
2018-12-31,13.82,14.10,13.76,14.09,854000,,
2019-01-02,13.83,14.03,13.52,13.87,712800,,
2019-01-03,13.76,13.76,13.00,13.03,999400,,
2019-01-04,13.25,13.74,13.14,13.70,937900,,
2019-01-07,13.70,13.94,13.56,13.89,763200,,
2019-01-08,14.04,14.41,14.00,14.39,955700,,
2019-01-09,14.43,14.51,14.23,14.40,626800,,
2019-01-10,14.31,14.45,14.22,14.44,403200,,
2019-01-11,14.34,14.80,14.20,14.79,1064600,,
2019-01-14,14.64,14.78,14.40,14.59,584500,,
2019-01-15,14.59,14.95,14.45,14.87,804800,,
2019-01-16,14.96,14.97,14.35,14.39,681400,,
2019-01-17,14.30,14.36,14.11,14.15,1183700,,
2019-01-18,14.26,14.64,14.21,14.63,977600,,
2019-01-22,14.50,14.54,14.15,14.28,852000,,
2019-01-23,14.43,14.66,14.28,14.60,529800,,
2019-01-24,14.59,14.91,14.46,14.66,393200,,
2019-01-25,14.79,15.02,14.69,14.99,648200,,
2019-01-28,14.79,15.04,14.70,14.93,521000,,
2019-01-29,14.92,15.42,14.85,15.17,868600,,
2019-01-30,15.32,15.32,14.84,14.98,877800,,
2019-01-31,15.00,15.59,14.83,15.49,1574500,,
2019-02-01,15.75,15.75,15.35,15.40,845400,,
2019-02-04,15.36,15.90,15.26,15.88,661200,,
2019-02-05,15.59,16.09,15.51,16.03,1033100,,
2019-02-06,16.05,16.05,15.84,15.95,782600,,
2019-02-07,15.84,15.99,15.51,15.68,699700,,
2019-02-08,15.60,16.45,15.55,16.45,2352300,,
2019-02-11,16.50,16.98,16.39,16.96,1607700,,
2019-02-12,17.25,17.63,17.11,17.19,1822900,,
2019-02-13,17.29,17.38,16.89,16.95,1140200,,
2019-02-14,16.92,17.15,16.84,16.95,1182000,,
2019-02-15,17.01,17.15,16.79,16.95,1180300,,
2019-02-19,17.07,17.87,17.00,17.85,1621600,,
2019-02-20,17.84,17.86,17.29,17.65,1039500,,
2019-02-21,17.65,17.67,17.39,17.62,766600,,
2019-02-22,17.65,17.72,17.25,17.58,1008900,,
2019-02-25,17.73,17.75,17.47,17.50,942900,,
2019-02-26,17.50,17.55,17.01,17.10,1588900,,
2019-02-27,17.05,17.25,16.84,17.19,1362900,,
2019-02-28,17.19,17.39,16.98,17.19,1923600,,
2019-03-01,16.70,17.04,15.84,16.71,1919400,,
2019-03-04,16.78,16.94,16.38,16.51,1388400,,
2019-03-05,16.48,16.90,16.44,16.85,1351200,,
2019-03-06,16.92,17.30,16.54,16.62,1538100,,
2019-03-07,16.67,16.67,16.26,16.39,1813900,,
2019-03-08,16.23,16.38,16.10,16.28,1008400,,
2019-03-11,16.37,16.37,15.85,16.00,1841400,,
2019-03-12,15.95,16.10,15.86,15.88,1027500,,
2019-03-13,15.99,16.10,15.88,15.92,834400,,
2019-03-14,15.90,16.03,15.71,15.84,737900,,
2019-03-15,15.79,15.85,15.45,15.46,3117300,,
2019-03-18,15.43,15.82,15.41,15.79,960000,,
2019-03-19,15.88,16.18,15.82,15.91,1228400,,
2019-03-20,15.88,16.30,15.88,16.17,1925300,,
2019-03-21,16.16,16.29,16.01,16.14,724700,,
2019-03-22,16.06,16.14,15.52,15.63,943200,,
2019-03-25,15.61,15.67,15.37,15.62,652700,,
2019-03-26,15.73,15.78,15.42,15.60,599300,,
2019-03-27,15.58,15.64,15.01,15.10,910900,,
2019-03-28,15.06,15.28,14.92,15.25,761900,,
2019-03-29,15.33,15.75,15.31,15.63,1229200,,
2019-04-01,15.81,15.90,15.61,15.80,1180200,,
2019-04-02,15.85,15.93,15.68,15.78,940900,,
2019-04-03,15.84,15.92,15.52,15.53,860000,,
2019-04-04,15.51,15.57,15.06,15.23,954500,,
2019-04-05,15.18,15.43,15.13,15.42,1009700,,
2019-04-08,15.34,15.42,15.14,15.36,661400,,
2019-04-09,15.25,15.32,15.14,15.16,556200,,
2019-04-10,15.17,15.17,14.96,15.08,913400,,
2019-04-11,15.11,15.27,15.02,15.21,634900,,
2019-04-12,15.33,15.36,15.17,15.28,597800,,
2019-04-15,15.27,15.33,15.01,15.13,566100,,
2019-04-16,15.21,15.30,15.01,15.08,632600,,
2019-04-17,15.12,15.12,14.59,14.70,1048700,,
2019-04-18,14.70,14.85,14.51,14.69,714000,,
2019-04-22,14.61,14.63,14.48,14.63,537500,,
2019-04-23,14.68,15.40,14.65,15.26,2047000,,
2019-04-24,15.34,15.46,15.16,15.34,712100,,
2019-04-25,15.29,15.42,15.09,15.34,592300,,
2019-04-26,15.33,16.02,15.28,15.92,1066000,,
2019-04-29,15.99,16.05,15.86,15.91,578300,,
2019-04-30,15.82,16.04,15.73,15.88,486100,,
2019-05-01,15.87,16.15,15.75,15.78,728100,,
2019-05-02,15.76,15.98,15.61,15.94,777400,,
2019-05-03,16.00,16.07,15.75,16.03,851000,,
2019-05-06,15.74,16.14,15.60,16.08,938700,,
2019-05-07,15.96,16.05,15.65,15.75,881500,,
2019-05-08,15.75,16.12,15.75,16.01,763700,,
2019-05-09,16.55,17.85,16.55,17.81,2698400,,
2019-05-10,17.71,19.16,17.51,19.15,2548000,,
2019-05-13,18.65,19.23,18.59,19.21,2285700,,
2019-05-14,19.25,19.60,18.91,19.43,1715300,,
2019-05-15,19.36,20.77,19.25,20.46,3690900,,
2019-05-16,20.54,20.92,20.45,20.55,1758800,,
2019-05-17,20.38,20.40,19.93,20.09,1109800,,
2019-05-20,20.00,20.81,19.80,20.64,1683800,,
2019-05-21,20.71,20.80,20.34,20.46,1196200,,
2019-05-22,20.43,20.63,20.24,20.43,887100,,
2019-05-23,20.31,21.06,20.20,20.83,3000600,,
2019-05-24,21.58,22.00,21.03,21.86,3059800,,
2019-05-28,22.35,22.59,22.04,22.18,1868500,,
2019-05-29,22.01,22.38,21.87,22.13,1159100,,
2019-05-30,22.16,22.49,22.15,22.38,715400,,
2019-05-31,22.20,22.36,21.99,22.05,887100,,
2019-06-03,21.94,22.47,21.56,22.35,1140900,,
2019-06-04,22.52,22.85,22.22,22.78,1239700,,
2019-06-05,22.42,22.96,22.28,22.60,1181800,,
2019-06-06,21.87,22.55,21.85,22.22,1010700,,
2019-06-07,22.24,22.46,21.89,22.38,954700,,
2019-06-10,22.65,22.65,21.57,21.69,1342300,,
2019-06-11,21.74,21.84,20.68,20.99,1739200,,
2019-06-12,21.00,21.77,20.76,21.64,2041900,,
2019-06-13,21.80,22.09,21.62,21.98,1283900,,
2019-06-14,21.84,22.22,21.60,21.69,1073200,,
2019-06-17,21.81,21.86,20.95,21.03,1040900,,
2019-06-18,21.18,21.98,21.18,21.78,911300,,
2019-06-19,21.80,22.11,21.44,22.02,1176000,,
2019-06-20,22.31,22.83,22.05,22.78,1807800,,
2019-06-21,22.63,22.78,22.05,22.24,2882200,,
2019-06-24,22.27,22.80,22.22,22.38,1593600,,
2019-06-25,22.54,22.67,21.72,21.85,1436900,,
2019-06-26,21.77,22.21,21.45,22.18,1447500,,
2019-06-27,22.25,22.34,21.91,22.16,1217300,,
2019-06-28,22.22,22.98,22.21,22.89,3536900,,
2019-07-01,23.36,23.46,22.69,22.78,1218300,,
2019-07-02,22.71,23.87,22.71,23.82,1357900,,
2019-07-03,23.85,24.11,23.70,24.01,881700,,
2019-07-05,23.82,24.19,23.48,24.09,679900,,
2019-07-08,24.07,24.17,23.65,23.77,752300,,
2019-07-09,23.62,23.89,23.17,23.85,660300,,
2019-07-10,23.88,24.24,23.77,24.11,795300,,
2019-07-11,24.10,24.29,23.79,24.01,886800,,
2019-07-12,24.05,24.18,23.80,24.06,580000,,
2019-07-15,24.09,24.20,23.81,23.99,539300,,
2019-07-16,23.92,24.32,23.76,24.15,749900,,
2019-07-17,24.16,24.16,23.42,23.64,764100,,
2019-07-18,23.54,23.73,23.22,23.67,650700,,
2019-07-19,23.64,24.30,23.49,24.07,773900,,
2019-07-22,24.17,24.55,24.06,24.38,899900,,
2019-07-23,24.56,24.64,23.92,24.17,691400,,
2019-07-24,24.03,24.22,23.67,23.77,1316100,,
2019-07-25,23.80,24.99,23.70,24.54,1344300,,
2019-07-26,24.95,24.96,24.20,24.48,802400,,
2019-07-29,24.55,24.65,23.95,24.09,996600,,
2019-07-30,23.93,24.64,23.85,24.63,944700,,
2019-07-31,24.72,25.08,24.28,24.65,1359800,,
2019-08-01,23.07,23.09,20.44,21.21,4420200,,
2019-08-02,21.21,21.65,21.00,21.12,1802500,,
2019-08-05,20.50,20.53,18.93,19.55,3386000,,
2019-08-06,19.54,19.80,19.15,19.36,1351900,,
2019-08-07,18.99,19.44,18.80,19.09,2018600,,
2019-08-08,19.11,19.73,19.05,19.54,1989300,,
2019-08-09,19.62,19.66,18.89,18.94,1146200,,
2019-08-12,18.78,18.88,17.92,17.98,1904600,,
2019-08-13,17.96,18.22,17.75,17.84,1956000,,
2019-08-14,17.65,18.26,17.40,18.14,1757100,,
2019-08-15,18.17,18.21,17.81,18.10,909500,,
2019-08-16,19.20,19.50,18.83,19.10,2808100,,
2019-08-19,19.29,19.50,18.96,19.19,1253200,,
2019-08-20,19.16,19.25,18.61,18.63,862700,,
2019-08-21,18.72,19.39,18.71,19.08,1057000,,
2019-08-22,19.03,19.36,18.87,19.15,824400,,
2019-08-23,19.01,19.46,18.97,19.27,1455300,,
2019-08-26,19.47,19.48,19.11,19.31,766700,,
2019-08-27,19.35,19.57,19.19,19.40,1260700,,
2019-08-28,19.49,19.86,19.33,19.78,1247600,,
2019-08-29,19.91,20.00,19.54,19.94,1104400,,
2019-08-30,20.01,20.10,19.81,19.97,1293200,,
2019-09-03,19.78,19.91,19.31,19.49,1253800,,
2019-09-04,19.65,19.90,19.48,19.68,841800,,
2019-09-05,19.80,19.94,18.94,19.13,3155000,,
2019-09-06,19.30,19.30,18.75,18.78,1120000,,
2019-09-09,18.79,19.30,18.58,18.90,1058500,,
2019-09-10,18.85,18.89,18.12,18.83,948800,,
2019-09-11,18.76,19.58,18.41,19.56,1420300,,
2019-09-12,19.76,20.04,19.25,20.00,1352500,,
2019-09-13,20.12,20.45,19.82,20.44,1701200,,
2019-09-16,20.53,21.90,20.52,21.55,3932900,,
2019-09-17,21.55,21.74,20.61,20.87,1569500,,
2019-09-18,20.80,21.24,20.61,21.05,1588100,,
2019-09-19,21.06,21.35,20.57,20.66,1322200,,
2019-09-20,20.66,20.97,20.53,20.58,3007800,,
2019-09-23,19.61,19.89,17.95,19.03,4702400,,
2019-09-24,19.16,19.24,18.34,18.56,1901900,,
2019-09-25,18.52,18.64,18.20,18.50,1384900,,
2019-09-26,18.49,18.60,18.14,18.27,940900,,
2019-09-27,18.29,18.43,18.18,18.37,1060200,,
2019-09-30,18.28,18.72,18.28,18.60,1065200,,
2019-10-01,18.71,18.74,17.10,17.10,2060700,,
2019-10-02,17.31,17.88,16.83,17.75,1376300,,
2019-10-03,17.76,18.17,17.47,18.12,1035600,,
2019-10-04,18.06,18.33,17.94,18.27,895500,,
2019-10-07,18.22,18.52,18.15,18.35,599500,,
2019-10-08,18.20,18.50,17.89,18.42,741400,,
2019-10-09,18.57,18.66,18.36,18.51,540200,,
2019-10-10,18.62,19.15,18.54,18.95,722200,,
2019-10-11,19.16,19.17,18.65,18.82,692800,,
2019-10-14,18.73,18.79,18.40,18.62,735000,,
2019-10-15,18.69,19.01,18.56,18.98,539900,,
2019-10-16,19.00,19.62,18.90,19.48,818900,,
2019-10-17,19.46,19.68,19.06,19.08,557700,,
2019-10-18,18.97,19.19,18.86,19.16,454000,,
2019-10-21,19.22,19.45,19.12,19.36,660600,,
2019-10-22,19.33,19.37,19.04,19.07,543700,,
2019-10-23,19.05,19.19,18.89,19.12,487200,,
2019-10-24,19.12,19.75,18.90,19.69,562900,,
2019-10-25,19.58,19.71,19.27,19.29,591200,,
2019-10-28,19.46,19.59,19.18,19.33,717500,,
2019-10-29,19.26,19.68,19.20,19.34,911600,,
2019-10-30,19.43,19.60,18.86,18.95,901800,,
2019-10-31,18.97,19.14,18.79,18.88,642000,,
2019-11-01,19.01,19.46,19.01,19.41,652700,,
2019-11-04,19.60,19.63,17.46,17.63,1602300,,
2019-11-05,17.95,18.11,17.33,17.95,1565300,,
2019-11-06,19.50,19.50,18.36,18.56,1896300,,
2019-11-07,18.60,19.80,18.51,19.75,1611500,,
2019-11-08,19.69,19.90,19.35,19.78,1910300,,
2019-11-11,19.74,19.74,19.41,19.54,1155000,,
2019-11-12,19.40,19.63,19.20,19.35,1672600,,
2019-11-13,19.23,19.78,19.02,19.72,628700,,
2019-11-14,19.70,19.90,19.48,19.63,504300,,
2019-11-15,19.66,19.98,19.58,19.95,443900,,
2019-11-18,19.91,19.91,19.47,19.60,777800,,
2019-11-19,19.66,19.75,19.41,19.45,383700,,
2019-11-20,19.31,19.70,19.24,19.45,631200,,
2019-11-21,19.36,19.36,18.31,18.44,1144500,,
2019-11-22,18.52,18.74,18.31,18.67,440500,,
2019-11-25,18.72,19.02,17.78,17.79,1303600,,
2019-11-26,17.88,18.18,17.82,17.90,861600,,
2019-11-27,18.01,18.07,17.81,18.02,638100,,
2019-11-29,18.01,18.09,17.90,18.06,326500,,
2019-12-02,18.08,18.09,17.66,17.70,556300,,
2019-12-03,17.51,17.51,17.10,17.20,1002100,,
2019-12-04,17.49,17.56,17.07,17.16,1187900,,
2019-12-05,17.21,17.48,17.15,17.19,575700,,
2019-12-06,17.34,17.52,17.26,17.40,1072300,,
2019-12-09,17.43,17.66,17.27,17.40,928700,,
2019-12-10,17.43,17.58,17.24,17.52,782800,,
2019-12-11,17.49,18.23,17.46,18.19,917600,,
2019-12-12,18.20,18.52,18.17,18.44,984700,,
2019-12-13,18.30,18.43,18.04,18.35,747600,,
2019-12-16,18.36,18.39,18.01,18.05,1009100,,
2019-12-17,17.99,18.30,17.82,18.26,540300,,
2019-12-18,18.15,18.25,17.98,18.18,842300,,
2019-12-19,18.18,18.29,17.83,18.24,802900,,
2019-12-20,18.28,18.50,18.12,18.14,1306100,,
2019-12-23,18.31,18.61,18.17,18.40,611400,,
2019-12-24,18.46,18.46,17.98,18.14,391100,,
2019-12-26,18.10,18.15,17.83,17.89,535200,,
2019-12-27,17.98,18.02,17.75,17.77,791800,,
2019-12-30,18.24,18.24,17.51,17.92,733200,,
2019-12-31,17.90,18.12,17.71,18.01,610800,,
2020-01-02,18.06,18.44,18.02,18.42,776300,,
2020-01-03,18.99,20.45,18.81,20.42,2756500,,
2020-01-06,21.30,21.39,20.02,20.20,2692900,,
2020-01-07,20.20,20.58,19.93,20.26,1375700,,
2020-01-08,20.35,20.83,19.79,19.90,1572900,,
2020-01-09,19.92,20.18,19.57,20.08,809400,,
2020-01-10,20.04,20.15,19.65,19.72,887500,,
2020-01-13,19.71,20.05,19.67,19.72,877800,,
2020-01-14,19.71,19.77,19.23,19.64,1481000,,
2020-01-15,19.54,19.69,19.19,19.23,718600,,
2020-01-16,19.53,19.77,19.40,19.50,800900,,
2020-01-17,19.62,19.93,19.42,19.74,974200,,
2020-01-21,19.72,19.85,18.26,18.80,1457000,,
2020-01-22,18.78,19.04,18.78,18.91,815000,,
2020-01-23,18.83,19.10,18.71,18.97,763200,,
2020-01-24,19.01,19.16,18.67,18.83,755000,,
2020-01-27,18.44,19.07,18.34,18.81,1785500,,
2020-01-28,18.92,19.15,18.66,19.00,492300,,
2020-01-29,19.17,19.20,18.71,18.80,631000,,
2020-01-30,18.64,18.83,18.40,18.80,504400,,
2020-01-31,18.73,18.74,18.27,18.34,602900,,
2020-02-03,18.35,18.52,18.08,18.14,535800,,
2020-02-04,18.34,18.89,18.29,18.83,591400,,
2020-02-05,18.98,19.08,18.68,19.08,685900,,
2020-02-06,19.08,19.64,19.07,19.63,719600,,
2020-02-07,19.58,19.80,18.77,19.38,818900,,
2020-02-10,19.27,19.72,19.10,19.72,397500,,
2020-02-11,19.80,20.04,19.61,20.03,514800,,
2020-02-12,20.15,20.44,19.92,20.36,569600,,
2020-02-13,20.28,21.03,20.25,20.71,903200,,
2020-02-14,20.75,20.75,19.90,20.42,619500,,
2020-02-18,20.52,20.63,20.10,20.37,798000,,
2020-02-19,20.40,21.29,20.27,20.81,1228100,,
2020-02-20,20.73,21.00,20.44,20.88,646500,,
2020-02-21,20.78,20.86,20.21,20.25,727800,,
2020-02-24,19.43,19.59,19.02,19.31,1420800,,
2020-02-25,17.46,18.32,14.74,15.00,5674900,,
2020-02-26,15.61,16.47,15.47,16.19,2543500,,
2020-02-27,15.55,16.44,15.21,15.75,1539200,,
2020-02-28,15.05,16.40,15.00,16.26,1595900,,
2020-03-02,16.57,16.59,15.61,16.20,1182400,,
2020-03-03,16.33,17.13,15.90,16.15,1168500,,
2020-03-04,16.39,16.77,16.10,16.71,838900,,
2020-03-05,16.33,16.50,15.79,16.10,742600,,
2020-03-06,15.50,15.91,15.21,15.73,868600,,
2020-03-09,15.00,15.43,14.46,15.30,1439900,,
2020-03-10,15.99,16.01,15.28,15.87,1086800,,
2020-03-11,15.84,16.20,15.14,15.62,1405900,,
2020-03-12,14.56,14.75,12.41,12.44,2559700,,
2020-03-13,13.51,13.88,11.00,13.15,2692100,,
2020-03-16,11.71,11.89,5.00,11.05,2566200,,
2020-03-17,11.51,11.89,10.24,11.49,2221700,,
2020-03-18,10.71,11.50,10.60,11.32,1917000,,
2020-03-19,11.17,11.35,10.15,10.95,2024500,,
2020-03-20,11.02,11.15,10.02,10.20,1873300,,
2020-03-23,10.17,10.65,9.59,10.55,1461900,,
2020-03-24,11.00,12.37,11.00,12.30,1932200,,
2020-03-25,12.41,13.79,11.80,13.04,2166700,,
2020-03-26,13.29,14.87,13.28,14.56,1577500,,
2020-03-27,13.92,14.69,13.54,14.47,1073600,,
2020-03-30,14.37,14.50,13.59,14.40,953800,,
2020-03-31,14.28,14.47,13.52,13.84,1022700,,
2020-04-01,13.17,13.65,12.84,13.44,1374900,,
2020-04-02,13.29,13.92,12.78,13.26,937800,,
2020-04-03,13.26,13.67,13.01,13.60,902500,,
2020-04-06,14.10,14.46,13.74,14.14,1233900,,
2020-04-07,14.75,15.09,13.40,13.50,1151000,,
2020-04-08,13.68,14.38,13.34,14.16,1788500,,
2020-04-09,14.49,15.25,14.45,14.65,1385000,,
2020-04-13,14.57,14.66,13.61,13.98,1002900,,
2020-04-14,14.25,14.99,14.12,14.48,926400,,
2020-04-15,14.00,14.36,13.68,14.00,570300,,
2020-04-16,14.10,14.15,13.71,13.96,896800,,
2020-04-17,14.47,15.00,14.44,14.96,919800,,
2020-04-20,14.63,14.81,14.14,14.31,909800,,
2020-04-21,13.90,14.19,13.70,13.93,477900,,
2020-04-22,14.23,14.47,13.85,14.36,530600,,
2020-04-23,14.54,14.60,14.22,14.29,506100,,
2020-04-24,14.37,14.41,13.98,14.24,532500,,
2020-04-27,14.49,14.92,14.35,14.79,576700,,
2020-04-28,15.12,15.34,14.71,15.08,1106600,,
2020-04-29,15.51,16.49,15.34,16.13,1274400,,
2020-04-30,15.85,15.88,14.95,15.02,864000,,
2020-05-01,14.66,14.89,14.31,14.76,863400,,
2020-05-04,14.63,14.63,14.26,14.58,861800,,
2020-05-05,14.80,15.25,14.80,14.92,471000,,
2020-05-06,14.98,15.41,14.75,14.86,711700,,
2020-05-07,15.08,15.33,14.76,14.96,825900,,
2020-05-08,16.26,17.35,16.21,17.26,1803900,,
2020-05-11,16.97,17.20,16.58,16.90,1220100,,
2020-05-12,16.84,16.94,16.13,16.14,764100,,
2020-05-13,16.21,16.21,15.35,15.76,899200,,
2020-05-14,15.35,15.60,14.74,15.52,1080900,,
2020-05-15,15.07,15.87,15.07,15.64,774100,,
2020-05-18,16.24,17.01,16.24,16.92,798300,,
2020-05-19,16.76,17.13,16.35,16.35,494400,,
2020-05-20,16.73,17.01,16.50,16.58,581600,,
2020-05-21,16.58,16.72,16.23,16.56,426600,,
2020-05-22,16.65,16.68,16.34,16.52,330900,,
2020-05-26,17.16,17.42,16.98,17.24,591100,,
2020-05-27,17.59,18.26,17.25,18.18,720100,,
2020-05-28,18.50,18.69,18.01,18.12,883600,,
2020-05-29,18.01,18.68,17.86,18.55,1035300,,
2020-06-01,18.78,19.19,18.61,18.82,896400,,
2020-06-02,18.99,18.99,18.24,18.27,823000,,
2020-06-03,18.52,19.26,18.52,19.19,950800,,
2020-06-04,18.98,19.30,18.71,18.94,787400,,
2020-06-05,19.50,19.78,18.98,19.04,824200,,
2020-06-08,19.43,20.11,19.20,19.45,1337100,,
2020-06-09,19.25,19.92,19.05,19.19,992600,,
2020-06-10,19.21,19.21,18.26,18.28,718600,,
2020-06-11,17.54,17.96,16.50,16.56,1050800,,
2020-06-12,17.47,17.68,16.26,16.97,918200,,
2020-06-15,16.35,17.80,16.25,17.59,1240400,,
2020-06-16,18.42,18.52,17.37,17.59,894200,,
2020-06-17,17.93,18.15,17.31,17.41,623200,,
2020-06-18,16.26,17.08,16.06,16.82,1371200,,
2020-06-19,17.20,17.25,16.07,16.20,8152700,,
2020-06-22,16.20,16.78,15.90,16.68,2041200,,
2020-06-23,16.93,16.93,16.14,16.33,1487300,,
2020-06-24,16.15,16.25,15.80,15.82,1986700,,
2020-06-25,15.69,16.43,15.40,16.42,1576400,,
2020-06-26,16.25,16.37,14.87,14.96,4492500,,
2020-06-29,15.21,15.52,15.13,15.49,984600,,
2020-06-30,15.46,15.74,15.17,15.63,1293600,,
2020-07-01,15.49,15.78,15.14,15.33,983600,,
2020-07-02,15.74,15.88,15.36,15.44,1191500,,
2020-07-06,15.80,15.82,15.26,15.51,941000,,
2020-07-07,15.32,15.49,14.93,14.97,1235000,,
2020-07-08,15.00,15.41,14.86,15.05,1868300,,
2020-07-09,15.01,15.05,14.40,14.64,1561200,,
2020-07-10,14.63,15.05,14.48,15.01,1026700,,
2020-07-13,15.18,15.59,14.76,15.16,1491300,,
2020-07-14,15.10,15.44,14.95,15.43,1290700,,
2020-07-15,15.70,16.14,15.61,15.94,1027300,,
2020-07-16,15.69,15.99,15.54,15.87,652200,,
2020-07-17,15.90,16.12,15.74,15.96,721700,,
2020-07-20,15.96,16.10,15.77,15.91,614400,,
2020-07-21,16.23,16.27,15.94,16.04,700800,,
2020-07-22,15.94,18.10,15.94,17.85,4685800,,
2020-07-23,17.91,18.84,17.30,17.81,4302400,,
2020-07-24,18.65,20.58,18.37,19.40,6467200,,
2020-07-27,19.47,19.56,18.26,18.45,2043600,,
2020-07-28,18.31,18.77,18.27,18.38,2065900,,
2020-07-29,18.46,18.77,18.07,18.35,1049800,,
2020-07-30,17.92,18.50,17.71,18.27,813400,,
2020-07-31,18.21,18.21,17.40,18.01,1094400,,
2020-08-03,18.11,18.37,17.52,18.30,1338400,,
2020-08-04,18.35,18.84,18.17,18.63,1310100,,
2020-08-05,19.47,20.00,18.68,19.35,1701800,,
2020-08-06,19.29,19.36,18.66,18.91,1081400,,
2020-08-07,18.82,19.41,18.78,19.36,1055500,,
2020-08-10,19.42,19.64,19.05,19.29,865400,,
2020-08-11,19.43,19.69,19.08,19.29,1240300,,
2020-08-12,19.48,19.53,19.07,19.29,924900,,
2020-08-13,19.11,19.51,19.05,19.24,601600,,
2020-08-14,19.39,20.24,19.29,19.89,2224500,,
2020-08-17,19.95,19.97,19.05,19.59,870000,,
2020-08-18,19.53,19.72,19.34,19.43,682000,,
2020-08-19,19.51,19.61,19.30,19.44,596100,,
2020-08-20,19.13,19.40,18.84,18.92,802000,,
2020-08-21,18.82,19.21,18.59,18.94,654500,,
2020-08-24,19.02,19.39,18.76,19.35,756400,,
2020-08-25,19.50,19.58,19.18,19.49,699700,,
2020-08-26,19.48,19.50,19.23,19.26,486200,,
2020-08-27,19.21,19.79,19.16,19.61,748200,,
2020-08-28,19.78,19.84,19.56,19.71,636000,,
2020-08-31,19.68,19.80,19.40,19.55,1136800,,
2020-09-01,19.46,19.93,19.23,19.70,587600,,
2020-09-02,19.73,20.00,19.58,19.91,612800,,
2020-09-03,20.00,20.15,19.30,19.52,847100,,
2020-09-04,19.68,19.83,18.84,19.26,1060000,,
2020-09-08,19.09,19.52,18.86,19.23,1390300,,
2020-09-09,19.62,19.71,19.31,19.55,803100,,
2020-09-10,19.62,19.90,19.35,19.47,1285400,,
2020-09-11,19.64,19.79,19.37,19.64,824700,,
2020-09-14,19.85,20.88,19.73,20.68,1347900,,
2020-09-15,20.72,21.15,20.23,20.96,1181600,,
2020-09-16,21.15,22.26,20.93,21.61,2065500,,
2020-09-17,21.33,21.60,21.07,21.53,1293300,,
2020-09-18,21.69,21.74,20.91,20.98,3355700,,
2020-09-21,20.37,20.54,19.55,19.76,1300300,,
2020-09-22,19.17,19.46,17.76,18.87,3892000,,
2020-09-23,19.05,19.42,18.44,18.51,1056800,,
2020-09-24,18.42,18.65,18.04,18.43,858900,,
2020-09-25,19.34,19.41,18.93,19.03,1564300,,
2020-09-28,19.30,19.70,19.15,19.35,1057300,,
2020-09-29,19.35,19.57,19.09,19.46,667000,,
2020-09-30,19.57,19.77,19.00,19.28,952400,,
2020-10-01,19.39,19.58,19.14,19.40,633800,,
2020-10-02,19.02,19.69,18.95,19.62,494000,,
2020-10-05,19.86,20.16,19.68,20.02,709300,,
2020-10-06,20.24,20.47,19.69,19.70,618000,,
2020-10-07,20.09,20.87,20.08,20.43,1004300,,
2020-10-08,20.73,21.11,20.48,21.01,636100,,
2020-10-09,21.25,21.59,20.80,20.89,777100,,
2020-10-12,20.82,21.40,20.57,21.28,596200,,
2020-10-13,20.98,21.21,20.77,20.96,682600,,
2020-10-14,21.01,21.41,20.94,21.01,572800,,
2020-10-15,20.71,21.17,20.61,21.10,462400,,
2020-10-16,21.08,21.27,20.77,20.79,696300,,
2020-10-19,20.78,21.27,20.56,20.64,636900,,
2020-10-20,20.99,21.13,20.53,20.66,510700,,
2020-10-21,20.66,20.79,20.33,20.58,443100,,
2020-10-22,20.68,21.58,20.68,21.47,836800,,
2020-10-23,21.68,21.74,21.31,21.60,557400,,
2020-10-26,21.11,21.25,20.39,20.78,772800,,
2020-10-27,20.69,21.09,20.49,20.67,786500,,
2020-10-28,20.26,20.54,19.19,19.24,1158800,,
2020-10-29,19.20,19.84,19.06,19.38,1115100,,
2020-10-30,19.50,20.06,18.22,18.89,1591100,,
2020-11-02,19.14,19.78,18.88,19.50,821300,,
2020-11-03,19.97,20.33,19.65,20.16,1048100,,
2020-11-04,20.16,21.02,20.07,20.30,787200,,
2020-11-05,20.46,20.67,19.99,20.04,627200,,
2020-11-06,20.04,20.20,19.22,19.53,548600,,
2020-11-09,19.98,20.73,18.48,18.51,1529600,,
2020-11-10,18.85,19.33,18.76,19.29,1253900,,
2020-11-11,19.34,19.48,18.75,19.45,1003000,,
2020-11-12,19.18,19.50,19.07,19.42,973500,,
2020-11-13,19.60,20.27,19.60,20.09,1202600,,
2020-11-16,20.55,20.87,20.27,20.77,734200,,
2020-11-17,20.60,20.92,20.51,20.85,625800,,
2020-11-18,20.88,21.10,20.39,20.40,709300,,
2020-11-19,20.26,20.68,20.04,20.66,643300,,
2020-11-20,20.37,20.64,20.03,20.13,609400,,
2020-11-23,20.24,20.85,20.13,20.81,773200,,
2020-11-24,21.15,21.58,20.94,21.56,947900,,
2020-11-25,21.53,21.80,21.27,21.56,674400,,
2020-11-27,21.52,21.52,21.21,21.41,354200,,
2020-11-30,21.30,21.42,20.76,21.17,648800,,
2020-12-01,21.40,21.72,21.26,21.48,551500,,
2020-12-02,21.54,21.94,21.30,21.67,641800,,
2020-12-03,21.73,22.44,21.61,22.30,619700,,
2020-12-04,22.35,23.16,22.35,23.10,931500,,
2020-12-07,23.00,23.52,22.75,23.47,930200,,
2020-12-08,23.61,24.48,23.52,24.24,1738700,,
2020-12-09,24.60,24.60,23.48,23.72,1100600,,
2020-12-10,23.57,23.86,23.29,23.58,703000,,
2020-12-11,23.46,24.02,23.36,23.85,543100,,
2020-12-14,24.00,24.04,23.47,23.51,837000,,
2020-12-15,23.73,24.58,23.43,24.43,881700,,
2020-12-16,24.65,24.78,23.49,23.53,1024000,,
2020-12-17,23.53,25.17,23.30,25.09,1568200,,
2020-12-18,25.36,26.68,25.24,25.76,2741100,,
2020-12-21,25.60,26.90,25.15,26.22,1217100,,
2020-12-22,26.33,26.66,25.92,26.08,1051300,,
2020-12-23,26.16,26.48,26.03,26.25,1027600,,
2020-12-24,26.29,26.60,26.12,26.40,414300,,
2020-12-28,26.60,28.12,26.50,27.85,1528200,,
2020-12-29,28.07,28.18,26.82,27.47,857000,,
2020-12-30,27.62,28.53,27.55,27.77,1074300,,
2020-12-31,27.64,27.64,27.09,27.43,760500,,
2021-01-04,27.20,27.72,25.83,26.37,1352200,,
2021-01-05,28.52,28.98,26.87,26.91,2081900,,
2021-01-06,26.33,27.10,25.84,26.69,2187200,,
2021-01-07,26.39,27.01,25.89,26.95,1321200,,
2021-01-08,27.02,27.39,26.18,26.57,1095400,,
2021-01-11,25.84,26.70,25.71,26.36,794900,,
2021-01-12,26.60,28.25,26.41,28.08,1641200,,
2021-01-13,28.35,28.67,27.64,27.76,1591200,,
2021-01-14,28.20,31.54,28.01,30.40,3288400,,
2021-01-15,30.21,30.39,29.25,29.55,1612900,,
2021-01-19,30.00,30.83,29.85,30.00,1978600,,
2021-01-20,30.18,30.62,29.16,29.36,1500700,,
2021-01-21,29.10,29.96,28.72,29.43,1216100,,
2021-01-22,29.61,30.43,29.32,29.95,1675800,,
2021-01-25,30.61,31.03,29.81,29.97,1263300,,
2021-01-26,30.25,30.25,29.05,29.16,745600,,
2021-01-27,28.42,29.32,27.39,27.91,1548500,,
2021-01-28,28.49,28.68,27.76,27.84,1121000,,
2021-01-29,27.79,27.81,26.53,26.54,1365400,,
2021-02-01,26.82,27.08,26.14,27.01,1014000,,
2021-02-02,27.71,28.06,27.16,27.92,936000,,
2021-02-03,27.94,28.78,27.87,28.63,689400,,
2021-02-04,29.04,29.63,28.52,29.33,916100,,
2021-02-05,29.75,29.89,28.60,29.29,1023700,,
2021-02-08,31.33,31.34,29.90,30.38,1579500,,
2021-02-09,31.05,32.87,30.42,32.77,2717400,,
2021-02-10,33.11,33.26,31.47,32.30,1366300,,
2021-02-11,32.17,33.19,32.07,32.62,964400,,
2021-02-12,32.02,32.99,32.02,32.89,719200,,
2021-02-16,33.93,34.11,32.90,32.97,1515800,,
2021-02-17,32.58,33.35,31.78,33.24,898600,,
2021-02-18,31.37,31.61,29.78,29.92,2210800,,
2021-02-19,30.14,31.36,30.11,30.25,1279900,,
2021-02-22,30.00,31.02,29.56,30.50,1300500,,
2021-02-23,29.19,29.27,27.81,29.00,1605200,,
2021-02-24,28.99,30.40,28.73,30.06,855200,,
2021-02-25,29.53,30.04,28.51,28.51,1478600,,
2021-02-26,27.01,28.31,26.23,27.50,2655700,,
2021-03-01,27.74,28.16,27.50,27.58,1221700,,
2021-03-02,27.66,27.75,27.04,27.05,982700,,
2021-03-03,27.05,27.69,26.67,26.70,869500,,
2021-03-04,26.15,26.60,24.54,25.09,1823400,,
2021-03-05,25.28,25.39,22.31,24.03,3312600,,
2021-03-08,24.21,24.63,22.70,23.16,1945200,,
2021-03-09,24.09,25.25,23.68,24.74,1436500,,
2021-03-10,25.39,26.16,25.15,25.54,1199300,,
2021-03-11,26.00,27.03,26.00,26.95,1166900,,
2021-03-12,26.65,26.92,26.18,26.52,824200,,
2021-03-15,26.45,27.33,26.39,27.08,861200,,
2021-03-16,27.43,27.43,26.19,26.48,794600,,
2021-03-17,26.26,27.52,25.75,27.08,1413600,,
2021-03-18,26.86,27.25,25.74,25.79,1659800,,
2021-03-19,25.75,26.13,25.23,25.78,2560300,,
2021-03-22,25.68,26.09,25.24,25.48,1093100,,
2021-03-23,25.12,25.67,25.00,25.12,1457200,,
2021-03-24,25.39,26.08,24.70,24.73,1192300,,
2021-03-25,24.50,25.40,23.75,25.31,1767500,,
2021-03-26,25.45,26.05,25.08,26.02,1187100,,
2021-03-29,25.82,28.30,25.69,27.43,2916500,,
2021-03-30,28.80,29.60,27.65,27.92,4785400,,
2021-03-31,28.48,28.68,27.28,27.28,2324700,,
2021-04-01,28.00,28.70,27.69,28.29,1488200,,
2021-04-05,29.00,29.50,27.73,28.47,1180100,,
2021-04-06,28.44,29.25,28.40,28.64,1030900,,
2021-04-07,28.65,28.81,27.65,27.97,1427600,,
2021-04-08,28.02,28.66,27.96,28.33,1385200,,
2021-04-09,28.32,28.49,27.81,28.12,615000,,
2021-04-12,28.18,28.31,27.55,28.19,901700,,
2021-04-13,28.05,28.35,27.51,27.96,761600,,
2021-04-14,27.96,28.67,27.84,28.20,784300,,
2021-04-15,28.25,28.61,27.31,28.15,2752900,,
2021-04-16,28.14,28.15,26.92,27.35,1191700,,
2021-04-19,27.15,27.27,26.62,27.02,872700,,
2021-04-20,26.76,26.85,25.56,25.88,1185200,,
2021-04-21,25.63,26.50,25.52,26.48,582600,,
2021-04-22,26.70,26.98,26.15,26.45,582600,,
2021-04-23,26.51,27.13,26.48,27.03,538000,,
2021-04-26,27.08,27.40,26.88,27.16,510000,,
2021-04-27,27.35,27.45,26.91,27.10,599100,,
2021-04-28,26.99,27.38,26.81,27.25,474900,,
2021-04-29,27.49,27.59,26.76,26.84,792800,,
2021-04-30,26.50,26.88,26.27,26.74,676100,,
2021-05-03,26.84,27.00,26.37,26.50,806800,,
2021-05-04,26.39,26.44,25.32,25.86,896100,,
2021-05-05,25.72,25.86,24.55,25.20,1650300,,
2021-05-06,25.15,26.77,24.74,26.75,1150400,,
2021-05-07,26.50,27.34,26.34,27.11,759600,,
2021-05-10,26.99,27.28,25.73,25.73,736800,,
2021-05-11,24.75,25.54,24.36,25.21,1963700,,
2021-05-12,25.17,25.20,24.31,24.35,1041500,,
2021-05-13,24.44,25.18,24.33,24.53,1076700,,
2021-05-14,24.72,25.10,24.34,25.00,960400,,
2021-05-17,24.70,25.00,24.48,24.75,1128400,,
2021-05-18,24.91,24.97,24.17,24.18,802400,,
2021-05-19,23.68,23.93,23.28,23.75,859000,,
2021-05-20,23.76,24.25,23.75,23.97,857100,,
2021-05-21,24.30,24.34,23.82,23.89,678100,,
2021-05-24,24.04,24.63,23.89,24.47,671500,,
2021-05-25,24.54,24.90,24.34,24.62,796400,,
2021-05-26,24.80,25.23,24.52,25.14,809900,,
2021-05-27,25.45,25.52,25.01,25.09,674700,,
2021-05-28,25.09,25.33,24.93,25.01,602400,,
2021-06-01,25.13,25.28,24.76,25.26,930200,,
2021-06-02,25.31,25.45,24.95,25.42,808900,,
2021-06-03,25.25,25.65,24.74,25.63,689900,,
2021-06-04,25.72,26.15,25.72,25.97,532500,,
2021-06-07,25.88,26.33,25.81,26.31,679600,,
2021-06-08,26.40,26.92,26.38,26.76,590400,,
2021-06-09,26.83,26.87,26.35,26.50,704900,,
2021-06-10,26.50,26.65,25.92,26.22,563600,,
2021-06-11,26.32,26.40,26.07,26.20,369400,,
2021-06-14,26.18,26.35,25.95,26.31,482200,,
2021-06-15,26.45,26.58,26.19,26.24,553500,,
2021-06-16,26.16,26.54,26.01,26.24,608300,,
2021-06-17,26.30,26.64,26.22,26.53,747200,,
2021-06-18,26.43,27.09,26.20,26.36,1222400,,
2021-06-21,26.45,26.53,26.06,26.47,565700,,
2021-06-22,26.30,26.58,25.74,26.50,464800,,
2021-06-23,26.50,26.98,26.26,26.88,606500,,
2021-06-24,26.85,27.45,26.79,27.44,565900,,
2021-06-25,27.59,27.77,27.27,27.61,4425600,,
2021-06-28,27.81,27.82,26.82,27.31,1014600,,
2021-06-29,28.00,30.29,27.61,29.60,10790600,,
2021-06-30,29.47,29.87,28.29,28.49,2748000,,
2021-07-01,28.63,29.08,28.10,28.65,1370800,,
2021-07-02,28.63,28.63,27.55,28.07,1202400,,
2021-07-06,27.92,28.28,27.54,28.24,1024700,,
2021-07-07,28.24,28.85,27.92,28.50,1073700,,
2021-07-08,27.77,28.07,26.93,27.76,1160700,,
2021-07-09,28.00,28.24,27.70,28.20,606100,,
2021-07-12,28.20,28.20,27.35,27.82,533800,,
2021-07-13,27.65,27.65,27.05,27.23,658400,,
2021-07-14,27.39,27.49,26.28,26.56,908200,,
2021-07-15,26.44,26.54,25.86,26.12,782200,,
2021-07-16,26.45,26.45,25.72,25.78,629500,,
2021-07-19,25.08,25.50,24.94,25.46,764200,,
2021-07-20,25.62,26.50,25.42,26.32,966000,,
2021-07-21,26.34,27.01,26.30,26.92,609100,,
2021-07-22,26.93,26.93,26.42,26.63,533000,,
2021-07-23,26.80,26.87,26.44,26.84,404000,,
2021-07-26,27.12,27.77,27.08,27.30,767800,,
2021-07-27,27.14,27.18,26.49,26.99,580000,,
2021-07-28,27.39,27.62,27.09,27.28,517500,,
2021-07-29,27.42,27.67,27.30,27.43,365700,,
2021-07-30,27.30,27.49,27.03,27.20,499900,,
2021-08-02,27.25,27.64,26.98,27.02,446200,,
2021-08-03,27.07,27.11,25.90,27.11,851900,,
2021-08-04,25.62,26.16,23.16,23.83,3977400,,
2021-08-05,24.13,24.80,24.10,24.60,1073000,,
2021-08-06,24.93,25.20,24.61,24.78,787500,,
2021-08-09,24.78,25.23,24.40,24.92,683900,,
2021-08-10,25.00,25.27,24.42,24.59,1133400,,
2021-08-11,24.71,25.18,24.57,25.14,918900,,
2021-08-12,25.22,25.47,24.77,24.84,530900,,
2021-08-13,24.93,24.93,21.68,22.26,3797600,,
2021-08-16,22.25,22.37,21.75,21.92,1683400,,
2021-08-17,21.90,22.98,21.75,22.74,2074800,,
2021-08-18,22.68,22.74,21.83,21.86,865600,,
2021-08-19,21.68,21.79,21.22,21.39,758200,,
2021-08-20,21.32,22.02,21.25,21.97,731000,,
2021-08-23,22.34,22.66,22.03,22.57,832000,,
2021-08-24,22.74,23.14,22.62,23.07,1198700,,
2021-08-25,23.20,24.02,23.05,23.80,1246400,,
2021-08-26,23.56,24.47,23.52,24.16,1290400,,
2021-08-27,24.25,24.75,24.03,24.72,813100,,
2021-08-30,24.95,25.01,24.45,24.68,912200,,
2021-08-31,24.72,25.12,24.67,24.72,771300,,
2021-09-01,24.83,24.87,24.50,24.54,550000,,
2021-09-02,24.60,24.92,24.24,24.33,748600,,
2021-09-03,24.27,24.44,23.90,24.32,536600,,
2021-09-07,24.26,24.57,24.03,24.06,579400,,
2021-09-08,24.11,24.11,23.61,23.67,531300,,
2021-09-09,23.52,23.72,23.35,23.36,447200,,
2021-09-10,23.48,23.48,22.66,22.70,930700,,
2021-09-13,23.31,23.71,22.42,23.64,2857600,,
2021-09-14,23.67,23.71,22.03,22.08,1167600,,
2021-09-15,22.09,22.66,21.92,22.57,693200,,
2021-09-16,22.64,22.91,22.43,22.46,695200,,
2021-09-17,22.47,22.71,22.32,22.61,1452700,,
2021-09-20,22.13,22.81,21.95,22.50,1122600,,
2021-09-21,22.60,22.73,22.12,22.33,544900,,
2021-09-22,22.59,22.85,22.35,22.52,583800,,
2021-09-23,22.65,23.32,22.65,23.11,730500,,
2021-09-24,22.98,23.24,22.74,22.76,639900,,
2021-09-27,22.94,23.67,22.93,23.26,706700,,
2021-09-28,23.25,23.25,22.34,22.43,915800,,
2021-09-29,22.55,22.91,22.47,22.64,1095900,,
2021-09-30,22.69,22.79,22.24,22.31,549800,,
2021-10-01,22.55,22.76,22.06,22.57,506900,,
2021-10-04,22.53,22.53,21.85,22.09,529400,,
2021-10-05,22.09,22.42,21.83,22.18,463300,,
2021-10-06,22.11,22.11,21.60,21.98,534100,,
2021-10-07,22.24,22.51,22.04,22.20,1057700,,
2021-10-08,22.24,22.45,22.06,22.23,648400,,
2021-10-11,22.26,22.72,22.21,22.41,536500,,
2021-10-12,22.32,22.61,22.12,22.34,745200,,
2021-10-13,22.38,22.39,21.85,22.18,729800,,
2021-10-14,22.45,23.03,22.37,22.74,641600,,
2021-10-15,23.02,23.05,22.45,22.48,567500,,
2021-10-18,22.24,22.57,21.93,22.24,483700,,
2021-10-19,22.47,22.84,22.13,22.79,612400,,
2021-10-20,22.81,23.03,22.56,22.75,504900,,
2021-10-21,22.72,22.73,22.46,22.70,428200,,
2021-10-22,23.00,23.28,22.45,22.48,714000,,
2021-10-25,22.19,22.65,21.87,22.36,703900,,
2021-10-26,22.40,22.68,22.18,22.40,848900,,
2021-10-27,22.50,22.50,21.46,21.48,804800,,
2021-10-28,21.52,21.89,21.42,21.65,659600,,
2021-10-29,21.65,21.81,21.12,21.39,728500,,
2021-11-01,21.53,22.71,21.52,22.58,1017000,,
2021-11-02,22.64,22.69,22.27,22.69,703800,,
2021-11-03,22.66,23.51,22.40,23.28,1383600,,
2021-11-04,22.10,22.19,21.21,21.44,2321100,,
2021-11-05,21.83,22.55,21.77,22.37,1561600,,
2021-11-08,22.38,22.59,22.17,22.45,873800,,
2021-11-09,22.45,22.47,22.01,22.17,1096100,,
2021-11-10,22.01,22.33,21.59,21.63,712900,,
2021-11-11,21.64,21.87,21.48,21.68,543400,,
2021-11-12,21.82,21.98,21.72,21.74,366200,,
2021-11-15,21.94,21.97,21.65,21.82,470700,,
2021-11-16,21.70,21.75,21.32,21.46,557800,,
2021-11-17,21.40,21.57,21.03,21.25,921800,,
2021-11-18,21.23,21.40,20.50,20.80,735300,,
2021-11-19,20.51,20.68,20.00,20.22,1198300,,
2021-11-22,20.34,20.50,19.87,20.23,650500,,
2021-11-23,20.25,20.53,19.90,20.36,855300,,
2021-11-24,20.37,20.86,20.08,20.71,514000,,
2021-11-26,19.88,20.29,19.34,20.09,1025600,,
2021-11-29,20.42,20.49,19.70,19.97,988100,,
2021-11-30,19.78,19.92,19.40,19.71,937000,,
2021-12-01,20.18,20.65,19.84,19.99,1269200,,
2021-12-02,20.06,20.69,20.06,20.69,1179200,,
2021-12-03,20.77,20.89,19.92,20.29,1219600,,
2021-12-06,20.51,20.98,20.12,20.73,1097700,,
2021-12-07,21.00,21.06,20.26,20.33,1437200,,
2021-12-08,20.33,20.75,20.26,20.40,638500,,
2021-12-09,20.08,20.38,19.92,19.93,684200,,
2021-12-10,19.98,20.02,19.37,19.44,755700,,
2021-12-13,19.30,19.72,19.20,19.47,1067500,,
2021-12-14,19.40,19.98,19.28,19.44,857000,,
2021-12-15,19.45,19.56,18.83,19.55,850500,,
2021-12-16,19.81,19.86,19.10,19.13,714100,,
2021-12-17,19.16,19.80,18.90,19.65,1411100,,
2021-12-20,19.15,19.42,18.86,19.07,722400,,
2021-12-21,19.25,19.91,19.13,19.71,777300,,
2021-12-22,19.70,19.73,19.49,19.61,355200,,
2021-12-23,19.68,19.96,19.62,19.84,573100,,
2021-12-27,19.78,19.82,19.54,19.66,648800,,
2021-12-28,19.86,20.15,19.54,19.57,666400,,
2021-12-29,19.53,19.61,19.22,19.28,818700,,
2021-12-30,19.17,19.67,19.17,19.30,846900,,
2021-12-31,19.37,19.62,19.31,19.40,567100,,
2022-01-03,19.43,19.87,19.31,19.65,973600,,
2022-01-04,19.76,20.00,19.57,19.98,544400,,
2022-01-05,19.98,20.00,18.90,18.91,633400,,
2022-01-06,19.00,19.10,18.41,18.62,725600,,
2022-01-07,18.53,18.93,18.41,18.51,1160700,,
2022-01-10,18.40,18.54,17.92,18.21,1098900,,
2022-01-11,18.16,18.51,18.02,18.35,737500,,
2022-01-12,17.54,17.61,16.78,16.93,2246900,,
2022-01-13,17.11,17.87,17.04,17.29,1989900,,
2022-01-14,17.23,17.28,16.55,16.87,873200,,
2022-01-18,16.75,16.85,16.58,16.72,1180200,,
2022-01-19,16.75,17.17,16.64,16.87,796400,,
2022-01-20,16.94,17.58,16.91,17.09,1389200,,
2022-01-21,17.14,17.53,16.95,16.97,1444800,,
2022-01-24,16.62,17.03,16.31,17.00,1670200,,
2022-01-25,16.80,17.06,16.58,16.86,913300,,
2022-01-26,17.11,17.46,16.66,16.75,897800,,
2022-01-27,16.86,16.87,16.07,16.19,763500,,
2022-01-28,16.18,16.33,15.71,16.33,899300,,
2022-01-31,16.34,16.77,16.29,16.76,1425500,,
2022-02-01,16.94,17.06,16.57,17.03,687800,,
2022-02-02,16.82,16.97,16.58,16.80,668100,,
2022-02-03,16.57,16.78,16.27,16.30,593300,,
2022-02-04,16.35,16.65,16.09,16.48,708100,,
2022-02-07,16.49,16.89,16.47,16.70,514600,,
2022-02-08,16.75,17.10,16.62,17.05,474700,,
2022-02-09,17.29,17.39,17.17,17.29,660400,,
2022-02-10,16.93,17.49,16.81,16.85,687800,,
2022-02-11,16.92,17.30,16.79,17.09,1182700,,
2022-02-14,17.10,17.47,16.87,16.98,926800,,
2022-02-15,17.24,17.33,17.02,17.08,980000,,
2022-02-16,17.08,17.42,16.93,17.28,775100,,
2022-02-17,17.09,17.25,16.95,16.96,542600,,
2022-02-18,16.91,17.01,16.46,16.46,918200,,
2022-02-22,16.49,16.72,16.16,16.31,1051500,,
2022-02-23,16.61,16.78,15.01,15.04,1611500,,
2022-02-24,15.07,18.33,14.93,18.31,4121000,,
2022-02-25,18.31,18.70,17.80,18.68,2164400,,
2022-02-28,19.51,21.06,19.23,20.92,3619000,,
2022-03-01,21.06,21.95,19.99,20.01,3535400,,
2022-03-02,20.00,20.10,18.94,19.35,2227100,,
2022-03-03,19.37,19.48,18.69,18.95,1709200,,
2022-03-04,19.05,20.27,18.86,20.00,2773900,,
2022-03-07,20.10,20.98,20.06,20.73,3162400,,
2022-03-08,20.65,21.60,20.23,20.37,2361900,,
2022-03-09,20.22,20.22,19.17,19.39,1226800,,
2022-03-10,19.40,19.95,19.31,19.65,899100,,
2022-03-11,19.59,19.75,18.70,18.72,1091700,,
2022-03-14,18.49,18.62,17.76,18.13,1268400,,
2022-03-15,18.14,18.57,18.05,18.56,659300,,
2022-03-16,18.58,18.70,17.76,18.27,1320500,,
2022-03-17,18.27,18.98,18.04,18.87,2047000,,
2022-03-18,19.09,20.26,19.06,20.01,1703200,,
2022-03-21,19.78,20.16,19.36,19.65,844700,,
2022-03-22,19.71,20.30,19.55,20.07,665800,,
2022-03-23,20.03,20.04,19.46,19.80,732500,,
2022-03-24,20.24,21.00,20.20,20.97,1305400,,
2022-03-25,20.91,21.18,20.60,20.96,1183700,,
2022-03-28,20.82,21.04,20.36,20.67,1064400,,
2022-03-29,20.15,21.13,20.09,20.78,1255600,,
2022-03-30,20.77,20.89,20.34,20.48,746400,,
2022-03-31,20.59,20.62,20.18,20.48,593600,,
2022-04-01,20.48,20.85,20.17,20.70,951900,,
2022-04-04,20.79,21.98,20.65,21.88,2144100,,
2022-04-05,21.80,22.26,21.07,21.14,1563800,,
2022-04-06,21.07,21.27,20.37,20.70,963800,,
2022-04-07,21.01,21.04,20.15,20.45,697800,,
2022-04-08,20.41,20.65,19.33,19.41,1000000,,
2022-04-11,19.14,19.66,18.86,19.33,629600,,
2022-04-12,19.51,19.92,19.12,19.26,744700,,
2022-04-13,19.39,19.65,19.23,19.26,562700,,
2022-04-14,19.38,19.53,18.96,19.19,652200,,
2022-04-18,19.13,19.20,18.52,18.86,682900,,
2022-04-19,18.84,19.36,18.84,19.18,716600,,
2022-04-20,19.21,19.27,18.39,18.42,439300,,
2022-04-21,18.51,18.61,16.85,16.94,954500,,
2022-04-22,16.92,17.11,16.52,16.59,838100,,
2022-04-25,16.28,16.77,16.12,16.74,560400,,
2022-04-26,16.65,16.85,16.02,16.04,760100,,
2022-04-27,15.98,16.23,15.36,15.48,973900,,
2022-04-28,15.66,15.88,15.08,15.66,505700,,
2022-04-29,15.66,15.78,15.07,15.17,627700,,
2022-05-02,15.18,15.44,14.91,15.40,704400,,
2022-05-03,15.31,15.97,15.31,15.74,571200,,
2022-05-04,15.80,16.38,15.56,16.28,522800,,
2022-05-05,16.07,16.07,15.06,15.43,645700,,
2022-05-06,15.28,15.28,13.72,14.01,1211700,,
2022-05-09,13.57,13.61,12.72,12.99,1982200,,
2022-05-10,13.15,13.77,12.65,13.45,1693900,,
2022-05-11,13.49,13.96,12.83,12.87,1240300,,
2022-05-12,13.19,13.59,12.63,13.02,1222500,,
2022-05-13,13.40,13.59,13.02,13.16,1179300,,
2022-05-16,13.08,13.32,12.54,12.58,732000,,
2022-05-17,13.11,14.23,13.11,14.03,2839000,,
2022-05-18,13.82,14.34,13.44,13.50,1233000,,
2022-05-19,13.40,14.63,13.26,14.34,2461400,,
2022-05-20,14.49,14.90,13.50,13.90,1372000,,
2022-05-23,14.00,14.13,13.52,13.60,703600,,
2022-05-24,13.47,13.67,13.12,13.61,1047600,,
2022-05-25,13.47,13.86,13.45,13.63,829800,,
2022-05-26,14.63,14.78,14.27,14.28,1440300,,
2022-05-27,14.29,14.81,14.29,14.77,981500,,
2022-05-31,14.57,14.96,14.29,14.42,651000,,
2022-06-01,14.45,14.69,14.19,14.45,598200,,
2022-06-02,14.43,15.23,14.42,15.21,624100,,
2022-06-03,14.98,15.01,14.60,14.74,446900,,
2022-06-06,14.94,15.07,14.57,14.66,610600,,
2022-06-07,14.50,15.29,14.31,15.21,730200,,
2022-06-08,15.10,15.32,14.89,14.98,467900,,
2022-06-09,14.76,14.95,14.61,14.68,453200,,
2022-06-10,14.41,14.61,14.14,14.21,505300,,
2022-06-13,13.86,14.18,13.51,14.05,1091700,,
2022-06-14,13.99,14.11,13.26,13.63,1089000,,
2022-06-15,13.90,14.37,13.86,14.20,1034300,,
2022-06-16,13.95,14.16,13.48,13.65,855200,,
2022-06-17,13.83,13.99,13.30,13.56,2326800,,
2022-06-21,13.69,14.13,13.41,13.91,893600,,
2022-06-22,13.64,14.06,13.52,13.54,559400,,
2022-06-23,13.64,14.02,13.49,13.98,656800,,
2022-06-24,14.09,14.44,14.00,14.21,1763200,,
2022-06-27,14.16,14.36,13.91,14.21,416700,,
2022-06-28,14.39,14.53,13.97,14.03,537500,,
2022-06-29,14.13,14.14,13.41,13.73,675700,,
2022-06-30,13.54,13.99,13.32,13.88,566400,,
2022-07-01,13.75,14.13,13.63,13.93,726700,,
2022-07-05,13.80,13.85,13.01,13.74,666300,,
2022-07-06,13.66,13.84,13.39,13.65,425400,,
2022-07-07,13.66,13.99,13.66,13.97,491300,,
2022-07-08,13.89,14.05,13.60,13.81,416300,,
2022-07-11,13.78,13.79,13.11,13.24,648600,,
2022-07-12,13.16,13.53,13.05,13.09,760300,,
2022-07-13,12.87,13.09,12.72,12.74,593700,,
2022-07-14,12.58,12.73,12.32,12.70,644000,,
2022-07-15,12.98,13.06,12.61,13.05,616600,,
2022-07-18,13.40,13.49,12.97,13.00,781700,,
2022-07-19,13.20,13.76,13.15,13.68,1276300,,
2022-07-20,13.80,14.49,13.63,14.28,1251700,,
2022-07-21,14.27,14.59,14.05,14.58,860800,,
2022-07-22,14.64,14.80,14.27,14.31,1126100,,
2022-07-25,14.23,14.62,14.06,14.28,1152800,,
2022-07-26,14.28,14.43,13.85,13.91,767200,,
2022-07-27,14.04,14.11,13.70,13.96,813000,,
2022-07-28,14.11,14.20,13.79,14.12,678900,,
2022-07-29,14.12,14.52,14.05,14.39,719200,,
2022-08-01,14.38,15.12,14.30,15.06,809100,,
2022-08-02,15.05,15.80,15.05,15.29,740900,,
2022-08-03,15.48,15.56,14.85,15.27,1341200,,
2022-08-04,15.41,15.41,14.81,15.05,836300,,
2022-08-05,15.00,15.24,14.62,14.89,1018200,,
2022-08-08,14.90,15.09,14.78,15.00,863400,,
2022-08-09,14.86,14.89,14.40,14.52,580700,,
2022-08-10,14.79,15.26,14.75,15.10,588600,,
2022-08-11,15.34,15.44,15.10,15.12,843800,,
2022-08-12,15.15,15.61,15.09,15.58,686900,,
2022-08-15,15.45,16.02,15.45,16.01,648200,,
2022-08-16,15.87,16.23,15.87,15.95,704500,,
2022-08-17,15.69,15.71,15.29,15.29,622500,,
2022-08-18,15.25,15.41,15.07,15.39,475600,,
2022-08-19,15.18,15.18,14.69,14.75,486200,,
2022-08-22,14.51,14.58,14.10,14.17,506100,,
2022-08-23,14.13,14.33,13.88,14.04,456000,,
2022-08-24,14.11,14.44,13.98,14.00,759300,,
2022-08-25,14.08,14.18,13.39,14.13,1568900,,
2022-08-26,14.17,14.19,13.21,13.30,1169100,,
2022-08-29,13.13,13.18,12.86,12.91,804500,,
2022-08-30,13.00,13.10,12.61,12.75,753600,,
2022-08-31,12.78,12.87,12.53,12.54,605600,,
2022-09-01,12.42,12.42,11.74,12.29,1347500,,
2022-09-02,12.41,12.48,12.00,12.12,719300,,
2022-09-06,12.10,12.10,11.81,11.88,612200,,
2022-09-07,11.76,12.13,11.73,12.04,1227100,,
2022-09-08,11.96,12.16,11.83,12.10,654100,,
2022-09-09,12.15,12.67,12.13,12.61,591800,,
2022-09-12,12.65,12.80,12.48,12.79,731200,,
2022-09-13,12.41,12.41,12.04,12.10,683500,,
2022-09-14,12.06,12.28,11.83,12.22,700100,,
2022-09-15,12.17,12.30,11.98,12.06,680500,,
2022-09-16,11.83,12.24,11.69,12.13,2281800,,
2022-09-19,12.09,12.39,11.85,12.08,667400,,
2022-09-20,11.91,11.97,11.76,11.90,521300,,
2022-09-21,12.10,12.45,12.00,12.07,735700,,
2022-09-22,12.02,12.17,11.73,12.11,719100,,
2022-09-23,11.87,11.87,11.14,11.25,995500,,
2022-09-26,11.12,11.31,10.76,10.77,723800,,
2022-09-27,10.85,10.99,10.44,10.50,595700,,
2022-09-28,10.51,10.97,10.20,10.91,750100,,
2022-09-29,10.73,10.76,10.20,10.39,707400,,
2022-09-30,10.39,10.52,10.13,10.16,759000,,
2022-10-03,10.29,10.59,10.20,10.44,929600,,
2022-10-04,10.71,10.88,10.68,10.81,1067400,,
2022-10-05,10.63,10.71,10.30,10.57,1108900,,
2022-10-06,10.48,10.55,10.15,10.18,701000,,
2022-10-07,10.03,10.06,9.84,9.98,624800,,
2022-10-10,10.04,10.21,9.82,9.83,813800,,
2022-10-11,9.78,9.94,9.48,9.63,808000,,
2022-10-12,9.57,9.57,9.23,9.31,817500,,
2022-10-13,9.08,9.81,9.06,9.75,1050600,,
2022-10-14,9.83,9.93,9.23,9.36,781100,,
2022-10-17,9.67,10.08,9.63,9.98,1007700,,
2022-10-18,10.24,10.40,10.02,10.12,965000,,
2022-10-19,9.96,10.25,9.86,10.04,872700,,
2022-10-20,10.08,10.26,10.00,10.06,572200,,
2022-10-21,10.09,10.31,9.94,10.23,715300,,
2022-10-24,10.35,10.57,10.22,10.42,700900,,
2022-10-25,10.46,10.83,10.32,10.47,1197600,,
2022-10-26,10.55,10.78,10.45,10.49,897600,,
2022-10-27,10.60,10.91,10.60,10.72,561500,,
2022-10-28,10.75,11.14,10.51,11.09,820100,,
2022-10-31,11.01,11.21,10.93,11.08,670700,,
2022-11-01,11.29,11.42,11.19,11.32,724400,,
2022-11-02,11.31,11.33,10.78,10.78,657300,,
2022-11-03,10.61,10.91,10.53,10.80,873800,,
2022-11-04,9.91,10.79,9.63,10.79,1632200,,
2022-11-07,10.83,11.17,10.83,10.99,1194600,,
2022-11-08,10.94,11.27,10.67,10.80,717000,,
2022-11-09,10.73,10.73,10.10,10.15,782700,,
2022-11-10,10.66,11.14,10.66,11.02,880400,,
2022-11-11,10.93,11.09,10.84,10.97,675200,,
2022-11-14,10.94,11.00,10.23,10.24,1003300,,
2022-11-15,10.50,10.86,10.42,10.75,1180000,,
2022-11-16,10.66,10.70,10.11,10.15,1097700,,
2022-11-17,9.91,9.98,9.49,9.57,1152700,,
2022-11-18,9.78,9.83,9.35,9.44,956100,,
2022-11-21,9.38,9.47,9.25,9.44,745900,,
2022-11-22,9.49,9.49,9.23,9.26,627900,,
2022-11-23,9.21,9.49,9.21,9.32,576400,,
2022-11-25,9.30,9.44,9.21,9.35,283600,,
2022-11-28,9.25,9.36,9.09,9.12,850400,,
2022-11-29,9.13,9.40,9.10,9.15,595800,,
2022-11-30,9.23,9.60,9.00,9.52,1711200,,
2022-12-01,9.56,9.89,9.54,9.72,681700,,
2022-12-02,9.53,9.96,9.50,9.90,668700,,
2022-12-05,9.83,9.88,9.49,9.51,856400,,
2022-12-06,9.48,9.55,9.25,9.32,654800,,
2022-12-07,9.30,9.36,9.07,9.22,623500,,
2022-12-08,9.30,9.44,9.19,9.29,517900,,
2022-12-09,9.25,9.31,9.02,9.06,845300,,
2022-12-12,9.12,9.27,8.97,9.26,697300,,
2022-12-13,9.68,9.75,9.28,9.39,936300,,
2022-12-14,9.50,9.67,9.40,9.52,766500,,
2022-12-15,9.26,9.38,9.10,9.19,1311800,,
2022-12-16,9.05,9.24,9.02,9.21,1912900,,
2022-12-19,9.22,9.34,9.05,9.32,1319400,,
2022-12-20,9.28,9.59,9.24,9.52,1393800,,
2022-12-21,9.60,9.65,9.39,9.44,691900,,
2022-12-22,9.32,9.44,8.90,9.20,1275200,,
2022-12-23,9.20,9.51,9.18,9.44,654700,,
2022-12-27,9.38,9.59,9.27,9.49,894300,,
2022-12-28,9.46,9.73,9.37,9.65,945900,,
2022-12-29,9.72,10.11,9.67,10.07,861600,,
2022-12-30,9.94,10.36,9.72,10.32,992000,,
2023-01-03,10.29,10.50,9.87,10.03,1100800,,
2023-01-04,10.06,10.37,10.06,10.21,745600,,
2023-01-05,10.15,10.35,9.99,10.28,500100,,
2023-01-06,10.36,10.61,10.30,10.55,751400,,
2023-01-09,10.63,10.75,10.24,10.34,890200,,
2023-01-10,10.32,10.94,10.31,10.90,816500,,
2023-01-11,10.95,11.02,10.77,10.82,780500,,
2023-01-12,10.97,11.08,10.68,11.07,723100,,
2023-01-13,10.91,10.93,10.77,10.85,585300,,
2023-01-17,10.91,11.23,10.89,10.97,776900,,
2023-01-18,11.00,11.04,10.67,10.67,641700,,
2023-01-19,10.53,10.61,10.38,10.48,576400,,
2023-01-20,10.59,10.61,10.35,10.60,568200,,
2023-01-23,10.59,10.78,10.52,10.72,531300,,
2023-01-24,10.70,10.90,10.66,10.78,509600,,
2023-01-25,10.71,10.93,10.51,10.89,422100,,
2023-01-26,11.07,11.20,10.80,10.99,595800,,
2023-01-27,10.98,11.34,10.95,11.25,489300,,
2023-01-30,11.21,11.38,11.16,11.17,415000,,
2023-01-31,11.20,11.45,11.17,11.45,683700,,
2023-02-01,11.48,12.07,11.47,11.98,1110100,,
2023-02-02,12.17,12.48,12.08,12.32,877000,,
2023-02-03,12.20,12.41,12.02,12.05,686700,,
2023-02-06,12.01,12.22,11.72,11.80,601900,,
2023-02-07,11.77,12.00,11.53,11.90,501800,,
2023-02-08,11.81,11.83,11.39,11.44,420900,,
2023-02-09,11.59,11.76,11.04,11.14,528700,,
2023-02-10,11.03,11.22,11.00,11.15,439200,,
2023-02-13,11.24,11.51,11.20,11.49,438700,,
2023-02-14,11.45,11.56,11.28,11.53,455100,,
2023-02-15,11.41,11.89,11.41,11.87,369100,,
2023-02-16,11.67,11.84,11.56,11.58,456000,,
2023-02-17,11.60,11.63,11.39,11.59,524300,,
2023-02-21,11.50,11.64,11.17,11.33,671000,,
2023-02-22,11.32,11.55,11.19,11.38,670500,,
2023-02-23,11.55,11.73,11.19,11.47,685700,,
2023-02-24,12.57,13.66,12.40,12.98,2696700,,
2023-02-27,13.10,13.12,12.61,12.64,1046200,,
2023-02-28,12.62,12.83,12.57,12.65,998800,,
2023-03-01,12.61,12.73,12.47,12.69,777800,,
2023-03-02,12.58,13.02,12.50,13.01,701600,,
2023-03-03,12.99,13.17,12.88,13.09,726900,,
2023-03-06,13.18,13.63,13.03,13.16,1192700,,
2023-03-07,13.22,13.42,13.06,13.25,810600,,
2023-03-08,13.27,13.31,12.89,13.04,823100,,
2023-03-09,13.09,13.30,12.88,12.88,609700,,
2023-03-10,12.79,12.92,12.45,12.89,1051000,,
2023-03-13,12.54,12.83,12.31,12.63,1191300,,
2023-03-14,13.00,13.26,12.82,13.14,1110100,,
2023-03-15,12.80,12.87,12.32,12.82,1091900,,
2023-03-16,12.60,13.09,12.56,13.00,803300,,
2023-03-17,12.91,12.95,12.50,12.54,2427800,,
2023-03-20,12.70,12.95,12.58,12.82,1455100,,
2023-03-21,13.02,13.34,13.00,13.21,843100,,
2023-03-22,13.22,13.48,13.07,13.08,943100,,
2023-03-23,13.26,13.31,12.89,13.14,705900,,
2023-03-24,13.01,13.30,12.96,13.29,793400,,
2023-03-27,13.38,13.42,13.11,13.35,607400,,
2023-03-28,13.27,13.32,12.84,12.84,757300,,
2023-03-29,12.99,13.30,12.88,13.29,843800,,
2023-03-30,13.41,13.60,13.31,13.34,575300,,
2023-03-31,13.41,13.49,13.31,13.48,717600,,
2023-04-03,13.44,13.52,13.09,13.22,859100,,
2023-04-04,13.33,13.63,13.24,13.29,798200,,
2023-04-05,13.17,13.32,12.75,12.90,934800,,
2023-04-06,12.90,13.00,12.55,12.89,668000,,
2023-04-10,12.82,12.99,12.80,12.88,762500,,
2023-04-11,12.92,13.05,12.87,12.89,472700,,
2023-04-12,13.07,13.19,12.98,13.03,653200,,
2023-04-13,13.15,13.22,13.02,13.09,485300,,
2023-04-14,13.08,13.15,12.70,12.86,592400,,
2023-04-17,12.89,13.04,12.82,12.98,469800,,
2023-04-18,13.08,13.09,12.62,12.78,440000,,
2023-04-19,12.69,12.99,12.65,12.96,702100,,
2023-04-20,12.87,12.96,12.66,12.84,511100,,
2023-04-21,12.84,12.87,12.60,12.76,357300,,
2023-04-24,12.79,12.87,12.74,12.79,466400,,
2023-04-25,12.62,12.83,12.56,12.81,644000,,
2023-04-26,12.80,12.80,12.49,12.58,506300,,
2023-04-27,12.62,12.79,12.59,12.74,499700,,
2023-04-28,12.76,12.93,12.69,12.90,495000,,
2023-05-01,12.91,13.28,12.87,13.09,617800,,
2023-05-02,12.99,13.13,12.79,13.10,876800,,
2023-05-03,13.10,13.42,12.79,13.00,1127000,,
2023-05-04,12.50,14.16,12.12,13.98,1957800,,
2023-05-05,14.22,14.25,13.37,13.57,1254600,,
2023-05-08,13.64,13.69,13.11,13.21,790700,,
2023-05-09,13.19,13.60,13.10,13.59,749200,,
2023-05-10,13.82,13.84,13.36,13.55,676400,,
2023-05-11,13.44,13.44,13.26,13.39,532800,,
2023-05-12,13.42,13.52,13.24,13.39,444500,,
2023-05-15,13.43,13.70,13.40,13.57,477700,,
2023-05-16,13.59,13.79,13.46,13.65,692600,,
2023-05-17,13.78,14.22,13.76,14.13,819000,,
2023-05-18,14.19,14.19,13.91,14.16,729900,,
2023-05-19,14.24,14.29,13.76,13.78,760200,,
2023-05-22,13.82,14.09,13.82,14.07,706500,,
2023-05-23,13.94,14.26,13.83,13.83,683400,,
2023-05-24,13.68,13.83,13.35,13.44,754200,,
2023-05-25,13.42,13.42,12.91,13.10,720300,,
2023-05-26,13.08,13.33,13.02,13.28,742700,,
2023-05-30,13.33,13.39,13.05,13.18,691600,,
2023-05-31,13.13,13.25,12.88,13.14,791800,,
2023-06-01,13.13,13.66,13.12,13.60,491700,,
2023-06-02,13.77,14.12,13.65,13.87,954300,,
2023-06-05,13.96,13.99,13.55,13.61,860300,,
2023-06-06,13.63,14.16,13.63,14.11,581200,,
2023-06-07,14.16,14.50,14.08,14.43,767200,,
2023-06-08,14.37,14.42,14.09,14.34,565300,,
2023-06-09,14.37,14.42,14.13,14.25,423100,,
2023-06-12,14.24,14.46,14.15,14.35,609800,,
2023-06-13,14.38,14.41,13.93,14.00,666800,,
2023-06-14,14.00,14.03,13.72,13.91,833500,,
2023-06-15,13.86,13.90,13.76,13.87,588400,,
2023-06-16,14.00,14.00,13.65,13.72,1498900,,
2023-06-20,13.71,13.83,13.56,13.74,422400,,
2023-06-21,13.69,15.65,13.67,15.49,3119100,,
2023-06-22,15.37,15.46,14.50,14.55,1644500,,
2023-06-23,14.46,14.61,13.81,13.87,1320800,,
2023-06-26,13.80,14.06,13.60,13.99,699600,,
2023-06-27,13.99,14.41,13.93,14.37,477800,,
2023-06-28,14.37,14.52,14.30,14.43,517900,,
2023-06-29,14.48,14.76,14.48,14.63,568100,,
2023-06-30,14.72,14.78,14.26,14.34,668000,,
2023-07-03,14.17,14.24,14.02,14.15,464000,,
2023-07-05,14.08,14.16,13.98,14.03,489200,,
2023-07-06,13.91,13.96,13.46,13.61,549100,,
2023-07-07,13.60,13.75,13.42,13.44,453200,,
2023-07-10,13.42,13.64,13.34,13.64,1201100,,
2023-07-11,13.77,13.77,13.50,13.60,525300,,
2023-07-12,13.75,13.86,13.49,13.56,943300,,
2023-07-13,13.57,13.63,13.20,13.37,2124900,,
2023-07-14,13.34,13.50,13.13,13.18,912600,,
2023-07-17,13.14,13.47,13.14,13.33,712200,,
2023-07-18,13.40,13.78,13.38,13.47,583300,,
2023-07-19,13.54,13.66,13.17,13.35,642100,,
2023-07-20,13.48,14.39,13.42,14.38,1308700,,
2023-07-21,14.38,15.00,14.33,14.36,1020800,,
2023-07-24,14.33,14.58,14.21,14.57,680000,,
2023-07-25,14.54,14.62,14.34,14.59,1136100,,
2023-07-26,14.59,14.85,14.54,14.60,509500,,
2023-07-27,14.55,14.77,14.40,14.60,1363200,,
2023-07-28,14.61,14.76,14.46,14.70,518900,,
2023-07-31,14.72,15.27,14.68,15.09,1202900,,
2023-08-01,15.00,15.09,14.66,15.06,950800,,
2023-08-02,14.90,14.91,14.54,14.69,700100,,
2023-08-03,14.57,14.81,14.34,14.43,848200,,
2023-08-04,15.35,16.94,15.34,16.60,3915200,,
2023-08-07,16.65,16.71,15.75,16.70,1989200,,
2023-08-08,16.58,17.27,16.13,17.18,1541400,,
2023-08-09,17.26,17.31,16.13,16.33,1063500,,
2023-08-10,16.45,16.88,16.36,16.65,1064100,,
2023-08-11,16.50,16.56,16.20,16.38,567800,,
2023-08-14,16.25,16.37,16.02,16.05,1112200,,
2023-08-15,15.96,16.03,15.27,15.30,1217700,,
2023-08-16,15.24,15.66,15.20,15.26,652700,,
2023-08-17,15.25,15.59,15.20,15.30,903900,,
2023-08-18,15.11,15.37,15.01,15.17,545300,,
2023-08-21,15.15,15.44,15.02,15.25,525700,,
2023-08-22,15.33,15.41,15.04,15.25,446200,,
2023-08-23,15.29,15.78,15.21,15.72,641600,,
2023-08-24,15.60,15.63,15.00,15.01,543700,,
2023-08-25,15.15,15.41,15.06,15.25,594200,,
2023-08-28,15.33,15.76,15.26,15.68,721400,,
2023-08-29,15.68,15.80,15.56,15.64,647300,,
2023-08-30,15.71,16.01,15.64,15.65,673100,,
2023-08-31,15.75,16.38,15.53,16.09,1972500,,
2023-09-01,16.24,16.63,16.01,16.21,720000,,
2023-09-05,16.21,16.21,15.49,15.52,697900,,
2023-09-06,15.61,15.92,15.44,15.53,797300,,
2023-09-07,15.46,15.50,14.86,15.08,748700,,
2023-09-08,15.07,15.12,14.67,14.70,483200,,
2023-09-11,14.77,14.94,14.68,14.75,620500,,
2023-09-12,14.64,14.85,14.56,14.62,420500,,
2023-09-13,14.58,14.83,14.58,14.62,506500,,
2023-09-14,14.70,14.94,14.67,14.72,563300,,
2023-09-15,14.76,14.83,14.47,14.60,1315000,,
2023-09-18,14.60,15.13,14.48,14.87,553200,,
2023-09-19,14.85,14.96,14.54,14.63,609600,,
2023-09-20,14.75,15.11,14.62,14.85,596800,,
2023-09-21,14.65,14.68,14.20,14.37,736000,,
2023-09-22,14.34,14.53,14.26,14.35,777000,,
2023-09-25,14.23,14.47,13.98,14.38,709100,,
2023-09-26,14.21,14.65,14.16,14.52,880600,,
2023-09-27,14.55,15.00,14.55,14.91,916500,,
2023-09-28,14.87,15.04,14.79,14.91,714100,,
2023-09-29,15.00,15.17,14.96,15.02,588600,,
2023-10-02,14.98,15.20,14.95,15.07,645900,,
2023-10-03,15.00,15.12,14.74,14.78,681400,,
2023-10-04,14.79,14.90,14.33,14.82,824000,,
2023-10-05,14.68,15.01,14.58,14.87,729900,,
2023-10-06,14.82,15.24,14.70,15.13,677900,,
2023-10-09,15.72,16.92,15.63,16.81,2323500,,
2023-10-10,17.13,17.50,16.73,17.26,2571800,,
2023-10-11,17.42,17.73,16.83,17.03,1831500,,
2023-10-12,17.05,17.08,16.38,16.50,1238800,,
2023-10-13,16.65,16.98,16.52,16.95,1097900,,
2023-10-16,17.15,17.42,16.61,17.39,1676100,,
2023-10-17,17.33,17.85,17.23,17.60,1601400,,
2023-10-18,17.61,18.04,17.42,17.47,1344200,,
2023-10-19,17.63,17.63,16.89,17.00,1187200,,
2023-10-20,17.00,17.28,16.78,17.14,1233300,,
2023-10-23,17.05,17.58,16.92,17.17,1349800,,
2023-10-24,17.37,17.45,16.98,17.17,1340000,,
2023-10-25,17.20,17.53,17.10,17.21,1262400,,
2023-10-26,17.18,17.47,16.95,17.22,943600,,
2023-10-27,17.35,17.45,16.75,16.96,987000,,
2023-10-30,16.99,17.25,16.53,16.81,946300,,
2023-10-31,16.89,17.24,16.81,17.05,1256100,,
2023-11-01,17.17,17.30,16.97,17.22,951800,,
2023-11-02,17.47,17.95,17.40,17.95,1733700,,
2023-11-03,17.90,17.99,16.36,17.25,2795000,,
2023-11-06,17.49,17.63,17.00,17.56,1010400,,
2023-11-07,17.69,17.87,17.18,17.79,1156100,,
2023-11-08,17.87,17.88,17.15,17.38,1078400,,
2023-11-09,17.59,17.59,17.01,17.16,660700,,
2023-11-10,17.17,17.55,17.04,17.48,660200,,
2023-11-13,17.42,18.37,17.42,18.11,1396500,,
2023-11-14,19.00,19.02,18.08,18.57,1796400,,
2023-11-15,18.65,18.86,18.34,18.65,1286100,,
2023-11-16,18.54,18.60,18.21,18.53,793600,,
2023-11-17,18.58,18.95,18.51,18.68,791400,,
2023-11-20,18.65,19.33,18.62,19.18,1162100,,
2023-11-21,19.16,19.20,18.63,18.77,1075900,,
2023-11-22,18.72,19.09,18.67,19.05,728300,,
2023-11-24,19.17,19.50,19.13,19.46,498800,,
2023-11-27,19.50,19.54,19.30,19.52,1135100,,
2023-11-28,19.59,19.72,19.38,19.38,1059400,,
2023-11-29,19.33,19.50,18.57,18.65,1561100,,
2023-11-30,18.65,19.18,18.63,19.05,1253000,,
2023-12-01,19.07,19.54,18.76,19.53,1073900,,
2023-12-04,19.49,20.24,19.49,20.22,1383300,,
2023-12-05,20.17,20.30,20.00,20.05,935900,,
2023-12-06,20.04,20.38,19.99,20.04,796900,,
2023-12-07,20.01,20.17,19.64,20.16,866200,,
2023-12-08,20.14,20.47,20.08,20.39,582900,,
2023-12-11,20.49,20.55,19.99,20.30,1164600,,
2023-12-12,20.31,20.93,20.25,20.83,1043300,,
2023-12-13,20.83,21.24,20.49,21.16,1269300,,
2023-12-14,21.30,21.42,20.11,20.35,1876100,,
2023-12-15,20.55,20.70,20.13,20.36,3532200,,
2023-12-18,20.34,20.52,20.06,20.28,844800,,
2023-12-19,20.28,20.63,20.28,20.57,927800,,
2023-12-20,20.48,20.67,20.00,20.01,878700,,
2023-12-21,20.28,20.52,20.04,20.24,760200,,
2023-12-22,20.29,20.56,20.26,20.29,736600,,
2023-12-26,20.42,20.61,20.21,20.55,471100,,
2023-12-27,20.53,20.83,20.45,20.61,634900,,
2023-12-28,20.50,20.82,20.44,20.59,575900,,
2023-12-29,20.57,20.57,20.22,20.29,750700,,
2024-01-02,20.29,20.43,19.54,19.76,946000,,
2024-01-03,19.62,19.74,18.45,18.50,1800200,,
2024-01-04,18.70,18.86,18.34,18.53,706800,,
2024-01-05,18.53,18.64,18.27,18.30,772400,,
2024-01-08,18.17,18.52,17.87,18.51,720300,,
2024-01-09,18.29,18.40,18.03,18.13,835500,,
2024-01-10,18.31,18.68,18.21,18.58,916400,,
2024-01-11,18.55,18.55,18.11,18.41,713100,,
2024-01-12,18.65,18.97,18.49,18.96,597600,,
2024-01-16,19.29,19.35,18.48,18.66,691800,,
2024-01-17,18.34,18.58,18.26,18.36,540400,,
2024-01-18,18.42,18.64,18.36,18.51,612000,,
2024-01-19,18.45,18.45,18.09,18.35,669400,,
2024-01-22,18.53,18.77,18.50,18.59,881000,,
2024-01-23,18.68,18.82,18.04,18.06,894700,,
2024-01-24,18.22,18.27,17.34,17.39,1339800,,
2024-01-25,17.47,17.61,17.14,17.46,810200,,
2024-01-26,17.50,17.68,17.07,17.20,749100,,
2024-01-29,17.26,17.69,17.20,17.63,796000,,
2024-01-30,17.53,17.60,17.13,17.28,603800,,
2024-01-31,17.39,17.48,16.93,16.93,1062400,,
2024-02-01,17.08,17.24,16.71,17.24,855900,,
2024-02-02,17.13,17.23,16.83,17.04,779500,,
2024-02-05,16.87,17.57,16.76,17.44,979600,,
2024-02-06,17.44,17.73,17.30,17.73,966500,,
2024-02-07,17.74,17.86,17.64,17.67,726300,,
2024-02-08,17.60,17.82,17.44,17.74,672700,,
2024-02-09,18.00,18.37,17.82,18.26,807100,,
2024-02-12,18.50,18.62,18.20,18.38,911400,,
2024-02-13,17.96,18.32,17.65,17.80,1311100,,
2024-02-14,19.66,21.60,19.46,20.82,4243300,,
2024-02-15,21.09,21.09,20.45,20.70,1516800,,
2024-02-16,20.60,20.99,20.28,20.77,1459200,,
2024-02-20,20.55,20.90,20.22,20.50,1093200,,
2024-02-21,20.46,20.68,20.05,20.18,665600,,
2024-02-22,19.02,19.42,18.51,18.78,3279800,,
2024-02-23,17.89,18.32,17.77,18.05,9548400,,
2024-02-26,18.22,18.63,18.02,18.56,4791700,,
2024-02-27,18.72,18.87,18.49,18.68,4947300,,
2024-02-28,18.59,18.68,18.26,18.34,1576500,,
2024-02-29,18.42,18.62,17.98,18.24,2100000,,
2024-03-01,18.30,18.30,17.97,18.03,1448600,,
2024-03-04,18.05,18.40,17.88,18.00,1435500,,
2024-03-05,18.00,18.30,17.77,17.82,1387700,,
2024-03-06,18.06,18.43,17.87,18.17,1147100,,
2024-03-07,18.28,18.77,18.21,18.63,1246000,,
2024-03-08,18.78,18.80,18.39,18.49,973100,,
2024-03-11,18.57,18.61,18.07,18.14,821000,,
2024-03-12,18.07,18.16,17.88,17.93,834400,,
2024-03-13,17.94,18.09,17.48,17.54,990300,,
2024-03-14,17.60,17.66,17.20,17.38,1063900,,
2024-03-15,17.34,17.60,17.07,17.10,2938700,,
2024-03-18,17.10,17.25,16.78,17.00,1002900,,
2024-03-19,16.97,17.26,16.96,17.14,726600,,
2024-03-20,17.03,17.71,17.03,17.51,1098000,,
2024-03-21,17.64,17.88,17.45,17.77,1060200,,
2024-03-22,17.77,17.77,17.23,17.50,809400,,
2024-03-25,17.66,18.08,17.56,17.79,893500,,
2024-03-26,17.80,17.92,17.62,17.79,708800,,
2024-03-27,18.00,18.14,17.84,18.13,915900,,
2024-03-28,18.16,18.47,18.16,18.38,1288200,,
2024-04-01,18.56,18.89,18.35,18.36,1126600,,
2024-04-02,18.24,18.34,18.00,18.05,961700,,
2024-04-03,18.04,18.18,17.76,18.10,799200,,
2024-04-04,18.37,18.60,17.60,17.64,866300,,
2024-04-05,17.60,17.93,17.56,17.80,854600,,
2024-04-08,17.90,18.85,17.85,18.51,1412600,,
2024-04-09,18.32,18.49,18.15,18.33,1085000,,
2024-04-10,17.79,18.40,17.49,18.10,1399200,,
2024-04-11,18.13,18.42,17.70,18.23,1237300,,
2024-04-12,18.26,18.83,17.97,18.21,1579800,,
2024-04-15,18.27,18.42,17.64,17.74,1455300,,
2024-04-16,17.58,17.83,17.29,17.63,1271900,,
2024-04-17,17.80,17.90,17.38,17.75,707800,,
2024-04-18,17.78,18.03,17.56,17.61,722200,,
2024-04-19,17.51,18.39,17.51,18.02,1217900,,
2024-04-22,17.99,18.03,17.62,17.83,816100,,
2024-04-23,17.79,18.12,17.70,17.84,886500,,
2024-04-24,17.71,17.89,17.50,17.77,1140200,,
2024-04-25,17.72,17.72,17.05,17.28,1020300,,
2024-04-26,18.80,19.23,18.24,18.86,2875000,,
2024-04-29,19.00,19.14,18.60,18.66,1039200,,
2024-04-30,18.53,18.70,17.80,17.82,1494000,,
2024-05-01,17.82,18.45,17.82,18.19,893400,,
2024-05-02,18.31,18.41,17.76,18.09,985000,,
2024-05-03,18.43,18.56,17.99,18.54,1017100,,
2024-05-06,18.65,19.05,18.65,19.01,919400,,
2024-05-07,18.95,19.30,18.67,18.76,1306600,,
2024-05-08,19.11,20.05,18.56,19.84,2354400,,
2024-05-09,19.70,19.87,19.35,19.73,1345100,,
2024-05-10,19.75,19.88,19.52,19.85,1329500,,
2024-05-13,19.90,19.99,19.49,19.52,951400,,
2024-05-14,19.80,20.08,19.72,20.06,991300,,
2024-05-15,20.23,20.52,20.13,20.31,1246600,,
2024-05-16,20.25,20.71,20.24,20.59,1234300,,
2024-05-17,20.65,21.07,20.61,21.03,1036500,,
2024-05-20,21.10,21.71,20.97,21.64,1284300,,
2024-05-21,21.55,22.04,21.47,21.70,1105100,,
2024-05-22,21.64,21.68,21.17,21.41,939700,,
2024-05-23,21.43,21.65,21.09,21.20,992400,,
2024-05-24,21.24,21.57,21.18,21.54,806600,,
2024-05-28,21.78,22.78,21.61,21.80,1398900,,
2024-05-29,21.59,21.76,21.33,21.43,794000,,
2024-05-30,21.55,21.74,21.42,21.62,797400,,
2024-05-31,21.63,21.85,21.42,21.74,898200,,
2024-06-03,21.91,22.08,21.54,21.77,854400,,
2024-06-04,21.66,21.66,21.06,21.10,963100,,
2024-06-05,21.10,21.37,20.92,21.30,620700,,
2024-06-06,21.12,21.21,20.78,20.80,562200,,
2024-06-07,20.63,20.74,20.31,20.38,754000,,
2024-06-10,20.37,20.74,20.30,20.46,587100,,
2024-06-11,20.30,20.35,20.07,20.24,711800,,
2024-06-12,20.73,20.78,20.36,20.46,576500,,
2024-06-13,20.46,20.47,19.86,20.09,833700,,
2024-06-14,19.80,19.83,19.36,19.80,670500,,
2024-06-17,19.60,19.84,19.23,19.75,1108300,,
2024-06-18,19.77,20.23,19.56,20.20,1025000,,
2024-06-20,20.17,20.31,20.06,20.16,935700,,
2024-06-21,20.12,20.68,19.91,20.65,3928700,,
2024-06-24,20.63,21.46,20.46,20.48,1294400,,
2024-06-25,20.26,20.36,19.95,20.16,847300,,
2024-06-26,19.93,19.93,19.58,19.81,902200,,
2024-06-27,19.79,20.05,19.67,19.97,574700,,
2024-06-28,20.16,20.49,19.78,20.01,4160500,,
2024-07-01,19.98,20.10,19.54,19.74,920000,,
2024-07-02,19.71,20.36,19.67,20.33,955100,,
2024-07-03,20.33,20.61,20.23,20.48,448100,,
2024-07-05,20.35,20.66,20.15,20.62,568000,,
2024-07-08,20.81,21.28,20.75,20.78,642100,,
2024-07-09,20.75,20.97,20.40,20.43,827400,,
2024-07-10,20.50,20.64,20.37,20.64,695600,,
2024-07-11,21.10,21.25,20.82,21.10,782700,,
2024-07-12,21.32,21.42,20.98,21.01,670700,,
2024-07-15,21.23,21.54,21.13,21.47,815800,,
2024-07-16,21.67,22.11,21.62,22.07,1022000,,
2024-07-17,21.89,22.29,21.52,21.72,993400,,
2024-07-18,21.56,21.97,21.21,21.30,643600,,
2024-07-19,21.40,21.40,20.83,20.97,615200,,
2024-07-22,21.12,21.52,20.81,21.40,632100,,
2024-07-23,21.46,22.57,21.46,22.54,1116900,,
2024-07-24,22.38,22.69,21.79,21.80,1145400,,
2024-07-25,21.90,22.84,21.86,22.25,1101700,,
2024-07-26,22.70,22.84,22.45,22.66,681100,,
2024-07-29,22.70,22.84,22.44,22.57,733600,,
2024-07-30,22.66,22.87,22.16,22.39,1067100,,
2024-07-31,22.66,22.96,22.26,22.54,751300,,
2024-08-01,22.54,22.89,21.57,22.03,789300,,
2024-08-02,21.15,21.23,20.49,20.98,837500,,
2024-08-05,19.75,20.46,19.50,20.25,849400,,
2024-08-06,20.14,20.78,20.01,20.36,650100,,
2024-08-07,20.56,20.82,20.02,20.07,826700,,
2024-08-08,19.06,20.18,17.91,19.75,1986400,,
2024-08-09,19.90,20.20,19.65,19.73,1020400,,
2024-08-12,19.97,20.05,19.36,19.62,876200,,
2024-08-13,19.84,19.90,19.56,19.84,687900,,
2024-08-14,19.95,20.31,19.69,19.84,1592500,,
2024-08-15,20.21,20.33,19.95,20.24,706500,,
2024-08-16,20.40,21.60,20.37,21.16,1555200,,
2024-08-19,21.16,21.50,21.00,21.38,870900,,
2024-08-20,21.37,21.38,20.58,20.79,723000,,
2024-08-21,20.94,21.02,20.70,20.95,463900,,
2024-08-22,21.29,21.70,21.20,21.65,810200,,
2024-08-23,21.76,22.99,21.76,22.77,1563800,,
2024-08-26,22.95,23.18,22.26,22.58,1130000,,
2024-08-27,22.51,22.60,22.21,22.30,703000,,
2024-08-28,22.30,22.91,22.30,22.52,737000,,
2024-08-29,22.62,23.23,22.50,22.58,1185900,,
2024-08-30,22.73,23.01,22.41,22.94,738300,,
2024-09-03,22.69,22.80,21.90,21.93,922000,,
2024-09-04,21.99,22.64,21.89,22.07,839700,,
2024-09-05,22.18,22.22,21.75,21.84,536300,,
2024-09-06,21.71,21.89,20.98,21.09,886400,,
2024-09-09,21.20,21.60,21.07,21.36,803100,,
2024-09-10,21.49,21.49,20.90,21.22,594000,,
2024-09-11,21.05,21.57,20.83,21.53,583200,,
2024-09-12,21.53,22.05,21.40,21.98,524400,,
2024-09-13,22.20,22.57,22.10,22.49,774500,,
2024-09-16,22.50,22.50,21.78,22.15,930400,,
2024-09-17,22.39,22.63,22.17,22.43,1061400,,
2024-09-18,22.58,23.98,22.48,23.41,1964300,,
2024-09-19,23.98,24.08,22.38,22.80,1538200,,
2024-09-20,22.76,23.33,22.64,22.91,3798900,,
2024-09-23,23.37,23.95,23.10,23.55,1164800,,
2024-09-24,23.55,23.55,23.07,23.22,771900,,
2024-09-25,23.25,23.31,22.99,23.06,784700,,
2024-09-26,23.35,23.57,23.15,23.19,722800,,
2024-09-27,23.41,23.68,23.20,23.29,989900,,
2024-09-30,23.19,23.61,23.07,23.30,602500,,
2024-10-01,23.31,25.13,22.95,24.82,2266700,,
2024-10-02,25.01,25.51,24.68,25.34,1667200,,
2024-10-03,25.22,25.38,24.93,25.18,1228600,,
2024-10-04,25.21,25.32,24.32,24.75,1270700,,
2024-10-07,24.85,24.99,24.50,24.79,637400,,
2024-10-08,24.79,25.45,24.79,25.07,950000,,
2024-10-09,25.00,25.20,24.68,24.96,706200,,
2024-10-10,24.65,24.84,24.19,24.43,777300,,
2024-10-11,24.46,25.25,24.43,25.16,849300,,
2024-10-14,25.25,25.47,25.09,25.35,617400,,
2024-10-15,25.37,25.41,24.58,25.30,1147200,,
2024-10-16,25.40,25.82,25.38,25.74,866700,,
2024-10-17,25.74,25.91,25.20,25.22,556900,,
2024-10-18,25.16,25.27,24.83,24.85,576800,,
2024-10-21,24.96,25.11,24.56,24.67,469000,,
2024-10-22,24.60,24.67,24.21,24.30,522700,,
2024-10-23,24.26,24.40,23.78,24.01,697300,,
2024-10-24,24.00,24.41,23.89,23.93,521800,,
2024-10-25,24.17,24.43,23.95,23.95,524600,,
2024-10-28,24.20,24.42,23.83,24.20,718900,,
2024-10-29,24.12,24.32,23.89,24.19,415000,,
2024-10-30,23.81,24.25,23.32,23.59,1240500,,
2024-10-31,23.59,23.66,22.69,22.72,1094800,,
2024-11-01,22.82,23.21,22.74,22.87,697000,,
2024-11-04,22.80,23.18,22.77,22.99,634300,,
2024-11-05,23.06,23.36,23.00,23.19,891800,,
2024-11-06,24.72,24.92,23.89,24.27,1736500,,
2024-11-07,24.47,24.48,23.81,23.82,1460300,,
2024-11-08,24.08,26.21,24.07,25.97,2052500,,
2024-11-11,26.57,27.53,26.31,27.08,1985700,,
2024-11-12,26.97,27.70,26.75,27.26,1582100,,
2024-11-13,27.58,28.62,27.53,27.73,1548700,,
2024-11-14,27.66,27.97,25.20,25.28,1637300,,
2024-11-15,25.53,25.53,24.37,24.42,1394500,,
2024-11-18,24.49,24.81,24.34,24.38,1026600,,
2024-11-19,24.64,25.08,24.38,25.05,1312800,,
2024-11-20,25.01,25.32,24.70,25.22,1207600,,
2024-11-21,25.36,26.36,25.02,26.24,1114700,,
2024-11-22,26.48,26.85,26.17,26.63,839900,,
2024-11-25,27.05,27.20,26.17,26.41,1162200,,
2024-11-26,26.28,27.53,26.24,27.24,1117800,,
2024-11-27,27.50,27.66,26.43,26.95,911500,,
2024-11-29,27.33,27.44,26.89,27.09,593100,,
2024-12-02,27.18,27.21,26.41,26.91,851800,,
2024-12-03,27.05,27.08,26.03,26.36,905800,,
2024-12-04,26.42,28.04,26.28,27.95,1119800,,
2024-12-05,27.76,27.77,27.27,27.30,1211400,,
2024-12-06,27.62,28.07,27.39,27.99,840000,,
2024-12-09,28.30,28.37,26.84,27.23,1098000,,
2024-12-10,27.20,27.67,27.05,27.37,816500,,
2024-12-11,27.61,27.62,27.15,27.34,637000,,
2024-12-12,27.21,27.69,26.48,26.50,676300,,
2024-12-13,26.50,27.36,26.50,26.84,804700,,
2024-12-16,27.79,28.71,27.36,28.29,2628200,,
2024-12-17,28.23,28.24,27.11,27.25,1428400,,
2024-12-18,27.22,27.32,25.17,25.51,1738300,,
2024-12-19,26.02,26.37,25.26,25.60,1409100,,
2024-12-20,25.06,26.11,25.04,25.87,2601100,,
2024-12-23,26.37,26.37,25.71,25.99,957000,,
2024-12-24,26.06,26.72,25.83,26.66,464900,,
2024-12-26,26.56,26.88,26.26,26.75,763900,,
2024-12-27,26.92,27.27,26.35,26.52,1029000,,
2024-12-30,26.13,26.78,25.64,26.52,851300,,
2024-12-31,26.66,26.85,26.25,26.38,892200,,
2025-01-02,26.37,27.00,26.15,26.38,876500,,
2025-01-03,26.40,27.54,26.40,27.48,931500,,
2025-01-06,29.40,29.96,28.40,29.53,3722400,,
2025-01-07,29.88,30.39,28.36,28.61,2391000,,
2025-01-08,28.30,28.96,27.38,28.94,1791600,,
2025-01-10,28.23,29.69,28.08,29.37,1746800,,
2025-01-13,29.70,31.19,29.37,30.89,3185200,,
2025-01-14,31.60,33.09,31.42,32.76,2916400,,
2025-01-15,33.30,34.33,32.83,34.05,4039500,,
2025-01-16,34.13,34.83,33.25,33.61,2589500,,
2025-01-17,33.84,34.53,33.20,33.62,4950400,,
2025-01-21,34.01,35.31,33.78,35.22,3105400,,
2025-01-22,35.21,35.66,34.69,34.95,1830500,,
2025-01-23,34.83,35.22,34.33,34.57,2874700,,
2025-01-24,34.41,34.85,33.99,34.13,1613400,,
2025-01-27,33.46,33.77,32.58,33.48,1869000,,
2025-01-28,33.50,35.21,33.22,33.48,2078900,,
2025-01-29,33.44,33.66,32.39,32.75,2213500,,
2025-01-30,33.49,33.84,32.73,33.65,1228200,,
2025-01-31,33.68,34.26,33.35,33.37,1358900,,
2025-02-03,32.50,33.80,32.40,33.20,1436200,,
2025-02-04,33.30,34.48,33.30,34.38,1757700,,
2025-02-05,34.60,34.78,34.16,34.28,1385600,,
2025-02-06,34.33,34.36,31.98,32.54,2037300,,
2025-02-07,32.60,32.86,32.14,32.46,1475000,,
2025-02-10,32.92,33.29,32.29,33.09,1543600,,
2025-02-11,32.85,33.04,31.91,32.07,1720600,,
2025-02-12,31.38,31.88,30.88,31.01,1902800,,
2025-02-13,31.25,31.80,28.28,28.56,3897900,,
2025-02-14,28.26,28.26,26.89,27.16,3734400,,
2025-02-18,27.30,27.65,26.75,27.05,2681200,,
2025-02-19,27.04,27.22,26.57,26.85,1793400,,
2025-02-20,26.77,26.87,25.55,25.99,2269900,,
2025-02-21,27.03,27.22,25.19,25.29,2331400,,
2025-02-24,25.56,25.56,23.90,24.39,2340200,,
2025-02-25,24.56,25.22,24.33,25.11,2934700,,
2025-02-26,25.20,25.51,24.61,24.96,2609300,,
2025-02-27,25.01,26.52,24.80,26.27,3397200,,
2025-02-28,25.78,26.41,25.11,26.39,2862800,,
2025-03-03,26.77,26.80,25.90,26.01,2350000,,
2025-03-04,25.50,26.80,25.32,26.38,2373800,,
2025-03-05,26.33,27.92,26.28,27.81,2772300,,
2025-03-06,27.45,27.85,26.37,26.88,2292200,,
2025-03-07,26.57,27.44,26.05,27.29,1910500,,
2025-03-10,27.67,30.05,27.40,29.18,7229300,,
2025-03-11,29.12,29.98,28.49,29.06,4217300,,
2025-03-12,29.48,30.01,29.13,29.60,3267900,,
2025-03-13,29.44,30.26,29.11,29.52,2382300,,
2025-03-14,29.70,30.71,29.44,30.43,3177300,,
2025-03-17,30.63,32.40,30.63,31.89,3780700,,
2025-03-18,31.47,31.84,30.93,31.25,2876700,,
2025-03-19,31.35,32.67,31.01,32.56,3099000,,
2025-03-20,31.90,32.69,31.34,31.70,3498200,,
2025-03-21,31.48,31.63,30.47,30.81,34278800,,
2025-03-24,30.97,32.59,30.95,32.53,2990700,,
2025-03-25,32.33,32.99,32.32,32.96,1850300,,
2025-03-26,33.00,33.50,31.16,31.42,2215000,,
2025-03-27,31.27,32.28,31.15,31.47,2046300,,
2025-03-28,31.47,31.73,30.46,30.68,3261600,,
2025-03-31,29.81,30.02,28.94,29.69,2768500,,
2025-04-01,29.68,29.68,28.64,29.30,2025600,,
2025-04-02,28.64,31.24,28.55,31.16,1885800,,
2025-04-03,29.71,30.81,29.51,30.42,1991000,,
2025-04-04,28.91,29.79,27.51,27.82,2559600,,
2025-04-07,26.27,29.05,25.78,28.24,3122700,,
2025-04-08,29.43,30.84,28.27,28.92,3812700,,
2025-04-09,28.39,32.13,28.39,31.83,3486600,,
2025-04-10,30.91,32.04,30.27,31.71,2425400,,
2025-04-11,31.71,33.50,31.47,33.24,2490700,,
2025-04-14,33.60,33.60,32.36,32.99,1517400,,
2025-04-15,32.92,33.48,32.55,32.96,1083300,,
2025-04-16,32.89,33.48,32.64,33.27,1551800,,
2025-04-17,33.47,33.94,32.89,33.09,2131500,,
2025-04-21,32.88,33.15,31.48,31.92,1409300,,
2025-04-22,31.98,32.41,31.49,32.12,1712000,,
2025-04-23,33.16,33.85,32.48,32.96,2461100,,
2025-04-24,32.95,34.53,32.62,33.29,2156400,,
2025-04-25,32.99,33.63,32.63,33.59,1461900,,
2025-04-28,33.46,33.90,32.68,33.50,1512200,,
2025-04-29,33.50,34.53,33.50,34.42,1584900,,
2025-04-30,33.84,33.92,33.13,33.78,1468400,,
2025-05-01,34.39,35.16,33.60,34.93,1543500,,
2025-05-02,35.44,36.85,35.44,36.29,2302100,,
2025-05-05,35.39,36.21,34.55,35.88,2110700,,
2025-05-06,35.53,36.39,35.34,36.23,1717300,,
2025-05-07,36.24,36.57,35.71,36.06,2291600,,
2025-05-08,36.60,36.75,33.46,34.22,3269900,,
2025-05-09,34.09,34.20,33.18,33.61,2092100,,
2025-05-12,34.43,34.67,32.85,33.93,2215500,,
2025-05-13,34.46,34.70,33.60,33.78,1796200,,
2025-05-14,33.95,34.37,33.06,33.53,1489000,,
2025-05-15,33.56,34.45,33.56,34.39,1072700,,
2025-05-16,34.31,35.25,34.02,35.21,1834900,,
2025-05-19,34.64,35.29,34.64,35.13,1188200,,
2025-05-20,35.10,36.11,34.89,35.74,1537400,,
2025-05-21,35.67,36.11,34.06,34.33,1361800,,
2025-05-22,34.31,35.34,34.17,35.20,1424100,,
2025-05-23,35.00,36.67,34.97,36.01,2389600,,
2025-05-27,37.04,39.16,36.92,38.12,2998300,,
2025-05-28,38.27,38.29,37.24,37.33,2022900,,
2025-05-29,37.53,37.84,36.05,36.43,1583200,,
2025-05-30,36.18,37.19,35.88,36.89,2236900,,
2025-06-02,37.70,38.57,37.30,38.04,2807400,,
2025-06-03,38.76,39.96,38.45,39.09,2716900,,
2025-06-04,39.53,40.39,39.15,40.10,1932100,,
2025-06-05,40.67,40.94,39.96,40.36,3437400,,
2025-06-06,40.93,41.47,40.16,40.47,2033500,,
2025-06-09,40.93,40.96,39.77,40.59,3161900,,
2025-06-10,40.68,40.68,38.72,39.30,3198300,,
2025-06-11,39.94,40.45,37.90,40.40,2538900,,
2025-06-12,40.20,41.28,39.94,41.24,1573300,,
2025-06-13,41.65,42.73,40.77,41.76,2786700,,
2025-06-16,42.19,42.41,41.08,41.21,2725200,,
2025-06-17,41.25,43.87,41.07,43.23,3032600,,
2025-06-18,43.20,44.13,41.70,42.16,3119000,,
2025-06-20,42.46,43.74,40.83,43.11,4784100,,
2025-06-23,43.86,46.52,42.97,43.63,5487600,,
2025-06-24,43.45,43.45,40.10,40.77,4902700,,
2025-06-25,41.29,42.68,41.01,42.33,3571400,,
2025-06-26,39.56,41.78,39.00,41.33,13922800,,
2025-06-27,41.93,46.97,41.75,45.84,16654500,,
2025-06-30,46.39,47.09,45.41,46.45,7720000,,
2025-07-01,46.28,46.35,42.66,43.07,5960500,,
2025-07-02,42.96,43.40,41.87,43.28,4811900,,
2025-07-03,43.92,44.81,43.65,44.66,2147500,,
2025-07-07,45.42,46.25,43.88,44.78,3580800,,
2025-07-08,45.00,45.64,42.81,44.34,3620100,,
2025-07-09,44.44,46.15,43.88,46.02,3517600,,
2025-07-10,46.09,46.73,44.85,46.27,3091900,,
2025-07-11,48.25,52.57,48.00,51.71,9418900,,
2025-07-14,50.91,52.70,49.54,51.99,6717900,,
2025-07-15,52.15,52.25,50.23,51.12,4052400,,
2025-07-16,51.92,54.97,51.31,54.28,6891500,,
2025-07-17,55.76,59.12,54.69,58.91,8490900,,
2025-07-18,58.75,61.35,58.25,59.12,8057300,,
2025-07-21,60.01,61.43,58.49,58.78,5653300,,
2025-07-22,55.83,57.18,54.36,55.42,6839700,,
2025-07-23,55.76,58.93,55.40,58.78,4168500,,
2025-07-24,58.80,61.09,58.00,58.66,4191500,,
2025-07-25,58.69,60.40,57.81,59.77,2458000,,
2025-07-28,61.19,61.29,57.35,59.36,3749200,,
2025-07-29,60.60,60.73,56.62,57.09,4064000,,
2025-07-30,56.80,58.19,56.31,58.01,3509700,,
2025-07-31,58.06,59.14,57.51,58.70,2371200,,
2025-08-01,56.36,57.66,54.50,56.71,4800300,,
2025-08-04,57.03,60.00,56.75,59.50,3091900,,
2025-08-05,61.09,62.80,57.90,59.40,5125200,,
2025-08-06,58.77,60.14,57.93,58.93,3437600,,
2025-08-07,58.24,59.22,56.86,59.08,3597800,,
2025-08-08,60.07,66.13,60.05,63.88,7231200,,
2025-08-11,65.95,68.68,64.59,65.41,6001900,,
2025-08-12,65.38,69.44,64.92,69.14,4295300,,
2025-08-13,70.17,71.11,64.89,68.75,5177600,,
2025-08-14,70.20,72.70,68.75,69.12,4746700,,
2025-08-15,69.11,69.39,66.13,68.50,2870400,,
2025-08-18,67.69,69.67,67.04,68.74,2493100,,
2025-08-19,68.37,68.40,63.61,64.02,4957100,,
2025-08-20,62.73,64.56,60.71,64.27,3801200,,
2025-08-21,64.14,65.84,64.06,64.78,2535000,,
2025-08-22,64.69,67.04,64.04,66.71,2985500,,
2025-08-25,67.66,68.71,66.87,66.90,2419300,,
2025-08-26,67.00,69.91,67.00,68.05,2958400,,
2025-08-27,68.27,68.74,66.50,67.92,2082700,,
2025-08-28,68.04,68.82,67.27,68.51,2294300,,
2025-08-29,68.49,68.49,65.64,65.84,2395800,,
2025-09-02,64.41,67.41,63.02,66.09,3188400,,
2025-09-03,66.28,67.17,64.06,64.50,2147200,,
2025-09-04,64.30,64.44,61.75,63.59,2812700,,
2025-09-05,64.50,65.29,61.40,64.81,2611200,,
2025-09-08,64.84,65.00,62.33,64.14,2632000,,
2025-09-09,64.13,64.83,62.66,64.56,2152900,,
2025-09-10,65.35,66.75,64.19,65.66,2774200,,
2025-09-11,66.09,69.14,65.60,67.67,2962700,,
2025-09-12,67.74,69.71,67.65,69.20,2539100,,
2025-09-15,69.45,71.31,67.90,70.74,3391900,,
2025-09-16,71.06,76.62,70.83,76.35,5322900,,
2025-09-17,75.01,77.03,73.11,75.74,4247200,,
2025-09-18,76.65,81.44,75.02,80.65,4310100,,
2025-09-19,81.52,82.31,79.90,80.77,35427700,,
2025-09-22,80.61,82.63,79.30,80.72,6450300,,
2025-09-23,81.10,85.48,81.10,83.90,4998300,,
2025-09-24,84.37,85.00,80.85,81.18,3738100,,
2025-09-25,80.00,84.88,78.87,84.20,4291100,,
2025-09-26,85.00,86.84,84.43,86.28,3009500,,
2025-09-29,88.95,89.67,87.80,88.08,4535800,,
2025-09-30,88.39,91.87,88.10,91.37,4542300,,
2025-10-01,90.50,93.52,88.63,92.96,3855300,,
2025-10-02,95.00,96.40,92.53,95.03,2952200,,
2025-10-03,95.69,98.12,93.86,96.19,3408300,,
2025-10-06,98.35,103.00,98.02,100.25,5021900,,
2025-10-07,101.15,104.71,100.00,103.69,5802000,,
2025-10-08,103.07,106.31,101.90,105.67,4069900,,
2025-10-09,107.64,112.57,96.80,98.55,8103000,,
2025-10-10,94.70,102.65,92.90,94.63,7345900,,
2025-10-13,97.47,101.50,94.67,96.28,4260600,,
2025-10-14,93.72,97.10,90.79,95.30,3902400,,
2025-10-15,97.95,98.49,89.16,90.58,5149500,,
2025-10-16,91.99,92.59,88.49,88.62,4160300,,
2025-10-17,84.92,86.52,81.71,83.12,6302600,,
2025-10-20,87.28,88.72,85.20,86.65,3527600,,
2025-10-21,87.11,90.80,85.20,90.62,3716200,,
2025-10-22,90.00,90.00,80.81,84.30,4516500,,
2025-10-23,85.20,89.95,84.87,89.32,2469600,,
2025-10-24,92.13,92.93,89.18,91.18,2745300,,
2025-10-27,93.07,94.60,88.26,90.68,2769900,,
2025-10-28,91.07,92.45,89.69,89.78,1808800,,
2025-10-29,90.00,93.87,89.96,91.21,2747700,,
2025-10-30,90.00,91.00,88.04,88.30,1757600,,
2025-10-31,89.50,92.15,87.91,90.60,2325100,,
2025-11-03,90.83,91.72,87.95,91.10,2492900,,
2025-11-04,88.23,91.59,86.82,90.22,3416100,,
2025-11-05,82.37,82.50,75.85,77.41,9160200,,
2025-11-06,77.95,79.47,70.27,72.41,7002400,,
2025-11-07,70.30,78.35,68.65,77.88,5152200,,
2025-11-10,81.43,82.00,77.05,79.18,3793100,,
2025-11-11,77.73,78.99,75.89,76.59,2194700,,
2025-11-12,76.78,78.17,75.50,76.70,2005400,,
2025-11-13,74.94,75.90,71.31,71.69,2924600,,
2025-11-14,69.16,73.77,69.00,72.45,2458500,,
2025-11-17,72.09,72.95,68.85,70.24,2219600,,
2025-11-18,68.74,71.25,67.78,70.36,2644800,,
2025-11-19,69.58,72.18,69.30,70.67,2079300,,
2025-11-20,74.48,74.48,66.91,67.31,2425600,,
2025-11-21,66.81,69.34,64.80,69.14,3220200,,
2025-11-24,69.42,74.44,69.14,74.11,2552500,,
2025-11-25,74.16,76.18,72.65,75.05,2086900,,
2025-11-26,75.80,77.17,75.31,75.77,1757200,,
2025-11-28,76.23,76.49,75.01,76.10,891100,,
2025-12-01,76.60,76.60,72.93,73.21,2436000,,
2025-12-02,74.12,74.60,70.87,70.96,2143200,,
2025-12-03,71.01,73.00,69.68,72.78,2292300,,
2025-12-04,72.52,78.32,72.28,77.68,2495400,,
2025-12-05,77.69,78.13,74.76,76.50,1545100,,
2025-12-08,77.59,78.07,75.15,77.03,1527400,,
2025-12-09,76.57,79.66,76.06,77.03,2041500,,
2025-12-10,76.00,78.46,73.20,76.91,2437200,,
2025-12-11,76.74,79.47,74.80,78.78,1646500,,
2025-12-12,78.93,79.40,75.20,75.96,1919300,,
2025-12-15,76.27,76.42,73.10,74.26,1748400,,
2025-12-16,73.00,74.63,72.42,73.13,1888600,,
2025-12-17,73.13,74.24,69.31,69.77,2265800,,
2025-12-18,70.94,72.41,70.14,71.40,1496100,,
2025-12-19,71.53,75.79,71.23,75.39,4166800,,
2025-12-22,77.00,81.87,76.81,81.53,3292700,,
2025-12-23,80.47,83.41,79.85,82.30,2250700,,
2025-12-24,81.11,81.94,79.28,79.97,1190200,,
2025-12-26,79.91,79.91,76.10,77.70,1619500,,
2025-12-29,76.96,78.22,76.15,77.47,1326400,,
2025-12-30,78.19,78.19,75.80,75.98,1276800,,
2025-12-31,76.80,76.97,74.88,75.91,2331000,,
2026-01-02,76.55,79.73,74.33,79.29,2169600,,
2026-01-05,84.91,90.11,82.13,89.93,4446500,,
2026-01-06,89.89,92.03,86.70,91.93,2910600,,
2026-01-07,92.63,95.32,90.51,91.44,3654900,,
2026-01-08,99.53,109.80,98.77,104.04,9609300,,
2026-01-09,105.48,115.45,104.65,113.70,6077500,,
2026-01-12,116.85,119.63,114.50,117.86,5041400,,
2026-01-13,118.91,121.57,117.20,119.72,4116100,,
2026-01-14,118.50,123.96,114.00,121.50,4411000,,
2026-01-15,119.89,126.31,117.27,124.56,3611200,,
2026-01-16,125.71,132.00,125.00,130.72,4894300,,
2026-01-20,128.11,134.00,127.00,128.68,4618000,,
2026-01-21,127.54,128.00,114.28,120.59,6652000,,
2026-01-22,121.01,121.30,111.23,113.85,5386400,,
2026-01-23,113.83,115.53,108.36,110.39,4004600,,
2026-01-26,108.70,113.67,106.77,111.32,2975000,,
2026-01-27,111.06,118.14,111.06,118.06,3101000,,
2026-01-28,120.00,120.00,109.26,112.67,3758900,,
2026-01-29,114.88,115.20,106.09,108.16,3343100,,
2026-01-30,105.82,108.75,101.63,103.01,3649600,,
2026-02-02,99.91,101.14,94.77,96.16,3802900,,
2026-02-03,98.60,103.49,97.15,103.37,3330100,,
2026-02-04,101.46,103.00,86.92,91.33,4629800,,
2026-02-05,88.47,92.60,84.50,85.25,3546000,,
2026-02-06,89.10,94.67,88.00,94.41,4227000,,
2026-02-09,94.60,99.78,93.20,98.81,2970600,,
2026-02-10,98.82,99.50,93.21,93.48,2013000,,
2026-02-11,95.91,96.55,85.02,87.78,2990100,,
2026-02-12,88.40,89.59,85.25,87.05,2276600,,
2026-02-13,87.24,92.24,87.02,89.06,1769100,,
2026-02-17,88.08,93.35,87.07,91.97,2405800,,
2026-02-18,93.14,100.50,92.95,97.21,3657600,,
2026-02-19,97.71,105.91,96.98,105.67,5176800,,
2026-02-20,105.69,106.67,95.43,96.08,4631600,,
2026-02-23,93.27,95.08,91.00,94.31,3365100,,
2026-02-24,88.75,91.74,84.04,90.68,6008700,,
2026-02-25,92.94,93.28,88.21,88.23,2349900,,
2026-02-26,87.94,92.44,86.64,92.14,2605000,,
2026-02-27,85.30,86.40,84.00,86.18,13317900,,
2026-03-02,92.42,97.10,85.33,90.72,18913800,,
2026-03-03,89.21,93.22,86.60,88.95,8315500,,
2026-03-04,88.51,90.10,85.75,89.13,3335600,,
2026-03-05,88.85,89.49,82.40,85.54,4592800,,
2026-03-06,83.38,90.88,81.50,87.00,5385600,,
2026-03-09,87.86,93.67,87.20,92.47,5256000,,
2026-03-10,91.44,92.30,88.64,88.96,3299800,,
2026-03-11,87.03,90.98,86.62,88.92,1946900,,
2026-03-12,88.94,91.37,85.39,89.46,3941100,,
2026-03-13,90.00,91.90,87.20,87.53,2754000,,
2026-03-16,88.84,91.80,86.90,89.53,2424500,,
2026-03-17,90.86,95.35,90.24,95.31,3273700,,
2026-03-18,94.41,96.88,92.66,93.04,2846900,,
2026-03-19,90.51,94.50,87.64,92.78,2404900,,
2026-03-20,91.45,92.00,83.10,84.62,6896800,,
2026-03-23,83.84,86.31,82.07,83.69,3198200,,
2026-03-24,82.67,83.02,75.52,77.49,4535600,,
2026-03-25,79.79,80.94,77.31,79.98,3950000,,
2026-03-26,78.38,79.53,75.15,75.86,3024100,,
2026-03-27,74.86,76.38,71.70,71.94,3186000,,
2026-03-30,71.76,71.90,64.37,65.28,5501500,,
2026-03-31,66.90,70.97,65.55,70.51,6105300,,
2026-04-01,72.64,72.80,67.60,67.70,4421500,,
2026-04-02,65.28,69.51,63.84,67.31,4392500,,
2026-04-06,71.13,74.41,70.20,74.09,4140200,,
2026-04-07,72.25,72.90,69.80,71.96,2886000,,
2026-04-08,79.38,79.44,72.55,74.46,3692400,,
2026-04-09,74.20,74.50,68.28,68.33,3788400,,
2026-04-10,68.02,70.53,67.43,70.34,2887200,,
2026-04-13,70.10,74.10,69.61,73.55,2564100,,
2026-04-14,74.66,76.57,72.52,73.66,2586300,,
2026-04-15,75.69,76.29,73.25,74.66,3502100,,
2026-04-16,76.31,77.22,73.01,74.41,2421100,,
2026-04-17,75.43,76.89,70.41,70.99,7158400,,
2026-04-20,70.04,71.71,68.86,69.83,4159000,,
2026-04-21,70.26,70.90,67.82,68.55,4180600,,
2026-04-22,70.12,70.98,67.64,68.61,3093400,,
2026-04-23,68.45,68.74,63.79,65.52,3904600,,
2026-04-24,65.76,65.76,61.01,61.26,5132900,,
2026-04-27,61.19,64.43,61.19,63.16,3978500,,
2026-04-28,61.94,62.70,60.22,61.66,3274700,,
2026-04-29,61.74,61.76,59.06,59.56,3073900,,
2026-04-30,60.29,63.18,59.64,63.05,3154800,,
2026-05-01,63.41,63.50,60.95,62.05,2579800,,
2026-05-04,62.47,64.13,61.76,61.93,3116200,,
2026-05-05,62.69,62.79,58.01,59.31,4267900,,
2026-05-06,59.08,61.74,58.43,61.52,4402500,,
2026-05-07,61.54,61.54,56.29,57.00,5909400,,
2026-05-08,57.08,57.94,55.73,57.89,4323600,,
2026-05-11,56.87,57.71,55.01,56.99,6062800,,
2026-05-12,57.34,58.63,55.11,57.33,5095800,,
2026-05-13,56.41,56.50,51.84,52.49,9471900,,
2026-05-14,52.76,55.97,52.49,54.85,5498100,,
2026-05-15,53.49,53.90,51.66,52.09,4048700,,
2026-05-18,52.26,54.72,52.08,54.22,3734700,,
2026-05-19,54.24,54.59,52.78,53.47,2749700,,
2026-05-20,53.95,55.88,52.65,55.82,3929400,,
2026-05-21,55.00,55.03,53.81,54.67,2815000,,
2026-05-22,55.29,56.75,54.46,56.18,2949100,,
2026-05-26,57.66,59.30,55.90,56.80,4809100,,
2026-05-27,56.98,57.36,55.00,57.30,3232800,,
2026-05-28,63.96,66.83,61.00,65.19,11464700,,
2026-05-29,66.66,66.75,60.08,64.13,10066300,,
2026-06-01,64.94,66.20,61.15,63.49,6337700,,
2026-06-02,63.57,63.65,61.68,63.27,3585300,,
2026-06-03,61.62,61.85,57.90,58.43,5122400,,
2026-06-04,58.36,63.59,57.94,63.40,4224800,,
2026-06-05,61.64,62.10,57.50,58.52,3512200,,
2026-06-08,59.72,59.75,57.37,57.73,3191100,,
2026-06-09,58.06,59.30,53.31,56.19,3479200,,
2026-06-10,55.60,56.80,54.25,54.82,2749300,,
2026-06-11,54.82,58.89,54.07,58.78,3965800,,
2026-06-12,61.49,61.70,56.91,57.75,4625800,,
2026-06-15,59.19,59.50,56.68,57.02,4014700,,
2026-06-16,56.61,57.39,55.01,56.34,3132700,,
2026-06-17,55.63,58.40,55.60,56.16,3124900,,
2026-06-18,56.22,56.75,52.94,54.21,6964900,,
2026-06-22,53.77,54.15,50.68,51.09,4661800,,
2026-06-23,50.06,52.34,50.06,50.80,3683300,,
2026-06-24,50.18,50.79,47.78,47.95,3560300,,
2026-06-25,47.40,47.78,46.01,46.32,5279100,,
2026-06-26,46.04,49.19,46.04,47.21,28199200,,
2026-06-29,48.35,48.89,46.42,46.95,5764000,,
2026-06-30,50.11,51.47,48.67,49.86,5655300,,
2026-07-01,50.29,54.13,49.74,53.04,8241400,,
2026-07-02,55.39,58.88,54.08,55.35,6702400,,
2026-07-06,55.07,55.35,52.87,53.54,3801600,,
2026-07-07,53.73,54.52,49.76,50.34,3634200,,
2026-07-08,50.21,51.81,49.66,50.38,3432800,,
2026-07-09,49.90,50.48,48.21,48.85,3209400,,
2026-07-10,49.00,49.30,47.56,48.19,2377000,,
2026-07-13,48.48,49.08,46.34,46.96,3532200,,
2026-07-14,48.91,50.48,48.26,50.36,5195200,,
2026-07-15,51.79,54.22,49.16,49.68,4931200,,
2026-07-16,49.02,49.13,46.31,46.96,3162600,,
2026-07-17,46.07,47.25,45.58,46.03,5611700,,
2026-07-20,46.24,47.40,45.72,45.94,2739900,,
2026-07-21,46.09,48.92,45.60,48.21,3357900,,
2026-07-22,48.04,49.40,47.78,47.89,2059200,,
2026-07-23,48.00,51.49,47.97,49.44,4799200,,
2026-07-24,49.35,49.71,47.22,47.35,2840100,,
2026-07-27,47.85,49.72,46.78,49.45,2758500,,
2026-07-28,48.93,49.00,46.44,48.64,2494700,,
2026-07-29,48.67,48.87,43.75,43.88,3993900,,
2026-07-30,44.26,46.41,43.09,46.17,3217300,,
2026-07-31,46.18,46.92,44.50,46.60,2330600,,
2026-08-03,46.60,49.42,45.90,49.21,3174690,,
