date,open,high,low,close,volume,div,split
2016-08-04,122.94,124.79,122.51,124.36,21066000,,
2016-08-05,124.98,125.84,124.62,125.15,20184000,,
2016-08-08,125.25,125.45,124.55,125.26,15233900,,
2016-08-09,125.34,126.09,124.53,125.06,19621000,,
2016-08-10,125.07,125.48,124.54,124.88,10670100,,
2016-08-11,125.20,125.38,124.75,124.90,11729500,,
2016-08-12,124.70,125.00,124.18,124.88,12159000,,
2016-08-15,124.91,124.92,123.70,123.90,19295100,,
2016-08-16,123.50,123.92,122.78,123.30,14222400,,
2016-08-17,123.66,124.38,122.85,124.37,13794200,,
2016-08-18,124.01,124.26,123.64,123.91,12400800,,
2016-08-19,123.60,124.16,123.28,123.56,11688300,,
2016-08-22,123.33,124.83,123.11,124.15,14386400,,
2016-08-23,124.51,125.09,124.25,124.37,13309500,,
2016-08-24,124.47,124.69,123.09,123.48,12243700,,
2016-08-25,123.12,124.37,123.10,123.89,10730800,,
2016-08-26,124.05,125.19,123.91,124.96,17504800,,
2016-08-29,124.35,126.73,124.35,126.54,15925900,,
2016-08-30,126.60,126.60,125.15,125.84,17804300,,
2016-08-31,125.60,126.22,125.10,126.12,14200600,,
2016-09-01,126.38,126.63,125.60,126.17,13536100,,
2016-09-02,126.85,126.86,126.00,126.51,12118800,,
2016-09-06,126.67,129.94,126.47,129.73,26278400,,
2016-09-07,130.04,131.98,129.95,131.05,27990800,,
2016-09-08,130.92,131.08,129.81,130.27,15676600,,
2016-09-09,129.71,129.95,127.10,127.10,27100700,,
2016-09-12,125.96,128.76,125.75,128.69,21252800,,
2016-09-13,128.03,128.35,126.66,127.21,18016200,,
2016-09-14,126.89,128.80,126.89,127.77,15691100,,
2016-09-15,127.98,129.10,127.67,128.35,15077200,,
2016-09-16,128.20,129.18,128.20,129.07,24119200,,
2016-09-19,129.91,129.94,128.26,128.65,14958800,,
2016-09-20,128.65,129.17,128.03,128.64,11083800,,
2016-09-21,129.13,130.01,128.39,129.94,14068300,,
2016-09-22,130.50,130.73,129.56,130.08,15538300,,
2016-09-23,127.56,128.60,127.30,127.96,28326300,,
2016-09-26,127.37,128.16,126.80,127.31,15064900,,
2016-09-27,127.61,129.01,127.43,128.69,15637100,,
2016-09-28,129.21,129.47,128.40,129.23,12047600,,
2016-09-29,129.18,129.29,127.55,128.09,14532200,,
2016-09-30,128.03,128.59,127.45,128.27,18402900,,
2016-10-03,128.38,129.09,127.80,128.77,13156900,,
2016-10-04,129.17,129.28,127.55,128.19,14307500,,
2016-10-05,128.25,128.80,127.83,128.47,12386800,,
2016-10-06,128.43,129.06,128.08,128.74,11682700,,
2016-10-07,129.04,129.25,128.33,128.99,12804400,,
2016-10-10,129.68,130.70,129.20,130.24,15138700,,
2016-10-11,130.23,130.64,128.23,128.88,17537900,,
2016-10-12,129.01,129.66,128.46,129.05,11073000,,
2016-10-13,128.21,128.25,126.75,127.82,17139300,,
2016-10-14,128.49,128.95,127.58,127.88,13345300,,
2016-10-17,128.20,128.47,127.32,127.54,11351700,,
2016-10-18,128.68,129.39,128.01,128.57,13504000,,
2016-10-19,128.74,130.47,128.60,130.11,16752300,,
2016-10-20,130.07,130.66,129.50,130.00,13167500,,
2016-10-21,129.78,132.13,129.70,132.07,19088800,,
2016-10-24,132.72,133.41,132.15,133.28,17470200,,
2016-10-25,133.50,133.50,132.22,132.29,13336800,,
2016-10-26,131.64,132.26,130.94,131.04,13084700,,
2016-10-27,131.74,131.80,129.27,129.69,16741400,,
2016-10-28,130.50,132.97,129.93,131.29,24545500,,
2016-10-31,132.01,132.12,130.88,130.99,15669000,,
2016-11-01,131.41,131.94,128.65,129.50,22077800,,
2016-11-02,130.23,130.23,126.28,127.17,39640900,,
2016-11-03,122.00,123.28,119.50,120.00,63766300,,
2016-11-04,119.59,121.93,119.25,120.75,30545500,,
2016-11-07,122.83,123.21,121.35,122.15,23008900,,
2016-11-08,122.03,124.61,121.54,124.22,19460800,,
2016-11-09,121.50,123.81,120.51,123.18,31916000,,
2016-11-10,123.93,124.18,115.27,120.80,67846700,,
2016-11-11,119.53,120.70,118.15,119.02,32840100,,
2016-11-14,119.13,119.13,113.55,115.08,51377000,,
2016-11-15,116.73,118.49,115.83,117.20,34681400,,
2016-11-16,114.48,117.88,114.21,116.34,32397900,,
2016-11-17,116.81,117.79,116.01,117.79,18597800,,
2016-11-18,118.39,119.13,116.84,117.02,22879300,,
2016-11-21,118.20,121.95,117.80,121.77,35415400,,
2016-11-22,122.40,122.98,120.90,121.47,26089200,,
2016-11-23,121.23,121.31,119.94,120.84,15672100,,
2016-11-25,121.01,121.14,120.07,120.38,8658600,,
2016-11-28,120.12,121.69,119.82,120.41,18101300,,
2016-11-29,120.57,122.10,120.40,120.87,18891000,,
2016-11-30,120.32,121.79,117.95,118.42,30188900,,
2016-12-01,118.38,118.45,114.00,115.10,43277000,,
2016-12-02,115.11,116.48,114.30,115.40,25070400,,
2016-12-05,115.95,117.57,115.07,117.43,20201500,,
2016-12-06,117.69,117.80,116.33,117.31,19131200,,
2016-12-07,117.00,117.95,116.57,117.95,21913700,,
2016-12-08,117.98,119.50,117.64,118.91,22442800,,
2016-12-09,119.22,119.94,118.95,119.68,17464700,,
2016-12-12,119.22,119.24,117.65,117.77,17805500,,
2016-12-13,117.86,121.52,117.61,120.31,29768000,,
2016-12-14,120.00,121.69,118.85,120.21,25913100,,
2016-12-15,120.08,122.50,119.63,120.57,20139600,,
2016-12-16,120.90,121.50,119.27,119.87,25324300,,
2016-12-19,119.85,120.36,118.51,119.24,15918100,,
2016-12-20,119.50,119.77,118.80,119.09,13684400,,
2016-12-21,118.92,119.20,118.48,119.04,10767600,,
2016-12-22,118.86,118.99,116.93,117.40,16258600,,
2016-12-23,117.00,117.56,116.30,117.27,10890000,,
2016-12-27,116.96,118.68,116.86,118.01,12051500,,
2016-12-28,118.19,118.25,116.65,116.92,12087400,,
2016-12-29,117.00,117.53,116.06,116.35,9934900,,
2016-12-30,116.60,116.83,114.77,115.05,18684100,,
2017-01-03,116.03,117.84,115.51,116.86,20663900,,
2017-01-04,117.55,119.66,117.29,118.69,19630900,,
2017-01-05,118.86,120.95,118.32,120.67,19492200,,
2017-01-06,120.98,123.88,120.03,123.41,28545300,,
2017-01-09,123.55,125.43,123.04,124.90,22880400,,
2017-01-10,124.82,125.50,124.28,124.35,17324600,,
2017-01-11,124.35,126.12,124.06,126.09,18356500,,
2017-01-12,125.61,126.73,124.80,126.62,18653900,,
2017-01-13,127.49,129.27,127.37,128.34,24884300,,
2017-01-17,128.04,128.34,127.40,127.87,15294500,,
2017-01-18,128.41,128.43,126.84,127.92,13145900,,
2017-01-19,128.23,128.35,127.45,127.55,12195500,,
2017-01-20,128.10,128.48,126.78,127.04,19097200,,
2017-01-23,127.31,129.25,126.95,128.93,16593600,,
2017-01-24,129.38,129.90,128.38,129.37,15162700,,
2017-01-25,130.00,131.74,129.77,131.48,18731300,,
2017-01-26,131.63,133.14,131.44,132.78,20020100,,
2017-01-27,132.68,132.95,131.08,132.18,19539500,,
2017-01-30,131.58,131.58,129.60,130.98,18956100,,
2017-01-31,130.17,130.66,129.52,130.32,19790500,,
2017-02-01,132.25,133.49,130.68,133.23,50139800,,
2017-02-02,133.22,135.49,130.40,130.84,54366400,,
2017-02-03,131.24,132.85,130.76,130.98,24804900,,
2017-02-06,130.98,132.06,130.30,132.06,17058500,,
2017-02-07,132.24,133.00,131.66,131.84,14596400,,
2017-02-08,132.60,134.44,132.44,134.20,22390600,,
2017-02-09,134.49,134.50,133.31,134.14,16470600,,
2017-02-10,134.10,134.94,133.68,134.19,15061900,,
2017-02-13,134.70,134.70,133.70,134.05,13526200,,
2017-02-14,134.10,134.23,132.55,133.85,14364900,,
2017-02-15,133.45,133.70,132.66,133.44,13226500,,
2017-02-16,133.07,133.87,133.02,133.84,12831100,,
2017-02-17,133.50,134.09,133.17,133.53,12276500,,
2017-02-21,133.50,133.91,132.90,133.72,14759100,,
2017-02-22,133.60,136.79,133.46,136.12,27360100,,
2017-02-23,135.89,136.12,134.33,135.36,18422500,,
2017-02-24,134.16,135.62,134.16,135.44,12625700,,
2017-02-27,135.26,137.18,135.02,136.41,14306700,,
2017-02-28,136.79,136.81,134.75,135.54,16112100,,
2017-03-01,136.47,137.48,136.30,137.42,16257000,,
2017-03-02,137.09,137.82,136.31,136.76,12294800,,
2017-03-03,136.63,137.33,136.08,137.17,11160600,,
2017-03-06,136.88,137.83,136.51,137.42,12748200,,
2017-03-07,137.03,138.37,136.99,137.30,13527100,,
2017-03-08,137.15,137.99,137.05,137.72,10184500,,
2017-03-09,137.72,138.57,137.40,138.24,15535300,,
2017-03-10,138.91,139.49,138.22,138.79,16314100,,
2017-03-13,138.71,139.68,138.67,139.60,10955500,,
2017-03-14,139.46,139.46,138.52,139.32,12944000,,
2017-03-15,139.29,140.10,138.49,139.72,19344800,,
2017-03-16,140.20,140.25,139.73,139.99,13612900,,
2017-03-17,140.34,140.34,139.70,139.84,20592800,,
2017-03-20,139.71,140.19,139.25,139.94,12099500,,
2017-03-21,141.15,142.31,138.40,138.51,29894800,,
2017-03-22,137.93,139.79,137.60,139.59,17055400,,
2017-03-23,139.48,140.39,139.09,139.53,13022800,,
2017-03-24,140.08,141.02,139.76,140.34,16664700,,
2017-03-27,139.05,140.65,138.77,140.32,12800500,,
2017-03-28,140.36,141.95,140.01,141.76,14679400,,
2017-03-29,141.99,142.86,141.43,142.65,16527600,,
2017-03-30,142.40,142.95,141.85,142.41,12404000,,
2017-03-31,142.31,142.63,141.89,142.05,11478300,,
2017-04-03,141.93,142.47,140.82,142.28,13564000,,
2017-04-04,141.86,142.09,141.27,141.73,12948600,,
2017-04-05,142.26,143.44,141.29,141.85,17158100,,
2017-04-06,142.11,142.22,140.91,141.17,15103400,,
2017-04-07,141.20,141.55,140.24,140.78,11818300,,
2017-04-10,141.00,141.43,140.63,141.04,9039400,,
2017-04-11,140.80,141.03,138.81,139.92,16638100,,
2017-04-12,139.72,140.40,139.44,139.58,11612500,,
2017-04-13,139.62,140.58,139.33,139.39,10965600,,
2017-04-17,139.76,141.55,139.75,141.42,11519700,,
2017-04-18,141.27,141.91,140.61,140.96,14807500,,
2017-04-19,141.35,143.04,141.27,142.27,15563900,,
2017-04-20,142.95,144.25,142.69,143.80,15968200,,
2017-04-21,143.90,144.17,142.27,143.68,12382000,,
2017-04-24,144.96,145.67,144.34,145.47,14407200,,
2017-04-25,145.79,147.15,145.79,146.49,17767500,,
2017-04-26,147.09,147.59,146.09,146.56,12395000,,
2017-04-27,146.67,147.75,146.14,147.70,11275100,,
2017-04-28,149.50,151.53,149.07,150.25,30652200,,
2017-05-01,151.74,152.57,151.42,152.46,25218300,,
2017-05-02,153.34,153.44,151.66,152.78,21870400,,
2017-05-03,153.60,153.60,151.34,151.80,29782500,,
2017-05-04,150.17,151.52,148.72,150.85,36225500,,
2017-05-05,151.45,151.63,149.79,150.24,17148500,,
2017-05-08,150.71,151.08,149.74,151.06,15827500,,
2017-05-09,151.49,152.59,150.21,150.48,17453900,,
2017-05-10,150.23,150.52,148.86,150.29,12080700,,
2017-05-11,150.31,150.65,149.41,150.04,11841900,,
2017-05-12,150.40,150.46,149.63,150.33,9598200,,
2017-05-15,150.17,151.48,149.77,150.19,15064700,,
2017-05-16,150.11,150.21,149.03,149.78,14550800,,
2017-05-17,148.00,148.67,144.42,144.85,28300100,,
2017-05-18,144.72,148.15,144.51,147.66,23031600,,
2017-05-19,148.45,149.39,147.96,148.06,16187900,,
2017-05-22,148.08,148.59,147.69,148.24,12586700,,
2017-05-23,148.52,148.81,147.25,148.07,12817800,,
2017-05-24,148.51,150.23,148.42,150.04,17862400,,
2017-05-25,150.30,152.59,149.95,151.96,19891400,,
2017-05-26,152.23,152.25,151.15,152.13,14996200,,
2017-05-30,151.97,152.90,151.64,152.38,13226000,,
2017-05-31,152.70,153.35,151.09,151.46,18023900,,
2017-06-01,151.75,152.29,150.30,151.53,14530600,,
2017-06-02,151.85,153.63,151.30,153.61,16854400,,
2017-06-05,153.64,154.71,153.41,153.63,12520400,,
2017-06-06,153.41,154.52,152.48,152.81,13457100,,
2017-06-07,153.27,153.75,152.34,153.12,12066700,,
2017-06-08,154.08,154.73,153.10,154.71,17799400,,
2017-06-09,154.77,155.59,146.61,149.60,35577700,,
2017-06-12,148.17,149.20,144.56,148.44,33170200,,
2017-06-13,150.15,151.18,148.90,150.68,20483400,,
2017-06-14,151.26,152.40,149.05,150.25,20808800,,
2017-06-15,147.67,150.04,146.37,149.80,18994200,,
2017-06-16,149.59,150.83,148.60,150.64,22882400,,
2017-06-19,151.71,153.57,151.71,152.87,19026500,,
2017-06-20,152.88,153.84,152.21,152.25,14743900,,
2017-06-21,152.36,154.08,151.88,153.91,15039800,,
2017-06-22,153.01,154.55,152.91,153.40,13005500,,
2017-06-23,152.72,155.20,152.65,155.07,18027000,,
2017-06-26,156.25,156.50,153.20,153.59,18049700,,
2017-06-27,152.84,153.31,150.39,150.58,19360800,,
2017-06-28,150.92,153.47,149.86,153.24,16719100,,
2017-06-29,152.28,152.50,148.92,151.04,23973500,,
2017-06-30,151.90,151.92,150.06,150.98,17666000,,
2017-07-03,151.72,152.15,147.80,148.43,13862700,,
2017-07-05,149.00,150.85,148.13,150.34,14334300,,
2017-07-06,149.03,150.04,148.00,148.82,14951800,,
2017-07-07,149.25,151.99,149.19,151.44,13615900,,
2017-07-10,151.69,153.98,151.51,153.50,13378700,,
2017-07-11,153.37,155.42,152.91,155.27,13667700,,
2017-07-12,156.49,159.16,156.20,158.90,22739400,,
2017-07-13,158.74,159.78,158.42,159.26,13929200,,
2017-07-14,160.13,160.32,159.33,159.97,16371200,,
2017-07-17,160.25,160.78,158.81,159.73,12858800,,
2017-07-18,159.66,163.73,159.42,162.86,23722900,,
2017-07-19,163.59,165.70,163.17,164.14,26273600,,
2017-07-20,164.80,165.00,162.81,164.53,18523100,,
2017-07-21,164.16,165.05,163.75,164.43,14744000,,
2017-07-24,164.64,166.17,164.31,166.00,17367000,,
2017-07-25,165.01,165.54,163.86,165.28,15383200,,
2017-07-26,166.01,166.01,164.10,165.61,35236900,,
2017-07-27,174.70,175.49,167.50,170.44,68910700,,
2017-07-28,169.07,173.43,169.05,172.45,24557600,,
2017-07-31,172.00,172.72,168.55,169.25,25478900,,
2017-08-01,169.82,170.47,169.05,169.86,14385000,,
2017-08-02,170.30,170.55,166.91,169.30,17433800,,
2017-08-03,169.30,169.70,168.25,168.59,10793800,,
2017-08-04,168.97,170.06,168.69,169.62,10777700,,
2017-08-07,169.95,172.06,169.66,171.98,12787800,,
2017-08-08,171.88,173.05,170.62,171.23,14393500,,
2017-08-09,169.98,171.45,169.56,171.18,10815000,,
2017-08-10,170.06,170.59,166.85,167.40,20832700,,
2017-08-11,167.95,168.82,166.85,168.08,13791200,,
2017-08-14,170.09,171.08,169.29,170.75,12954200,,
2017-08-15,171.49,171.50,170.01,171.00,8729200,,
2017-08-16,171.25,171.38,169.24,170.00,15779900,,
2017-08-17,169.34,169.86,166.85,166.91,17216000,,
2017-08-18,166.84,168.67,166.21,167.41,15093600,,
2017-08-21,167.16,168.00,165.82,167.78,11907500,,
2017-08-22,168.28,169.87,167.15,169.64,11391000,,
2017-08-23,168.84,169.36,168.20,168.71,9856500,,
2017-08-24,168.88,169.29,166.41,167.74,14030400,,
2017-08-25,167.86,168.38,166.18,166.32,12614500,,
2017-08-28,166.91,167.70,166.33,167.24,8553700,,
2017-08-29,165.25,168.43,165.00,168.05,11121000,,
2017-08-30,168.17,170.18,167.63,169.92,11138300,,
2017-08-31,170.40,172.15,170.06,171.97,17226500,,
2017-09-01,172.40,172.92,171.31,172.02,11677600,,
2017-09-05,171.27,172.39,169.55,170.72,13210900,,
2017-09-06,170.91,172.48,169.57,172.09,13906300,,
2017-09-07,171.94,173.31,170.27,173.21,18049500,,
2017-09-08,173.09,173.49,170.80,170.95,10998500,,
2017-09-11,172.40,173.89,172.20,173.51,12372000,,
2017-09-12,173.76,174.00,171.75,172.96,11186300,,
2017-09-13,173.01,173.17,172.06,173.05,9119300,,
2017-09-14,172.26,172.28,170.50,170.96,15615700,,
2017-09-15,170.88,172.34,170.26,171.64,15660500,,
2017-09-18,171.99,172.07,169.34,170.01,12954000,,
2017-09-19,170.62,172.56,170.36,172.52,13168600,,
2017-09-20,172.50,173.05,170.70,172.17,12264100,,
2017-09-21,171.69,172.27,170.01,171.11,11161400,,
2017-09-22,170.21,171.73,169.22,170.54,12097100,,
2017-09-25,169.24,169.30,161.56,162.87,41251600,,
2017-09-26,164.50,165.50,162.78,164.21,23363300,,
2017-09-27,165.90,168.34,165.57,167.68,19242500,,
2017-09-28,167.94,169.07,167.16,168.73,12178700,,
2017-09-29,168.83,171.66,168.81,170.87,15340400,,
2017-10-02,171.39,171.87,168.75,169.47,13392300,,
2017-10-03,169.30,170.73,169.20,169.96,8190300,,
2017-10-04,169.83,170.67,168.29,168.42,12127900,,
2017-10-05,169.18,171.31,168.60,171.24,14580600,,
2017-10-06,170.25,172.37,169.75,172.23,13124500,,
2017-10-09,172.70,174.88,172.00,172.50,14570400,,
2017-10-10,173.00,173.20,170.80,171.59,11341100,,
2017-10-11,171.95,172.78,171.40,172.74,11283700,,
2017-10-12,172.61,173.85,172.29,172.55,10351000,,
2017-10-13,173.45,174.65,173.20,173.74,13658300,,
2017-10-16,174.49,175.00,174.06,174.52,11498800,,
2017-10-17,174.71,176.13,174.36,176.11,15990100,,
2017-10-18,176.65,176.74,175.75,176.03,12752400,,
2017-10-19,174.93,176.03,172.63,174.56,14048400,,
2017-10-20,175.50,175.88,174.63,174.98,12602200,,
2017-10-23,175.20,175.34,171.25,171.27,13852700,,
2017-10-24,172.30,173.24,171.50,171.80,12267900,,
2017-10-25,171.90,172.25,168.89,170.60,15868200,,
2017-10-26,171.38,172.29,170.39,170.63,11833100,,
2017-10-27,174.15,178.21,173.90,177.88,30285300,,
2017-10-30,179.26,180.69,177.61,179.87,24353200,,
2017-10-31,180.57,180.80,178.94,180.06,20174200,,
2017-11-01,182.36,182.90,180.57,182.66,40918300,,
2017-11-02,180.63,181.94,177.34,178.92,35529900,,
2017-11-03,179.29,179.86,176.71,178.92,17822100,,
2017-11-06,178.56,180.45,178.31,180.17,13312700,,
2017-11-07,180.50,180.75,178.96,180.25,12928200,,
2017-11-08,179.79,180.35,179.11,179.56,10494100,,
2017-11-09,178.31,179.40,177.09,179.30,12610300,,
2017-11-10,178.35,179.10,177.96,178.46,11070200,,
2017-11-13,177.50,179.04,177.30,178.77,9523400,,
2017-11-14,178.13,178.97,177.18,178.07,9585900,,
2017-11-15,176.66,178.57,176.40,177.95,10253700,,
2017-11-16,178.76,179.83,178.50,179.59,15607600,,
2017-11-17,179.30,179.98,178.90,179.00,13018000,,
2017-11-20,178.87,179.50,178.10,178.74,10052400,,
2017-11-21,179.15,181.89,178.99,181.86,14504000,,
2017-11-22,181.30,181.73,180.44,180.87,10376300,,
2017-11-24,180.40,183.15,180.29,182.78,9426300,,
2017-11-27,182.56,183.73,181.99,183.03,12344500,,
2017-11-28,183.51,184.25,182.09,182.42,14379700,,
2017-11-29,181.89,181.97,174.00,175.13,41933500,,
2017-11-30,176.85,178.28,175.20,177.18,25307600,,
2017-12-01,176.03,177.48,172.34,175.10,20182500,,
2017-12-04,176.29,176.57,170.79,171.47,24459400,,
2017-12-05,170.45,175.38,169.01,172.83,20184900,,
2017-12-06,172.50,176.77,171.90,176.06,20255800,,
2017-12-07,175.80,180.39,175.80,180.14,20404500,,
2017-12-08,181.53,182.28,178.74,179.00,19883800,,
2017-12-11,179.30,180.22,178.80,179.04,13168600,,
2017-12-12,178.60,179.18,176.60,176.96,16854100,,
2017-12-13,177.30,179.16,177.25,178.30,14615700,,
2017-12-14,178.29,180.36,177.68,178.39,13591000,,
2017-12-15,179.02,180.49,178.36,180.18,28463100,,
2017-12-18,181.01,181.30,179.75,180.82,17265400,,
2017-12-19,179.95,180.08,178.22,179.51,14920600,,
2017-12-20,179.81,179.81,177.36,177.89,11860500,,
2017-12-21,177.94,178.68,177.05,177.45,11600700,,
2017-12-22,177.14,177.53,176.23,177.20,8509500,,
2017-12-26,176.63,177.00,174.67,175.99,8897300,,
2017-12-27,176.55,178.44,176.26,177.62,9496100,,
2017-12-28,177.95,178.94,177.68,177.92,12220800,,
2017-12-29,178.00,178.85,176.46,176.46,10261500,,
2018-01-02,177.68,181.58,177.55,181.42,18151900,,
2018-01-03,181.88,184.78,181.33,184.67,16886600,,
2018-01-04,184.90,186.21,184.10,184.33,13880900,,
2018-01-05,185.59,186.90,184.93,186.85,13574500,,
2018-01-08,187.20,188.90,186.33,188.28,17994700,,
2018-01-09,188.70,188.80,187.10,187.87,12393100,,
2018-01-10,186.94,187.89,185.63,187.84,10529900,,
2018-01-11,188.40,188.40,187.38,187.77,9588600,,
2018-01-12,178.06,181.48,177.40,179.37,77551300,,
2018-01-16,181.50,181.75,178.04,178.39,36183800,,
2018-01-17,179.26,179.32,175.80,177.60,27992400,,
2018-01-18,178.13,180.98,177.08,179.80,23304900,,
2018-01-19,180.85,182.37,180.17,181.29,26826500,,
2018-01-22,180.80,185.39,180.41,185.37,21059500,,
2018-01-23,186.05,189.55,185.55,189.35,25678800,,
2018-01-24,189.89,190.66,186.52,186.55,24334500,,
2018-01-25,187.95,188.62,186.60,187.48,17377700,,
2018-01-26,187.75,190.00,186.81,190.00,17759200,,
2018-01-29,188.75,188.84,185.63,185.98,20453200,,
2018-01-30,187.62,188.18,181.84,187.12,20858600,,
2018-01-31,188.37,189.83,185.22,186.89,43275100,,
2018-02-01,188.22,195.32,187.89,193.09,54211300,,
2018-02-02,192.04,194.21,189.98,190.28,26677500,,
2018-02-05,186.93,190.61,180.61,181.26,33128200,,
2018-02-06,178.57,185.77,177.74,185.31,37758500,,
2018-02-07,184.15,185.08,179.95,180.18,27601900,,
2018-02-08,181.01,181.84,171.48,171.58,38478300,,
2018-02-09,174.76,176.90,167.18,176.11,39887600,,
2018-02-12,177.06,177.55,171.84,176.41,32092100,,
2018-02-13,175.62,175.97,173.10,173.15,21809400,,
2018-02-14,173.45,179.81,173.21,179.52,28929700,,
2018-02-15,180.50,180.50,176.84,179.96,20922100,,
2018-02-16,178.99,179.88,176.30,177.36,20645300,,
2018-02-20,175.77,177.95,175.11,176.01,21204900,,
2018-02-21,176.71,181.27,176.40,177.91,23200800,,
2018-02-22,178.70,180.21,177.41,178.99,18464200,,
2018-02-23,179.90,183.39,179.51,183.29,19007300,,
2018-02-26,184.58,185.66,183.22,184.93,17599700,,
2018-02-27,184.45,184.70,181.46,181.46,15849800,,
2018-02-28,182.30,182.88,178.14,178.32,18783000,,
2018-03-01,179.01,180.12,174.41,175.94,23201600,,
2018-03-02,173.29,177.11,172.99,176.62,20025900,,
2018-03-05,176.20,181.15,175.89,180.40,16189300,,
2018-03-06,181.78,182.38,179.11,179.78,15086800,,
2018-03-07,178.74,183.82,178.07,183.71,19097300,,
2018-03-08,183.56,184.40,181.45,182.34,17225900,,
2018-03-09,183.91,185.51,183.21,185.23,18526300,,
2018-03-12,185.23,186.10,184.22,184.76,15301200,,
2018-03-13,185.61,185.99,181.11,181.88,18067500,,
2018-03-14,182.60,184.25,181.85,184.19,16821700,,
2018-03-15,183.24,184.00,182.19,183.86,15614300,,
2018-03-16,184.49,185.33,183.41,185.09,24403400,,
2018-03-19,177.01,177.17,170.06,172.56,88140100,,
2018-03-20,167.47,170.20,161.95,168.15,129851800,,
2018-03-21,164.80,173.40,163.30,169.39,106598800,,
2018-03-22,166.13,170.27,163.72,164.89,73743000,,
2018-03-23,165.44,166.60,159.02,159.39,53609700,,
2018-03-26,160.82,161.10,149.02,160.06,126116600,,
2018-03-27,156.31,162.85,150.75,152.22,79117000,,
2018-03-28,151.65,155.88,150.80,153.03,60029200,,
2018-03-29,155.15,161.42,154.14,159.79,59434300,,
2018-04-02,157.81,159.20,154.11,155.39,36796000,,
2018-04-03,156.55,157.39,150.81,156.11,42543900,,
2018-04-04,152.03,155.56,150.51,155.10,49885600,,
2018-04-05,161.56,161.57,156.65,159.34,41449600,,
2018-04-06,157.73,161.42,156.81,157.20,41644800,,
2018-04-09,157.82,160.53,156.04,157.93,34915200,,
2018-04-10,157.93,165.98,157.01,165.04,57889300,,
2018-04-11,165.36,168.65,163.25,166.32,56144600,,
2018-04-12,166.98,167.45,163.10,163.87,38263000,,
2018-04-13,164.58,165.70,163.77,164.52,19990600,,
2018-04-16,165.72,165.78,163.39,164.83,18119400,,
2018-04-17,165.83,169.00,165.66,168.66,22743000,,
2018-04-18,166.88,168.12,165.77,166.36,20969600,,
2018-04-19,166.20,168.33,165.20,168.10,22235000,,
2018-04-20,167.79,168.43,165.81,166.28,19119400,,
2018-04-23,167.27,168.45,165.09,165.84,23088100,,
2018-04-24,165.43,166.10,158.19,159.69,35079900,,
2018-04-25,160.14,161.06,156.19,159.69,41083600,,
2018-04-26,173.22,176.27,170.80,174.16,77556900,,
2018-04-27,176.81,177.10,172.60,173.59,29804700,,
2018-04-30,173.79,175.72,171.71,172.00,20750500,,
2018-05-01,172.00,174.02,170.23,173.86,26025900,,
2018-05-02,174.25,178.08,174.20,176.07,30424500,,
2018-05-03,175.13,176.12,172.12,174.02,24026100,,
2018-05-04,173.08,176.98,173.06,176.61,17677800,,
2018-05-07,177.35,179.50,177.17,177.97,18697200,,
2018-05-08,178.25,179.04,177.11,178.92,15577200,,
2018-05-09,179.67,183.01,178.78,182.66,23282800,,
2018-05-10,183.15,186.13,182.50,185.53,21071400,,
2018-05-11,184.85,188.32,184.18,186.99,21207800,,
2018-05-14,187.71,187.86,186.20,186.64,15646700,,
2018-05-15,184.88,185.29,183.20,184.32,15429400,,
2018-05-16,183.70,184.32,182.66,183.20,16975500,,
2018-05-17,182.68,184.06,182.22,183.76,14840700,,
2018-05-18,183.49,184.19,182.61,182.68,13130500,,
2018-05-21,183.77,185.30,183.13,184.49,13532900,,
2018-05-22,184.93,185.42,183.43,183.80,12731400,,
2018-05-23,182.50,186.91,182.18,186.90,16628100,,
2018-05-24,185.88,186.80,185.03,185.93,12354700,,
2018-05-25,186.02,186.33,184.45,184.92,10965100,,
2018-05-29,184.34,186.81,183.71,185.74,16398900,,
2018-05-30,186.54,188.00,185.25,187.67,13736900,,
2018-05-31,187.87,192.72,187.48,191.78,30782600,,
2018-06-01,193.07,194.55,192.07,193.99,17307200,,
2018-06-04,191.84,193.98,191.47,193.28,18939800,,
2018-06-05,194.30,195.00,192.62,192.94,15544300,,
2018-06-06,191.03,192.53,189.11,191.34,22558900,,
2018-06-07,190.75,190.97,186.77,188.18,21503200,,
2018-06-08,187.53,189.48,186.43,189.10,12677100,,
2018-06-11,188.81,192.60,188.80,191.54,12928900,,
2018-06-12,192.17,193.28,191.56,192.40,11562700,,
2018-06-13,192.74,194.50,191.91,192.41,15853800,,
2018-06-14,193.10,197.28,192.91,196.81,19120900,,
2018-06-15,195.79,197.07,194.64,195.85,21860900,,
2018-06-18,194.80,199.58,194.13,198.31,16826000,,
2018-06-19,196.24,197.96,193.79,197.49,19994000,,
2018-06-20,199.10,203.55,198.81,202.00,28230900,,
2018-06-21,202.76,203.39,200.09,201.50,19045700,,
2018-06-22,201.16,202.24,199.31,201.74,17420200,,
2018-06-25,200.00,200.00,193.11,196.35,25275100,,
2018-06-26,197.60,199.10,196.23,199.00,17897600,,
2018-06-27,199.18,200.75,195.80,195.84,18734400,,
2018-06-28,195.18,197.34,193.26,196.23,18172400,,
2018-06-29,197.32,197.60,193.96,194.32,15811600,,
2018-07-02,193.37,197.45,192.22,197.36,13961600,,
2018-07-03,194.55,195.40,192.52,192.73,13489500,,
2018-07-05,194.74,198.65,194.03,198.45,19684200,,
2018-07-06,198.45,203.64,197.70,203.23,19740100,,
2018-07-09,204.93,205.80,202.12,204.74,18149400,,
2018-07-10,204.50,204.91,202.26,203.54,13190100,,
2018-07-11,202.22,204.50,201.75,202.54,12927400,,
2018-07-12,203.43,207.08,203.19,206.92,15454700,,
2018-07-13,207.81,208.43,206.45,207.32,11486800,,
2018-07-16,207.50,208.72,206.84,207.23,11078200,,
2018-07-17,204.90,210.46,204.84,209.99,15349900,,
2018-07-18,209.82,210.99,208.44,209.36,15334900,,
2018-07-19,208.77,209.99,207.76,208.09,11350400,,
2018-07-20,208.85,211.50,208.50,209.94,16163900,,
2018-07-23,210.58,211.62,208.80,210.91,16732000,,
2018-07-24,215.11,216.20,212.60,214.67,28468700,,
2018-07-25,215.72,218.62,214.27,217.50,58954200,,
2018-07-26,174.89,180.13,173.75,176.26,169803700,,
2018-07-27,179.87,179.93,173.00,174.89,60073700,,
2018-07-30,175.30,175.30,166.56,171.06,65280800,,
2018-07-31,170.67,174.24,170.00,172.58,40356500,,
2018-08-01,173.93,175.08,170.90,171.65,34042100,,
2018-08-02,170.68,176.79,170.27,176.37,32400000,,
2018-08-03,177.69,178.85,176.15,177.78,24763400,,
2018-08-06,178.97,185.79,178.38,185.69,49716200,,
2018-08-07,186.50,188.30,183.72,183.81,33398600,,
2018-08-08,184.75,186.85,183.76,185.18,22205200,,
2018-08-09,185.85,186.57,182.48,183.09,19732100,,
2018-08-10,182.04,182.10,179.42,180.26,21500400,,
2018-08-13,180.10,182.61,178.90,180.05,17423300,,
2018-08-14,180.71,181.99,178.62,181.11,19102000,,
2018-08-15,179.34,180.87,174.78,179.53,33020200,,
2018-08-16,180.42,180.50,174.01,174.70,31351800,,
2018-08-17,174.50,176.22,172.04,173.80,24893200,,
2018-08-20,174.04,174.57,170.91,172.50,21518000,,
2018-08-21,172.81,174.17,171.39,172.62,19578500,,
2018-08-22,172.21,174.24,172.13,173.64,16894100,,
2018-08-23,173.09,175.55,172.83,172.90,18053600,,
2018-08-24,173.70,174.82,172.92,174.65,14631600,,
2018-08-27,175.99,178.67,175.79,177.46,17921900,,
2018-08-28,178.10,178.24,175.83,176.26,15910700,,
2018-08-29,176.30,176.79,174.75,175.90,18494100,,
2018-08-30,175.90,179.79,175.70,177.64,24216500,,
2018-08-31,177.15,177.62,174.98,175.73,18065200,,
2018-09-04,173.50,173.89,168.80,171.16,29809000,,
2018-09-05,169.49,171.13,166.67,167.18,31226700,,
2018-09-06,166.98,166.98,160.00,162.53,41514800,,
2018-09-07,160.31,164.63,160.16,163.04,24300600,,
2018-09-10,163.51,165.01,162.16,164.18,20197700,,
2018-09-11,163.94,167.19,163.72,165.94,20457100,,
2018-09-12,163.25,164.49,161.80,162.00,24078100,,
2018-09-13,162.00,163.32,160.86,161.36,25453800,,
2018-09-14,161.72,162.84,160.34,162.32,21770400,,
2018-09-17,161.92,162.06,159.77,160.58,21005300,,
2018-09-18,159.39,161.76,158.87,160.30,22465200,,
2018-09-19,160.08,163.44,159.48,163.06,19629000,,
2018-09-20,164.50,166.45,164.47,166.02,18936000,,
2018-09-21,166.64,167.25,162.81,162.93,45994800,,
2018-09-24,161.03,165.70,160.88,165.41,19222800,,
2018-09-25,161.99,165.59,161.15,164.91,27622800,,
2018-09-26,164.30,169.30,164.21,166.95,25252200,,
2018-09-27,167.55,171.77,167.21,168.84,27266900,,
2018-09-28,168.33,168.79,162.56,164.46,34265600,,
2018-10-01,163.03,165.88,161.26,162.44,26407700,,
2018-10-02,161.58,162.28,158.67,159.33,36031000,,
2018-10-03,160.00,163.66,159.53,162.43,23109500,,
2018-10-04,161.46,161.46,157.35,158.85,25739600,,
2018-10-05,159.21,160.90,156.20,157.33,25744000,,
2018-10-08,155.54,158.34,154.39,157.25,24046000,,
2018-10-09,157.69,160.59,157.42,157.90,18844400,,
2018-10-10,156.82,157.69,151.31,151.38,30610000,,
2018-10-11,150.13,154.81,149.16,153.35,35338900,,
2018-10-12,156.73,156.89,151.30,153.74,25293500,,
2018-10-15,153.32,155.57,152.55,153.52,15433500,,
2018-10-16,155.40,159.46,155.01,158.78,19180100,,
2018-10-17,159.56,160.49,157.95,159.42,17592000,,
2018-10-18,158.51,158.66,153.28,154.92,21675100,,
2018-10-19,155.86,157.35,153.55,154.05,19761300,,
2018-10-22,154.76,157.34,154.46,154.78,15424700,,
2018-10-23,151.22,154.77,150.85,154.39,19095000,,
2018-10-24,154.28,154.65,145.60,146.04,27744600,,
2018-10-25,147.73,152.21,147.00,150.95,22105700,,
2018-10-26,145.82,149.00,143.80,145.37,31303300,,
2018-10-29,148.50,148.83,139.03,142.09,31336800,,
2018-10-30,139.94,146.64,139.74,146.22,50528300,,
2018-10-31,155.00,156.40,148.96,151.79,60101300,,
2018-11-01,151.52,152.75,149.35,151.75,25640800,,
2018-11-02,151.80,154.13,148.96,150.35,24708700,,
2018-11-05,150.10,150.19,147.44,148.68,15971200,,
2018-11-06,149.31,150.97,148.00,149.94,16667100,,
2018-11-07,151.57,153.01,149.83,151.53,21877400,,
2018-11-08,150.49,150.94,146.74,147.87,24145800,,
2018-11-09,146.75,147.76,144.07,144.96,17326900,,
2018-11-12,144.48,145.04,140.49,141.55,18542100,,
2018-11-13,142.00,144.88,141.62,142.16,15141700,,
2018-11-14,143.70,145.58,141.55,144.22,22068400,,
2018-11-15,142.33,144.84,140.83,143.85,30320300,,
2018-11-16,141.07,141.77,137.77,139.53,37250600,,
2018-11-19,137.61,137.75,131.21,131.55,44362700,,
2018-11-20,127.03,134.16,126.85,132.43,41939500,,
2018-11-21,134.40,137.19,134.13,134.82,25469700,,
2018-11-23,133.65,134.50,131.26,131.73,11886100,,
2018-11-26,133.00,137.00,132.78,136.38,24263600,,
2018-11-27,135.75,136.61,133.71,135.00,20750300,,
2018-11-28,136.28,136.79,131.85,136.76,29847500,,
2018-11-29,135.92,139.99,135.66,138.68,24238700,,
2018-11-30,138.26,140.97,137.36,140.61,25732600,,
2018-12-03,143.00,143.68,140.76,141.09,24819200,,
2018-12-04,140.73,143.39,137.16,137.93,30307400,,
2018-12-06,133.82,139.70,133.67,139.63,28218100,,
2018-12-07,139.25,140.87,136.66,137.42,21195500,,
2018-12-10,139.60,143.05,139.01,141.85,26422200,,
2018-12-11,143.88,143.88,141.10,142.08,20300300,,
2018-12-12,143.08,147.19,142.51,144.50,23696900,,
2018-12-13,145.57,145.85,143.19,145.01,18148600,,
2018-12-14,143.34,146.01,142.51,144.06,21785800,,
2018-12-17,143.08,144.92,138.42,140.19,24334000,,
2018-12-18,141.08,145.93,139.83,143.66,24709100,,
2018-12-19,141.21,144.91,132.50,133.24,57404900,,
2018-12-20,130.70,135.57,130.00,133.40,40297900,,
2018-12-21,133.39,134.90,123.42,124.95,56901500,,
2018-12-24,123.10,129.74,123.02,124.06,22066000,,
2018-12-26,126.00,134.24,125.89,134.18,39723400,,
2018-12-27,132.44,134.99,129.67,134.52,31202500,,
2018-12-28,135.34,135.92,132.20,133.20,22627600,,
2018-12-31,134.45,134.64,129.95,131.09,24625300,,
2019-01-02,128.99,137.51,128.56,135.68,28146200,,
2019-01-03,134.69,137.17,131.12,131.74,22717900,,
2019-01-04,134.01,138.00,133.75,137.95,29002100,,
2019-01-07,137.56,138.87,135.91,138.05,20089300,,
2019-01-08,139.89,143.14,139.54,142.53,26263800,,
2019-01-09,142.95,144.70,141.27,144.23,22205900,,
2019-01-10,143.08,144.56,140.84,144.20,16125000,,
2019-01-11,143.15,145.36,142.57,143.80,12908000,,
2019-01-14,142.00,146.57,141.27,145.39,20520300,,
2019-01-15,146.01,150.68,145.99,148.95,24069000,,
2019-01-16,149.00,149.65,147.00,147.54,18025700,,
2019-01-17,146.95,149.00,146.50,148.30,15787900,,
2019-01-18,149.75,152.43,148.55,150.04,31029600,,
2019-01-22,149.20,151.53,146.37,147.57,22378700,,
2019-01-23,148.28,148.80,143.06,144.30,20098400,,
2019-01-24,144.64,146.44,142.52,145.83,20955500,,
2019-01-25,147.48,149.83,146.54,149.01,22237200,,
2019-01-28,148.05,148.96,146.21,147.47,15508500,,
2019-01-29,148.09,148.10,143.43,144.19,17632100,,
2019-01-30,146.22,150.95,145.70,150.42,44613200,,
2019-01-31,165.60,171.68,165.00,166.69,77233600,,
2019-02-01,165.84,169.10,165.66,165.71,30806500,,
2019-02-04,165.70,169.30,163.62,169.25,20036000,,
2019-02-05,169.15,171.98,168.69,171.16,22557000,,
2019-02-06,171.20,172.47,169.27,170.49,13281200,,
2019-02-07,168.20,169.24,165.25,166.38,17517600,,
2019-02-08,164.47,167.37,164.21,167.33,12561400,,
2019-02-11,167.90,168.30,165.08,165.79,12811200,,
2019-02-12,166.86,168.34,164.50,165.04,16292300,,
2019-02-13,165.38,166.22,163.73,164.07,14205100,,
2019-02-14,163.19,164.87,162.25,163.95,12755200,,
2019-02-15,164.51,164.70,160.86,162.50,15504400,,
2019-02-19,160.50,164.15,160.33,162.29,14345400,,
2019-02-20,162.25,163.72,161.25,162.56,11770700,,
2019-02-21,161.93,162.24,159.59,160.04,15607800,,
2019-02-22,160.58,162.41,160.31,161.89,15858500,,
2019-02-25,163.07,166.07,162.90,164.62,18737100,,
2019-02-26,164.34,166.24,163.80,164.13,13784100,,
2019-02-27,162.90,163.93,160.41,162.81,12697500,,
2019-02-28,162.37,163.50,160.86,161.45,11114200,,
2019-03-01,162.60,163.13,161.69,162.28,11097800,,
2019-03-04,163.90,167.50,163.83,167.37,18894700,,
2019-03-05,167.37,171.88,166.55,171.26,28187900,,
2019-03-06,172.90,173.57,171.27,172.51,21531700,,
2019-03-07,171.50,171.74,167.61,169.13,18306500,,
2019-03-08,166.20,169.62,165.97,169.60,13184800,,
2019-03-11,171.60,174.30,171.58,172.07,18884000,,
2019-03-12,172.09,173.80,171.22,171.92,12155300,,
2019-03-13,172.32,174.03,172.12,173.37,11973300,,
2019-03-14,169.76,171.15,168.16,170.17,18037400,,
2019-03-15,167.16,167.58,162.51,165.98,37135400,,
2019-03-18,163.57,163.90,159.28,160.47,37524200,,
2019-03-19,161.48,163.82,160.82,161.57,25611500,,
2019-03-20,161.50,166.12,161.24,165.44,20211500,,
2019-03-21,164.89,166.39,163.75,166.08,16223000,,
2019-03-22,165.65,167.42,164.09,164.34,16389200,,
2019-03-25,163.00,166.54,162.00,166.29,12631200,,
2019-03-26,167.35,169.45,166.35,167.68,15437900,,
2019-03-27,167.85,168.94,164.79,165.87,10620300,,
2019-03-28,164.57,166.72,163.33,165.55,10443000,,
2019-03-29,166.39,167.19,164.81,166.69,13455500,,
2019-04-01,167.83,168.90,167.28,168.70,10381500,,
2019-04-02,170.14,174.90,169.55,174.20,23946500,,
2019-04-03,174.50,177.96,172.95,173.54,27391100,,
2019-04-04,176.02,178.00,175.53,176.02,17847700,,
2019-04-05,176.88,177.00,175.10,175.72,9594100,,
2019-04-08,175.21,175.50,174.23,174.93,7297400,,
2019-04-09,175.62,179.19,175.55,177.58,19751000,,
2019-04-10,178.18,178.79,176.54,177.82,11701500,,
2019-04-11,178.24,178.40,177.00,177.51,8071000,,
2019-04-12,178.00,179.63,177.95,179.10,12329800,,
2019-04-15,178.50,180.50,176.87,179.65,10834800,,
2019-04-16,179.00,180.17,178.30,178.87,11215200,,
2019-04-17,179.60,180.74,178.36,178.78,9973700,,
2019-04-18,178.80,178.88,177.34,178.28,11655600,,
2019-04-22,178.25,181.67,178.25,181.44,13389900,,
2019-04-23,182.74,184.22,181.48,183.78,19954800,,
2019-04-24,184.49,185.14,181.65,182.58,37289900,,
2019-04-25,196.98,198.48,192.12,193.26,54148800,,
2019-04-26,192.50,192.90,189.09,191.49,22075000,,
2019-04-29,190.95,195.41,190.65,194.78,19641300,,
2019-04-30,194.19,197.39,192.28,193.40,23494700,,
2019-05-01,194.78,196.18,193.01,193.03,15996600,,
2019-05-02,193.00,194.00,189.75,192.53,13209500,,
2019-05-03,194.38,196.16,193.71,195.47,14575400,,
2019-05-06,191.24,194.28,190.55,193.88,13994900,,
2019-05-07,192.54,192.90,187.85,189.77,16253000,,
2019-05-08,189.39,190.72,188.55,189.54,12505700,,
2019-05-09,187.20,189.77,186.26,188.65,12967000,,
2019-05-10,188.25,190.00,184.59,188.34,12578500,,
2019-05-13,183.50,185.43,180.84,181.54,16833300,,
2019-05-14,182.52,183.49,178.10,180.73,17628100,,
2019-05-15,180.42,187.28,180.02,186.27,16746900,,
2019-05-16,185.05,188.58,185.05,186.99,12953100,,
2019-05-17,184.84,187.58,184.28,185.30,10485400,,
2019-05-20,181.88,184.23,181.37,182.72,10352000,,
2019-05-21,184.57,185.70,183.89,184.82,7502800,,
2019-05-22,184.73,186.74,183.61,185.32,9213800,,
2019-05-23,182.42,183.90,179.67,180.87,12768800,,
2019-05-24,182.33,183.63,180.83,181.06,8807700,,
2019-05-28,181.54,184.71,181.45,184.31,14843300,,
2019-05-29,183.50,184.56,181.35,182.19,12797700,,
2019-05-30,183.08,183.48,180.89,183.01,8581500,,
2019-05-31,180.28,180.54,177.16,177.47,15226500,,
2019-06-03,175.00,175.05,161.01,164.15,56059600,,
2019-06-04,163.71,168.28,160.84,167.50,46044300,,
2019-06-05,167.48,168.72,164.63,168.17,19758300,,
2019-06-06,168.30,169.70,167.23,168.33,12446400,,
2019-06-07,170.17,173.87,168.84,173.35,16917300,,
2019-06-10,174.75,177.86,173.80,174.82,14767900,,
2019-06-11,178.48,179.98,176.79,178.10,15266600,,
2019-06-12,178.38,179.27,172.88,175.04,17699800,,
2019-06-13,175.53,178.03,174.61,177.47,12253600,,
2019-06-14,180.51,181.84,180.00,181.33,16773700,,
2019-06-17,185.01,189.50,184.41,189.01,29459900,,
2019-06-18,194.00,194.53,187.28,188.47,37571400,,
2019-06-19,187.00,188.10,184.55,187.48,21417100,,
2019-06-20,190.95,191.16,187.64,189.53,14635700,,
2019-06-21,188.75,192.00,188.75,191.14,22751200,,
2019-06-24,192.42,193.98,191.57,192.60,15509000,,
2019-06-25,192.88,193.14,188.13,188.84,16750300,,
2019-06-26,189.54,190.76,187.31,187.66,12808600,,
2019-06-27,189.88,198.88,188.27,189.50,11159000,,
2019-06-28,190.55,193.20,189.94,193.00,16378900,,
2019-07-01,195.21,195.28,191.93,193.00,14181800,,
2019-07-02,193.00,195.00,192.71,195.00,9050000,,
2019-07-03,194.16,197.40,194.16,197.20,10246100,,
2019-07-05,196.18,197.07,194.17,196.40,11164100,,
2019-07-08,195.19,196.68,193.64,195.76,9723900,,
2019-07-09,194.97,199.46,194.89,199.21,14698600,,
2019-07-10,200.00,202.96,199.67,202.73,20571700,,
2019-07-11,203.26,203.80,200.21,201.23,13678500,,
2019-07-12,199.68,205.30,199.16,204.87,15366300,,
2019-07-15,204.25,205.33,201.82,203.91,16030300,,
2019-07-16,203.89,205.47,203.10,203.84,12132700,,
2019-07-17,204.18,204.36,201.59,201.80,12083700,,
2019-07-18,200.15,202.47,199.38,200.78,11937900,,
2019-07-19,202.18,202.33,198.07,198.36,12098300,,
2019-07-22,199.91,202.57,198.81,202.32,13589000,,
2019-07-23,202.84,204.24,200.96,202.36,14583700,,
2019-07-24,197.63,204.81,197.22,204.66,32532500,,
2019-07-25,206.70,208.66,198.26,200.71,39889900,,
2019-07-26,200.19,202.88,196.25,199.75,24434000,,
2019-07-29,199.00,199.63,195.30,195.94,16530800,,
2019-07-30,195.39,198.71,193.50,197.04,11903600,,
2019-07-31,196.95,198.76,192.68,194.23,14593500,,
2019-08-01,194.17,198.47,190.88,192.73,17777000,,
2019-08-02,191.10,192.62,188.07,189.02,15297000,,
2019-08-05,184.69,185.67,179.34,181.73,23086700,,
2019-08-06,183.69,185.79,183.09,184.51,18035700,,
2019-08-07,183.60,186.37,181.22,185.15,15833200,,
2019-08-08,186.62,190.34,184.05,190.16,14828900,,
2019-08-09,190.00,190.98,187.12,187.85,11058800,,
2019-08-12,186.85,187.59,184.46,185.37,10930900,,
2019-08-13,185.52,191.38,185.37,188.45,13577000,,
2019-08-14,185.80,185.99,179.31,179.71,18903700,,
2019-08-15,180.95,183.20,180.03,182.59,12925900,,
2019-08-16,183.75,185.10,182.36,183.70,12654600,,
2019-08-19,186.01,187.50,184.85,186.17,9691200,,
2019-08-20,185.45,186.00,182.39,183.81,10083400,,
2019-08-21,185.00,185.90,183.14,183.55,8398200,,
2019-08-22,183.43,184.11,179.91,182.04,10821400,,
2019-08-23,180.84,183.13,176.66,177.75,17323400,,
2019-08-26,179.40,180.50,178.24,180.36,8773600,,
2019-08-27,181.93,184.04,181.01,181.30,14399600,,
2019-08-28,180.53,181.95,178.92,181.76,9386100,,
2019-08-29,183.77,186.08,183.47,185.57,10128700,,
2019-08-30,186.78,186.80,183.46,185.67,10774500,,
2019-09-03,184.00,185.67,182.11,182.39,9779400,,
2019-09-04,184.65,187.75,183.89,187.14,11308000,,
2019-09-05,188.53,191.36,187.94,190.90,13876700,,
2019-09-06,190.21,190.21,186.35,187.49,15226800,,
2019-09-09,187.73,188.98,185.85,188.76,14722400,,
2019-09-10,187.44,188.10,184.55,186.17,15455900,,
2019-09-11,186.46,189.44,186.08,188.49,11761700,,
2019-09-12,189.86,190.93,187.23,187.47,11419800,,
2019-09-13,187.33,187.97,186.54,187.19,11441100,,
2019-09-16,186.93,187.79,185.77,186.22,8444800,,
2019-09-17,186.66,188.32,185.54,188.08,9671100,,
2019-09-18,188.09,189.08,186.01,188.14,9681900,,
2019-09-19,188.66,191.10,188.15,190.14,10392700,,
2019-09-20,190.66,193.10,188.12,189.93,19934200,,
2019-09-23,189.34,190.10,185.21,186.82,13327600,,
2019-09-24,187.98,188.04,180.39,181.28,18546600,,
2019-09-25,181.45,183.42,177.87,182.80,18068300,,
2019-09-26,181.33,181.40,177.67,180.11,16083300,,
2019-09-27,180.49,180.76,175.66,177.10,14656200,,
2019-09-30,177.87,178.67,176.85,178.08,10740000,,
2019-10-01,179.15,179.84,174.88,175.81,17073000,,
2019-10-02,174.84,176.53,173.09,174.60,16151700,,
2019-10-03,175.57,179.84,173.63,179.38,16086300,,
2019-10-04,179.55,180.98,178.10,180.45,10430200,,
2019-10-07,180.00,181.18,178.09,179.68,9178300,,
2019-10-08,178.26,180.37,177.72,177.75,9466900,,
2019-10-09,179.16,180.72,177.94,179.85,7556900,,
2019-10-10,180.32,181.61,179.17,180.03,8605000,,
2019-10-11,182.15,186.49,182.14,184.19,14930500,,
2019-10-14,184.20,184.62,182.57,183.28,7006000,,
2019-10-15,183.80,190.38,183.66,188.89,15039100,,
2019-10-16,188.32,189.70,186.90,189.55,10516900,,
2019-10-17,190.30,190.84,188.77,190.39,9603000,,
2019-10-18,190.23,191.49,183.92,185.85,16874200,,
2019-10-21,187.04,189.91,186.75,189.76,8122600,,
2019-10-22,190.00,190.65,181.50,182.34,19537600,,
2019-10-23,182.01,186.38,182.00,186.15,12300400,,
2019-10-24,184.62,186.73,182.80,186.38,11413500,,
2019-10-25,185.83,189.00,185.09,187.89,8061200,,
2019-10-28,187.20,189.53,185.08,189.40,13657900,,
2019-10-29,191.69,192.53,188.47,189.31,13574900,,
2019-10-30,189.56,190.45,185.98,188.25,28734600,,
2019-10-31,196.70,198.09,188.25,191.65,42286500,,
2019-11-01,192.85,194.11,189.91,193.62,21711800,,
2019-11-04,194.55,197.37,193.81,194.72,16371300,,
2019-11-05,195.37,195.75,193.60,194.32,9942000,,
2019-11-06,194.03,194.37,191.35,191.55,10973000,,
2019-11-07,191.91,193.44,189.47,190.42,13473000,,
2019-11-08,190.00,192.34,189.70,190.84,10760800,,
2019-11-11,189.93,190.08,188.54,189.61,8631200,,
2019-11-12,190.00,195.06,189.74,194.47,17615500,,
2019-11-13,194.70,195.70,192.74,193.19,10860700,,
2019-11-14,192.93,194.03,191.45,193.15,9040500,,
2019-11-15,194.26,195.30,193.38,195.10,11524300,,
2019-11-18,194.56,198.63,193.05,197.40,16167200,,
2019-11-19,197.40,200.00,196.86,199.32,19056800,,
2019-11-20,198.58,199.59,195.43,197.51,12355400,,
2019-11-21,197.42,199.09,196.86,197.93,12131000,,
2019-11-22,198.38,199.30,197.62,198.82,9959800,,
2019-11-25,199.52,200.97,199.25,199.79,15272300,,
2019-11-26,200.00,200.15,198.04,198.97,11735500,,
2019-11-27,199.90,203.14,199.42,202.00,12736600,,
2019-11-29,201.60,203.80,201.21,201.64,7985200,,
2019-12-02,202.13,202.18,198.05,199.70,11503400,,
2019-12-03,197.60,198.93,195.08,198.82,11595300,,
2019-12-04,200.00,200.03,198.05,198.71,8456300,,
2019-12-05,199.86,201.29,198.21,199.36,9740400,,
2019-12-06,200.50,201.57,200.06,201.05,12270600,,
2019-12-09,200.65,203.14,200.21,201.34,11954800,,
2019-12-10,201.66,202.05,200.15,200.87,9475700,,
2019-12-11,200.28,202.63,200.28,202.26,8036800,,
2019-12-12,202.35,203.66,194.10,196.75,23734800,,
2019-12-13,196.40,196.80,193.17,194.11,18798000,,
2019-12-16,195.27,199.12,194.81,197.92,14911500,,
2019-12-17,198.84,199.00,196.13,198.39,10175700,,
2019-12-18,200.09,204.30,200.09,202.50,23274400,,
2019-12-19,202.78,206.30,202.51,206.06,16514600,,
2019-12-20,207.48,207.71,203.43,206.30,27306900,,
2019-12-23,206.70,208.59,205.68,206.18,13348900,,
2019-12-24,206.30,206.79,205.00,205.12,6046300,,
2019-12-26,205.57,207.82,205.31,207.79,9350700,,
2019-12-27,208.67,208.93,206.59,208.10,10284200,,
2019-12-30,207.86,207.90,203.90,204.41,10524300,,
2019-12-31,204.00,205.56,203.60,205.25,8953500,,
2020-01-02,206.75,209.79,206.27,209.78,12077100,,
2020-01-03,207.21,210.40,206.95,208.67,11188400,,
2020-01-06,206.70,212.78,206.52,212.60,17058900,,
2020-01-07,212.82,214.58,211.75,213.06,14912400,,
2020-01-08,213.00,216.24,212.61,215.22,13475000,,
2020-01-09,217.54,218.38,216.28,218.30,12642800,,
2020-01-10,219.20,219.88,217.42,218.06,12119400,,
2020-01-13,219.60,221.97,219.21,221.91,14463400,,
2020-01-14,221.61,222.38,218.63,219.06,13288900,,
2020-01-15,220.61,221.68,220.14,221.15,10036500,,
2020-01-16,222.57,222.63,220.39,221.77,10015300,,
2020-01-17,222.03,222.29,220.53,222.14,15905900,,
2020-01-21,222.16,222.37,219.12,221.44,14275800,,
2020-01-22,222.31,222.75,221.28,221.32,12212800,,
2020-01-23,220.75,221.49,219.27,219.76,11195000,,
2020-01-24,220.80,221.78,216.11,217.94,11905800,,
2020-01-27,213.10,216.06,212.50,214.87,13810700,,
2020-01-28,216.14,218.74,213.52,217.79,13413800,,
2020-01-29,221.44,224.20,218.45,223.23,33181300,,
2020-01-30,206.53,211.43,204.75,209.53,48775500,,
2020-01-31,208.43,208.69,201.06,201.91,31359900,,
2020-02-03,203.44,205.14,202.50,204.19,15495600,,
2020-02-04,206.62,210.60,205.20,209.83,19628900,,
2020-02-05,212.51,212.73,208.71,210.11,12538200,,
2020-02-06,210.47,211.19,209.34,210.85,10567500,,
2020-02-07,210.30,212.82,209.93,212.33,12242500,,
2020-02-10,211.52,213.80,210.66,213.06,11856400,,
2020-02-11,210.19,210.86,206.51,207.19,25030800,,
2020-02-12,207.85,211.22,207.40,210.76,13813700,,
2020-02-13,209.52,214.33,209.18,213.14,15396600,,
2020-02-14,214.00,214.93,212.65,214.18,10741700,,
2020-02-18,213.55,217.98,213.40,217.80,15609200,,
2020-02-19,217.99,218.32,216.11,217.49,12135100,,
2020-02-20,216.52,218.77,212.95,214.58,13109200,,
2020-02-21,213.48,214.24,208.83,210.18,14092300,,
2020-02-24,201.80,203.65,198.17,200.72,23080100,,
2020-02-25,202.25,203.50,195.95,196.77,21433500,,
2020-02-26,197.19,201.21,195.49,197.20,16524500,,
2020-02-27,191.82,195.88,189.50,189.75,21682600,,
2020-02-28,182.70,192.74,181.82,192.47,32568900,,
2020-03-02,194.03,196.57,188.85,196.44,24949000,,
2020-03-03,196.22,197.24,183.97,185.89,27984100,,
2020-03-04,189.17,191.83,186.39,191.76,23062500,,
2020-03-05,186.78,188.99,183.89,185.17,19333400,,
2020-03-06,178.33,183.78,176.26,181.09,24559600,,
2020-03-09,169.60,175.00,165.19,169.50,29949000,,
2020-03-10,174.67,178.29,169.50,178.19,24517800,,
2020-03-11,174.01,175.88,167.66,170.24,20373900,,
2020-03-12,159.54,166.60,154.34,154.47,43266300,,
2020-03-13,163.53,170.79,157.60,170.28,35028600,,
2020-03-16,152.32,159.13,143.10,146.01,39120400,,
2020-03-17,150.74,153.94,140.00,149.42,34255600,,
2020-03-18,139.75,148.18,137.10,146.96,37553100,,
2020-03-19,146.62,159.93,144.80,153.13,39862300,,
2020-03-20,156.02,159.27,148.00,149.73,32568400,,
2020-03-23,149.66,152.31,142.25,148.10,29830800,,
2020-03-24,155.21,161.31,152.57,160.98,30440400,,
2020-03-25,158.92,162.99,153.06,156.21,35184300,,
2020-03-26,158.25,164.00,157.02,163.34,26556800,,
2020-03-27,158.20,160.09,154.75,156.79,24879900,,
2020-03-30,159.18,166.75,158.06,165.95,22515200,,
2020-03-31,165.48,170.93,164.20,166.80,23676300,,
2020-04-01,161.62,164.15,158.04,159.60,19507600,,
2020-04-02,159.10,161.35,155.92,158.19,20886300,,
2020-04-03,157.15,157.91,150.83,154.18,25983300,,
2020-04-06,160.15,166.20,158.51,165.55,28453600,,
2020-04-07,171.79,173.39,166.01,168.83,31411900,,
2020-04-08,171.25,175.00,167.74,174.28,21664200,,
2020-04-09,175.90,177.08,171.57,175.19,23534300,,
2020-04-13,173.67,175.00,169.45,174.79,19355400,,
2020-04-14,178.98,181.23,176.62,178.17,21011800,,
2020-04-15,175.19,178.19,172.82,176.97,17423000,,
2020-04-16,177.95,178.05,172.51,176.25,23593200,,
2020-04-17,179.20,180.28,176.66,179.24,20974800,,
2020-04-20,177.41,180.50,176.77,178.24,16110700,,
2020-04-21,175.25,175.38,168.34,170.80,24850500,,
2020-04-22,178.45,184.78,178.14,182.28,33242000,,
2020-04-23,184.08,187.05,183.15,185.13,21426600,,
2020-04-24,183.23,190.41,180.83,190.07,28792000,,
2020-04-27,192.66,193.75,187.41,187.50,29197800,,
2020-04-28,188.66,189.20,182.56,182.91,21731000,,
2020-04-29,190.93,196.91,190.00,194.19,45954500,,
2020-04-30,206.92,209.69,201.57,204.71,46230100,,
2020-05-01,201.60,207.28,199.05,202.27,30415600,,
2020-05-04,200.20,205.91,198.76,205.26,19250700,,
2020-05-05,207.02,210.38,206.50,207.07,21071200,,
2020-05-06,208.12,211.60,206.66,208.47,21857000,,
2020-05-07,211.16,211.60,209.04,211.26,15152000,,
2020-05-08,212.24,213.21,210.85,212.35,12506000,,
2020-05-11,210.89,215.00,210.37,213.18,12911900,,
2020-05-12,213.29,215.28,210.00,210.10,14704600,,
2020-05-13,209.43,210.78,202.11,205.10,20684600,,
2020-05-14,202.56,206.93,200.69,206.81,17178900,,
2020-05-15,205.27,211.34,204.12,210.88,19383200,,
2020-05-18,212.15,214.64,210.94,213.19,20151900,,
2020-05-19,213.27,220.49,212.83,216.88,31843200,,
2020-05-20,223.50,231.34,223.19,229.97,50162900,,
2020-05-21,234.72,237.20,231.20,231.39,47782600,,
2020-05-22,231.51,235.99,228.74,234.91,33925600,,
2020-05-26,239.77,240.90,231.67,232.20,33178300,,
2020-05-27,229.07,230.56,221.13,229.14,34697600,,
2020-05-28,224.30,231.63,224.00,225.46,29377200,,
2020-05-29,225.20,227.49,222.88,225.09,23241500,,
2020-06-01,224.59,232.44,223.50,231.91,18223800,,
2020-06-02,230.94,233.00,226.56,232.72,20919000,,
2020-06-03,232.11,232.65,228.53,230.16,15380300,,
2020-06-04,229.56,231.63,224.61,226.29,17041500,,
2020-06-05,226.71,231.35,225.31,230.77,16750400,,
2020-06-08,229.03,231.55,227.41,231.40,15466500,,
2020-06-09,231.52,239.77,230.41,238.67,27462900,,
2020-06-10,240.96,241.21,235.28,236.73,20720700,,
2020-06-11,229.94,232.89,223.55,224.43,26708200,,
2020-06-12,229.90,231.66,224.50,228.58,22091400,,
2020-06-15,225.09,233.77,224.80,232.50,15340300,,
2020-06-16,237.14,238.46,233.00,235.65,15236700,,
2020-06-17,235.00,237.59,231.73,235.53,19578100,,
2020-06-18,234.99,236.14,232.15,235.94,15782500,,
2020-06-19,237.79,240.83,235.55,238.79,30081300,,
2020-06-22,238.56,240.70,236.91,239.22,18917800,,
2020-06-23,241.28,245.19,239.86,242.24,24017900,,
2020-06-24,241.20,243.22,232.68,234.02,20834900,,
2020-06-25,234.62,237.30,232.74,235.68,18704300,,
2020-06-26,232.64,233.09,215.40,216.08,76343900,,
2020-06-29,209.75,220.75,207.11,220.64,58514300,,
2020-06-30,220.59,227.50,218.47,227.07,33927100,,
2020-07-01,228.50,239.00,227.56,237.55,43399700,,
2020-07-02,239.00,240.00,232.61,233.42,30633600,,
2020-07-06,233.76,240.40,232.27,240.28,26206200,,
2020-07-07,239.41,247.65,238.82,240.86,27887800,,
2020-07-08,238.11,246.99,236.59,243.58,29791300,,
2020-07-09,245.00,246.53,239.24,244.50,22174900,,
2020-07-10,243.69,245.49,239.32,245.07,22982700,,
2020-07-13,247.01,250.15,238.42,239.00,24674900,,
2020-07-14,236.76,240.33,232.03,239.73,23378100,,
2020-07-15,241.55,244.82,238.05,240.28,19133600,,
2020-07-16,238.00,241.76,236.33,240.93,18880700,,
2020-07-17,241.00,244.16,237.86,242.03,18152400,,
2020-07-20,240.06,246.05,235.64,245.42,20872200,,
2020-07-21,246.22,246.91,240.08,241.75,19364200,,
2020-07-22,240.26,241.90,238.12,239.87,15427900,,
2020-07-23,239.63,242.42,231.75,232.60,21771800,,
2020-07-24,230.19,233.49,226.90,230.71,18325800,,
2020-07-27,231.46,234.95,230.83,233.50,13163100,,
2020-07-28,234.63,234.96,229.83,230.12,14170100,,
2020-07-29,231.14,233.70,230.31,233.29,13588300,,
2020-07-30,230.22,234.89,229.00,234.50,20615300,,
2020-07-31,255.82,255.85,249.00,253.67,53005100,,
2020-08-03,252.65,255.40,250.33,251.96,23124900,,
2020-08-04,251.56,252.80,247.43,249.83,17183500,,
2020-08-05,250.19,252.27,247.77,249.12,13050100,,
2020-08-06,249.04,266.60,248.67,265.28,45241600,,
2020-08-07,264.08,278.89,263.43,268.44,72766400,,
2020-08-10,268.04,273.86,259.69,263.00,30248800,,
2020-08-11,260.19,265.92,255.13,256.13,28238300,,
2020-08-12,258.97,263.90,258.11,259.89,21415700,,
2020-08-13,261.55,265.16,259.57,261.30,17374000,,
2020-08-14,262.31,262.65,258.68,261.24,14792700,,
2020-08-17,262.50,264.10,259.40,261.16,13351100,,
2020-08-18,260.95,265.15,259.26,262.34,18690400,,
2020-08-19,261.39,267.91,261.35,262.59,23291500,,
2020-08-20,261.50,269.63,261.46,269.01,20299700,,
2020-08-21,268.69,270.49,266.42,267.01,15538600,,
2020-08-24,271.07,277.25,268.77,271.39,23685600,,
2020-08-25,272.41,283.09,270.26,280.82,42127200,,
2020-08-26,284.00,304.67,284.00,303.91,69015200,,
2020-08-27,300.16,301.23,292.02,293.22,30301300,,
2020-08-28,295.00,297.23,290.98,293.66,17157400,,
2020-08-31,293.95,296.88,291.55,293.20,17345100,,
2020-09-01,294.71,301.49,292.71,295.44,17295900,,
2020-09-02,298.88,303.60,293.05,302.50,24341400,,
2020-09-03,295.99,297.60,283.63,291.12,32294100,,
2020-09-04,287.25,289.00,271.14,282.73,30333700,,
2020-09-08,271.28,279.30,269.42,271.16,24864000,,
2020-09-09,275.77,278.48,271.35,273.72,22918800,,
2020-09-10,275.51,279.16,267.03,268.09,24814700,,
2020-09-11,270.06,271.39,262.64,266.61,18913900,,
2020-09-14,270.95,276.64,265.70,266.15,24093800,,
2020-09-15,270.67,274.52,269.30,272.42,18478500,,
2020-09-16,267.29,272.44,261.79,263.52,29183400,,
2020-09-17,258.28,261.50,250.19,254.82,31281400,,
2020-09-18,258.40,259.20,250.05,252.53,28130800,,
2020-09-21,247.54,249.95,244.13,248.15,24709400,,
2020-09-22,253.31,255.32,248.22,254.75,30293100,,
2020-09-23,255.26,257.99,248.15,249.02,19641300,,
2020-09-24,246.50,252.24,245.62,249.53,20006800,,
2020-09-25,249.40,255.75,246.61,254.82,18351300,,
2020-09-28,259.40,259.60,254.82,256.82,18826300,,
2020-09-29,257.81,263.33,256.90,261.79,20200200,,
2020-09-30,261.98,266.08,260.10,261.90,20142500,,
2020-10-01,265.35,268.33,264.80,266.63,20009800,,
2020-10-02,261.21,265.15,259.18,259.94,16367600,,
2020-10-05,262.20,264.87,260.84,264.65,12822300,,
2020-10-06,261.78,265.69,258.24,258.66,18696900,,
2020-10-07,259.21,260.18,254.82,258.12,23133400,,
2020-10-08,259.75,264.62,259.15,263.76,16312800,,
2020-10-09,264.52,264.75,262.17,264.45,14107800,,
2020-10-12,270.20,280.18,267.87,275.75,31019300,,
2020-10-13,277.58,279.10,273.39,276.14,18063300,,
2020-10-14,277.62,278.75,271.50,271.82,15577800,,
2020-10-15,267.60,269.04,263.67,266.72,15416100,,
2020-10-16,267.38,271.37,265.30,265.93,16622700,,
2020-10-19,265.53,268.55,259.88,261.40,13587000,,
2020-10-20,263.06,269.70,262.88,267.56,18763200,,
2020-10-21,279.56,283.05,276.37,278.73,28998600,,
2020-10-22,279.87,282.45,275.04,278.12,16720000,,
2020-10-23,278.80,285.24,276.82,284.79,17535200,,
2020-10-26,283.16,285.23,274.26,277.11,21322900,,
2020-10-27,278.76,284.51,276.31,283.29,16287200,,
2020-10-28,278.79,278.79,267.26,267.67,23121800,,
2020-10-29,276.55,283.60,273.78,280.83,32368100,,
2020-10-30,274.50,276.70,259.10,263.11,47247800,,
2020-11-02,264.60,270.47,257.34,261.36,27165700,,
2020-11-03,263.16,270.05,260.88,265.30,17961900,,
2020-11-04,281.00,288.94,278.62,287.38,35364400,,
2020-11-05,291.90,297.38,288.95,294.68,23823600,,
2020-11-06,293.95,294.60,288.06,293.41,13891000,,
2020-11-09,289.87,292.58,278.53,278.77,25117700,,
2020-11-10,273.10,274.00,264.00,272.43,29067700,,
2020-11-11,273.47,278.40,272.48,276.48,14957000,,
2020-11-12,277.18,279.75,274.43,275.08,12899500,,
2020-11-13,277.72,277.76,273.10,276.95,10391200,,
2020-11-16,275.05,279.41,274.63,278.96,12970400,,
2020-11-17,277.68,277.68,273.29,275.00,15040300,,
2020-11-18,274.52,277.39,271.84,271.97,12152900,,
2020-11-19,271.02,273.47,269.19,272.94,12963700,,
2020-11-20,272.56,273.00,269.41,269.70,18114700,,
2020-11-23,270.89,270.95,264.53,268.43,20990800,,
2020-11-24,268.49,277.82,267.87,276.92,16930400,,
2020-11-25,278.14,280.18,272.65,275.59,12467000,,
2020-11-27,277.39,279.13,274.82,277.81,7808400,,
2020-11-30,276.03,277.70,271.01,276.97,16693300,,
2020-12-01,279.16,289.30,278.96,286.55,20738900,,
2020-12-02,285.36,291.78,280.83,287.52,17361600,,
2020-12-03,286.25,286.65,281.07,281.85,12921700,,
2020-12-04,280.30,283.46,279.30,279.70,10880300,,
2020-12-07,279.19,288.49,278.20,285.58,13007700,,
2020-12-08,286.01,286.43,281.55,283.40,10747700,,
2020-12-09,283.66,287.63,271.75,277.92,25189700,,
2020-12-10,275.54,278.73,271.86,277.12,20065100,,
2020-12-11,274.53,276.48,270.25,273.55,14391400,,
2020-12-14,273.37,277.22,271.56,274.19,16376900,,
2020-12-15,274.83,276.08,267.47,275.55,23979500,,
2020-12-16,274.76,277.86,272.51,275.67,15885000,,
2020-12-17,277.07,280.44,273.61,274.48,16377800,,
2020-12-18,275.77,278.00,271.14,276.40,26693200,,
2020-12-21,272.98,274.67,267.79,272.79,16553700,,
2020-12-22,271.50,271.50,264.63,267.09,17312900,,
2020-12-23,266.89,272.17,266.23,268.11,14329000,,
2020-12-24,268.88,270.40,266.20,267.40,6702000,,
2020-12-28,268.74,277.30,265.66,277.00,23299700,,
2020-12-29,276.95,280.51,276.28,276.78,16383000,,
2020-12-30,277.95,278.08,271.71,271.87,11803800,,
2020-12-31,272.00,277.09,269.81,273.16,12900400,,
2021-01-04,274.78,275.00,265.20,268.94,15106100,,
2021-01-05,268.29,272.40,268.21,270.97,9871600,,
2021-01-06,262.00,267.75,260.01,263.31,24354100,,
2021-01-07,265.90,271.61,264.78,268.74,15789800,,
2021-01-08,268.31,268.95,263.18,267.57,18528300,,
2021-01-11,260.48,263.47,255.90,256.84,30412300,,
2021-01-12,256.63,259.72,250.30,251.09,26383500,,
2021-01-13,251.55,253.95,249.20,251.64,19528900,,
2021-01-14,253.40,255.03,244.61,245.64,29739400,,
2021-01-15,247.90,253.86,247.16,251.36,24942900,,
2021-01-19,256.90,262.20,252.72,261.10,28028500,,
2021-01-20,268.93,270.32,263.60,267.48,25199900,,
2021-01-21,269.26,273.60,267.49,272.87,20838700,,
2021-01-22,272.01,278.47,272.00,274.50,21954000,,
2021-01-25,278.14,280.10,271.51,278.01,19087000,,
2021-01-26,278.14,285.39,277.81,282.05,19373600,,
2021-01-27,282.53,283.45,268.12,272.14,35346200,,
2021-01-28,277.18,286.79,264.70,265.00,37758800,,
2021-01-29,265.30,266.56,254.85,258.33,30389500,,
2021-02-01,259.52,264.17,254.91,262.01,22914300,,
2021-02-02,264.00,268.85,263.27,267.08,17320800,,
2021-02-03,265.62,269.20,263.84,266.65,14223400,,
2021-02-04,267.01,268.16,264.00,266.49,16060000,,
2021-02-05,266.80,269.17,265.67,268.10,12454400,,
2021-02-08,268.75,269.86,265.00,266.58,13755200,,
2021-02-09,266.44,273.39,265.75,269.45,14613400,,
2021-02-10,272.45,273.80,267.72,271.87,14687200,,
2021-02-11,271.89,273.58,268.49,270.39,12828600,,
2021-02-12,270.52,271.18,268.34,270.50,9097600,,
2021-02-16,270.80,276.60,270.05,273.97,15417200,,
2021-02-17,271.24,273.97,269.58,273.57,12763200,,
2021-02-18,269.57,271.95,266.03,269.39,15249100,,
2021-02-19,269.86,270.27,260.15,261.56,25622600,,
2021-02-22,257.95,263.07,257.53,260.33,17434900,,
2021-02-23,259.50,267.46,254.96,265.86,21924600,,
2021-02-24,262.33,266.38,258.39,264.31,15736100,,
2021-02-25,262.30,266.94,254.04,254.69,19053100,,
2021-02-26,256.47,265.55,256.47,257.62,26619500,,
2021-03-01,260.82,266.65,257.90,264.91,22157300,,
2021-03-02,265.78,266.71,258.65,259.00,15191700,,
2021-03-03,260.29,260.99,255.10,255.41,15513500,,
2021-03-04,256.47,266.49,253.50,257.64,31626500,,
2021-03-05,260.67,265.45,255.61,264.28,26820100,,
2021-03-08,265.55,265.58,255.05,255.31,18391800,,
2021-03-09,261.18,268.53,259.81,265.74,22039700,,
2021-03-10,268.64,268.97,262.87,264.90,14210300,,
2021-03-11,268.11,277.90,267.82,273.88,21834000,,
2021-03-12,269.14,269.74,264.02,268.40,20600200,,
2021-03-15,269.08,275.96,268.50,273.75,16844800,,
2021-03-16,276.08,282.14,274.80,279.28,22437700,,
2021-03-17,275.71,286.23,275.41,284.01,21315000,,
2021-03-18,279.87,285.19,278.28,278.62,18728300,,
2021-03-19,281.22,292.80,281.20,290.11,38930500,,
2021-03-22,290.45,299.71,286.75,293.54,28273100,,
2021-03-23,293.15,298.00,289.81,290.63,23000900,,
2021-03-24,291.00,291.72,281.16,282.14,18675000,,
2021-03-25,280.98,288.06,277.75,278.74,24505600,,
2021-03-26,278.30,284.50,277.77,283.02,17629200,,
2021-03-29,285.77,293.18,284.70,290.82,21718800,,
2021-03-30,289.83,292.47,286.70,288.00,17474500,,
2021-03-31,289.99,296.50,288.61,294.53,19498200,,
2021-04-01,298.40,302.40,296.60,298.66,17616000,,
2021-04-05,300.89,310.77,300.68,308.91,28237000,,
2021-04-06,308.84,311.35,305.25,306.26,17335200,,
2021-04-07,306.34,314.25,305.50,313.09,22855200,,
2021-04-08,314.85,315.88,310.05,313.02,20894100,,
2021-04-09,311.40,314.74,310.33,312.46,15988600,,
2021-04-12,311.05,312.15,307.93,311.54,10881900,,
2021-04-13,312.21,314.43,309.32,309.76,14036900,,
2021-04-14,307.30,308.03,301.95,302.82,17421400,,
2021-04-15,306.34,310.14,304.10,307.82,14558300,,
2021-04-16,308.17,308.95,304.61,306.18,13059200,,
2021-04-19,305.01,307.70,300.56,302.24,14553500,,
2021-04-20,301.99,305.10,297.21,302.65,16796400,,
2021-04-21,301.95,301.98,297.39,301.47,14863500,,
2021-04-22,301.33,302.92,296.04,296.52,16375400,,
2021-04-23,298.76,302.59,297.15,301.13,17536800,,
2021-04-26,303.34,305.80,301.56,303.04,16172600,,
2021-04-27,304.28,305.34,301.11,303.57,15309300,,
2021-04-28,307.36,310.92,305.37,307.10,33907200,,
2021-04-29,330.12,331.81,321.61,329.51,56526800,,
2021-04-30,326.14,329.82,324.50,325.08,26332400,,
2021-05-03,326.17,328.55,321.84,322.58,18719500,,
2021-05-04,320.02,322.19,313.12,318.36,24032600,,
2021-05-05,318.19,321.06,314.49,315.02,15577600,,
2021-05-06,314.52,320.24,313.27,320.02,19012200,,
2021-05-07,322.38,322.94,318.75,319.08,15916700,,
2021-05-10,314.35,314.58,304.83,305.97,24239200,,
2021-05-11,300.75,306.84,299.69,306.53,18920100,,
2021-05-12,301.13,304.96,298.19,302.55,24645500,,
2021-05-13,306.08,308.86,302.77,305.26,18079200,,
2021-05-14,309.54,316.85,309.08,315.94,19245700,,
2021-05-17,313.55,315.68,311.58,315.46,15401300,,
2021-05-18,315.59,316.50,309.81,309.96,14522400,,
2021-05-19,304.19,314.66,303.57,313.59,19106200,,
2021-05-20,313.58,319.25,313.16,318.61,17320200,,
2021-05-21,319.29,319.93,315.81,316.23,13600900,,
2021-05-24,318.21,325.95,318.03,324.63,16445400,,
2021-05-25,327.08,329.18,324.80,327.79,16437000,,
2021-05-26,328.35,329.83,325.82,327.66,9686900,,
2021-05-27,328.00,333.78,326.76,332.75,20477700,,
2021-05-28,331.00,332.87,328.33,328.73,12037400,,
2021-06-01,330.15,331.42,326.64,329.13,11765900,,
2021-06-02,330.38,331.87,327.12,329.15,11654300,,
2021-06-03,325.78,327.38,323.48,326.04,12610800,,
2021-06-04,325.90,332.46,325.18,330.35,13289400,,
2021-06-07,329.48,337.69,328.93,336.58,20136700,,
2021-06-08,336.70,338.30,332.24,333.68,14580500,,
2021-06-09,335.74,336.80,330.00,330.25,13727900,,
2021-06-10,330.79,333.94,328.55,332.46,13240200,,
2021-06-11,332.58,332.83,328.93,331.26,13587900,,
2021-06-14,331.90,336.82,329.81,336.77,12250800,,
2021-06-15,336.99,339.92,335.03,336.75,15795200,,
2021-06-16,336.70,337.55,328.72,331.08,17232200,,
2021-06-17,330.49,337.98,330.15,336.51,17794100,,
2021-06-18,334.53,336.15,329.00,329.66,23039500,,
2021-06-21,331.09,332.92,327.65,332.29,11337500,,
2021-06-22,332.69,339.92,332.60,339.03,15345300,,
2021-06-23,339.35,343.42,338.20,340.59,14817800,,
2021-06-24,341.85,344.90,341.79,343.18,12329100,,
2021-06-25,342.59,344.12,339.68,341.37,14594400,,
2021-06-28,342.46,358.14,341.77,355.64,29156100,,
2021-06-29,356.27,356.74,349.05,351.89,21417300,,
2021-06-30,352.17,352.92,347.17,347.71,15107500,,
2021-07-01,346.82,354.67,346.50,354.39,17137000,,
2021-07-02,355.10,356.44,352.62,354.70,11521300,,
2021-07-06,356.50,358.79,349.18,352.78,13488500,,
2021-07-07,355.26,356.49,350.00,350.49,14218900,,
2021-07-08,345.73,348.33,342.56,345.65,14406500,,
2021-07-09,345.32,350.71,345.27,350.42,13018700,,
2021-07-12,351.23,354.19,349.64,353.16,10018600,,
2021-07-13,351.50,358.49,348.80,352.09,11456000,,
2021-07-14,354.56,355.20,346.73,347.63,13894200,,
2021-07-15,349.23,349.23,340.22,344.46,14781600,,
2021-07-16,344.91,345.99,340.14,341.16,11026100,,
2021-07-19,337.57,339.79,334.54,336.95,14372300,,
2021-07-20,338.80,343.45,334.50,341.66,11024300,,
2021-07-21,341.50,346.52,341.25,346.23,9279700,,
2021-07-22,346.68,351.54,345.21,351.19,12385400,,
2021-07-23,360.91,375.33,357.19,369.79,33694300,,
2021-07-26,369.58,374.44,368.22,372.46,14925200,,
2021-07-27,371.91,373.15,364.55,367.81,15705400,,
2021-07-28,374.56,377.55,366.93,373.28,29676900,,
2021-07-29,361.00,365.52,356.74,358.32,33413200,,
2021-07-30,354.00,360.73,352.94,356.30,15976200,,
2021-08-02,358.10,359.40,350.74,351.95,13180400,,
2021-08-03,352.73,353.77,347.70,351.24,12406100,,
2021-08-04,352.42,360.48,351.51,358.92,14180600,,
2021-08-05,359.64,363.90,356.90,362.97,10247200,,
2021-08-06,361.40,365.15,361.40,363.51,8925000,,
2021-08-09,363.76,365.78,360.75,361.61,7798900,,
2021-08-10,361.83,364.10,359.04,361.13,7469900,,
2021-08-11,362.10,362.36,357.81,359.96,8400300,,
2021-08-12,358.45,363.00,357.11,362.65,7170700,,
2021-08-13,362.97,364.66,361.48,363.18,7195700,,
2021-08-16,362.52,366.95,357.38,366.56,11222100,,
2021-08-17,362.98,364.67,355.07,358.45,12328700,,
2021-08-18,356.25,359.86,355.15,355.45,10042400,,
2021-08-19,351.35,357.57,351.00,355.12,12004500,,
2021-08-20,354.60,359.99,353.31,359.37,8697700,,
2021-08-23,359.44,365.69,359.10,363.35,10942000,,
2021-08-24,363.66,367.96,361.84,365.51,9235100,,
2021-08-25,365.60,370.86,365.40,368.39,9684500,,
2021-08-26,368.38,369.44,364.13,364.38,7888700,,
2021-08-27,365.10,373.74,364.08,372.63,11219100,,
2021-08-30,372.56,381.49,370.52,380.66,13547300,,
2021-08-31,379.95,382.76,378.80,379.38,12345400,,
2021-09-01,379.59,384.33,378.81,382.05,11567200,,
2021-09-02,381.50,381.75,374.06,375.28,14832900,,
2021-09-03,374.75,377.16,373.11,376.26,7509600,,
2021-09-07,375.88,382.96,373.15,382.18,10793800,,
2021-09-08,380.16,380.87,374.79,377.57,11067200,,
2021-09-09,377.64,379.83,376.57,378.00,9098900,,
2021-09-10,381.36,383.79,378.26,378.69,11549600,,
2021-09-13,381.68,381.75,374.35,376.51,13026300,,
2021-09-14,377.40,378.59,375.11,376.53,8711600,,
2021-09-15,377.00,377.56,367.67,373.92,17940300,,
2021-09-16,372.79,373.56,369.71,373.06,11934200,,
2021-09-17,371.41,371.41,361.59,364.72,26299000,,
2021-09-20,359.30,361.03,349.80,355.70,19822800,,
2021-09-21,358.50,360.04,355.19,357.48,11751900,,
2021-09-22,347.23,349.84,340.69,343.21,43692900,,
2021-09-23,345.36,349.67,343.00,345.96,21806300,,
2021-09-24,343.24,354.35,342.37,352.96,18801900,,
2021-09-27,349.81,355.15,347.08,353.58,15205800,,
2021-09-28,347.97,349.60,338.92,340.65,21710300,,
2021-09-29,343.15,345.23,338.88,339.61,14452200,,
2021-09-30,340.45,342.80,338.15,339.39,16547100,,
2021-10-01,341.61,345.02,338.64,343.01,14905300,,
2021-10-04,335.53,335.94,322.70,326.23,42885000,,
2021-10-05,328.58,335.18,326.16,332.96,35377900,,
2021-10-06,329.74,334.38,325.80,333.64,26443000,,
2021-10-07,337.00,338.84,328.98,329.22,28307500,,
2021-10-08,331.51,333.40,328.71,330.05,15946100,,
2021-10-11,327.63,330.46,325.31,325.45,14708200,,
2021-10-12,323.03,324.38,317.37,323.77,31658700,,
2021-10-13,326.97,327.00,322.66,324.54,14761500,,
2021-10-14,328.36,330.52,327.10,328.53,14302200,,
2021-10-15,328.68,329.07,322.51,324.76,21596400,,
2021-10-18,328.95,335.89,327.50,335.34,21585000,,
2021-10-19,339.65,342.46,337.28,339.99,18786300,,
2021-10-20,343.45,343.98,339.45,340.78,13639500,,
2021-10-21,340.28,342.31,337.80,341.88,16354400,,
2021-10-22,326.35,329.63,321.11,324.61,35224500,,
2021-10-25,320.30,329.56,319.72,328.69,38409000,,
2021-10-26,328.26,330.21,309.60,315.81,65654000,,
2021-10-27,314.19,319.25,312.06,312.22,29971800,,
2021-10-28,312.99,325.52,308.11,316.92,50806800,,
2021-10-29,320.19,326.00,319.60,323.57,37059400,,
2021-11-01,326.04,333.45,326.00,329.98,31518900,,
2021-11-02,331.38,334.79,323.80,328.08,28353000,,
2021-11-03,327.49,332.15,323.20,331.62,20786500,,
2021-11-04,334.01,337.27,332.65,335.85,22495300,,
2021-11-05,340.31,346.79,339.64,341.13,26872800,,
2021-11-08,344.42,344.79,338.34,338.62,18342500,,
2021-11-09,340.00,341.31,334.47,335.37,17556700,,
2021-11-10,332.49,333.19,325.51,327.64,21872600,,
2021-11-11,329.82,332.46,327.00,327.74,12376600,,
2021-11-12,330.18,341.86,329.78,340.89,25414300,,
2021-11-15,344.34,353.65,343.20,347.56,25076600,,
2021-11-16,343.83,346.65,340.87,342.96,18181100,,
2021-11-17,344.24,347.30,340.10,340.77,13602800,,
2021-11-18,339.72,342.46,335.30,338.69,17487200,,
2021-11-19,342.20,352.10,339.90,345.30,26488500,,
2021-11-22,349.05,353.83,340.51,341.01,27116800,,
2021-11-23,338.93,341.40,333.50,337.25,17225000,,
2021-11-24,336.00,341.78,332.81,341.06,13566200,,
2021-11-26,335.80,337.75,331.90,333.12,14750700,,
2021-11-29,336.89,340.67,335.31,338.03,16650900,,
2021-11-30,335.00,335.81,323.43,324.46,25390000,,
2021-12-01,330.29,330.50,310.29,310.60,30329600,,
2021-12-02,311.40,314.60,307.20,310.39,24396200,,
2021-12-03,313.73,313.75,299.50,306.84,27471000,,
2021-12-06,308.13,320.10,306.34,317.87,21758300,,
2021-12-07,321.57,326.54,321.00,322.81,18794000,,
2021-12-08,325.00,332.75,323.07,330.56,19937700,,
2021-12-09,329.54,336.13,328.00,329.82,16879200,,
2021-12-10,332.56,335.03,326.37,329.75,14528000,,
2021-12-13,330.95,341.09,329.59,334.49,22948700,,
2021-12-14,328.05,335.70,327.65,333.74,20461000,,
2021-12-15,332.49,342.11,323.98,341.66,24681300,,
2021-12-16,338.98,344.46,333.74,334.90,22635000,,
2021-12-17,332.80,337.11,330.75,333.79,40012600,,
2021-12-20,329.78,329.90,322.53,325.45,17901800,,
2021-12-21,326.41,336.00,323.75,334.20,16116800,,
2021-12-22,333.80,334.51,328.26,330.45,16764600,,
2021-12-23,330.10,336.67,328.36,335.24,13987700,,
2021-12-27,338.85,347.87,338.01,346.18,17795000,,
2021-12-28,346.63,352.71,345.20,346.22,16637600,,
2021-12-29,346.91,349.69,341.64,342.94,10747000,,
2021-12-30,344.00,347.23,343.22,344.36,10593300,,
2021-12-31,343.02,343.44,336.27,336.35,12870500,,
2022-01-03,338.30,341.08,337.19,338.54,14537900,,
2022-01-04,339.95,343.09,331.87,336.53,15998000,,
2022-01-05,333.02,335.76,323.84,324.17,20564500,,
2022-01-06,322.82,339.17,322.72,332.46,27962800,,
2022-01-07,332.74,337.00,328.88,331.79,14722000,,
2022-01-10,325.31,328.34,315.43,328.07,24942400,,
2022-01-11,326.78,334.63,325.28,334.37,16226800,,
2022-01-12,335.18,336.37,330.03,333.26,14104900,,
2022-01-13,334.98,335.63,325.76,326.48,14797100,,
2022-01-14,321.79,332.73,321.21,331.90,16868500,,
2022-01-18,323.29,324.21,317.64,318.15,22645600,,
2022-01-19,319.58,327.10,319.33,319.59,20814700,,
2022-01-20,323.90,327.82,315.98,316.56,16925000,,
2022-01-21,314.81,318.31,303.04,303.17,28710700,,
2022-01-24,297.84,309.53,289.01,308.71,38878100,,
2022-01-25,299.95,306.23,297.58,300.15,25108500,,
2022-01-26,307.01,307.51,290.85,294.63,28348800,,
2022-01-27,297.75,301.71,294.26,294.64,21629900,,
2022-01-28,295.62,301.90,293.03,301.71,21871600,,
2022-01-31,300.68,313.79,299.32,313.26,21579500,,
2022-02-01,314.56,319.66,312.12,319.00,18023800,,
2022-02-02,327.82,328.00,316.87,323.00,58458300,,
2022-02-03,244.65,248.00,235.75,237.76,188119900,,
2022-02-04,234.97,242.61,230.11,237.09,89342200,,
2022-02-07,237.70,238.30,224.01,224.91,88613800,,
2022-02-08,220.85,225.77,216.15,220.18,94729700,,
2022-02-09,224.20,233.37,222.21,232.00,86563300,,
2022-02-10,228.27,235.00,226.70,228.07,49310400,,
2022-02-11,228.46,230.42,218.77,219.55,46156900,,
2022-02-14,219.31,221.00,214.78,217.70,38184000,,
2022-02-15,220.47,221.15,215.06,221.00,42685500,,
2022-02-16,212.41,217.46,212.36,216.54,45817500,,
2022-02-17,214.02,217.50,207.16,207.71,38747500,,
2022-02-18,209.39,210.75,205.18,206.16,37128400,,
2022-02-22,202.34,207.48,200.06,202.08,39852400,,
2022-02-23,204.16,206.94,198.05,198.45,44481400,,
2022-02-24,191.06,208.35,190.22,207.60,49957200,,
2022-02-25,204.94,211.32,203.18,210.48,37627600,,
2022-02-28,207.68,213.15,206.83,211.03,34239800,,
2022-03-01,209.87,211.75,202.22,203.49,27094900,,
2022-03-02,204.78,209.15,202.02,208.11,29452100,,
2022-03-03,209.02,209.08,201.42,202.97,27263500,,
2022-03-04,202.37,205.89,198.79,200.06,32130900,,
2022-03-07,200.79,200.89,187.28,187.47,38560600,,
2022-03-08,187.85,196.70,186.11,190.29,37508100,,
2022-03-09,195.74,199.10,193.92,198.50,31894700,,
2022-03-10,194.84,196.28,191.07,195.21,24853000,,
2022-03-11,192.64,193.56,186.67,187.61,34694500,,
2022-03-14,187.03,192.29,185.82,186.63,31010500,,
2022-03-15,190.80,192.28,185.91,192.03,31721700,,
2022-03-16,194.70,203.73,194.52,203.63,40640300,,
2022-03-17,201.70,208.04,201.11,207.84,29499700,,
2022-03-18,206.70,216.80,206.00,216.49,52128000,,
2022-03-21,214.50,214.71,207.63,211.49,30142300,,
2022-03-22,211.37,219.46,210.18,216.65,31998800,,
2022-03-23,213.33,216.80,212.16,213.46,23717300,,
2022-03-24,215.00,220.67,214.79,219.57,31502300,,
2022-03-25,220.51,225.50,218.89,221.82,40039000,,
2022-03-28,222.13,224.04,219.54,223.59,26224100,,
2022-03-29,226.07,230.89,225.29,229.86,31417900,,
2022-03-30,228.91,231.15,226.71,227.85,25588000,,
2022-03-31,228.45,228.49,222.26,222.36,24192300,,
2022-04-01,224.55,227.28,222.70,224.85,19544800,,
2022-04-04,225.98,234.35,225.86,233.89,28054800,,
2022-04-05,234.08,236.86,231.02,231.84,29727200,,
2022-04-06,226.91,228.99,221.41,223.30,28995100,,
2022-04-07,223.93,225.52,218.56,222.95,21037200,,
2022-04-08,222.38,225.13,220.03,222.33,18375700,,
2022-04-11,218.42,220.61,215.22,216.46,20516600,,
2022-04-12,220.24,222.03,213.13,214.14,20128800,,
2022-04-13,211.82,216.61,211.33,214.99,19231800,,
2022-04-14,214.89,214.99,210.00,210.18,18379500,,
2022-04-18,210.00,213.38,208.30,210.77,16580800,,
2022-04-19,210.52,218.43,209.00,217.31,20089900,,
2022-04-20,213.61,214.16,198.92,200.42,43036500,,
2022-04-21,201.60,202.97,185.58,188.07,49954100,,
2022-04-22,190.37,192.72,183.27,184.11,36426800,,
2022-04-25,182.73,187.18,181.66,186.99,29281100,,
2022-04-26,186.63,187.19,179.50,180.95,31747400,,
2022-04-27,174.43,181.21,169.00,174.95,71062900,,
2022-04-28,202.92,208.53,192.90,205.73,100890600,,
2022-04-29,204.46,212.48,199.90,200.47,49193400,,
2022-05-02,201.17,211.88,200.99,211.13,49915300,,
2022-05-03,210.45,214.90,208.09,212.03,41556300,,
2022-05-04,210.65,224.30,206.96,223.41,41375900,,
2022-05-05,218.74,220.17,206.16,208.28,41129200,,
2022-05-06,207.34,209.38,201.02,203.77,34747200,,
2022-05-09,199.84,202.57,195.58,196.21,36303200,,
2022-05-10,199.51,202.96,194.19,197.65,34452500,,
2022-05-11,196.33,200.67,188.27,188.74,31153400,,
2022-05-12,187.06,198.05,184.78,191.24,38262200,,
2022-05-13,192.58,199.89,191.28,198.62,24549800,,
2022-05-16,197.05,205.37,195.93,200.04,27112600,,
2022-05-17,202.12,205.46,198.36,202.62,24872700,,
2022-05-18,200.00,201.00,191.63,192.24,23960000,,
2022-05-19,191.20,195.29,189.60,191.29,24446900,,
2022-05-20,194.97,197.91,187.87,193.54,31465600,,
2022-05-23,195.19,196.99,191.24,196.23,25059200,,
2022-05-24,180.55,183.68,176.11,181.28,50406300,,
2022-05-25,180.40,185.45,179.32,183.83,28030200,,
2022-05-26,182.88,192.83,182.26,191.63,23056500,,
2022-05-27,191.36,195.33,189.80,195.13,22562700,,
2022-05-31,194.89,197.60,192.01,193.64,26131100,,
2022-06-01,196.51,199.53,185.00,188.64,36623500,,
2022-06-02,188.45,200.94,187.73,198.86,31951600,,
2022-06-03,195.98,196.61,189.78,190.78,19465000,,
2022-06-06,193.99,196.92,188.40,194.25,30574200,,
2022-06-07,191.93,196.53,191.49,195.65,18828700,,
2022-06-08,194.67,202.03,194.41,196.64,22267200,,
2022-06-09,194.28,199.45,183.68,184.00,23501600,,
2022-06-10,183.04,183.10,175.02,175.57,27450800,,
2022-06-13,170.59,172.58,164.03,164.26,31749300,,
2022-06-14,166.03,166.75,161.36,163.73,27244300,,
2022-06-15,167.20,172.16,163.98,169.35,30008300,,
2022-06-16,163.72,165.08,159.61,160.87,26944100,,
2022-06-17,161.68,165.90,159.90,163.74,31374200,,
2022-06-21,165.93,167.76,155.97,157.05,50724900,,
2022-06-22,158.38,160.79,155.44,155.85,47267800,,
2022-06-23,156.27,159.75,154.25,158.75,40499200,,
2022-06-24,161.73,170.25,161.30,170.16,68736000,,
2022-06-27,171.32,171.75,168.01,169.49,29174600,,
2022-06-28,169.90,171.30,160.61,160.68,27744500,,
2022-06-29,163.57,166.33,160.32,163.94,28595200,,
2022-06-30,162.15,165.23,158.49,161.25,35250600,,
2022-07-01,160.31,160.62,155.00,160.03,31423900,,
2022-07-05,158.14,168.25,157.02,168.19,28618600,,
2022-07-06,168.20,171.59,165.46,169.77,23085900,,
2022-07-07,169.45,172.72,167.78,172.19,24083400,,
2022-07-08,169.98,172.40,168.15,170.88,19249200,,
2022-07-11,167.07,167.49,161.91,162.88,21885600,,
2022-07-12,164.80,165.91,162.10,163.27,16639700,,
2022-07-13,160.16,164.98,159.61,163.49,16555100,,
2022-07-14,161.22,162.59,157.28,158.05,23765200,,
2022-07-15,160.54,164.98,159.82,164.70,23342800,,
2022-07-18,166.75,171.69,165.64,167.23,23574300,,
2022-07-19,170.37,176.49,169.51,175.78,25933700,,
2022-07-20,177.49,183.60,176.70,183.09,24784300,,
2022-07-21,180.63,183.85,178.87,183.17,27195800,,
2022-07-22,173.07,175.60,168.41,169.27,42583900,,
2022-07-25,169.00,170.57,164.81,166.65,26166300,,
2022-07-26,165.94,166.00,157.95,159.15,28468400,,
2022-07-27,162.59,170.87,162.02,169.58,43846600,,
2022-07-28,161.06,161.51,154.85,160.72,73214300,,
2022-07-29,157.69,160.14,155.17,159.10,42065400,,
2022-08-01,157.25,165.19,155.23,159.93,40596700,,
2022-08-02,158.31,162.24,158.01,160.19,27374500,,
2022-08-03,162.69,169.54,161.57,168.80,31721900,,
2022-08-04,168.30,172.15,166.80,170.57,23938200,,
2022-08-05,166.99,171.61,165.80,167.11,25832700,,
2022-08-08,168.00,177.51,167.13,170.25,27299100,,
2022-08-09,168.95,169.53,166.60,168.53,18655100,,
2022-08-10,175.99,180.48,173.95,178.34,30262100,,
2022-08-11,179.71,183.10,176.37,177.49,24079100,,
2022-08-12,180.81,181.46,178.91,180.50,21274000,,
2022-08-15,178.96,181.44,178.20,180.89,15878700,,
2022-08-16,179.44,180.99,177.04,179.47,21156700,,
2022-08-17,176.76,178.14,174.17,174.85,20118100,,
2022-08-18,174.34,175.76,171.86,174.66,18844500,,
2022-08-19,170.20,172.32,167.05,167.96,26240800,,
2022-08-22,165.49,165.49,162.26,163.05,19499700,,
2022-08-23,162.48,165.05,160.70,161.11,18111800,,
2022-08-24,160.60,165.46,159.77,163.26,20891500,,
2022-08-25,165.18,168.88,164.02,168.78,15550500,,
2022-08-26,168.48,170.92,161.67,161.78,24023600,,
2022-08-29,160.66,163.05,159.01,159.17,20052700,,
2022-08-30,160.35,161.66,155.91,157.16,19567900,,
2022-08-31,167.07,167.84,162.14,162.93,40953000,,
2022-09-01,163.58,167.36,160.35,165.36,30145700,,
2022-09-02,167.45,167.93,159.22,160.32,22634200,,
2022-09-06,160.10,161.69,157.69,158.54,19339800,,
2022-09-07,157.76,160.96,156.81,160.39,16831200,,
2022-09-08,158.71,162.23,157.74,162.06,22530800,,
2022-09-09,163.25,169.54,163.02,169.15,22086800,,
2022-09-12,167.39,171.39,167.28,168.96,23220400,,
2022-09-13,161.54,161.63,152.67,153.13,44444100,,
2022-09-14,153.33,153.54,149.05,151.47,43064200,,
2022-09-15,149.80,154.20,148.70,149.55,34606300,,
2022-09-16,148.05,148.58,144.29,146.29,40122800,,
2022-09-19,145.24,148.58,145.10,148.02,22169500,,
2022-09-20,145.78,148.84,145.22,146.09,23217400,,
2022-09-21,146.39,149.60,142.00,142.12,38338600,,
2022-09-22,141.55,144.58,140.87,142.82,34418500,,
2022-09-23,141.42,142.62,138.89,140.41,31710700,,
2022-09-26,140.12,142.24,136.19,136.37,30497000,,
2022-09-27,137.92,139.42,134.12,134.40,30826500,,
2022-09-28,134.62,142.03,134.27,141.61,32658500,,
2022-09-29,139.36,139.84,135.20,136.41,38985400,,
2022-09-30,136.05,140.99,135.50,135.68,33166400,,
2022-10-03,137.14,139.62,136.10,138.61,27723100,,
2022-10-04,140.49,142.39,139.34,140.28,34670700,,
2022-10-05,138.24,140.21,134.78,138.98,27979300,,
2022-10-06,137.72,141.45,136.60,139.07,36231100,,
2022-10-07,136.76,138.29,132.44,133.45,33214800,,
2022-10-10,133.55,136.11,131.87,133.79,24024000,,
2022-10-11,131.62,132.66,126.99,128.54,38481400,,
2022-10-12,128.32,129.67,126.25,127.50,34605200,,
2022-10-13,123.53,131.14,122.53,130.29,34325700,,
2022-10-14,131.00,131.79,126.52,126.76,23559400,,
2022-10-17,130.30,134.79,130.18,134.04,29612200,,
2022-10-18,137.09,137.84,131.40,132.80,25445000,,
2022-10-19,132.89,137.00,132.22,133.23,30691000,,
2022-10-20,132.93,136.77,131.31,131.53,26356300,,
2022-10-21,126.31,130.12,125.44,130.01,46348600,,
2022-10-24,127.25,133.48,124.57,129.72,63563400,,
2022-10-25,130.88,138.35,130.59,137.51,38433200,,
2022-10-26,131.68,135.55,128.53,129.82,82791500,,
2022-10-27,97.98,102.50,96.38,97.94,232316600,,
2022-10-28,99.58,100.85,97.51,99.20,95928300,,
2022-10-31,98.22,99.32,92.60,93.16,121361400,,
2022-11-01,94.33,97.49,93.55,95.20,110189600,,
2022-11-02,94.21,95.20,90.48,90.54,71821100,,
2022-11-03,90.08,90.46,88.41,88.91,60664000,,
2022-11-04,90.35,91.39,88.09,90.79,55638100,,
2022-11-07,94.78,96.88,93.10,96.72,81987300,,
2022-11-08,95.92,97.80,94.79,96.47,52088300,,
2022-11-09,101.72,104.90,100.74,101.47,107677300,,
2022-11-10,107.12,112.75,104.61,111.87,80671000,,
2022-11-11,109.23,114.90,108.81,113.02,59961700,,
2022-11-14,110.99,116.27,110.80,114.22,53395000,,
2022-11-15,116.07,118.74,114.41,117.08,50670500,,
2022-11-16,114.50,116.08,112.66,113.23,33287800,,
2022-11-17,110.41,112.33,109.80,111.45,35093800,,
2022-11-18,113.80,114.32,110.62,112.05,33357700,,
2022-11-21,111.52,112.37,109.19,109.86,24351100,,
2022-11-22,109.86,111.62,108.32,111.44,29029000,,
2022-11-23,111.72,112.67,110.73,112.24,21343100,,
2022-11-25,111.30,112.73,111.02,111.41,12007600,,
2022-11-28,110.78,112.04,108.38,108.78,23309400,,
2022-11-29,109.54,110.94,108.54,109.46,23899200,,
2022-11-30,109.51,118.16,109.38,118.10,43348600,,
2022-12-01,119.20,121.20,118.40,120.44,36551400,,
2022-12-02,117.83,124.04,117.61,123.49,39950500,,
2022-12-05,121.75,124.67,121.35,122.43,35474900,,
2022-12-06,119.91,120.55,113.74,114.12,43689200,,
2022-12-07,113.76,115.88,112.88,113.93,29461100,,
2022-12-08,116.39,117.34,114.59,115.33,30619400,,
2022-12-09,115.30,117.54,113.87,115.90,26033400,,
2022-12-12,115.18,115.72,113.14,114.71,24747100,,
2022-12-13,122.13,123.30,118.64,120.15,44701100,,
2022-12-14,119.39,124.14,119.39,121.59,36922000,,
2022-12-15,118.33,118.63,114.01,116.15,34531000,,
2022-12-16,120.23,123.31,118.82,119.43,67064000,,
2022-12-19,116.83,117.80,114.33,114.48,29769900,,
2022-12-20,113.26,117.33,112.46,117.09,28742500,,
2022-12-21,116.70,120.34,115.62,119.76,20392800,,
2022-12-22,117.20,118.62,114.38,117.12,23618100,,
2022-12-23,116.03,118.18,115.54,118.04,17796600,,
2022-12-27,117.93,118.60,116.05,116.88,21392300,,
2022-12-28,116.25,118.15,115.51,115.62,19612500,,
2022-12-29,116.40,121.03,115.77,120.26,22366200,,
2022-12-30,118.16,120.42,117.74,120.34,19583800,,
2023-01-03,122.82,126.37,122.28,124.74,35528500,,
2023-01-04,127.38,129.05,125.85,127.37,32397100,,
2023-01-05,126.13,128.52,124.54,126.94,25447100,,
2023-01-06,128.97,130.33,126.04,130.02,27584500,,
2023-01-09,131.16,132.95,129.28,129.47,26649100,,
2023-01-10,127.27,133.44,127.15,132.99,28684400,,
2023-01-11,130.96,133.85,130.34,132.89,25423000,,
2023-01-12,133.44,137.68,131.76,136.71,30757700,,
2023-01-13,134.97,137.39,134.84,136.98,22423800,,
2023-01-17,136.18,136.75,134.25,135.36,21147600,,
2023-01-18,135.81,137.25,132.80,133.02,20215500,,
2023-01-19,132.49,137.45,132.14,136.15,28625200,,
2023-01-20,135.89,139.94,134.61,139.37,28688600,,
2023-01-23,139.29,143.76,138.66,143.27,27470100,,
2023-01-24,141.69,145.00,141.36,143.14,21970200,,
2023-01-25,141.22,143.17,140.31,141.50,26622000,,
2023-01-26,144.40,147.51,143.30,147.30,25482100,,
2023-01-27,148.24,153.19,147.39,151.74,35771900,,
2023-01-30,149.41,151.12,146.95,147.06,28040100,,
2023-01-31,147.95,149.88,147.52,148.97,29842100,,
2023-02-01,148.03,153.58,147.06,153.12,55661000,,
2023-02-02,183.38,197.16,180.16,188.77,150475700,,
2023-02-03,183.47,196.77,182.89,186.53,76809700,,
2023-02-06,186.53,190.70,185.52,186.06,42483800,,
2023-02-07,185.58,193.78,184.40,191.62,47080700,,
2023-02-08,190.00,190.83,182.92,183.43,36139100,,
2023-02-09,186.13,186.65,177.27,177.92,37118800,,
2023-02-10,176.35,178.89,173.35,174.15,33433600,,
2023-02-13,178.22,181.00,175.82,179.43,31463200,,
2023-02-14,177.16,181.51,175.88,179.48,24034600,,
2023-02-15,176.42,178.19,175.33,177.16,25308900,,
2023-02-16,172.75,175.85,171.79,172.44,25827500,,
2023-02-17,170.22,173.18,169.70,172.88,24171300,,
2023-02-21,174.31,178.17,171.88,172.08,34592600,,
2023-02-22,171.07,172.76,169.69,171.12,22433200,,
2023-02-23,172.00,173.69,169.38,172.04,20017800,,
2023-02-24,168.64,170.72,167.66,170.39,19791300,,
2023-02-27,171.88,173.12,169.06,169.54,19277000,,
2023-02-28,171.90,177.55,171.87,174.94,46051100,,
2023-03-01,174.59,177.85,173.05,173.42,30998400,,
2023-03-02,172.38,175.01,171.43,174.53,17352000,,
2023-03-03,178.92,186.62,177.05,185.25,45877700,,
2023-03-06,188.00,189.66,184.64,184.90,33209400,,
2023-03-07,189.00,190.36,184.01,184.51,36701500,,
2023-03-08,182.87,185.26,181.34,184.97,19432400,,
2023-03-09,186.35,188.93,180.30,181.69,26582800,,
2023-03-10,181.01,184.77,178.80,179.51,25665000,,
2023-03-13,177.96,183.78,174.82,180.90,24728000,,
2023-03-14,187.58,194.32,186.56,194.02,41642600,,
2023-03-15,192.95,197.78,190.84,197.75,42123600,,
2023-03-16,198.26,205.76,196.09,204.93,50447100,,
2023-03-17,200.56,201.90,195.43,195.61,50141100,,
2023-03-20,198.48,199.36,193.64,197.81,25186300,,
2023-03-21,203.20,203.55,197.95,202.16,31827000,,
2023-03-22,202.50,207.37,199.67,199.81,28477800,,
2023-03-23,202.84,207.88,202.15,204.28,27389700,,
2023-03-24,205.18,207.58,203.55,206.01,27716400,,
2023-03-27,204.81,205.86,201.36,202.84,18527200,,
2023-03-28,200.15,201.03,197.90,200.68,19127300,,
2023-03-29,203.56,205.72,202.54,205.35,18851100,,
2023-03-30,203.38,208.09,202.82,207.84,22608300,,
2023-03-31,207.24,212.17,206.77,211.94,25440300,,
2023-04-03,208.84,213.49,208.20,213.07,17924600,,
2023-04-04,213.39,216.24,212.54,214.72,21026400,,
2023-04-05,214.15,215.19,209.94,211.48,19396600,,
2023-04-06,209.25,216.94,208.65,216.10,26104400,,
2023-04-10,214.71,215.66,210.66,214.75,16106100,,
2023-04-11,215.48,216.02,213.41,213.85,16710100,,
2023-04-12,214.84,216.84,212.58,214.00,18972200,,
2023-04-13,215.73,221.15,215.69,220.35,23310400,,
2023-04-14,217.88,222.11,217.55,221.49,21591200,,
2023-04-17,219.79,220.98,217.13,218.86,15481900,,
2023-04-18,219.91,220.44,216.21,217.89,12281000,,
2023-04-19,213.47,217.33,212.93,215.70,15898100,,
2023-04-20,213.48,216.75,212.77,213.07,16475400,,
2023-04-21,210.21,213.41,209.58,212.89,17717200,,
2023-04-24,213.68,213.92,210.71,212.79,15750900,,
2023-04-25,210.82,211.26,207.13,207.55,19198200,,
2023-04-26,212.50,214.11,208.88,209.40,41992700,,
2023-04-27,239.89,241.69,236.77,238.56,71196500,,
2023-04-28,239.01,240.43,235.75,240.32,39554000,,
2023-05-01,238.62,244.00,236.46,243.18,29143900,,
2023-05-02,243.18,244.92,238.99,239.24,24350100,,
2023-05-03,239.47,241.75,232.75,237.03,34463900,,
2023-05-04,236.06,238.20,232.93,233.52,17889400,,
2023-05-05,232.24,234.68,229.85,232.78,27000500,,
2023-05-08,231.42,235.62,230.27,233.27,16400500,,
2023-05-09,231.46,235.88,231.08,233.37,16865600,,
2023-05-10,236.17,236.75,230.72,233.08,19119000,,
2023-05-11,233.05,238.21,232.30,235.79,20449000,,
2023-05-12,236.74,236.96,231.45,233.81,16161400,,
2023-05-15,236.92,240.26,235.33,238.86,20653200,,
2023-05-16,235.79,239.64,235.52,238.82,18163800,,
2023-05-17,238.45,243.84,238.14,242.49,21193100,,
2023-05-18,241.30,247.09,241.19,246.85,22943300,,
2023-05-19,247.47,248.69,243.41,245.64,21733600,,
2023-05-22,245.41,253.57,245.12,248.32,27738500,,
2023-05-23,246.81,251.61,246.65,246.74,17748100,,
2023-05-24,245.28,249.59,244.95,249.21,17724300,,
2023-05-25,253.40,255.62,249.17,252.69,22371400,,
2023-05-26,252.93,262.31,252.71,262.04,25727200,,
2023-05-30,265.25,268.65,261.29,262.52,23816500,,
2023-05-31,260.00,265.00,258.45,264.72,25473700,,
2023-06-01,265.90,274.00,265.89,272.61,25609500,,
2023-06-02,272.66,275.35,271.12,272.61,19416900,,
2023-06-05,270.30,275.57,269.56,271.39,20742900,,
2023-06-06,270.14,276.57,269.69,271.12,19419000,,
2023-06-07,271.67,274.25,262.80,263.60,26163600,,
2023-06-08,260.62,267.65,258.88,264.58,20899400,,
2023-06-09,262.48,267.95,261.70,264.95,16949800,,
2023-06-12,267.17,271.75,265.33,271.05,15442500,,
2023-06-13,274.88,275.72,269.09,271.32,16164000,,
2023-06-14,271.89,274.99,268.32,273.35,19175100,,
2023-06-15,272.30,283.99,271.42,281.83,25973500,,
2023-06-16,284.75,287.85,280.13,281.00,43127700,,
2023-06-20,278.73,284.80,276.22,284.33,20701600,,
2023-06-21,283.53,284.00,278.36,281.64,20556200,,
2023-06-22,279.08,285.26,277.79,284.88,17563100,,
2023-06-23,281.51,289.67,278.95,288.73,51092000,,
2023-06-26,288.70,289.79,277.60,278.47,24232700,,
2023-06-27,282.01,289.35,280.65,287.05,26108300,,
2023-06-28,284.82,289.55,284.06,285.29,16722100,,
2023-06-29,284.50,286.57,280.69,281.53,15395700,,
2023-06-30,284.76,289.05,284.42,286.98,19694900,,
2023-07-03,286.70,289.40,284.85,286.02,8629300,,
2023-07-05,287.65,298.12,286.36,294.37,33865500,,
2023-07-06,295.89,298.12,291.31,291.99,47600500,,
2023-07-07,292.18,296.20,288.66,290.53,25586000,,
2023-07-10,295.55,298.13,287.05,294.10,37058300,,
2023-07-11,293.90,300.18,291.90,298.29,27585900,,
2023-07-12,301.75,309.45,300.10,309.34,36677100,,
2023-07-13,313.62,316.24,310.29,313.41,30281000,,
2023-07-14,311.79,314.88,307.36,308.87,23054100,,
2023-07-17,307.54,311.71,304.71,310.62,25323100,,
2023-07-18,310.88,314.20,307.62,312.05,20731900,,
2023-07-19,313.03,318.68,310.52,316.01,21763700,,
2023-07-20,313.50,315.54,302.22,302.52,23836900,,
2023-07-21,304.57,305.46,291.20,294.26,42139300,,
2023-07-24,295.78,297.52,288.30,291.61,24915700,,
2023-07-25,295.19,298.30,291.86,294.47,19585600,,
2023-07-26,301.19,301.77,291.90,298.57,47256900,,
2023-07-27,325.12,325.35,309.84,311.71,64229200,,
2023-07-28,316.88,326.20,314.25,325.48,39220300,,
2023-07-31,323.69,325.66,317.59,318.60,25799600,,
2023-08-01,317.54,324.14,314.66,322.71,22817900,,
2023-08-02,318.00,318.39,310.65,314.31,20461100,,
2023-08-03,309.93,315.95,309.93,313.19,15180200,,
2023-08-04,314.96,318.41,310.20,310.73,17612800,,
2023-08-07,313.23,317.07,310.46,316.56,16236500,,
2023-08-08,314.40,317.89,310.11,312.64,15183500,,
2023-08-09,312.88,313.63,302.85,305.21,19955800,,
2023-08-10,307.94,312.34,303.87,305.74,14358900,,
2023-08-11,302.57,304.72,300.36,301.64,14046300,,
2023-08-14,300.98,306.21,298.25,306.19,15641900,,
2023-08-15,306.14,307.23,300.03,301.95,11623600,,
2023-08-16,300.20,301.08,294.28,294.29,18547700,,
2023-08-17,293.05,296.05,284.95,285.09,23950100,,
2023-08-18,279.03,285.69,274.38,283.25,35347900,,
2023-08-21,283.45,290.50,281.85,289.90,20181500,,
2023-08-22,292.55,292.90,286.75,287.60,12980200,,
2023-08-23,288.50,297.40,287.67,294.24,18287000,,
2023-08-24,298.50,299.46,286.64,286.75,18360900,,
2023-08-25,286.13,288.39,276.03,285.50,23701400,,
2023-08-28,288.00,291.45,285.80,290.26,14239300,,
2023-08-29,288.58,299.15,288.18,297.99,20844500,,
2023-08-30,297.17,298.29,293.43,295.10,17717000,,
2023-08-31,295.80,301.10,295.66,295.89,17229900,,
2023-09-01,299.37,301.74,294.47,296.38,12842300,,
2023-09-05,297.02,301.39,295.51,300.15,14956000,,
2023-09-06,301.71,303.30,295.66,299.17,15418100,,
2023-09-07,298.00,307.05,292.22,298.67,33748700,,
2023-09-08,299.22,305.25,296.78,297.89,17548000,,
2023-09-11,301.41,309.04,301.28,307.56,19489300,,
2023-09-12,306.33,308.66,300.23,301.66,13480400,,
2023-09-13,302.36,307.18,301.32,305.06,13210900,,
2023-09-14,306.74,312.87,305.03,311.72,19343100,,
2023-09-15,311.61,312.00,298.75,300.31,28131100,,
2023-09-18,298.19,303.60,297.80,302.55,14234200,,
2023-09-19,302.48,306.17,299.81,305.07,15924400,,
2023-09-20,305.05,308.06,299.43,299.67,19379500,,
2023-09-21,295.70,300.26,293.27,295.73,21319600,,
2023-09-22,299.30,305.38,298.27,299.08,25369600,,
2023-09-25,295.64,300.95,293.70,300.83,18987000,,
2023-09-26,297.66,300.30,296.01,298.96,19417200,,
2023-09-27,300.45,301.30,286.79,297.74,36429800,,
2023-09-28,298.94,306.33,296.70,303.96,22167100,,
2023-09-29,307.38,310.64,299.36,300.21,25373700,,
2023-10-02,302.74,307.18,301.63,306.82,16265600,,
2023-10-03,304.26,306.77,299.64,300.94,17362300,,
2023-10-04,298.73,306.90,298.50,305.58,16880500,,
2023-10-05,304.63,306.21,299.50,304.79,19130000,,
2023-10-06,301.44,316.31,300.91,315.43,21803900,,
2023-10-09,312.50,320.33,311.82,318.36,22503700,,
2023-10-10,319.12,324.66,318.16,321.84,19038000,,
2023-10-11,323.01,328.84,322.95,327.82,22036300,,
2023-10-12,328.00,330.54,322.69,324.16,20530500,,
2023-10-13,323.53,325.05,312.37,314.69,21341000,,
2023-10-16,318.64,321.82,315.52,321.15,16536100,,
2023-10-17,318.18,324.40,317.30,324.00,16387800,,
2023-10-18,321.39,325.94,315.56,316.97,16851000,,
2023-10-19,319.88,321.89,311.75,312.81,18709200,,
2023-10-20,314.14,315.30,306.47,308.65,22312300,,
2023-10-23,309.50,317.36,307.26,314.01,17796800,,
2023-10-24,316.78,318.35,310.63,312.55,19525500,,
2023-10-25,310.00,310.88,298.84,299.53,42192500,,
2023-10-26,295.00,295.00,279.40,288.35,66684100,,
2023-10-27,294.48,299.31,292.97,296.73,29596300,,
2023-10-30,299.09,309.40,299.05,302.66,28435100,,
2023-10-31,303.31,303.68,296.86,301.27,19434200,,
2023-11-01,301.85,312.74,301.85,311.85,20434600,,
2023-11-02,317.30,318.82,308.33,310.87,21631800,,
2023-11-03,312.55,315.55,311.02,314.60,16764300,,
2023-11-06,315.98,318.33,314.45,315.80,12887700,,
2023-11-07,317.06,321.00,315.12,318.82,14055600,,
2023-11-08,318.14,321.33,314.88,319.78,13609700,,
2023-11-09,319.42,324.18,318.80,320.55,16103100,,
2023-11-10,319.94,329.10,319.46,328.77,19096200,,
2023-11-13,326.20,332.33,325.70,329.19,16908900,,
2023-11-14,334.54,338.10,333.33,336.31,17179400,,
2023-11-15,337.93,338.40,330.02,332.71,14531200,,
2023-11-16,329.37,334.58,326.38,334.19,18932600,,
2023-11-17,330.26,335.50,329.35,335.04,14494400,,
2023-11-20,334.89,341.87,334.19,339.97,16960500,,
2023-11-21,338.33,339.90,335.90,336.98,12027900,,
2023-11-22,339.21,342.92,338.58,341.49,10702700,,
2023-11-24,340.13,341.86,336.77,338.23,5467500,,
2023-11-27,336.18,339.90,334.20,334.70,15684500,,
2023-11-28,333.40,339.38,333.40,338.99,12637200,,
2023-11-29,339.69,339.90,330.78,332.20,16024500,,
2023-11-30,331.89,333.50,322.40,327.15,23146400,,
2023-12-01,325.48,326.86,320.76,324.82,15276400,,
2023-12-04,317.29,320.86,313.66,320.02,19037100,,
2023-12-05,318.98,321.88,315.39,318.29,16952100,,
2023-12-06,321.93,322.25,317.04,317.45,11294300,,
2023-12-07,317.77,328.24,317.77,326.59,15905100,,
2023-12-08,323.09,333.17,323.00,332.75,14087400,,
2023-12-11,329.40,329.89,320.00,325.28,25802500,,
2023-12-12,324.60,334.47,324.56,334.22,18485500,,
2023-12-13,333.93,338.37,332.64,334.74,16353300,,
2023-12-14,333.85,334.70,328.64,333.17,19607300,,
2023-12-15,331.99,338.66,331.22,334.92,31776900,,
2023-12-18,337.48,347.56,337.02,344.62,18993900,,
2023-12-19,345.58,353.60,345.12,350.36,17729400,,
2023-12-20,348.65,354.96,347.79,349.28,16369900,,
2023-12-21,352.98,356.41,349.21,354.09,15289600,,
2023-12-22,355.58,357.20,351.22,353.39,11772800,,
2023-12-26,354.99,356.98,353.45,354.83,9898600,,
2023-12-27,356.07,359.00,355.31,357.83,13207900,,
2023-12-28,359.70,361.90,357.81,358.32,11798800,,
2023-12-29,358.99,360.00,351.82,353.96,14987100,,
2024-01-02,351.32,353.16,340.01,346.29,19042200,,
2024-01-03,344.98,347.95,343.18,344.47,15451100,,
2024-01-04,344.50,348.15,343.40,347.12,12099900,,
2024-01-05,346.99,353.50,346.26,351.95,13920700,,
2024-01-08,354.70,358.98,352.05,358.66,13890200,,
2024-01-09,356.40,360.64,355.36,357.43,13463900,,
2024-01-10,360.17,372.94,359.08,370.47,22117200,,
2024-01-11,372.13,372.78,362.93,369.67,17205400,,
2024-01-12,370.16,377.06,369.54,374.49,19310000,,
2024-01-16,373.65,375.61,367.23,367.46,15306900,,
2024-01-17,366.30,368.54,358.61,368.37,12724800,,
2024-01-18,371.49,376.85,370.95,376.13,16354300,,
2024-01-19,379.00,384.36,377.97,383.45,21670800,,
2024-01-22,387.95,390.35,381.16,381.78,17680500,,
2024-01-23,384.62,388.38,382.08,385.20,15506100,,
2024-01-24,390.00,396.15,387.81,390.70,15698500,,
2024-01-25,390.17,395.49,385.66,393.18,15091100,,
2024-01-26,394.35,396.79,391.59,394.14,13163700,,
2024-01-29,394.99,402.93,393.10,401.02,18742400,,
2024-01-30,403.59,406.36,399.57,400.06,18614700,,
2024-01-31,389.00,398.00,387.10,390.14,20180800,,
2024-02-01,393.94,400.50,393.05,394.78,29727100,,
2024-02-02,459.60,485.96,453.01,474.99,84707600,,
2024-02-05,469.88,471.90,459.22,459.41,40832400,,
2024-02-06,464.00,467.12,453.00,454.72,21655200,,
2024-02-07,458.00,471.52,456.18,469.59,23066000,,
2024-02-08,468.32,470.59,465.03,470.00,18815100,,
2024-02-09,472.95,473.59,467.47,468.11,18413100,,
2024-02-12,468.19,479.15,466.58,468.90,19382000,,
2024-02-13,456.87,467.89,455.09,460.12,20916600,,
2024-02-14,467.93,474.11,466.09,473.28,16858400,,
2024-02-15,475.28,488.62,472.22,484.03,24212300,,
2024-02-16,478.11,478.96,469.21,473.32,23324600,,
2024-02-20,469.72,476.18,466.56,471.75,18015500,,
2024-02-21,466.50,469.00,461.79,468.03,12921800,0.5,
2024-02-22,480.24,489.99,476.06,486.13,21625800,,
2024-02-23,488.05,494.36,482.35,484.03,18374300,,
2024-02-26,483.47,486.14,480.60,481.74,12101400,,
2024-02-27,479.98,487.27,479.92,487.05,10809600,,
2024-02-28,485.00,491.05,482.75,484.02,12715500,,
2024-02-29,488.44,491.70,482.61,490.13,17732000,,
2024-03-01,492.11,504.25,491.85,502.30,16273600,,
2024-03-04,503.00,504.42,496.42,498.19,12324100,,
2024-03-05,495.00,495.58,487.89,490.22,15325300,,
2024-03-06,497.63,502.97,494.29,496.09,11757900,,
2024-03-07,503.28,519.85,501.38,512.19,18586400,,
2024-03-08,514.19,523.57,499.35,505.95,18597100,,
2024-03-11,497.01,497.32,476.00,483.59,20428300,,
2024-03-12,493.26,502.31,484.73,499.75,15448200,,
2024-03-13,495.39,500.98,491.03,495.57,12090700,,
2024-03-14,500.26,501.35,488.16,491.83,12620000,,
2024-03-15,489.01,491.83,481.30,484.10,29153600,,
2024-03-18,491.91,497.42,486.81,496.98,11755300,,
2024-03-19,488.17,496.63,481.28,496.24,10903100,,
2024-03-20,499.50,508.20,495.17,505.52,11711100,,
2024-03-21,514.71,515.04,506.01,507.76,9712500,,
2024-03-22,507.00,509.97,504.34,509.58,8120600,,
2024-03-25,505.79,507.22,500.24,503.02,8380600,,
2024-03-26,505.13,510.00,495.21,495.89,11205400,,
2024-03-27,499.30,499.89,488.07,493.86,9989700,,
2024-03-28,492.84,492.89,485.15,485.58,15212800,,
2024-04-01,487.20,497.43,481.78,491.35,9247000,,
2024-04-02,485.10,497.53,484.65,497.37,11081000,,
2024-04-03,498.93,507.24,498.75,506.74,12099200,,
2024-04-04,516.42,530.00,510.58,510.92,26476300,,
2024-04-05,516.86,530.70,514.41,527.34,19263300,,
2024-04-08,529.28,531.49,518.89,519.25,13260600,,
2024-04-09,522.23,525.87,506.74,516.90,10863800,,
2024-04-10,509.29,522.56,505.80,519.83,11418500,,
2024-04-11,521.11,523.86,517.29,523.16,10369500,,
2024-04-12,517.75,520.19,509.33,511.90,11984500,,
2024-04-15,516.72,518.53,497.28,500.23,13512900,,
2024-04-16,498.11,504.77,497.11,499.76,9847900,,
2024-04-17,503.10,503.16,487.14,494.17,12193700,,
2024-04-18,499.82,512.21,499.04,501.80,14808700,,
2024-04-19,502.80,502.80,475.73,481.07,25215400,,
2024-04-22,489.72,492.01,473.40,481.73,17271100,,
2024-04-23,491.25,498.76,488.97,496.10,15079200,,
2024-04-24,508.06,510.00,484.58,493.50,37772700,,
2024-04-25,421.40,445.77,414.50,441.38,82890700,,
2024-04-26,441.46,446.44,431.96,443.29,32691400,,
2024-04-29,439.56,439.76,428.56,432.62,21502600,,
2024-04-30,431.05,439.62,429.72,430.17,18429500,,
2024-05-01,428.60,449.96,427.11,439.19,20344900,,
2024-05-02,438.84,443.96,432.28,441.68,15221300,,
2024-05-03,445.93,454.17,443.85,451.96,16489100,,
2024-05-06,455.58,466.16,453.34,465.68,15094600,,
2024-05-07,466.29,471.53,461.31,468.24,13406800,,
2024-05-08,463.50,475.58,463.00,472.60,11683900,,
2024-05-09,470.00,476.08,467.63,475.42,9437700,,
2024-05-10,477.09,477.50,469.60,476.20,10750000,,
2024-05-13,472.75,473.35,462.85,468.01,14668800,,
2024-05-14,463.37,472.54,460.08,471.85,10478600,,
2024-05-15,474.98,482.50,471.20,481.54,13100500,,
2024-05-16,475.00,477.69,472.75,473.23,16608200,,
2024-05-17,470.83,472.80,468.42,471.91,10807300,,
2024-05-20,469.95,473.20,467.04,468.84,11745100,,
2024-05-21,467.12,470.70,462.27,464.63,11742200,,
2024-05-22,467.87,473.72,465.65,467.78,10078600,,
2024-05-23,472.88,474.36,461.54,465.78,11747900,,
2024-05-24,467.62,479.85,466.30,478.22,12024300,,
2024-05-28,476.58,480.86,474.84,479.92,10175800,,
2024-05-29,474.66,479.85,473.70,474.36,9226200,,
2024-05-30,471.67,471.73,464.71,467.05,10719600,,
2024-05-31,465.80,469.12,454.46,466.83,16919800,,
2024-06-03,470.86,479.60,468.24,477.49,11279400,,
2024-06-04,477.00,478.89,473.23,476.99,7088700,,
2024-06-05,484.45,496.65,483.91,495.06,15690500,,
2024-06-06,492.98,502.82,490.89,493.76,10667300,,
2024-06-07,495.91,498.91,490.17,492.96,9380700,,
2024-06-10,493.86,502.66,493.41,502.60,11220900,,
2024-06-11,500.16,507.60,498.27,507.47,9673700,,
2024-06-12,513.99,514.01,504.47,508.84,11983200,,
2024-06-13,505.71,509.36,501.36,504.10,9954600,,
2024-06-14,502.65,507.15,500.75,504.16,10243300,0.5,
2024-06-17,501.67,510.75,496.01,506.63,11266600,,
2024-06-18,504.56,506.00,495.02,499.49,13060400,,
2024-06-20,502.00,503.67,496.77,501.70,11801200,,
2024-06-21,503.45,503.45,492.39,494.78,22359200,,
2024-06-24,499.20,507.80,494.29,498.91,13525300,,
2024-06-25,497.05,510.71,495.50,510.60,12063200,,
2024-06-26,506.65,513.81,504.68,513.12,8882300,,
2024-06-27,514.25,522.88,513.90,519.56,10121200,,
2024-06-28,517.15,521.88,503.84,504.22,15855100,,
2024-07-01,504.95,506.58,493.17,504.68,10328200,,
2024-07-02,500.76,510.50,499.45,509.50,7739500,,
2024-07-03,506.37,511.28,506.02,509.96,6005600,,
2024-07-05,511.60,540.87,511.60,539.91,21354100,,
2024-07-08,542.35,542.81,526.65,529.32,14917500,,
2024-07-09,533.75,537.48,528.19,530.00,8753200,,
2024-07-10,530.79,538.88,528.36,534.69,10983300,,
2024-07-11,530.89,535.46,508.37,512.70,16458300,,
2024-07-12,497.76,508.09,494.23,498.87,19750500,,
2024-07-15,498.63,506.68,493.37,496.16,12539200,,
2024-07-16,501.50,503.95,485.79,489.79,14075800,,
2024-07-17,479.17,479.17,459.12,461.99,28076600,,
2024-07-18,475.00,479.24,464.54,475.85,19267200,,
2024-07-19,476.06,486.71,475.71,476.79,15149400,,
2024-07-22,486.58,492.06,483.90,487.40,12023100,,
2024-07-23,489.84,495.22,487.72,488.69,9455500,,
2024-07-24,472.31,476.30,460.58,461.27,17649700,,
2024-07-25,463.26,463.55,442.65,453.41,18240500,,
2024-07-26,464.20,469.77,459.42,465.70,14222400,,
2024-07-29,469.88,473.96,465.02,465.71,11339600,,
2024-07-30,467.00,472.73,456.70,463.19,11390400,,
2024-07-31,471.02,476.50,466.75,474.83,24285800,,
2024-08-01,521.00,527.17,492.10,497.74,43083100,,
2024-08-02,489.00,501.15,476.15,488.14,24044700,,
2024-08-05,451.35,483.48,450.80,475.73,21396200,,
2024-08-06,479.00,502.56,478.65,494.09,20955000,,
2024-08-07,503.13,510.15,486.86,488.92,20105300,,
2024-08-08,497.50,509.96,494.72,509.63,16156800,,
2024-08-09,507.71,518.34,505.70,517.77,13696600,,
2024-08-12,516.86,518.02,509.10,515.95,9767400,,
2024-08-13,520.01,531.50,518.15,528.54,13743800,,
2024-08-14,528.06,534.00,523.13,526.76,11444200,,
2024-08-15,531.79,539.77,526.70,537.33,13482100,,
2024-08-16,531.90,533.66,524.66,527.42,14776700,,
2024-08-19,526.87,531.66,522.76,529.28,9879700,,
2024-08-20,528.35,531.09,525.88,526.73,7944400,,
2024-08-21,527.15,539.40,526.93,535.16,13423300,,
2024-08-22,537.00,544.23,528.59,531.93,15708300,,
2024-08-23,536.92,539.87,525.06,528.00,11323900,,
2024-08-26,527.60,528.00,514.95,521.12,9584000,,
2024-08-27,518.98,524.01,515.31,519.10,6282700,,
2024-08-28,517.67,521.09,512.45,516.78,9106100,,
2024-08-29,519.05,527.20,515.68,518.22,8317400,,
2024-08-30,521.35,523.54,515.20,521.31,9157500,,
2024-09-03,519.64,525.49,508.62,511.76,12459100,,
2024-09-04,506.07,516.59,504.07,512.74,8335200,,
2024-09-05,511.72,521.63,511.15,516.86,8640900,,
2024-09-06,521.88,524.58,498.25,500.27,14744500,,
2024-09-09,506.16,511.33,502.08,504.79,11047800,,
2024-09-10,508.16,514.18,500.03,504.79,9899000,,
2024-09-11,507.01,513.12,495.60,511.83,10782500,,
2024-09-12,517.05,526.71,515.22,525.60,11970500,,
2024-09-13,520.34,527.58,517.11,524.62,10321400,,
2024-09-16,524.54,534.10,517.40,533.28,9527600,0.5,
2024-09-17,537.60,542.10,530.57,536.32,11690800,,
2024-09-18,537.07,544.20,533.90,537.95,10323500,,
2024-09-19,550.00,562.07,546.52,559.10,15647000,,
2024-09-20,560.00,564.50,556.30,561.35,22066800,,
2024-09-23,569.50,573.98,562.41,564.41,12830700,,
2024-09-24,566.68,567.75,554.19,563.33,12993000,,
2024-09-25,564.05,576.88,563.72,568.31,16543400,,
2024-09-26,575.73,577.40,562.35,567.84,14400800,,
2024-09-27,570.10,570.84,564.51,567.36,9398400,,
2024-09-30,567.70,574.68,564.80,572.44,12792300,,
2024-10-01,577.98,583.04,570.10,576.47,15259300,,
2024-10-02,574.86,576.00,569.34,572.81,6524700,,
2024-10-03,570.15,583.36,568.73,582.77,11581000,,
2024-10-04,583.73,596.85,581.43,595.94,14169500,,
2024-10-07,598.22,602.95,584.04,584.78,12014200,,
2024-10-08,589.69,593.56,585.97,592.89,7857400,,
2024-10-09,593.99,594.39,581.61,590.51,9529700,,
2024-10-10,587.57,590.23,582.52,583.83,7740400,,
2024-10-11,584.83,591.21,582.71,589.95,8587100,,
2024-10-14,594.22,600.10,589.96,590.42,8252000,,
2024-10-15,590.16,590.61,580.14,586.27,9564200,,
2024-10-16,581.40,582.08,574.03,576.79,11268400,,
2024-10-17,583.33,584.97,575.20,576.93,8701200,,
2024-10-18,581.10,583.97,575.25,576.47,7694300,,
2024-10-21,576.03,577.24,569.11,575.16,8171900,,
2024-10-22,574.29,583.53,572.12,582.01,8544500,,
2024-10-23,579.97,585.00,562.50,563.69,14248400,,
2024-10-24,567.13,568.88,561.52,567.78,7184700,,
2024-10-25,573.93,581.29,571.72,573.25,11337900,,
2024-10-28,582.00,583.75,574.12,578.16,10925100,,
2024-10-29,580.15,593.67,575.40,593.28,13019100,,
2024-10-30,600.98,601.20,589.38,591.80,26864900,,
2024-10-31,585.00,589.90,563.01,567.58,26838400,,
2024-11-01,567.61,573.67,562.56,567.16,15303200,,
2024-11-04,564.10,568.69,557.89,560.68,12064600,,
2024-11-05,567.30,573.48,566.67,572.43,9775400,,
2024-11-06,562.75,573.00,555.17,572.05,18305400,,
2024-11-07,576.89,594.80,575.21,591.70,14653700,,
2024-11-08,591.54,593.10,584.52,589.34,9415700,,
2024-11-11,586.36,587.00,576.51,583.17,10209100,,
2024-11-12,588.54,599.66,580.38,584.82,16287700,,
2024-11-13,582.61,585.64,575.17,580.00,10757600,,
2024-11-14,577.00,580.76,573.01,577.16,11053700,,
2024-11-15,571.22,572.57,551.50,554.08,17712900,,
2024-11-18,557.04,559.90,550.09,554.40,14327300,,
2024-11-19,551.86,561.43,550.60,561.09,9522400,,
2024-11-20,562.93,566.35,554.20,565.52,9797300,,
2024-11-21,569.52,570.00,549.05,563.09,11154700,,
2024-11-22,563.55,563.83,554.59,559.14,9164000,,
2024-11-25,562.10,572.59,556.39,565.11,13599800,,
2024-11-26,566.00,577.50,565.20,573.54,10356600,,
2024-11-27,574.89,574.98,564.10,569.20,7200200,,
2024-11-29,569.00,578.46,566.90,574.32,7130500,,
2024-12-02,577.50,594.50,575.57,592.83,12522400,,
2024-12-03,595.00,614.20,591.25,613.65,14907200,,
2024-12-04,612.96,617.78,605.10,613.78,14697000,,
2024-12-05,617.08,619.90,607.05,608.93,8081200,,
2024-12-06,610.10,629.79,608.53,623.77,16935500,,
2024-12-09,623.92,626.40,606.17,613.57,11426000,,
2024-12-10,617.56,625.59,612.74,619.32,10938900,,
2024-12-11,623.37,638.40,621.53,632.68,10837200,,
2024-12-12,631.50,636.66,627.21,630.79,7474700,,
2024-12-13,627.22,631.08,616.89,620.35,8453300,,
2024-12-16,629.98,631.15,618.58,624.24,10885600,0.5,
2024-12-17,626.17,632.37,616.54,619.44,12897800,,
2024-12-18,621.00,627.36,596.32,597.19,17075500,,
2024-12-19,610.39,611.52,595.00,595.57,14958100,,
2024-12-20,590.58,603.11,580.00,585.25,48989400,,
2024-12-23,589.60,601.09,586.25,599.85,10205800,,
2024-12-24,602.72,607.99,599.28,607.75,4726100,,
2024-12-26,605.48,606.30,598.94,603.35,6081400,,
2024-12-27,599.41,601.85,589.80,599.81,8084200,,
2024-12-30,588.75,596.94,585.58,591.24,7025900,,
2024-12-31,592.27,593.97,583.85,585.51,6019500,,
2025-01-02,589.72,604.91,587.82,599.24,12682300,,
2025-01-03,604.76,609.50,596.41,604.63,11436800,,
2025-01-06,611.83,630.99,605.62,630.20,14560800,,
2025-01-07,631.70,632.10,608.23,617.89,12071500,,
2025-01-08,613.40,616.44,602.79,610.72,10085800,,
2025-01-10,610.03,629.91,597.34,615.86,19256600,,
2025-01-13,607.10,608.97,598.45,608.33,10785000,,
2025-01-14,605.07,605.49,588.55,594.25,13598000,,
2025-01-15,610.21,622.46,606.50,617.12,15524300,,
2025-01-16,611.50,616.25,609.71,611.30,8355300,,
2025-01-17,624.05,624.97,603.67,612.77,17280600,,
2025-01-21,617.83,621.50,609.01,616.46,11674000,,
2025-01-22,623.30,633.70,619.43,623.50,12274000,,
2025-01-23,627.36,636.60,621.15,636.45,9910200,,
2025-01-24,636.40,652.00,634.20,647.49,19065300,,
2025-01-27,626.61,663.87,625.10,659.88,28399200,,
2025-01-28,666.00,682.58,659.47,674.33,20950100,,
2025-01-29,675.00,681.05,665.67,676.49,21377800,,
2025-01-30,696.82,710.79,676.10,687.00,29322900,,
2025-01-31,691.00,705.30,685.58,689.18,19303900,,
2025-02-03,675.91,704.00,675.25,697.46,21415700,,
2025-02-04,702.50,707.71,691.61,704.19,13826300,,
2025-02-05,703.55,718.14,699.01,704.87,17778200,,
2025-02-06,705.88,718.90,703.50,711.99,13080700,,
2025-02-07,716.80,725.01,711.75,714.52,16427100,,
2025-02-10,718.56,721.20,711.33,717.40,12904300,,
2025-02-11,713.32,723.66,710.04,719.80,12998000,,
2025-02-12,715.30,727.10,712.60,725.38,12016500,,
2025-02-13,721.52,729.00,718.04,728.56,12569100,,
2025-02-14,726.14,740.91,725.62,736.67,16901200,,
2025-02-18,736.00,737.00,706.44,716.37,21938700,,
2025-02-19,704.10,707.00,695.39,703.77,17535500,,
2025-02-20,697.28,705.63,693.64,694.84,12587400,,
2025-02-21,696.58,703.87,682.36,683.55,15660400,,
2025-02-24,686.28,687.27,662.45,668.13,15677000,,
2025-02-25,665.97,668.00,641.86,657.50,20579700,,
2025-02-26,659.65,683.01,658.00,673.70,14488700,,
2025-02-27,682.45,688.65,657.57,658.24,12500000,,
2025-02-28,658.04,669.63,642.60,668.20,17534200,,
2025-03-03,673.68,681.25,650.84,655.05,10843800,,
2025-03-04,645.51,649.75,623.65,640.00,21495200,,
2025-03-05,641.00,659.50,637.66,656.47,13770000,,
2025-03-06,648.00,650.56,624.11,627.93,13446500,,
2025-03-07,625.37,634.79,600.61,625.66,21375700,,
2025-03-10,608.07,610.11,586.87,597.99,21999900,,
2025-03-11,595.05,614.93,593.33,605.71,17401500,,
2025-03-12,629.90,633.33,609.35,619.56,15747000,,
2025-03-13,620.25,620.50,586.51,590.64,16480300,,
2025-03-14,602.80,608.86,594.78,607.60,12364500,0.525,
2025-03-17,607.46,613.10,598.00,604.90,15473900,,
2025-03-18,600.05,600.25,574.66,582.36,20297700,,
2025-03-19,584.28,592.32,574.77,584.06,20537500,,
2025-03-20,582.76,610.20,579.51,586.00,24336500,,
2025-03-21,583.42,597.54,580.95,596.25,25015900,,
2025-03-24,614.97,622.54,612.20,618.85,15741300,,
2025-03-25,626.76,633.88,621.18,626.31,15312500,,
2025-03-26,624.89,626.75,606.61,610.98,12609800,,
2025-03-27,602.00,614.25,600.10,602.58,10436500,,
2025-03-28,600.31,601.75,573.92,576.74,17602800,,
2025-03-31,563.50,578.70,553.30,576.36,21124700,,
2025-04-01,570.84,589.91,570.00,586.00,12836600,,
2025-04-02,574.91,592.66,573.36,583.93,13470800,,
2025-04-03,546.22,552.56,530.30,531.62,34777500,,
2025-04-04,506.62,518.00,494.20,504.73,38589800,,
2025-04-07,485.10,539.37,481.90,516.25,36606100,,
2025-04-08,543.25,547.43,502.86,510.45,28034200,,
2025-04-09,509.27,587.89,502.11,585.77,39216600,,
2025-04-10,575.49,581.30,535.30,546.29,28173500,,
2025-04-11,535.51,547.40,528.59,543.57,17642300,,
2025-04-14,556.17,557.77,528.28,531.48,14130900,,
2025-04-15,532.11,537.94,517.50,521.52,15558700,,
2025-04-16,508.51,513.37,495.63,502.31,18735100,,
2025-04-17,505.25,507.30,498.01,501.48,14593500,,
2025-04-21,491.33,493.50,479.80,484.66,16166000,,
2025-04-22,491.87,506.88,486.36,500.28,17399400,,
2025-04-23,528.53,535.34,516.52,520.27,18173900,,
2025-04-24,518.73,533.90,517.50,533.15,13910000,,
2025-04-25,546.80,549.86,536.25,547.27,17098900,,
2025-04-28,555.64,558.49,540.59,549.74,15179000,,
2025-04-29,546.00,556.57,544.12,554.44,11835000,,
2025-04-30,538.40,549.10,529.50,549.00,29244000,,
2025-05-01,592.08,592.95,570.50,572.21,31159000,,
2025-05-02,583.46,604.34,578.33,597.02,24739300,,
2025-05-05,591.22,603.21,588.05,599.27,13887700,,
2025-05-06,592.53,596.03,586.58,587.31,10600700,,
2025-05-07,590.36,603.08,586.67,596.81,13139100,,
2025-05-08,606.29,611.30,596.62,598.01,14622800,,
2025-05-09,603.72,606.97,591.71,592.49,10427300,,
2025-05-12,630.92,640.39,621.03,639.43,21965100,,
2025-05-13,645.54,660.92,642.83,656.03,18570800,,
2025-05-14,661.21,662.67,654.31,659.36,12348200,,
2025-05-15,654.28,657.31,638.58,643.88,14341800,,
2025-05-16,637.96,640.44,626.15,640.34,18519000,,
2025-05-19,628.25,643.00,627.80,640.43,9592400,,
2025-05-20,636.01,639.35,632.26,637.10,6743500,,
2025-05-21,631.79,646.61,630.17,635.50,11464600,,
2025-05-22,634.05,643.25,630.71,636.57,8228400,,
2025-05-23,624.00,632.45,622.65,627.06,8454100,,
2025-05-27,635.41,643.08,632.75,642.32,9508400,,
2025-05-28,642.60,650.88,642.55,643.58,9042900,,
2025-05-29,651.65,653.32,639.50,645.05,8858800,,
2025-05-30,642.50,649.41,632.78,647.49,16241000,,
2025-06-02,644.39,673.26,644.26,670.90,15766300,,
2025-06-03,671.45,675.58,665.03,666.85,11585000,,
2025-06-04,669.32,689.00,668.57,687.95,14031900,,
2025-06-05,691.66,694.38,682.25,684.62,13083100,,
2025-06-06,696.17,702.81,691.87,697.71,11728000,,
2025-06-09,698.46,705.19,693.94,694.06,12773200,,
2025-06-10,701.35,703.23,691.56,702.40,10850100,,
2025-06-11,703.71,708.87,691.99,694.14,9582500,,
2025-06-12,693.30,695.38,687.00,693.36,7322700,,
2025-06-13,687.95,694.57,681.01,682.87,9274400,,
2025-06-16,699.33,707.15,693.51,702.12,13720300,0.525,
2025-06-17,702.00,705.97,696.06,697.23,10066100,,
2025-06-18,698.18,701.59,694.90,695.77,10068300,,
2025-06-20,700.75,701.82,678.67,682.35,22538600,,
2025-06-23,683.69,699.05,678.75,698.53,11080100,,
2025-06-24,704.89,713.19,702.11,712.20,13823200,,
2025-06-25,713.32,716.58,705.38,708.68,9320400,,
2025-06-26,714.36,728.22,711.05,726.09,13964800,,
2025-06-27,726.52,735.43,725.86,733.63,18775700,,
2025-06-30,744.55,747.90,734.25,738.09,15402100,,
2025-07-01,736.88,737.75,715.37,719.22,13431200,,
2025-07-02,715.33,720.30,712.80,713.57,9336700,,
2025-07-03,726.61,729.03,714.42,719.01,8601700,,
2025-07-07,717.60,727.00,713.51,718.35,9457100,,
2025-07-08,721.57,722.91,714.81,720.67,7770700,,
2025-07-09,722.72,737.53,722.72,732.78,11418000,,
2025-07-10,731.55,735.80,719.60,727.24,9913600,,
2025-07-11,722.50,725.16,709.70,717.51,10873900,,
2025-07-14,717.60,728.00,716.55,720.92,8939400,,
2025-07-15,723.90,724.47,709.82,710.39,11529500,,
2025-07-16,713.37,713.97,699.27,702.91,13067600,,
2025-07-17,704.39,705.90,697.11,701.41,11803300,,
2025-07-18,702.19,704.71,691.65,704.28,12779800,,
2025-07-21,706.80,717.00,705.76,712.97,9404400,,
2025-07-22,716.19,716.60,701.41,704.81,8921100,,
2025-07-23,706.37,714.63,704.93,713.58,8771600,,
2025-07-24,717.05,723.62,714.00,714.80,10920800,,
2025-07-25,716.92,720.65,711.90,712.68,8271700,,
2025-07-28,715.20,724.74,712.68,717.63,8715700,,
2025-07-29,720.00,724.47,699.91,700.00,13267000,,
2025-07-30,708.09,708.50,691.20,695.21,27077300,,
2025-07-31,775.20,784.75,765.51,773.44,38831100,,
2025-08-01,760.73,766.00,745.31,750.01,19028700,,
2025-08-04,760.00,776.85,758.41,776.37,15801700,,
2025-08-05,776.45,783.13,763.00,763.46,11640300,,
2025-08-06,770.00,773.64,760.46,771.99,9733900,,
2025-08-07,773.49,775.00,759.55,761.83,9019700,,
2025-08-08,762.75,769.90,758.58,769.30,7320800,,
2025-08-11,770.08,773.46,764.67,765.87,7612000,,
2025-08-12,773.00,793.67,772.43,790.00,14563100,,
2025-08-13,791.15,795.46,778.23,780.08,8811800,,
2025-08-14,777.88,787.81,772.51,782.13,8116200,,
2025-08-15,784.15,796.25,780.82,785.23,13375400,,
2025-08-18,775.09,775.81,756.56,767.37,16513700,,
2025-08-19,767.12,767.17,749.36,751.48,12286700,,
2025-08-20,747.57,750.20,731.00,747.72,11898200,,
2025-08-21,744.71,745.50,733.11,739.10,8876300,,
2025-08-22,739.23,756.90,734.39,754.79,10612700,,
2025-08-25,754.82,758.88,750.13,753.30,6861200,,
2025-08-26,750.80,754.87,747.94,754.10,7601800,,
2025-08-27,752.30,754.15,742.84,747.38,8315400,,
2025-08-28,744.00,753.05,740.80,751.11,7468000,,
2025-08-29,745.28,747.14,735.35,738.70,9070500,,
2025-09-02,726.04,736.00,721.73,735.11,9350900,,
2025-09-03,736.00,740.25,733.99,737.05,7699300,,
2025-09-04,748.57,761.16,745.82,748.65,11439100,,
2025-09-05,752.62,757.95,745.03,752.45,9663400,,
2025-09-08,756.00,766.51,752.02,752.30,13087800,,
2025-09-09,757.49,766.30,753.43,765.70,10999000,,
2025-09-10,765.13,765.70,751.00,751.98,12478300,,
2025-09-11,754.65,757.10,748.37,750.90,7923300,,
2025-09-12,748.73,757.57,743.76,755.59,8248600,,
2025-09-15,757.47,774.07,751.99,764.70,10533800,,
2025-09-16,767.00,781.36,765.10,779.00,11782500,,
2025-09-17,779.99,783.29,766.31,775.72,9400900,,
2025-09-18,780.75,788.78,773.36,780.25,10955000,,
2025-09-19,786.42,790.80,769.19,778.38,23696800,,
2025-09-22,781.85,785.73,764.47,765.16,11706900,0.525,
2025-09-23,769.25,770.60,751.07,755.40,10872600,,
2025-09-24,757.50,761.11,752.53,760.66,8828200,,
2025-09-25,753.45,756.77,744.55,748.91,10591100,,
2025-09-26,750.00,751.93,737.35,743.75,9696300,,
2025-09-29,748.72,750.78,739.15,743.40,9246800,,
2025-09-30,742.25,742.97,726.30,734.38,16226800,,
2025-10-01,721.49,721.85,710.20,717.34,20419600,,
2025-10-02,722.58,727.77,718.14,727.05,11415300,,
2025-10-03,729.63,731.00,710.18,710.56,16154300,,
2025-10-06,705.19,716.88,690.51,715.66,21654700,,
2025-10-07,717.72,718.50,705.75,713.08,12062900,,
2025-10-08,713.45,719.65,707.81,717.84,10790600,,
2025-10-09,718.28,733.51,712.44,733.51,12717200,,
2025-10-10,730.92,735.27,704.51,705.30,16980100,,
2025-10-13,713.01,719.94,707.64,715.70,9251800,,
2025-10-14,707.78,715.55,699.33,708.65,8829800,,
2025-10-15,717.06,723.90,709.51,717.55,10246800,,
2025-10-16,717.55,725.49,703.88,712.07,9017000,,
2025-10-17,707.08,718.54,706.12,716.92,12232400,,
2025-10-20,721.19,733.77,720.18,732.17,8900200,,
2025-10-21,736.02,738.50,728.75,733.27,7647300,,
2025-10-22,733.83,740.60,724.03,733.41,8734500,,
2025-10-23,734.70,742.41,733.10,734.00,9856000,,
2025-10-24,736.79,741.21,731.15,738.36,9151300,,
2025-10-27,749.73,755.75,748.01,750.82,11321100,,
2025-10-28,752.63,758.40,745.52,751.44,12193800,,
2025-10-29,754.75,759.16,742.51,751.67,26818600,,
2025-10-30,669.15,680.96,650.17,666.47,88440100,,
2025-10-31,674.51,674.89,645.57,648.35,56953200,,
2025-11-03,656.00,659.33,636.18,637.71,33003600,,
2025-11-04,628.04,641.74,626.01,627.32,27356600,,
2025-11-05,632.31,642.23,626.54,635.95,20219900,,
2025-11-06,635.85,636.00,618.00,618.94,23628800,,
2025-11-07,616.49,622.13,601.20,621.71,29946800,,
2025-11-10,631.09,635.00,618.11,631.76,19245000,,
2025-11-11,628.00,629.56,619.39,627.08,13302200,,
2025-11-12,628.13,628.99,607.77,609.01,24493300,,
2025-11-13,613.07,617.65,603.00,609.89,20973800,,
2025-11-14,601.79,613.68,595.20,609.46,20724100,,
2025-11-17,609.04,611.69,595.40,602.01,16501300,,
2025-11-18,591.60,603.66,583.78,597.69,25500600,,
2025-11-19,593.72,595.33,581.25,590.32,24744700,,
2025-11-20,603.50,606.72,583.35,589.15,20603000,,
2025-11-21,588.50,598.12,581.86,594.25,21052600,,
2025-11-24,598.72,616.70,597.63,613.05,23554900,,
2025-11-25,624.00,637.05,618.30,636.22,25213000,,
2025-11-26,637.69,638.36,631.63,633.61,15209500,,
2025-11-28,636.08,648.05,635.50,647.95,11033200,,
2025-12-01,639.55,645.32,637.76,640.87,13029900,,
2025-12-02,642.34,647.87,638.07,647.10,11640900,,
2025-12-03,644.41,648.85,637.55,639.60,11134300,,
2025-12-04,676.00,676.10,660.05,661.53,29874600,,
2025-12-05,664.00,674.69,662.39,673.42,21207900,,
2025-12-08,669.34,676.71,665.07,666.80,13161000,,
2025-12-09,663.77,664.48,653.34,656.96,12997100,,
2025-12-10,649.95,654.51,643.40,650.13,16910900,,
2025-12-11,643.29,655.28,640.80,652.71,13056700,,
2025-12-12,649.80,711.00,638.61,644.23,14016900,,
2025-12-15,645.70,653.00,638.70,647.51,15549100,0.525,
2025-12-16,643.50,662.54,643.20,657.15,14309100,,
2025-12-17,655.61,661.23,649.20,649.50,15598500,,
2025-12-18,657.03,670.56,656.46,664.45,20260300,,
2025-12-19,666.42,671.00,658.18,658.77,49977100,,
2025-12-22,661.65,673.58,656.65,661.50,15659400,,
2025-12-23,660.05,666.00,658.25,664.94,8486800,,
2025-12-24,662.53,668.18,662.20,667.55,5627500,,
2025-12-26,668.06,668.95,661.32,663.29,7133800,,
2025-12-29,658.01,660.25,654.39,658.69,8506500,,
2025-12-30,658.69,672.22,657.84,665.95,9187500,,
2025-12-31,664.75,665.00,659.44,660.09,7940400,,
2026-01-02,662.73,664.39,643.50,650.41,13726500,,
2026-01-05,651.01,664.54,647.75,658.79,12213700,,
2026-01-06,659.57,665.52,651.90,660.62,11074400,,
2026-01-07,655.64,659.15,644.81,648.69,12846300,,
2026-01-08,645.88,647.10,635.72,646.06,11921700,,
2026-01-09,645.44,654.95,642.85,653.06,11634900,,
2026-01-12,652.53,653.97,641.23,641.97,14797200,,
2026-01-13,642.27,642.27,624.10,631.09,18030400,,
2026-01-14,626.50,628.45,614.82,615.52,15527900,,
2026-01-15,618.48,624.17,614.23,620.80,13076100,,
2026-01-16,624.18,629.08,620.08,620.25,17012500,,
2026-01-20,607.88,611.40,600.00,604.12,15169600,,
2026-01-21,606.74,618.27,600.08,612.96,14494700,,
2026-01-22,629.35,660.57,626.55,647.63,21394700,,
2026-01-23,644.77,666.49,644.45,658.76,22797700,,
2026-01-26,665.13,675.28,661.29,672.36,16327400,,
2026-01-27,674.59,676.82,664.66,672.97,13297400,,
2026-01-28,674.50,677.68,666.10,668.73,25709600,,
2026-01-29,737.43,744.00,712.55,738.31,59852900,,
2026-01-30,727.50,732.17,713.59,716.50,23744600,,
2026-02-02,714.60,721.30,703.52,706.41,14365200,,
2026-02-03,707.37,717.00,686.41,691.70,13760700,,
2026-02-04,687.73,688.83,667.46,668.99,16882800,,
2026-02-05,663.58,681.50,653.50,670.21,17131800,,
2026-02-06,665.49,671.99,646.50,661.46,18159300,,
2026-02-09,663.18,683.31,658.78,677.22,14837500,,
2026-02-10,677.60,680.65,669.79,670.72,10455800,,
2026-02-11,674.00,679.27,657.10,668.69,14323800,,
2026-02-12,669.97,676.00,645.28,649.81,14960100,,
2026-02-13,645.10,651.43,634.57,639.77,12336400,,
2026-02-17,639.50,642.60,628.80,639.29,12674700,,
2026-02-18,633.80,645.00,628.15,643.22,14649200,,
2026-02-19,638.57,647.19,636.72,644.78,10035700,,
2026-02-20,639.69,663.35,638.78,655.66,14183500,,
2026-02-23,652.54,657.70,636.00,637.25,8605900,,
2026-02-24,633.08,641.11,628.98,639.30,10135600,,
2026-02-25,642.53,653.88,642.14,653.69,11330700,,
2026-02-26,650.55,661.00,647.50,657.01,10637700,,
2026-02-27,643.45,649.44,638.12,648.18,15703000,,
2026-03-02,637.16,659.94,634.50,653.56,9816100,,
2026-03-03,648.29,659.04,638.84,655.08,12263800,,
2026-03-04,657.96,672.77,657.67,667.73,10810100,,
2026-03-05,661.93,670.70,650.31,660.57,13341400,,
2026-03-06,647.90,649.47,636.11,644.86,13159400,,
2026-03-09,634.78,647.75,626.78,647.39,13489700,,
2026-03-10,653.56,660.30,649.00,654.07,9859300,,
2026-03-11,654.76,659.12,648.36,654.86,8977200,,
2026-03-12,648.75,653.50,636.90,638.18,11617500,,
2026-03-13,623.89,629.17,609.55,613.71,18957600,,
2026-03-16,632.00,634.75,623.10,627.45,15134900,0.525,
2026-03-17,627.99,636.55,621.70,622.66,10348800,,
2026-03-18,616.34,622.65,614.61,615.68,11726300,,
2026-03-19,612.15,613.00,602.26,606.70,13247700,,
2026-03-20,603.53,603.96,587.25,593.66,21214900,,
2026-03-23,605.79,608.64,599.01,604.06,13638000,,
2026-03-24,599.10,601.00,591.00,592.92,10739700,,
2026-03-25,598.74,603.67,593.40,594.89,12585000,,
2026-03-26,582.49,583.00,543.35,547.54,35780100,,
2026-03-27,540.10,543.60,520.26,525.72,30133000,,
2026-03-30,536.38,539.55,528.54,536.38,22795200,,
2026-03-31,549.98,573.69,546.77,572.13,32898300,,
2026-04-01,580.13,592.55,573.82,579.23,23608100,,
2026-04-02,566.04,578.50,559.70,574.46,13518500,,
2026-04-06,577.69,582.79,572.00,573.02,9515700,,
2026-04-07,572.48,575.23,564.76,575.05,9580800,,
2026-04-08,606.00,629.95,591.83,612.42,32036600,,
2026-04-09,626.97,637.50,623.00,628.39,19012900,,
2026-04-10,634.47,638.58,624.33,629.86,13294800,,
2026-04-13,629.50,635.00,624.40,634.53,9538900,,
2026-04-14,643.22,666.26,639.37,662.49,17818000,,
2026-04-15,667.00,678.50,664.22,671.58,14952600,,
2026-04-16,675.99,677.58,667.75,676.87,9544800,,
2026-04-17,678.60,691.52,675.13,688.55,16283500,,
2026-04-20,681.36,683.38,668.00,670.91,12534000,,
2026-04-21,671.00,676.20,667.33,668.84,8660100,,
2026-04-22,674.36,678.38,669.75,674.72,9215600,,
2026-04-23,663.70,669.56,653.05,659.15,11667000,,
2026-04-24,660.32,680.67,653.84,675.03,13348300,,
2026-04-27,671.00,682.50,670.84,678.62,12805200,,
2026-04-28,674.24,678.18,665.63,671.34,10606800,,
2026-04-29,668.91,674.25,663.81,669.12,18947500,,
2026-04-30,619.32,620.85,600.00,611.91,52765000,,
2026-05-01,614.69,618.88,606.11,608.75,21404000,,
2026-05-04,607.94,614.00,602.75,610.41,16203900,,
2026-05-05,613.31,614.35,600.36,604.96,17171300,,
2026-05-06,601.05,619.95,598.10,612.88,19915500,,
2026-05-07,614.72,624.98,613.54,616.81,12307400,,
2026-05-08,615.20,616.77,606.06,609.63,13557000,,
2026-05-11,604.57,604.91,598.08,598.86,15940600,,
2026-05-12,594.82,603.75,592.60,603.00,11351600,,
2026-05-13,598.83,619.90,596.66,616.63,14634400,,
2026-05-14,616.00,623.73,615.00,618.43,10651200,,
2026-05-15,613.99,621.20,609.31,614.23,13272600,,
2026-05-18,609.11,615.59,603.69,611.21,13772400,,
2026-05-19,608.92,613.93,600.55,602.61,11749900,,
2026-05-20,600.76,608.00,597.81,605.06,11329700,,
2026-05-21,600.00,609.60,594.81,607.38,13476100,,
2026-05-22,607.88,614.81,606.95,610.26,11688600,,
2026-05-26,608.89,614.47,605.30,612.34,12234200,,
2026-05-27,609.40,638.50,609.00,635.26,23143600,,
2026-05-28,639.50,643.00,629.31,635.29,16772400,,
2026-05-29,633.50,634.50,623.35,632.51,19806500,,
2026-06-01,630.40,635.75,599.53,600.47,29138800,,
2026-06-02,603.24,608.88,596.68,597.63,18252000,,
2026-06-03,603.00,624.15,600.27,622.98,23020100,,
2026-06-04,623.67,642.40,622.43,627.57,21469200,,
2026-06-05,623.46,629.15,582.91,593.00,30091600,,
2026-06-08,592.00,592.00,579.22,585.39,19512400,,
2026-06-09,591.00,597.63,581.01,584.59,16977400,,
2026-06-10,580.73,591.32,570.60,570.98,17064000,,
2026-06-11,565.83,572.17,557.01,568.43,17628000,,
2026-06-12,572.95,576.07,560.90,566.98,14326400,,
2026-06-15,579.90,601.27,579.30,593.48,17653300,0.525,
2026-06-16,593.65,605.81,592.00,600.21,11344400,,
2026-06-17,592.00,593.81,566.19,567.58,20478300,,
2026-06-18,572.82,580.22,563.10,577.22,28824600,,
2026-06-22,572.02,575.81,559.81,563.85,15405500,,
2026-06-23,562.25,572.20,561.02,562.20,13103300,,
2026-06-24,561.89,569.04,555.55,557.67,13963600,,
2026-06-25,555.55,556.34,540.18,542.87,16968600,,
2026-06-26,543.34,556.85,540.40,550.25,18867700,,
2026-06-29,560.00,570.90,558.00,562.60,15011400,,
2026-06-30,560.94,565.54,551.43,563.29,18111100,,
2026-07-01,607.91,628.28,595.10,612.91,45536300,,
2026-07-02,607.90,610.00,580.42,582.90,21705900,,
2026-07-06,594.84,603.58,581.76,600.29,17674100,,
2026-07-07,607.59,625.37,603.66,615.58,18560800,,
2026-07-08,614.39,616.00,598.01,603.12,13606500,,
2026-07-09,583.99,633.27,577.07,631.48,26579700,,
2026-07-10,660.34,677.86,658.01,669.21,40608900,,
2026-07-13,661.38,676.62,654.20,656.73,19840700,,
2026-07-14,652.00,666.50,649.05,661.04,16748200,,
2026-07-15,663.60,686.08,656.66,681.31,19003400,,
2026-07-16,677.28,681.90,660.16,664.54,15816000,,
2026-07-17,647.70,652.20,626.00,646.01,22267900,,
2026-07-20,646.70,653.30,636.01,645.85,10225200,,
2026-07-21,654.18,655.88,643.20,643.81,9140500,,
2026-07-22,647.70,649.00,624.00,627.17,11019600,,
2026-07-23,608.41,614.65,597.22,606.10,15494800,,
2026-07-24,605.30,609.98,594.45,595.19,11503500,,
2026-07-27,607.22,611.26,593.13,593.87,11195300,,
2026-07-28,596.82,601.00,587.00,593.41,12009300,,
2026-07-29,593.25,599.97,582.22,585.61,22371100,,
2026-07-30,526.00,539.88,524.49,539.03,42271500,,
2026-07-31,543.60,558.33,540.22,556.71,24202500,,
2026-08-03,562.42,597.52,559.36,590.24,24169883,,
