date,open,high,low,close,volume,div,split
2016-08-04,11.30,11.49,11.27,11.41,3882800,,
2016-08-05,11.46,11.51,11.40,11.41,2374700,,
2016-08-08,11.46,11.55,11.37,11.41,3892700,,
2016-08-09,11.42,11.62,11.42,11.59,4307200,,
2016-08-10,11.59,11.59,11.41,11.47,2495900,,
2016-08-11,11.50,11.54,11.34,11.42,2969300,,
2016-08-12,11.44,11.51,11.38,11.40,2273300,,
2016-08-15,11.39,11.74,11.30,11.70,6660700,,
2016-08-16,11.69,11.73,11.52,11.54,2254100,,
2016-08-17,11.47,11.64,11.42,11.61,3775800,,
2016-08-18,11.64,11.70,11.38,11.65,2948000,,
2016-08-19,11.72,12.23,11.68,12.15,8795300,,
2016-08-22,12.18,12.46,12.04,12.43,8211600,,
2016-08-23,12.56,12.58,12.17,12.22,3464900,,
2016-08-24,12.22,12.39,12.05,12.11,2806300,,
2016-08-25,12.13,12.27,12.09,12.18,2614200,,
2016-08-26,12.14,12.46,12.14,12.27,4581500,,
2016-08-29,12.40,12.60,12.28,12.30,2659700,,
2016-08-30,12.27,12.48,12.17,12.30,3011600,,
2016-08-31,12.42,12.59,12.29,12.40,4895700,,
2016-09-01,12.45,12.88,12.40,12.87,8178900,,
2016-09-02,12.96,13.06,12.70,13.01,7731500,,
2016-09-06,12.51,12.94,12.13,12.94,21742600,,
2016-09-07,12.57,12.82,12.55,12.63,7478100,,
2016-09-08,12.59,12.83,12.52,12.55,6410300,,
2016-09-09,12.54,12.69,12.09,12.31,6891500,,
2016-09-12,12.07,12.54,12.03,12.54,6237200,,
2016-09-13,12.42,12.64,12.26,12.45,4178500,,
2016-09-14,12.48,12.55,12.25,12.46,2831900,,
2016-09-15,12.49,12.70,12.45,12.57,4361900,,
2016-09-16,12.95,12.99,12.60,12.74,9954100,,
2016-09-19,12.77,13.04,12.77,12.90,9254000,,
2016-09-20,12.90,12.94,12.55,12.59,4774700,,
2016-09-21,12.70,12.94,12.65,12.92,5813900,,
2016-09-22,12.95,13.04,12.84,12.96,3400700,,
2016-09-23,12.91,13.12,12.73,13.01,5332000,,
2016-09-26,12.90,13.02,12.83,12.87,6302100,0.06,
2016-09-27,12.83,13.10,12.77,13.09,5479200,,
2016-09-28,13.15,13.45,13.04,13.17,7100700,,
2016-09-29,13.18,13.46,13.05,13.24,6707500,,
2016-09-30,13.25,13.56,13.25,13.27,7375600,,
2016-10-03,13.20,13.33,13.00,13.02,4013100,,
2016-10-04,13.07,13.23,12.95,13.02,3315100,,
2016-10-05,13.10,13.24,13.09,13.17,2248900,,
2016-10-06,13.13,13.20,12.98,13.18,1914400,,
2016-10-07,13.16,13.18,13.03,13.11,2538500,,
2016-10-10,13.16,13.26,13.08,13.17,1666600,,
2016-10-11,13.14,13.20,12.73,12.83,5039800,,
2016-10-12,13.16,13.20,12.79,12.94,4371900,,
2016-10-13,12.80,13.05,12.58,13.00,4670200,,
2016-10-14,13.10,13.20,12.98,13.00,3459100,,
2016-10-17,12.92,13.02,12.78,12.87,3287300,,
2016-10-18,13.00,13.04,12.94,13.01,2187700,,
2016-10-19,12.84,13.02,12.76,12.91,3772700,,
2016-10-20,12.91,13.13,12.85,13.05,3425900,,
2016-10-21,12.99,13.07,12.84,12.90,2681100,,
2016-10-24,12.95,13.08,12.91,13.07,1943300,,
2016-10-25,13.10,13.32,12.97,13.16,3577600,,
2016-10-26,13.05,13.51,13.05,13.40,5967700,,
2016-10-27,13.42,13.61,13.10,13.12,3973300,,
2016-10-28,13.54,13.54,13.05,13.10,7224900,,
2016-10-31,13.14,13.20,12.96,13.03,2958600,,
2016-11-01,13.18,13.23,12.79,12.95,4219200,,
2016-11-02,12.95,13.10,12.85,12.94,3856200,,
2016-11-03,12.85,12.89,12.41,12.63,4594300,,
2016-11-04,12.57,12.68,12.44,12.52,3844000,,
2016-11-07,12.69,12.87,12.60,12.85,4462100,,
2016-11-08,12.81,12.87,12.68,12.70,3028200,,
2016-11-09,12.39,12.78,12.30,12.70,4299400,,
2016-11-10,12.83,12.96,12.31,12.49,4804000,,
2016-11-11,12.48,12.99,12.48,12.98,6270500,,
2016-11-14,12.98,13.24,12.88,13.19,6260900,,
2016-11-15,13.31,13.52,13.15,13.43,4803400,,
2016-11-16,13.41,13.52,13.36,13.43,3933000,,
2016-11-17,13.45,13.58,13.23,13.36,7846000,,
2016-11-18,14.63,14.80,14.15,14.80,25437300,,
2016-11-21,14.73,15.00,14.67,14.75,9770000,,
2016-11-22,14.82,14.88,14.73,14.81,5527500,,
2016-11-23,14.75,14.82,14.61,14.69,3734200,,
2016-11-25,14.64,14.79,14.61,14.66,1412700,,
2016-11-28,14.53,14.70,14.46,14.48,4930400,,
2016-11-29,14.44,14.50,14.30,14.38,3883500,,
2016-11-30,14.35,14.54,14.30,14.34,5543100,,
2016-12-01,14.33,14.46,13.85,13.98,7527900,,
2016-12-02,13.86,14.06,13.80,14.02,4081600,0.06,
2016-12-05,13.59,14.21,13.59,14.03,7528400,,
2016-12-06,14.13,14.19,14.03,14.06,3405100,,
2016-12-07,14.08,14.43,14.03,14.37,6401000,,
2016-12-08,14.33,14.42,14.22,14.25,4509400,,
2016-12-09,14.40,14.45,14.26,14.35,6258800,,
2016-12-12,14.31,14.31,14.01,14.17,3747200,,
2016-12-13,14.18,14.37,14.15,14.31,4530200,,
2016-12-14,14.31,14.41,14.24,14.26,2833900,,
2016-12-15,14.33,14.54,14.30,14.49,3305900,,
2016-12-16,14.54,14.67,14.32,14.32,5331700,,
2016-12-19,14.21,14.40,14.19,14.20,3685000,,
2016-12-20,14.24,14.40,14.18,14.34,3476000,,
2016-12-21,14.35,14.50,14.35,14.38,2912500,,
2016-12-22,14.46,14.46,14.16,14.29,2924800,,
2016-12-23,14.23,14.36,14.23,14.32,1395700,,
2016-12-27,14.33,14.45,14.28,14.34,1659900,,
2016-12-28,14.34,14.35,14.09,14.14,2445700,,
2016-12-29,14.10,14.23,14.01,14.11,3334200,,
2016-12-30,14.10,14.19,13.84,13.87,3147300,,
2017-01-03,13.93,14.12,13.85,14.05,5121500,,
2017-01-04,14.04,14.26,14.04,14.24,4478800,,
2017-01-05,14.26,14.41,14.03,14.04,3006400,,
2017-01-06,14.08,14.23,13.94,14.18,2695800,,
2017-01-09,14.18,14.39,14.15,14.37,4363700,,
2017-01-10,14.37,14.59,14.37,14.56,4929300,,
2017-01-11,14.51,14.60,14.38,14.54,4407600,,
2017-01-12,14.44,14.53,14.07,14.42,3201700,,
2017-01-13,14.48,14.60,14.45,14.47,2149300,,
2017-01-17,14.39,14.51,14.19,14.22,1978400,,
2017-01-18,14.30,14.31,14.11,14.21,1959600,,
2017-01-19,14.18,14.26,14.10,14.10,2185500,,
2017-01-20,14.15,14.26,14.08,14.11,3401900,,
2017-01-23,14.04,14.15,13.83,13.95,4831700,,
2017-01-24,14.01,14.52,13.97,14.51,8416800,,
2017-01-25,14.66,15.28,14.65,15.26,13833500,,
2017-01-26,15.36,15.45,15.08,15.12,7608600,,
2017-01-27,15.11,15.25,15.05,15.09,2596500,,
2017-01-30,14.97,15.08,14.80,14.91,3847300,,
2017-01-31,14.73,14.97,14.69,14.87,3233200,,
2017-02-01,15.49,15.59,15.13,15.33,8472100,,
2017-02-02,15.25,15.42,15.17,15.39,6223500,,
2017-02-03,15.45,15.76,15.38,15.72,7291600,,
2017-02-06,15.79,15.88,15.65,15.76,5165300,,
2017-02-07,15.86,15.89,15.56,15.72,4592300,,
2017-02-08,15.75,15.83,15.63,15.68,2793300,,
2017-02-09,15.65,15.71,15.49,15.66,4081600,,
2017-02-10,15.68,15.73,15.46,15.48,2230000,,
2017-02-13,15.60,15.73,15.53,15.68,2620500,,
2017-02-14,15.75,15.76,15.48,15.58,2469100,,
2017-02-15,15.59,15.82,15.54,15.81,5892500,,
2017-02-16,15.81,15.88,15.67,15.79,2906900,,
2017-02-17,15.70,15.82,15.56,15.81,2536900,,
2017-02-21,15.86,16.26,15.82,16.21,6043800,,
2017-02-22,16.23,16.30,16.11,16.28,3537000,,
2017-02-23,16.30,16.30,15.86,16.01,4809800,,
2017-02-24,15.80,16.04,15.55,16.01,3785700,,
2017-02-27,16.02,16.04,15.80,16.02,5708000,,
2017-02-28,16.07,16.08,15.57,15.60,6865200,,
2017-03-01,15.95,16.00,15.77,15.93,11465400,,
2017-03-02,15.94,16.01,15.74,15.85,9179100,,
2017-03-03,16.25,16.37,15.93,16.09,13944700,,
2017-03-06,16.01,16.09,15.67,16.03,7754400,,
2017-03-07,16.00,16.13,15.84,15.94,4147500,,
2017-03-08,15.99,16.11,15.83,15.84,4115900,,
2017-03-09,15.80,15.93,15.76,15.83,3347300,,
2017-03-10,15.96,16.56,15.93,16.39,11111800,,
2017-03-13,16.70,16.72,16.15,16.27,10474600,,
2017-03-14,16.19,16.20,15.96,16.02,5895600,,
2017-03-15,16.05,16.13,15.97,16.00,3809200,,
2017-03-16,16.01,16.23,16.00,16.07,3892200,,
2017-03-17,16.06,16.16,15.99,16.12,5021300,,
2017-03-20,16.10,16.33,16.08,16.25,5733400,,
2017-03-21,16.30,16.34,15.66,15.70,9768800,,
2017-03-22,15.64,16.01,15.52,15.85,8221300,,
2017-03-23,15.77,16.12,15.72,15.91,4919600,,
2017-03-24,16.06,16.11,15.85,15.90,6088300,,
2017-03-27,15.70,15.81,15.45,15.73,5613200,,
2017-03-28,15.72,15.82,15.58,15.70,6630300,,
2017-03-29,15.65,15.81,15.62,15.74,4339000,,
2017-03-30,15.69,15.75,15.59,15.61,6500200,,
2017-03-31,15.49,15.58,15.26,15.26,7280800,0.06,
2017-04-03,15.14,15.25,14.87,15.00,10896700,,
2017-04-04,14.91,15.06,14.87,14.96,5285300,,
2017-04-05,15.02,15.19,14.94,14.99,8699400,,
2017-04-06,15.16,15.21,14.90,15.10,8914200,,
2017-04-07,15.10,15.21,15.04,15.14,4793900,,
2017-04-10,15.17,15.25,15.01,15.08,3401700,,
2017-04-11,15.00,15.07,14.65,14.85,9600700,,
2017-04-12,14.80,14.86,14.58,14.81,9673200,,
2017-04-13,14.78,14.89,14.66,14.68,7408600,,
2017-04-17,14.73,14.88,14.66,14.83,3886400,,
2017-04-18,14.75,14.92,14.73,14.89,3497800,,
2017-04-19,14.97,15.23,14.83,14.90,5760600,,
2017-04-20,14.96,15.01,14.74,14.94,4632600,,
2017-04-21,14.88,15.04,14.72,14.90,3125900,,
2017-04-24,15.09,15.14,14.90,15.06,3394300,,
2017-04-25,15.12,15.56,15.12,15.49,9710200,,
2017-04-26,14.82,15.17,14.69,14.72,8307000,,
2017-04-27,14.98,15.16,14.90,15.09,5845600,,
2017-04-28,15.19,15.19,14.95,15.02,8507100,,
2017-05-01,15.03,15.12,14.94,14.99,3186000,,
2017-05-02,14.97,15.03,14.68,14.74,5444400,,
2017-05-03,14.69,15.16,14.64,15.11,6747400,,
2017-05-04,15.13,15.28,14.97,15.08,5547900,,
2017-05-05,15.08,15.18,15.02,15.16,4013600,,
2017-05-08,15.18,15.22,15.02,15.14,4449600,,
2017-05-09,15.16,15.55,15.10,15.54,4809200,,
2017-05-10,15.65,15.76,15.59,15.75,5772400,,
2017-05-11,15.70,15.82,15.57,15.71,3963300,,
2017-05-12,15.73,15.78,15.51,15.53,1950500,,
2017-05-15,15.62,16.12,15.50,16.11,7786900,,
2017-05-16,16.19,16.26,15.93,16.25,7247400,,
2017-05-17,16.04,16.13,15.25,15.26,10225800,,
2017-05-18,15.27,15.69,15.27,15.51,6230300,,
2017-05-19,15.60,16.10,15.60,16.01,8602600,,
2017-05-22,16.12,16.66,15.97,16.19,5693400,,
2017-05-23,16.25,16.39,16.08,16.36,9650600,,
2017-05-24,16.45,16.85,16.33,16.78,10953000,,
2017-05-25,16.84,17.14,16.78,16.94,17021000,,
2017-05-26,17.39,17.76,17.09,17.67,20182000,,
2017-05-30,17.74,17.80,17.20,17.37,10606200,,
2017-05-31,17.55,17.55,17.17,17.24,12083700,,
2017-06-01,17.29,17.79,17.28,17.78,11255200,,
2017-06-02,17.77,17.78,17.42,17.59,8213000,,
2017-06-05,17.59,17.68,17.51,17.53,5833800,,
2017-06-06,17.36,17.93,17.36,17.81,6680700,,
2017-06-07,17.81,17.86,17.56,17.72,6955600,,
2017-06-08,17.68,17.87,17.60,17.84,7665600,,
2017-06-09,17.86,17.86,16.90,17.26,8521800,,
2017-06-12,16.87,17.48,16.57,17.45,11370100,,
2017-06-13,17.68,17.84,17.45,17.74,6717000,,
2017-06-14,17.76,17.77,17.38,17.54,4715600,,
2017-06-15,17.17,17.59,17.06,17.41,6505900,,
2017-06-16,17.48,17.66,17.28,17.33,5705300,,
2017-06-19,17.49,17.63,17.35,17.45,4927700,,
2017-06-20,17.95,18.18,17.46,17.52,8652200,,
2017-06-21,17.64,17.73,17.45,17.54,4393700,,
2017-06-22,17.53,17.77,17.40,17.57,4926200,,
2017-06-23,17.55,17.78,17.41,17.67,4689500,,
2017-06-26,17.68,17.89,17.55,17.65,5830400,,
2017-06-27,17.54,17.54,16.79,16.79,7754800,,
2017-06-28,16.93,17.18,16.60,17.13,8498900,,
2017-06-29,17.03,17.19,16.61,16.83,7926200,,
2017-06-30,16.82,16.84,16.37,16.52,13271300,0.06,
2017-07-03,16.67,16.71,16.07,16.09,3186300,,
2017-07-05,16.19,16.37,15.92,16.33,12620800,,
2017-07-06,16.09,16.26,16.02,16.07,9577100,,
2017-07-07,16.08,16.18,15.92,16.13,11131700,,
2017-07-10,16.09,16.21,15.91,16.12,8775100,,
2017-07-11,16.10,16.20,15.94,16.06,7173000,,
2017-07-12,16.24,16.54,16.23,16.37,7505500,,
2017-07-13,16.44,16.58,16.12,16.46,7629200,,
2017-07-14,16.49,16.61,16.43,16.58,3852700,,
2017-07-17,16.64,16.65,16.19,16.26,6464300,,
2017-07-18,16.18,16.32,16.00,16.21,9509900,,
2017-07-19,16.27,16.52,16.13,16.48,4766900,,
2017-07-20,16.50,16.52,16.20,16.48,3879600,,
2017-07-21,16.41,16.41,16.01,16.25,7426200,,
2017-07-24,16.26,16.37,16.13,16.23,3100200,,
2017-07-25,15.82,16.22,15.66,16.00,8446300,,
2017-07-26,16.07,16.20,15.96,16.05,4013600,,
2017-07-27,16.12,16.18,15.65,15.87,4017900,,
2017-07-28,15.81,15.87,15.50,15.59,6167000,,
2017-07-31,15.60,15.67,15.41,15.56,4665700,,
2017-08-01,15.59,15.80,15.41,15.77,9152700,,
2017-08-02,15.82,15.88,15.53,15.68,6916000,,
2017-08-03,15.73,15.77,15.42,15.50,4499400,,
2017-08-04,15.50,15.70,15.44,15.55,4100100,,
2017-08-07,15.60,15.70,15.52,15.68,3261600,,
2017-08-08,15.69,15.81,15.58,15.60,3337700,,
2017-08-09,15.51,15.61,15.41,15.50,2765800,,
2017-08-10,15.42,15.48,15.03,15.05,3962300,,
2017-08-11,15.05,15.42,14.87,15.39,3849600,,
2017-08-14,15.59,15.74,15.51,15.55,6831100,,
2017-08-15,15.57,15.87,15.49,15.82,4906700,,
2017-08-16,15.84,15.99,15.83,15.95,2892200,,
2017-08-17,15.89,15.97,15.47,15.55,4037900,,
2017-08-18,15.54,15.75,15.50,15.65,4615600,,
2017-08-21,15.65,15.65,15.50,15.62,5083100,,
2017-08-22,15.69,15.96,15.67,15.92,4792900,,
2017-08-23,15.78,15.97,15.69,15.89,7899000,,
2017-08-24,16.01,16.10,15.71,15.86,6878700,,
2017-08-25,16.63,17.48,16.60,17.05,14618800,,
2017-08-28,17.07,17.25,16.97,17.14,7281600,,
2017-08-29,16.93,17.33,16.84,17.26,5064800,,
2017-08-30,17.27,17.80,17.27,17.76,7770600,,
2017-08-31,17.79,17.97,17.74,17.91,6620000,,
2017-09-01,17.90,18.00,17.81,17.85,3165000,,
2017-09-05,17.62,17.96,17.58,17.84,6323700,,
2017-09-06,17.93,17.95,17.60,17.61,3588200,,
2017-09-07,17.67,17.70,17.47,17.47,3584400,,
2017-09-08,17.45,17.48,17.20,17.25,3442900,,
2017-09-11,17.44,17.45,17.22,17.37,6602200,,
2017-09-12,17.51,17.61,17.33,17.60,4092000,,
2017-09-13,17.62,17.87,17.56,17.82,6073500,,
2017-09-14,17.69,18.38,17.56,18.28,10066600,,
2017-09-15,18.39,18.56,18.20,18.34,7434800,,
2017-09-18,18.42,18.67,18.35,18.43,6963000,,
2017-09-19,18.46,18.60,18.13,18.15,6409800,,
2017-09-20,18.19,18.23,17.79,18.03,7037100,,
2017-09-21,18.03,18.20,17.88,18.03,5270400,,
2017-09-22,17.90,18.09,17.85,17.87,4497300,,
2017-09-25,17.78,17.87,17.49,17.61,6198900,,
2017-09-26,17.75,17.83,17.63,17.65,3192700,,
2017-09-27,17.81,18.15,17.76,17.92,4260900,,
2017-09-28,17.85,18.07,17.77,17.97,3711300,,
2017-09-29,18.03,18.23,17.89,17.90,4659300,,
2017-10-02,18.21,18.72,18.16,18.40,10239400,,
2017-10-03,18.40,18.59,18.30,18.43,2935800,,
2017-10-04,18.35,18.54,18.30,18.51,5757200,,
2017-10-05,18.51,18.51,18.31,18.37,3755600,,
2017-10-06,18.15,18.32,18.14,18.20,3496100,0.06,
2017-10-09,18.31,18.54,18.31,18.45,4695600,,
2017-10-10,18.49,18.55,18.41,18.51,6872200,,
2017-10-11,18.45,18.55,18.42,18.51,4284500,,
2017-10-12,18.48,18.49,18.25,18.29,3503400,,
2017-10-13,18.40,18.40,18.23,18.28,3585700,,
2017-10-16,18.30,18.32,18.11,18.27,4711800,,
2017-10-17,18.24,18.42,18.19,18.36,2638000,,
2017-10-18,18.43,18.52,18.18,18.45,4107200,,
2017-10-19,18.34,18.45,18.13,18.41,1864700,,
2017-10-20,18.47,18.50,18.38,18.41,1609400,,
2017-10-23,18.70,18.88,18.45,18.47,5799800,,
2017-10-24,18.50,18.59,18.49,18.58,18445300,,
2017-10-25,18.49,18.57,18.37,18.39,8466000,,
2017-10-26,18.41,18.45,18.26,18.40,3913800,,
2017-10-27,18.59,18.59,18.24,18.44,4527000,,
2017-10-30,18.35,18.43,17.98,18.23,6057400,,
2017-10-31,18.32,18.50,18.28,18.47,3739100,,
2017-11-01,18.57,18.57,18.14,18.29,3327800,,
2017-11-02,18.27,18.38,17.85,18.28,3118100,,
2017-11-03,18.33,18.55,18.23,18.51,7349100,,
2017-11-06,20.11,21.08,19.96,20.20,19713400,,
2017-11-07,20.38,20.61,20.00,20.13,10689000,,
2017-11-08,20.15,20.23,20.08,20.15,6884100,,
2017-11-09,20.13,20.19,19.85,20.13,8638200,,
2017-11-10,20.19,20.19,20.06,20.13,6943700,,
2017-11-13,20.01,20.14,20.01,20.13,4383100,,
2017-11-14,20.07,20.16,20.04,20.12,3513800,,
2017-11-15,19.95,20.11,19.75,20.07,2887400,,
2017-11-16,20.11,20.33,20.09,20.26,6779400,,
2017-11-17,20.31,20.45,20.24,20.29,5145200,,
2017-11-20,20.80,21.81,20.12,21.59,67009800,,
2017-11-21,22.15,23.41,21.94,23.28,35752100,,
2017-11-22,23.78,24.22,23.43,23.83,27234900,,
2017-11-24,23.84,23.90,23.51,23.80,7191700,,
2017-11-27,23.61,23.70,23.19,23.38,14996600,,
2017-11-28,23.87,23.88,23.22,23.27,12527700,,
2017-11-29,23.53,23.86,22.02,22.21,19878600,,
2017-11-30,22.30,22.91,22.19,22.34,12993300,,
2017-12-01,22.13,22.29,21.68,22.18,13143300,,
2017-12-04,22.43,22.62,21.88,22.30,11231300,,
2017-12-05,22.21,22.65,21.78,21.97,7287900,,
2017-12-06,21.80,21.96,21.60,21.82,6346600,,
2017-12-07,22.10,22.28,21.81,22.00,6482300,,
2017-12-08,22.04,22.19,21.85,22.04,7064400,,
2017-12-11,22.02,22.33,21.98,22.05,5280500,,
2017-12-12,22.00,22.25,21.94,22.19,4662200,,
2017-12-13,22.31,22.52,21.77,21.83,6337400,,
2017-12-14,21.87,22.04,21.57,21.65,8099900,,
2017-12-15,21.71,21.83,21.42,21.62,8084300,,
2017-12-18,21.72,22.36,21.60,22.16,7887500,,
2017-12-19,22.32,22.42,22.02,22.37,5598800,,
2017-12-20,22.55,22.57,22.09,22.31,4402200,,
2017-12-21,22.39,22.39,21.97,22.05,5575000,,
2017-12-22,22.00,22.21,21.91,22.01,5235200,,
2017-12-26,21.81,21.98,21.66,21.84,3675100,0.06,
2017-12-27,21.80,22.12,21.72,22.05,4091800,,
2017-12-28,22.05,22.15,21.81,21.89,3606500,,
2017-12-29,21.99,21.99,21.47,21.47,4256400,,
2018-01-02,21.66,22.35,21.41,22.20,5619900,,
2018-01-03,22.29,22.95,22.23,22.89,9014000,,
2018-01-04,22.97,23.47,22.83,23.41,9221200,,
2018-01-05,23.50,23.64,23.00,23.00,5855400,,
2018-01-08,22.97,23.24,22.89,23.17,5529500,,
2018-01-09,23.28,23.31,22.99,23.15,9580000,,
2018-01-10,22.83,23.22,22.60,23.14,9401900,,
2018-01-11,23.25,23.25,22.85,23.15,5198600,,
2018-01-12,23.14,24.21,23.13,23.84,18423600,,
2018-01-16,24.07,24.07,23.47,23.58,11257200,,
2018-01-17,23.65,23.86,23.48,23.59,7143400,,
2018-01-18,23.63,23.90,23.60,23.69,8558500,,
2018-01-19,23.84,23.90,23.64,23.68,7587400,,
2018-01-22,23.76,23.81,23.52,23.62,3620000,,
2018-01-23,23.68,23.81,23.28,23.53,10855700,,
2018-01-24,23.36,23.55,22.75,23.29,9443600,,
2018-01-25,23.59,23.61,22.97,23.01,9009500,,
2018-01-26,23.23,23.46,23.16,23.39,6143000,,
2018-01-29,23.37,23.49,23.24,23.45,6760200,,
2018-01-30,23.05,23.37,22.93,23.12,4374000,,
2018-01-31,23.34,23.54,23.26,23.33,11191500,,
2018-02-01,23.11,23.45,22.53,22.60,7988300,,
2018-02-02,22.38,22.59,21.87,22.43,9945300,,
2018-02-05,22.14,22.56,21.31,21.35,9355000,,
2018-02-06,20.87,21.83,20.51,21.70,13422400,,
2018-02-07,21.58,21.95,21.21,21.33,8684400,,
2018-02-08,21.44,21.53,20.37,20.74,11758100,,
2018-02-09,21.05,21.45,20.54,21.30,9943700,,
2018-02-12,21.48,22.04,21.39,21.92,6651400,,
2018-02-13,21.85,22.36,21.64,22.32,10983200,,
2018-02-14,22.15,22.44,22.00,22.26,6607300,,
2018-02-15,22.55,22.93,22.43,22.74,6664200,,
2018-02-16,22.65,22.91,22.43,22.68,5159300,,
2018-02-20,22.72,23.40,22.53,23.20,6183700,,
2018-02-21,23.27,23.57,22.96,23.19,7041700,,
2018-02-22,23.23,23.84,22.99,23.13,6857200,,
2018-02-23,23.30,23.36,23.01,23.25,4075100,,
2018-02-26,23.32,23.53,23.21,23.46,3700700,,
2018-02-27,23.54,23.95,23.38,23.38,7094100,,
2018-02-28,23.47,23.82,23.25,23.49,6577600,,
2018-03-01,23.57,23.75,23.01,23.31,4287400,,
2018-03-02,23.00,23.52,22.77,23.42,5972100,,
2018-03-05,23.22,23.60,23.01,23.49,6061300,,
2018-03-06,23.55,23.68,23.27,23.57,7222900,,
2018-03-07,23.50,23.85,23.33,23.69,14781100,,
2018-03-08,23.90,24.42,23.62,24.32,17008200,,
2018-03-09,24.21,25.18,23.85,24.34,17310000,,
2018-03-12,24.56,24.63,23.67,24.37,17785100,,
2018-03-13,24.10,24.54,22.80,22.94,22302700,,
2018-03-14,23.00,23.46,22.47,23.40,19368200,,
2018-03-15,23.52,23.77,23.02,23.19,10865800,,
2018-03-16,23.35,23.45,23.05,23.18,6957900,,
2018-03-19,22.93,23.28,22.55,22.82,11467700,,
2018-03-20,22.90,23.27,22.80,23.12,7531100,,
2018-03-21,23.04,23.38,22.92,23.00,5938400,,
2018-03-22,22.64,22.95,22.05,22.06,6817200,,
2018-03-23,22.16,22.36,21.47,21.48,6876500,,
2018-03-26,21.97,22.37,21.75,22.21,6215800,,
2018-03-27,22.32,22.37,21.24,21.39,7224900,,
2018-03-28,21.18,21.39,20.40,20.52,10366000,0.06,
2018-03-29,20.64,21.10,20.50,21.00,8751900,,
2018-04-02,20.84,20.88,20.05,20.20,7141200,,
2018-04-03,20.54,20.66,20.13,20.42,8575200,,
2018-04-04,19.90,20.85,19.79,20.80,7086500,,
2018-04-05,21.55,21.59,21.04,21.13,11740800,,
2018-04-06,20.83,21.13,20.46,20.51,8925100,,
2018-04-09,20.70,21.18,20.57,20.60,5721200,,
2018-04-10,21.30,21.64,21.05,21.48,8781800,,
2018-04-11,21.40,22.40,21.40,22.07,10306700,,
2018-04-12,22.31,22.43,22.12,22.42,7179700,,
2018-04-13,22.63,22.66,21.73,22.01,8148100,,
2018-04-16,22.19,22.22,21.63,21.76,5774000,,
2018-04-17,21.95,22.25,21.90,22.25,4744000,,
2018-04-18,22.40,22.50,21.99,22.02,4904000,,
2018-04-19,21.55,21.84,20.98,21.04,10528000,,
2018-04-20,21.15,21.37,20.49,20.54,8796100,,
2018-04-23,20.61,20.78,20.35,20.36,5940300,,
2018-04-24,20.65,21.34,20.52,20.65,10595000,,
2018-04-25,20.58,20.68,20.18,20.38,5170800,,
2018-04-26,20.64,20.91,20.50,20.89,5420900,,
2018-04-27,21.06,21.06,20.33,20.35,5506800,,
2018-04-30,20.41,20.53,19.97,20.06,5808800,,
2018-05-01,19.88,20.35,19.80,20.32,4686700,,
2018-05-02,20.31,20.63,20.22,20.56,4952400,,
2018-05-03,20.20,20.89,19.43,20.80,19888800,,
2018-05-04,20.70,21.31,20.54,21.25,7676200,,
2018-05-07,21.30,21.49,20.74,20.80,7353400,,
2018-05-08,20.78,21.15,20.74,21.08,6513700,,
2018-05-09,21.08,21.42,21.00,21.29,4133000,,
2018-05-10,21.43,21.48,21.21,21.44,3870600,,
2018-05-11,21.31,21.39,20.82,21.02,6122500,,
2018-05-14,21.85,22.71,21.70,21.93,13913800,,
2018-05-15,21.80,21.87,21.41,21.70,6289400,,
2018-05-16,21.79,21.89,21.47,21.87,5405000,,
2018-05-17,21.80,22.13,21.56,21.63,7937100,,
2018-05-18,21.49,21.69,21.29,21.42,8304100,,
2018-05-21,21.90,22.02,21.36,21.44,7312000,,
2018-05-22,21.62,22.09,21.50,21.92,6113300,,
2018-05-23,21.83,22.09,21.72,22.05,5253300,,
2018-05-24,22.00,22.15,21.76,21.95,7478300,,
2018-05-25,22.54,22.75,22.15,22.49,24162000,,
2018-05-29,22.26,22.55,21.79,21.94,8735800,,
2018-05-30,22.17,22.18,21.57,21.99,9435200,,
2018-05-31,21.91,22.07,21.32,21.54,12753400,,
2018-06-01,21.90,22.68,21.54,22.17,10533700,,
2018-06-04,22.29,22.46,21.81,22.09,7150300,,
2018-06-05,22.20,22.20,21.81,22.03,5686900,,
2018-06-06,22.06,22.14,21.73,22.11,4966600,,
2018-06-07,22.42,22.95,22.16,22.20,13699900,,
2018-06-08,21.86,22.00,21.35,21.75,9299700,,
2018-06-11,21.66,21.91,21.27,21.37,10988600,,
2018-06-12,21.32,21.64,21.32,21.61,5356100,,
2018-06-13,21.71,22.10,21.61,22.00,10431100,,
2018-06-14,22.04,22.10,21.48,21.76,6318400,,
2018-06-15,21.90,22.00,21.57,21.91,7032400,,
2018-06-18,21.73,21.82,21.45,21.77,5471900,,
2018-06-19,21.53,21.63,20.78,21.32,10732400,,
2018-06-20,21.44,21.97,21.35,21.75,5308800,,
2018-06-21,21.94,22.09,21.22,21.24,4887300,,
2018-06-22,21.39,21.45,20.93,21.31,6890800,,
2018-06-25,20.98,21.02,19.98,20.18,9398300,,
2018-06-26,20.29,20.29,19.81,19.91,10091600,,
2018-06-27,20.85,20.87,20.12,20.12,11348300,,
2018-06-28,21.68,22.09,21.16,21.77,34399200,,
2018-06-29,21.73,22.06,21.37,21.44,19429300,,
2018-07-02,21.08,21.50,20.76,21.47,10320100,,
2018-07-03,21.45,21.59,20.92,21.02,7859400,,
2018-07-05,21.19,21.34,20.93,21.34,10280200,,
2018-07-06,21.21,21.75,21.10,21.63,7913200,0.06,
2018-07-09,21.87,22.03,21.55,22.01,11541600,,
2018-07-10,22.21,22.92,22.20,22.66,29134500,,
2018-07-11,22.15,22.40,21.72,21.74,12153300,,
2018-07-12,21.98,22.26,21.75,22.14,10914000,,
2018-07-13,22.04,22.18,21.73,21.86,7650500,,
2018-07-16,21.86,21.97,21.14,21.15,10783200,,
2018-07-17,21.02,21.78,20.93,21.70,11203400,,
2018-07-18,21.70,21.90,21.37,21.58,7015400,,
2018-07-19,21.57,21.74,21.29,21.71,8743300,,
2018-07-20,21.65,22.12,21.46,21.86,7805900,,
2018-07-23,21.71,21.90,21.35,21.74,8083300,,
2018-07-24,21.98,22.20,21.45,21.55,7560400,,
2018-07-25,21.52,21.79,21.20,21.70,7759900,,
2018-07-26,21.65,22.12,21.65,22.06,9199600,,
2018-07-27,22.05,22.36,21.54,21.67,9672500,,
2018-07-30,21.79,21.89,20.99,21.24,5388500,,
2018-07-31,21.40,21.63,21.05,21.31,6984500,,
2018-08-01,21.30,21.62,21.09,21.20,8826700,,
2018-08-02,21.00,21.57,20.97,21.57,4599700,,
2018-08-03,21.50,21.64,21.18,21.37,6762800,,
2018-08-06,21.27,21.88,21.24,21.85,4740400,,
2018-08-07,21.95,22.19,21.84,22.17,5093700,,
2018-08-08,22.12,22.25,21.99,22.10,4789000,,
2018-08-09,22.02,22.05,21.67,21.69,3210600,,
2018-08-10,21.15,21.34,20.81,20.91,6190000,,
2018-08-13,20.91,21.08,20.77,20.79,5690300,,
2018-08-14,20.86,20.91,20.47,20.49,7805400,,
2018-08-15,20.28,20.44,19.89,20.09,9423000,,
2018-08-16,20.20,20.40,20.06,20.27,8183900,,
2018-08-17,20.39,20.39,19.72,19.78,12338400,,
2018-08-20,19.90,20.09,19.48,19.84,9106200,,
2018-08-21,19.96,20.39,19.85,20.30,7358400,,
2018-08-22,20.21,20.55,20.12,20.44,3587300,,
2018-08-23,20.46,20.65,20.21,20.24,4981300,,
2018-08-24,20.43,20.54,20.33,20.49,3692300,,
2018-08-27,20.64,20.92,20.48,20.49,7724100,,
2018-08-28,20.52,20.67,20.35,20.59,9077700,,
2018-08-29,20.61,21.24,20.55,21.07,8211500,,
2018-08-30,21.09,21.16,20.76,20.85,5522200,,
2018-08-31,20.88,21.08,20.62,20.68,8589200,,
2018-09-04,20.58,20.89,20.44,20.70,9769900,,
2018-09-05,20.70,20.75,20.40,20.48,9087300,,
2018-09-06,20.45,20.62,19.45,19.46,18985300,,
2018-09-07,20.90,20.90,19.28,19.45,36018300,,
2018-09-10,19.57,19.62,18.83,19.03,19795700,,
2018-09-11,18.69,19.13,18.55,18.80,15130100,,
2018-09-12,18.56,18.69,18.16,18.33,11965400,,
2018-09-13,18.50,18.67,18.14,18.54,14662200,,
2018-09-14,18.56,19.08,18.47,18.97,14161500,,
2018-09-17,18.72,18.87,18.36,18.44,8619200,,
2018-09-18,18.67,18.70,18.35,18.66,11315000,,
2018-09-19,18.74,18.93,18.31,18.45,11315600,,
2018-09-20,18.52,18.99,18.52,18.85,13849900,,
2018-09-21,18.75,18.92,18.56,18.85,15210400,,
2018-09-24,18.66,18.89,18.52,18.88,8833700,,
2018-09-25,18.96,18.98,18.49,18.59,9255700,,
2018-09-26,18.52,18.72,18.35,18.49,9113700,,
2018-09-27,18.56,18.98,18.42,18.71,11470500,,
2018-09-28,18.66,19.31,18.64,19.30,14835100,,
2018-10-01,19.39,19.49,19.11,19.27,10931900,0.06,
2018-10-02,19.21,19.64,19.18,19.40,12588300,,
2018-10-03,19.50,19.62,19.14,19.57,11297200,,
2018-10-04,19.45,19.65,19.15,19.28,9869100,,
2018-10-05,19.22,19.42,18.33,18.60,10235000,,
2018-10-08,18.50,18.63,18.08,18.35,11235100,,
2018-10-09,18.25,18.66,18.00,18.47,16556300,,
2018-10-10,18.15,18.20,17.37,17.38,15497700,,
2018-10-11,17.41,18.56,17.18,17.72,18097800,,
2018-10-12,18.39,18.46,17.83,18.01,13115700,,
2018-10-15,18.13,18.48,17.97,18.12,11876900,,
2018-10-16,18.34,19.12,18.29,18.87,20762500,,
2018-10-17,19.07,19.10,18.38,18.96,17449300,,
2018-10-18,18.77,18.88,17.97,18.09,10601000,,
2018-10-19,18.20,18.45,17.57,17.76,8421400,,
2018-10-22,17.91,18.08,17.41,18.00,11774400,,
2018-10-23,17.42,17.91,17.10,17.54,14312900,,
2018-10-24,17.20,17.29,16.53,16.54,12471900,,
2018-10-25,16.90,17.16,16.75,16.84,16522600,,
2018-10-26,16.15,16.16,15.34,15.68,19423700,,
2018-10-29,15.81,16.20,15.31,15.60,12271800,,
2018-10-30,15.50,16.14,15.48,16.13,13097200,,
2018-10-31,16.41,16.63,16.18,16.41,9367300,,
2018-11-01,16.44,17.66,16.44,17.58,14167300,,
2018-11-02,17.41,17.63,16.87,17.59,10297800,,
2018-11-05,17.44,17.55,16.97,17.14,6203900,,
2018-11-06,17.09,17.27,16.74,16.86,9408800,,
2018-11-07,17.02,17.05,16.56,16.88,8988000,,
2018-11-08,16.76,16.93,16.61,16.71,7662200,,
2018-11-09,16.50,16.52,16.18,16.39,8858400,,
2018-11-12,16.10,16.13,15.56,15.79,8908000,,
2018-11-13,15.81,16.15,15.62,15.72,12521400,,
2018-11-14,15.93,16.09,15.59,15.73,7704500,,
2018-11-15,15.57,16.37,15.57,16.10,12062400,,
2018-11-16,15.73,16.10,15.60,15.90,14017600,,
2018-11-19,15.87,15.90,15.14,15.19,9245100,,
2018-11-20,14.73,15.44,14.69,15.22,9055400,,
2018-11-21,15.52,15.79,15.39,15.67,5389300,,
2018-11-23,15.46,15.78,15.43,15.65,2519800,,
2018-11-26,15.83,16.00,15.63,15.98,11318000,,
2018-11-27,15.90,16.17,15.60,16.02,9742500,,
2018-11-28,16.09,16.19,15.70,16.10,8329300,,
2018-11-29,15.97,16.31,15.88,16.07,6814100,,
2018-11-30,15.99,16.16,15.80,16.11,10689500,,
2018-12-03,16.53,16.72,16.32,16.38,9410400,,
2018-12-04,16.28,16.36,15.47,15.50,16395600,,
2018-12-06,15.97,16.25,15.26,16.09,28043000,,
2018-12-07,15.93,16.08,15.32,15.44,10758100,,
2018-12-10,15.40,15.70,15.19,15.35,11796000,,
2018-12-11,15.64,15.75,15.25,15.30,7947700,,
2018-12-12,15.58,15.91,15.34,15.35,12820700,,
2018-12-13,15.92,16.00,15.38,15.65,20932200,,
2018-12-14,15.49,15.65,15.30,15.38,9006600,,
2018-12-17,15.29,15.50,15.10,15.25,8722800,,
2018-12-18,15.36,15.99,15.36,15.44,12562500,,
2018-12-19,15.36,15.76,14.72,14.76,13503300,,
2018-12-20,14.76,15.33,14.63,14.85,12849000,,
2018-12-21,14.99,15.18,14.71,14.89,13027300,,
2018-12-24,14.77,14.84,14.40,14.41,4340100,0.06,
2018-12-26,14.58,15.48,14.34,15.47,9799900,,
2018-12-27,15.26,15.71,15.18,15.70,8725300,,
2018-12-28,15.79,15.94,15.59,15.65,6691700,,
2018-12-31,15.88,16.22,15.83,16.19,12795700,,
2019-01-02,15.90,16.76,15.81,16.50,18511500,,
2019-01-03,16.14,16.39,15.70,15.77,13107600,,
2019-01-04,16.13,16.38,15.99,16.24,13825100,,
2019-01-07,16.27,16.70,16.25,16.61,8462900,,
2019-01-08,16.81,16.89,16.43,16.69,10637000,,
2019-01-09,16.81,17.11,16.74,17.09,7767500,,
2019-01-10,16.98,17.20,16.79,17.11,10672900,,
2019-01-11,17.01,17.48,16.95,17.33,15121300,,
2019-01-14,17.13,17.25,16.97,17.04,6910700,,
2019-01-15,17.05,17.27,16.79,16.84,10151300,,
2019-01-16,16.84,16.99,16.63,16.64,8583200,,
2019-01-17,16.52,16.60,16.33,16.52,12741300,,
2019-01-18,16.68,17.25,16.53,16.88,18502300,,
2019-01-22,16.76,16.82,16.40,16.66,10433100,,
2019-01-23,16.73,16.95,16.54,16.68,10392100,,
2019-01-24,17.00,17.86,16.97,17.50,20010200,,
2019-01-25,17.82,18.86,17.77,18.57,29605000,,
2019-01-28,17.94,18.57,17.80,18.36,12975800,,
2019-01-29,18.42,18.48,17.90,18.13,10201200,,
2019-01-30,18.44,18.48,18.16,18.37,9679400,,
2019-01-31,18.30,18.71,18.16,18.53,11476900,,
2019-02-01,18.55,18.67,18.29,18.41,7979800,,
2019-02-04,18.46,18.63,18.25,18.57,5047700,,
2019-02-05,18.39,18.72,18.29,18.66,7971900,,
2019-02-06,18.90,19.17,18.85,19.04,18243700,,
2019-02-07,17.98,18.49,17.95,18.33,21169900,,
2019-02-08,18.03,18.45,17.98,18.39,7981400,,
2019-02-11,18.48,19.06,18.36,19.05,9159200,,
2019-02-12,19.30,19.56,19.23,19.40,16531300,,
2019-02-13,19.53,19.71,19.24,19.29,11681900,,
2019-02-14,19.20,19.42,19.14,19.19,9543200,,
2019-02-15,19.37,19.37,18.76,18.83,12616000,,
2019-02-19,19.05,19.44,18.92,19.31,12043700,,
2019-02-20,19.32,19.93,19.27,19.80,12252200,,
2019-02-21,19.72,19.80,19.51,19.61,6174200,,
2019-02-22,19.75,19.89,19.56,19.65,7373500,,
2019-02-25,20.00,20.05,19.68,19.70,10597700,,
2019-02-26,19.64,19.95,19.57,19.88,11545200,,
2019-02-27,19.77,19.86,19.57,19.71,6274200,,
2019-02-28,19.58,20.28,19.57,19.95,12913900,,
2019-03-01,20.09,20.18,19.61,20.03,10151900,,
2019-03-04,20.18,20.37,19.84,20.14,11137000,,
2019-03-05,20.06,20.22,19.95,20.05,7351500,,
2019-03-06,20.05,20.11,19.60,19.60,10403300,,
2019-03-07,19.54,19.56,19.07,19.17,22402700,,
2019-03-08,18.65,18.82,18.08,18.68,21587800,,
2019-03-11,18.80,19.48,18.80,19.38,12695200,,
2019-03-12,19.44,19.98,19.33,19.79,13464300,,
2019-03-13,19.88,19.98,19.63,19.69,7603800,,
2019-03-14,19.66,19.81,19.36,19.41,5413100,,
2019-03-15,19.63,20.17,19.55,20.14,17341700,,
2019-03-18,20.09,20.15,19.67,19.95,7853100,,
2019-03-19,20.04,20.43,20.01,20.23,9277900,,
2019-03-20,20.21,20.35,19.97,20.01,8250300,,
2019-03-21,20.06,20.98,20.00,20.79,12587900,,
2019-03-22,20.60,20.69,19.65,19.71,11485100,,
2019-03-25,19.62,19.88,19.41,19.73,6611100,,
2019-03-26,19.92,20.11,19.51,19.69,6956900,,
2019-03-27,19.98,20.09,19.65,19.82,11039200,,
2019-03-28,19.92,20.07,19.39,19.42,12323400,,
2019-03-29,19.59,19.99,19.58,19.89,16222400,,
2019-04-01,20.12,20.31,20.01,20.25,10548700,,
2019-04-02,20.14,20.29,19.95,20.18,10597700,0.06,
2019-04-03,20.48,20.88,20.39,20.63,18321300,,
2019-04-04,20.59,21.09,20.55,20.97,18746700,,
2019-04-05,20.99,21.36,20.81,21.30,15739600,,
2019-04-08,21.14,21.51,21.10,21.44,12445200,,
2019-04-09,21.32,21.72,21.27,21.71,14212700,,
2019-04-10,21.72,22.38,21.60,22.34,23482000,,
2019-04-11,22.35,22.64,22.09,22.64,13546000,,
2019-04-12,22.97,23.93,22.90,23.74,27099500,,
2019-04-15,23.84,24.11,23.54,23.71,22394000,,
2019-04-16,23.83,24.19,23.68,24.01,19847800,,
2019-04-17,24.45,25.41,24.35,24.87,25140300,,
2019-04-18,24.91,25.24,24.77,24.85,14936700,,
2019-04-22,24.70,24.98,24.52,24.84,9349400,,
2019-04-23,24.85,25.20,24.75,25.12,11051200,,
2019-04-24,25.32,25.74,25.25,25.47,15549900,,
2019-04-25,25.42,25.53,25.02,25.40,13981700,,
2019-04-26,24.89,25.13,24.75,25.06,18043000,,
2019-04-29,25.05,25.35,24.80,25.14,9213800,,
2019-04-30,25.02,25.33,24.86,25.02,16850200,,
2019-05-01,25.16,25.33,24.66,24.68,9213600,,
2019-05-02,24.64,24.99,24.45,24.71,8839100,,
2019-05-03,24.81,24.92,24.41,24.69,8489100,,
2019-05-06,23.63,24.49,23.55,24.43,8585500,,
2019-05-07,24.20,24.38,23.48,23.85,14175000,,
2019-05-08,23.71,24.13,23.67,23.86,7784400,,
2019-05-09,23.56,23.56,22.84,23.40,9471000,,
2019-05-10,23.36,23.70,22.92,23.51,7448600,,
2019-05-13,22.92,22.98,22.03,22.14,14438800,,
2019-05-14,22.49,22.96,22.32,22.89,10021200,,
2019-05-15,22.50,23.26,22.45,23.10,7282300,,
2019-05-16,22.61,23.28,22.35,23.10,9764700,,
2019-05-17,22.61,23.46,22.52,22.62,11575700,,
2019-05-20,22.06,22.33,21.57,21.74,17319300,,
2019-05-21,22.32,22.62,21.93,22.40,15333800,,
2019-05-22,22.12,22.63,22.02,22.60,10739400,,
2019-05-23,22.28,22.33,21.77,22.12,9991500,,
2019-05-24,22.20,22.41,21.91,21.92,4942700,,
2019-05-28,21.95,22.08,21.30,21.34,12785400,,
2019-05-29,22.02,22.21,21.53,22.02,14232200,,
2019-05-30,22.10,22.68,22.07,22.19,12816600,,
2019-05-31,22.26,22.64,21.79,22.30,19941300,,
2019-06-03,22.29,22.85,22.22,22.35,10711000,,
2019-06-04,22.70,23.46,22.49,23.42,15107700,,
2019-06-05,23.58,23.90,22.85,23.17,10973900,,
2019-06-06,23.29,23.74,23.07,23.69,8467200,,
2019-06-07,23.85,24.18,23.56,24.05,12180400,,
2019-06-10,24.17,24.85,24.14,24.45,14926700,,
2019-06-11,24.91,25.07,24.33,24.67,11312700,,
2019-06-12,24.48,24.56,23.90,24.06,7899700,,
2019-06-13,24.39,24.47,24.18,24.26,8078600,,
2019-06-14,23.62,24.00,23.43,23.83,5691300,,
2019-06-17,23.77,24.02,23.63,23.72,5066400,,
2019-06-18,23.97,24.60,23.92,24.55,8869000,,
2019-06-19,24.55,24.69,24.24,24.31,5964200,,
2019-06-20,24.87,24.92,24.04,24.12,8621500,,
2019-06-21,24.00,24.14,23.73,23.97,11021400,,
2019-06-24,23.92,24.14,23.75,23.78,6229800,,
2019-06-25,23.78,23.99,23.40,23.41,6013700,,
2019-06-26,23.82,24.20,23.67,23.71,10674000,,
2019-06-27,23.98,24.35,23.82,23.89,6706200,,
2019-06-28,24.13,24.24,23.75,23.87,14472400,,
2019-07-01,24.94,24.98,24.00,24.27,14277800,,
2019-07-02,24.23,24.24,23.94,24.03,6300500,,
2019-07-03,24.45,24.65,24.12,24.57,7971000,,
2019-07-05,24.46,24.53,24.05,24.30,5074000,,
2019-07-08,24.05,24.25,23.89,24.14,4879600,,
2019-07-09,24.01,24.67,24.00,24.56,6013300,,
2019-07-10,24.87,25.29,24.75,25.10,7479500,,
2019-07-11,25.11,25.15,24.71,24.89,6004300,0.06,
2019-07-12,24.99,25.41,24.92,25.40,5473500,,
2019-07-15,25.55,26.18,25.55,26.01,9393100,,
2019-07-16,25.99,26.14,25.59,25.73,6720000,,
2019-07-17,26.01,26.28,25.69,26.10,10488500,,
2019-07-18,26.09,26.65,26.05,26.39,9968900,,
2019-07-19,26.60,26.61,25.85,25.92,7402000,,
2019-07-22,25.60,26.03,25.54,25.85,7107900,,
2019-07-23,26.09,26.52,25.98,26.50,6782400,,
2019-07-24,26.50,27.28,26.41,27.17,15198100,,
2019-07-25,26.95,27.39,26.80,27.21,15639200,,
2019-07-26,27.45,27.64,27.26,27.33,7531500,,
2019-07-29,27.33,27.41,27.01,27.28,4842600,,
2019-07-30,27.00,27.08,26.68,26.87,7175400,,
2019-07-31,26.90,27.01,26.01,26.26,9769100,,
2019-08-01,26.36,26.79,25.29,25.65,11023000,,
2019-08-02,25.18,25.45,24.89,25.03,8322000,,
2019-08-05,24.44,24.50,23.69,23.95,10797900,,
2019-08-06,24.45,24.73,24.06,24.27,10110300,,
2019-08-07,24.02,24.81,23.96,24.70,10635900,,
2019-08-08,25.02,25.37,24.69,25.36,9301900,,
2019-08-09,25.07,25.28,24.71,24.72,7308600,,
2019-08-12,24.59,24.84,23.81,23.92,10196000,,
2019-08-13,23.88,25.35,23.79,25.14,11852600,,
2019-08-14,24.48,24.85,24.28,24.70,5921800,,
2019-08-15,24.95,25.03,24.02,24.08,8571000,,
2019-08-16,24.45,25.13,24.42,24.94,5817500,,
2019-08-19,25.58,25.69,25.13,25.17,4654800,,
2019-08-20,25.17,25.21,24.89,24.92,3621400,,
2019-08-21,25.20,25.25,24.70,24.82,9520100,,
2019-08-22,25.06,25.11,24.61,24.80,6231600,,
2019-08-23,24.55,24.95,23.63,23.78,8097000,,
2019-08-26,23.99,24.17,23.52,23.60,7864800,,
2019-08-27,23.94,23.94,23.18,23.51,9612200,,
2019-08-28,23.46,23.63,23.22,23.58,7777800,,
2019-08-29,24.03,24.53,23.92,24.20,9722300,,
2019-08-30,24.10,24.87,23.55,23.97,16596400,,
2019-09-03,23.67,23.84,23.22,23.29,10935700,,
2019-09-04,23.53,24.13,23.53,24.03,9810400,,
2019-09-05,24.52,25.06,24.52,24.87,9064300,,
2019-09-06,24.98,25.06,24.64,24.86,7003900,,
2019-09-09,24.99,25.18,24.76,25.00,6396700,,
2019-09-10,25.01,25.01,24.52,24.81,6631100,,
2019-09-11,24.94,26.10,24.86,25.99,8264000,,
2019-09-12,26.16,26.53,25.88,25.97,8367300,,
2019-09-13,26.01,26.10,25.83,25.86,4544200,,
2019-09-16,25.74,25.75,25.32,25.40,7503800,,
2019-09-17,25.25,25.89,25.19,25.85,6973200,,
2019-09-18,25.93,25.95,25.28,25.62,6205300,,
2019-09-19,25.71,25.98,25.55,25.61,5126800,,
2019-09-20,25.64,25.71,24.72,24.84,11175500,,
2019-09-23,24.81,25.25,24.79,25.04,5793300,,
2019-09-24,25.20,25.26,24.14,24.31,8556500,,
2019-09-25,24.37,24.99,24.18,24.92,8411400,,
2019-09-26,24.93,25.13,24.55,24.99,5347900,,
2019-09-27,24.88,25.21,24.52,24.76,4192100,,
2019-09-30,24.98,25.01,24.59,24.97,5087700,,
2019-10-01,25.15,25.27,23.82,24.00,10818000,,
2019-10-02,23.75,24.11,23.51,23.99,8551600,,
2019-10-03,24.03,24.25,23.69,23.91,11445800,,
2019-10-04,24.46,24.50,24.17,24.44,7506900,,
2019-10-07,24.40,24.75,24.40,24.52,6130700,,
2019-10-08,24.19,24.29,22.94,22.95,11466400,,
2019-10-09,23.23,23.62,23.06,23.30,5273400,0.06,
2019-10-10,23.38,23.71,23.12,23.29,6683100,,
2019-10-11,23.76,24.30,23.74,24.04,6753000,,
2019-10-14,24.00,24.09,23.77,24.05,3563000,,
2019-10-15,24.22,24.58,24.07,24.40,3711200,,
2019-10-16,24.30,24.44,23.76,23.78,4189500,,
2019-10-17,24.10,24.19,23.57,23.63,6905700,,
2019-10-18,23.58,23.73,23.21,23.68,5877200,,
2019-10-21,24.00,24.08,23.71,24.02,3657000,,
2019-10-22,24.13,24.18,23.80,24.10,7211500,,
2019-10-23,23.82,23.93,23.30,23.34,5883000,,
2019-10-24,23.76,24.44,23.73,24.40,8473700,,
2019-10-25,24.50,24.96,24.33,24.75,5645600,,
2019-10-28,25.19,25.29,25.02,25.15,4754800,,
2019-10-29,25.12,25.34,24.66,24.71,4758700,,
2019-10-30,24.73,24.88,24.25,24.40,4731100,,
2019-10-31,24.40,24.50,23.91,24.39,4440300,,
2019-11-01,24.55,25.35,24.38,25.14,6331800,,
2019-11-04,26.33,26.82,25.92,26.80,10065600,,
2019-11-05,26.99,27.47,26.81,27.04,8704800,,
2019-11-06,26.96,27.05,26.45,26.66,4833900,,
2019-11-07,27.08,27.18,26.73,26.88,4166400,,
2019-11-08,27.10,27.15,26.55,27.07,6350800,,
2019-11-11,27.00,27.10,26.73,26.95,3843400,,
2019-11-12,27.27,28.38,27.25,28.07,15682300,,
2019-11-13,27.78,28.37,27.63,28.11,8647400,,
2019-11-14,27.68,27.68,26.69,26.99,13231600,,
2019-11-15,27.36,27.44,26.82,26.86,7504200,,
2019-11-18,26.90,26.97,26.09,26.12,10848000,,
2019-11-19,26.15,26.49,25.76,26.36,7040200,,
2019-11-20,26.19,26.70,25.92,26.39,5500700,,
2019-11-21,26.23,26.53,25.99,26.14,4586800,,
2019-11-22,26.30,26.40,25.92,25.99,3543800,,
2019-11-25,26.28,26.88,26.18,26.68,6137900,,
2019-11-26,26.57,26.66,26.17,26.51,9175100,,
2019-11-27,26.68,26.88,26.62,26.68,3655500,,
2019-11-29,26.67,26.67,26.33,26.37,3318800,,
2019-12-02,26.44,26.45,25.78,25.81,7099500,,
2019-12-03,24.94,25.38,24.52,25.16,11868000,,
2019-12-04,24.65,24.89,23.70,23.92,26761300,,
2019-12-05,24.03,24.20,23.39,23.45,11018900,,
2019-12-06,23.91,24.37,23.70,24.17,10506200,,
2019-12-09,24.04,24.11,23.46,23.52,8961900,,
2019-12-10,23.73,24.09,23.57,23.68,8198700,,
2019-12-11,24.00,24.85,23.88,24.78,11807400,,
2019-12-12,24.84,25.75,24.84,25.63,12093800,,
2019-12-13,25.72,26.39,25.57,25.72,11553900,,
2019-12-16,26.13,26.24,25.75,25.93,7850500,,
2019-12-17,26.13,26.13,25.61,25.77,7206500,,
2019-12-18,25.87,25.95,25.49,25.58,7694000,,
2019-12-19,25.70,26.10,25.65,26.05,7764600,,
2019-12-20,26.22,26.25,25.75,25.96,8702700,,
2019-12-23,26.08,26.69,26.08,26.50,6327500,,
2019-12-24,26.60,26.61,26.26,26.55,3475700,0.06,
2019-12-26,26.60,26.95,26.51,26.93,4382900,,
2019-12-27,27.03,27.10,26.63,26.69,5141400,,
2019-12-30,26.60,26.68,26.15,26.41,5835100,,
2019-12-31,26.29,26.62,26.24,26.56,3870700,,
2020-01-02,27.00,27.39,26.82,27.38,6503200,,
2020-01-03,26.61,27.06,26.47,26.67,9732300,,
2020-01-06,26.29,26.30,25.59,25.68,10432100,,
2020-01-07,25.87,26.39,25.79,26.25,7493800,,
2020-01-08,26.24,26.43,25.91,26.05,7860800,,
2020-01-09,26.47,26.47,25.87,26.10,8521300,,
2020-01-10,26.20,26.60,26.04,26.50,7200900,,
2020-01-13,26.73,27.54,26.65,27.52,11619100,,
2020-01-14,27.61,27.92,27.31,27.51,11438200,,
2020-01-15,27.35,27.39,26.62,26.72,11387900,,
2020-01-16,27.12,28.36,27.08,28.25,23666400,,
2020-01-17,28.50,28.86,28.24,28.49,11551200,,
2020-01-21,28.19,28.30,27.23,27.51,16252500,,
2020-01-22,27.68,28.14,27.61,27.78,7084300,,
2020-01-23,27.81,28.04,27.39,28.02,6735100,,
2020-01-24,28.31,28.34,26.96,27.31,7317200,,
2020-01-27,26.26,26.41,25.84,25.87,8398100,,
2020-01-28,26.19,26.60,26.06,26.33,6130600,,
2020-01-29,26.11,26.19,25.04,25.09,17658200,,
2020-01-30,24.92,25.22,24.17,24.80,17019000,,
2020-01-31,24.79,24.79,23.91,24.04,10871000,,
2020-02-03,24.31,24.50,24.11,24.21,9256100,,
2020-02-04,24.85,25.18,24.51,24.76,10544100,,
2020-02-05,25.33,26.05,25.02,25.84,10777700,,
2020-02-06,25.90,26.00,25.47,25.75,4263900,,
2020-02-07,24.23,24.46,23.86,24.02,20910400,,
2020-02-10,23.78,24.15,23.46,24.15,13403400,,
2020-02-11,24.61,25.78,24.59,25.50,19616800,,
2020-02-12,25.64,25.79,25.25,25.48,9362400,,
2020-02-13,25.12,25.52,24.78,25.22,6782600,,
2020-02-14,25.35,25.49,24.75,25.12,5264500,,
2020-02-18,24.71,24.97,24.56,24.79,6081400,,
2020-02-19,25.14,25.52,25.03,25.21,6274800,,
2020-02-20,25.16,25.49,24.74,25.13,5778000,,
2020-02-21,24.97,24.98,24.23,24.43,6709900,,
2020-02-24,22.93,23.42,22.47,22.96,13623000,,
2020-02-25,23.36,23.45,22.55,22.65,12658300,,
2020-02-26,22.82,23.35,22.18,22.36,11222100,,
2020-02-27,21.61,21.71,20.54,20.55,20046800,,
2020-02-28,19.59,21.34,19.50,21.30,23321800,,
2020-03-02,21.60,22.00,20.79,21.96,13312400,,
2020-03-03,22.12,22.72,21.26,21.30,12016700,,
2020-03-04,21.78,22.60,21.72,22.59,10687000,,
2020-03-05,24.45,25.80,24.33,24.93,30864700,,
2020-03-06,24.51,24.67,23.28,24.09,14684700,,
2020-03-09,22.15,23.52,22.00,22.22,13199100,,
2020-03-10,23.12,23.22,22.25,23.21,14173500,,
2020-03-11,22.69,22.91,21.84,22.01,10320600,,
2020-03-12,20.50,21.29,19.53,19.56,13800400,,
2020-03-13,20.84,21.00,18.95,20.78,12543800,,
2020-03-16,18.62,19.21,17.72,17.74,9805500,,
2020-03-17,18.13,19.15,17.18,18.82,11453700,,
2020-03-18,17.31,18.52,16.45,17.25,10930700,,
2020-03-19,17.33,19.52,16.89,18.84,10526400,,
2020-03-20,19.06,19.83,18.43,18.67,12976100,,
2020-03-23,18.70,19.11,17.82,18.96,9422000,,
2020-03-24,20.20,22.06,20.13,21.86,13566500,,
2020-03-25,22.01,23.10,21.45,21.60,11585600,,
2020-03-26,22.03,23.24,21.52,23.18,9346200,,
2020-03-27,22.45,23.16,21.89,22.35,10962300,,
2020-03-30,22.67,23.05,22.20,22.70,7438200,,
2020-03-31,22.65,23.58,22.23,22.63,14404300,,
2020-04-01,21.80,22.66,21.38,21.64,8253400,,
2020-04-02,21.29,22.83,21.29,22.65,9597300,0.06,
2020-04-03,22.45,22.88,22.15,22.43,7963400,,
2020-04-06,23.43,23.99,22.95,23.84,10362600,,
2020-04-07,24.50,24.69,23.54,23.87,8847000,,
2020-04-08,24.20,24.82,23.86,24.74,6998100,,
2020-04-09,25.09,25.29,23.88,24.28,9993500,,
2020-04-13,24.38,24.51,24.05,24.51,6679400,,
2020-04-14,25.10,25.70,24.85,25.53,9367900,,
2020-04-15,25.31,25.34,24.81,25.15,8106700,,
2020-04-16,25.25,25.87,24.86,25.79,12789200,,
2020-04-17,26.33,26.60,25.70,25.96,4888400,,
2020-04-20,25.65,26.62,25.44,26.23,9800600,,
2020-04-21,25.91,26.13,24.86,25.28,10118700,,
2020-04-22,26.25,26.67,25.85,26.65,9736700,,
2020-04-23,26.50,26.99,26.22,26.42,9032300,,
2020-04-24,26.47,27.20,26.13,27.13,8053800,,
2020-04-27,27.55,28.06,27.17,27.43,10696000,,
2020-04-28,27.93,27.95,26.82,26.88,10343200,,
2020-04-29,27.30,27.96,27.21,27.75,9784600,,
2020-04-30,27.63,27.64,26.73,26.74,7945800,,
2020-05-01,26.06,26.37,25.14,25.43,11143200,,
2020-05-04,25.07,25.72,25.03,25.70,6958500,,
2020-05-05,26.24,26.55,25.99,26.27,7724900,,
2020-05-06,26.69,27.18,26.57,26.60,7844100,,
2020-05-07,26.90,27.01,26.24,26.44,7495900,,
2020-05-08,26.41,27.00,26.41,26.85,9201400,,
2020-05-11,26.54,26.74,26.17,26.34,9062000,,
2020-05-12,26.65,26.84,26.01,26.05,9157700,,
2020-05-13,26.25,26.42,25.41,25.78,8089500,,
2020-05-14,25.48,26.34,24.98,26.28,7684800,,
2020-05-15,25.63,26.42,25.44,26.34,5851900,,
2020-05-18,26.80,27.76,26.80,27.58,8690000,,
2020-05-19,27.75,28.33,27.35,27.37,7419500,,
2020-05-20,28.02,29.17,27.93,28.96,12493300,,
2020-05-21,28.82,29.52,28.82,29.10,11254900,,
2020-05-22,29.23,30.19,28.89,30.13,9105500,,
2020-05-26,31.92,32.00,30.29,30.40,14322700,,
2020-05-27,30.53,30.93,29.25,30.70,13027900,,
2020-05-28,30.53,31.08,29.69,29.97,16462000,,
2020-05-29,32.57,32.96,31.47,32.62,22872100,,
2020-06-01,32.35,33.16,31.95,32.98,12065200,,
2020-06-02,33.01,34.67,32.91,34.61,16181400,,
2020-06-03,35.25,36.88,35.23,35.96,21611600,,
2020-06-04,35.70,36.92,35.33,35.89,10832300,,
2020-06-05,36.34,36.74,35.76,35.89,9852800,,
2020-06-08,35.34,35.79,34.83,34.95,12326500,,
2020-06-09,34.36,35.62,34.25,35.17,9777100,,
2020-06-10,35.48,35.69,35.02,35.06,7960700,,
2020-06-11,33.98,34.51,33.24,33.32,9151500,,
2020-06-12,34.48,34.60,33.11,33.73,7836200,,
2020-06-15,33.00,34.48,32.67,34.39,7885300,,
2020-06-16,35.76,35.79,34.02,34.74,8473400,,
2020-06-17,34.92,35.47,34.82,34.98,5785200,,
2020-06-18,35.20,35.20,34.31,34.49,6677300,,
2020-06-19,34.93,34.95,33.92,33.98,11803400,,
2020-06-22,34.13,34.89,33.77,34.71,8879700,,
2020-06-23,35.22,35.22,34.34,34.36,5971000,,
2020-06-24,34.09,34.53,33.56,33.63,5454200,,
2020-06-25,33.56,33.89,32.96,33.87,4459800,,
2020-06-26,33.95,34.11,33.05,33.23,8854000,,
2020-06-29,33.19,33.79,32.64,33.56,8120000,,
2020-06-30,33.62,35.14,33.62,35.06,8157600,,
2020-07-01,35.00,35.02,34.29,34.37,6006200,,
2020-07-02,34.83,35.39,34.68,35.02,6105300,,
2020-07-06,35.82,36.47,35.63,36.16,9304900,,
2020-07-07,36.16,36.33,35.41,35.44,6335300,,
2020-07-08,35.92,37.60,35.69,37.58,14213500,,
2020-07-09,37.89,38.25,36.97,38.12,12380300,,
2020-07-10,38.43,38.48,37.71,38.31,6042900,0.06,
2020-07-13,39.05,39.40,36.62,36.67,10083200,,
2020-07-14,36.09,37.35,35.58,37.23,6579900,,
2020-07-15,36.80,37.50,36.13,37.05,5919000,,
2020-07-16,36.39,36.63,35.86,36.59,5983300,,
2020-07-17,36.65,36.99,36.45,36.52,4676000,,
2020-07-20,36.55,36.99,36.24,36.88,5860900,,
2020-07-21,37.21,37.28,35.93,36.32,8055500,,
2020-07-22,36.41,36.48,35.67,36.01,6401600,,
2020-07-23,36.13,36.29,34.98,35.33,5533000,,
2020-07-24,34.78,35.52,34.28,34.99,8198900,,
2020-07-27,35.28,35.86,35.17,35.58,5437200,,
2020-07-28,35.47,35.51,34.88,34.98,4902500,,
2020-07-29,35.42,35.42,34.76,35.11,4415400,,
2020-07-30,34.59,36.05,34.42,35.94,7244100,,
2020-07-31,36.47,36.64,35.89,36.47,7346500,,
2020-08-03,37.01,37.59,36.91,37.37,9005400,,
2020-08-04,37.44,37.58,36.89,37.50,5930900,,
2020-08-05,37.60,37.82,36.89,37.77,5850300,,
2020-08-06,37.36,37.36,36.22,36.63,8897400,,
2020-08-07,36.68,36.75,35.34,36.08,10194800,,
2020-08-10,36.10,36.25,35.23,35.35,7321800,,
2020-08-11,35.41,35.47,34.60,34.69,6101900,,
2020-08-12,34.87,35.71,34.87,35.28,4920100,,
2020-08-13,35.25,35.25,34.42,34.70,10355600,,
2020-08-14,34.67,34.77,33.34,33.57,12303300,,
2020-08-17,33.69,33.95,33.32,33.78,6544400,,
2020-08-18,33.99,34.15,33.31,33.38,4501500,,
2020-08-19,33.47,33.69,33.02,33.11,4597900,,
2020-08-20,32.88,32.98,32.53,32.79,5098200,,
2020-08-21,32.92,33.46,32.68,33.46,7007800,,
2020-08-24,34.36,34.73,33.89,34.72,10632100,,
2020-08-25,34.72,35.28,34.56,35.21,9390200,,
2020-08-26,35.47,35.83,35.13,35.61,6609600,,
2020-08-27,35.95,36.60,35.34,35.91,13501600,,
2020-08-28,36.75,38.38,36.00,38.25,17859800,,
2020-08-31,37.99,39.25,37.79,38.78,9145400,,
2020-09-01,38.94,40.21,38.87,39.19,10634500,,
2020-09-02,39.98,41.34,39.11,41.19,9767600,,
2020-09-03,39.80,39.99,37.86,38.32,11711000,,
2020-09-04,37.66,38.47,35.94,37.36,10050600,,
2020-09-08,36.76,38.56,36.50,37.55,9850000,,
2020-09-09,38.23,39.62,37.81,39.45,8619000,,
2020-09-10,39.97,40.50,38.34,38.51,5710900,,
2020-09-11,39.05,39.36,38.14,38.76,5417900,,
2020-09-14,39.49,39.83,39.11,39.22,6870600,,
2020-09-15,39.74,39.74,38.81,39.01,5907500,,
2020-09-16,39.01,39.29,38.02,38.08,8228500,,
2020-09-17,37.26,38.90,36.78,38.71,7074400,,
2020-09-18,39.03,39.12,37.95,38.49,8079400,,
2020-09-21,37.91,38.44,37.31,38.38,6343300,,
2020-09-22,38.69,38.87,37.69,38.86,6949100,,
2020-09-23,38.82,38.94,37.52,37.57,5164200,,
2020-09-24,37.06,38.58,37.00,37.90,5654900,,
2020-09-25,37.93,38.17,37.16,38.05,5833100,,
2020-09-28,38.51,40.04,38.50,39.89,7190600,,
2020-09-29,39.96,40.56,39.37,39.40,6715100,,
2020-09-30,39.15,39.98,38.78,39.70,6217600,,
2020-10-01,40.41,40.73,39.84,40.31,5971100,,
2020-10-02,39.49,40.44,39.30,39.77,6073200,,
2020-10-05,40.49,41.83,40.03,41.52,9814800,,
2020-10-06,42.00,43.12,41.69,42.08,9376500,,
2020-10-07,43.08,43.67,42.35,42.62,11121700,,
2020-10-08,43.18,43.72,42.50,42.75,10606500,0.06,
2020-10-09,43.83,44.94,43.39,44.70,10662100,,
2020-10-12,44.90,45.04,42.98,43.59,10054000,,
2020-10-13,43.88,44.24,43.30,43.78,5534100,,
2020-10-14,43.98,44.09,43.04,43.34,4878200,,
2020-10-15,42.67,43.15,42.54,42.95,5283200,,
2020-10-16,43.60,43.71,42.92,42.96,4421900,,
2020-10-19,43.41,43.62,41.78,41.85,7106200,,
2020-10-20,42.23,42.33,41.37,41.62,5165700,,
2020-10-21,41.56,41.77,40.34,40.40,7429900,,
2020-10-22,40.51,41.25,39.84,41.04,5874900,,
2020-10-23,41.21,41.47,40.48,41.43,5584400,,
2020-10-26,41.00,41.89,40.41,40.89,4549200,,
2020-10-27,41.19,41.80,40.84,41.47,5167500,,
2020-10-28,40.56,40.76,39.52,39.53,6818100,,
2020-10-29,36.08,39.70,35.30,38.21,41594500,,
2020-10-30,38.30,38.68,37.01,37.51,16166200,,
2020-11-02,37.90,37.91,36.51,36.89,11677500,,
2020-11-03,37.21,37.66,37.02,37.19,8469500,,
2020-11-04,37.80,39.49,37.37,39.16,12970200,,
2020-11-05,40.14,41.54,39.87,41.48,14071600,,
2020-11-06,41.42,45.82,40.99,45.13,23484600,,
2020-11-09,45.61,45.61,42.13,42.21,15189300,,
2020-11-10,41.88,42.07,39.41,40.32,13783500,,
2020-11-11,41.05,42.92,41.05,42.27,10999600,,
2020-11-12,42.17,42.45,41.29,41.60,7138300,,
2020-11-13,42.89,43.95,42.69,43.26,8808300,,
2020-11-16,43.50,43.82,42.68,43.31,7093100,,
2020-11-17,43.15,43.45,42.53,42.97,5166700,,
2020-11-18,42.81,43.62,42.73,43.09,5156800,,
2020-11-19,43.03,44.41,42.78,44.18,5294200,,
2020-11-20,44.29,44.82,43.94,43.96,5455200,,
2020-11-23,44.17,44.78,43.52,44.60,7397700,,
2020-11-24,44.95,45.01,43.78,44.84,5351700,,
2020-11-25,44.94,45.20,44.36,44.60,4790900,,
2020-11-27,44.87,45.58,44.82,45.11,2858700,,
2020-11-30,45.64,46.38,44.52,46.29,8465600,,
2020-12-01,46.90,47.21,46.21,46.64,8097300,,
2020-12-02,46.40,46.67,45.45,45.62,7879600,,
2020-12-03,45.81,45.98,45.01,45.52,13101400,,
2020-12-04,44.32,44.81,42.83,43.38,22513600,,
2020-12-07,43.43,44.21,43.14,44.14,8869700,,
2020-12-08,43.89,44.14,43.32,43.68,7294100,,
2020-12-09,43.80,44.33,42.42,42.56,7073700,,
2020-12-10,42.30,43.35,42.18,42.91,5680100,,
2020-12-11,42.96,43.33,42.10,42.94,6769000,,
2020-12-14,44.00,45.02,43.67,44.33,11486400,,
2020-12-15,45.00,45.43,44.52,45.16,7999600,,
2020-12-16,45.12,45.37,44.48,45.31,8355500,,
2020-12-17,45.96,47.24,45.79,47.10,10196000,,
2020-12-18,47.16,48.42,47.11,47.51,31269000,,
2020-12-21,46.99,47.69,46.43,47.25,8689800,,
2020-12-22,47.51,47.68,46.48,47.15,4369900,0.06,
2020-12-23,47.18,47.49,46.36,46.41,5697000,,
2020-12-24,46.73,47.10,46.26,47.05,3715900,,
2020-12-28,47.80,48.10,46.76,46.98,5321800,,
2020-12-29,47.34,47.41,45.64,46.23,5427000,,
2020-12-30,46.68,47.64,46.54,47.50,4277500,,
2020-12-31,47.45,47.79,47.06,47.54,4049500,,
2021-01-04,47.81,48.56,45.84,46.31,11418600,,
2021-01-05,46.05,47.61,46.01,47.61,5710100,,
2021-01-06,46.78,47.60,46.36,46.51,6516400,,
2021-01-07,47.45,49.13,47.25,49.02,9090400,,
2021-01-08,49.89,50.64,48.41,49.08,11093200,,
2021-01-11,48.75,50.55,48.43,50.24,9070700,,
2021-01-12,51.15,51.23,50.03,50.64,6391000,,
2021-01-13,50.61,50.71,49.43,50.24,5606800,,
2021-01-14,50.35,51.94,49.94,51.31,9325000,,
2021-01-15,51.47,51.70,50.27,50.77,7994500,,
2021-01-19,51.70,54.35,51.66,53.81,16424000,,
2021-01-20,55.19,55.70,53.98,54.08,11638400,,
2021-01-21,54.48,54.62,52.82,53.49,9322300,,
2021-01-22,52.95,53.37,52.58,52.62,6410500,,
2021-01-25,53.34,54.88,52.46,54.43,10775900,,
2021-01-26,54.90,54.94,53.20,54.00,8299300,,
2021-01-27,53.01,53.59,50.94,51.14,14169100,,
2021-01-28,51.57,53.06,51.41,52.18,9398000,,
2021-01-29,52.50,52.50,51.03,51.46,7818500,,
2021-02-01,52.06,53.06,51.61,52.87,6356500,,
2021-02-02,53.73,54.01,51.85,52.86,8708500,,
2021-02-03,52.87,52.99,50.73,51.11,10115100,,
2021-02-04,51.25,51.35,49.94,50.30,11072100,,
2021-02-05,50.69,50.69,49.58,50.05,9309000,,
2021-02-08,50.58,51.62,50.40,51.60,7499700,,
2021-02-09,51.24,51.79,51.01,51.25,6605700,,
2021-02-10,51.26,51.38,49.84,50.59,7117900,,
2021-02-11,51.20,52.24,50.83,52.11,8797900,,
2021-02-12,52.08,54.18,51.53,53.82,11378400,,
2021-02-16,54.50,54.56,52.58,52.94,7841800,,
2021-02-17,52.06,52.31,50.07,50.40,10323800,,
2021-02-18,49.98,50.99,49.25,50.47,11009500,,
2021-02-19,51.28,52.22,50.80,51.89,9959600,,
2021-02-22,51.16,51.40,49.48,49.69,13798700,,
2021-02-23,48.20,49.40,46.68,48.84,13210700,,
2021-02-24,48.59,49.28,47.45,49.26,12785300,,
2021-02-25,48.90,49.42,46.14,46.56,11476400,,
2021-02-26,47.35,48.59,46.62,48.28,11501100,,
2021-03-01,49.09,49.56,48.19,49.52,9344400,,
2021-03-02,49.81,49.88,47.78,47.83,9718200,,
2021-03-03,47.09,47.57,45.31,45.56,16898400,,
2021-03-04,43.06,43.59,39.89,40.10,33121300,,
2021-03-05,40.60,41.63,37.92,41.51,21673000,,
2021-03-08,42.36,42.92,39.97,40.06,18059900,,
2021-03-09,42.26,44.49,41.62,43.86,20324000,,
2021-03-10,44.64,44.89,42.73,42.84,21969000,,
2021-03-11,44.50,46.65,44.28,46.30,18895300,,
2021-03-12,44.91,47.47,44.91,47.16,16216900,,
2021-03-15,47.39,48.38,47.15,48.36,8371900,,
2021-03-16,48.73,49.19,47.58,47.96,9320700,,
2021-03-17,46.83,48.50,46.31,48.10,11421300,,
2021-03-18,47.40,47.43,45.48,45.55,9720000,,
2021-03-19,46.09,47.25,45.52,47.00,10172000,,
2021-03-22,47.81,48.56,47.31,47.67,7974100,,
2021-03-23,47.74,47.82,45.94,46.15,8492200,,
2021-03-24,46.93,47.44,45.18,45.25,18802100,,
2021-03-25,44.12,45.11,43.65,44.75,11073800,,
2021-03-26,44.55,47.07,44.42,46.97,10575400,,
2021-03-29,46.85,47.14,45.91,46.51,9303300,,
2021-03-30,46.34,47.53,45.92,47.33,8375500,,
2021-03-31,48.10,49.60,47.87,48.98,10221300,,
2021-04-01,49.70,50.00,48.78,49.66,11084700,,
2021-04-05,50.54,51.21,50.12,51.07,9557300,,
2021-04-06,50.59,51.22,50.11,50.85,9666300,,
2021-04-07,50.70,50.93,50.09,50.36,8130400,,
2021-04-08,51.00,51.49,49.91,50.38,7607500,0.06,
2021-04-09,49.64,50.16,49.30,49.60,7054400,,
2021-04-12,49.30,50.07,48.71,49.65,12191400,,
2021-04-13,49.73,49.98,48.14,48.75,7682400,,
2021-04-14,48.82,49.32,47.82,48.07,6456600,,
2021-04-15,48.60,49.01,48.16,48.78,6630100,,
2021-04-16,48.68,48.88,47.41,47.91,12939800,,
2021-04-19,47.44,47.82,46.09,46.65,9722500,,
2021-04-20,46.22,47.13,45.66,45.84,21600700,,
2021-04-21,45.62,47.51,45.23,47.48,9507500,,
2021-04-22,47.77,47.77,45.04,45.11,11112400,,
2021-04-23,45.40,46.47,45.26,46.10,10248300,,
2021-04-26,46.48,47.40,46.27,47.32,9994900,,
2021-04-27,47.46,47.74,45.83,45.93,9981500,,
2021-04-28,45.85,47.02,45.50,46.80,9650600,,
2021-04-29,47.30,47.47,46.18,47.26,5626100,,
2021-04-30,46.39,46.71,45.05,45.21,8806500,,
2021-05-03,45.48,45.54,44.12,44.31,7360100,,
2021-05-04,43.69,44.50,42.69,44.49,9914800,,
2021-05-05,44.86,45.63,44.39,44.79,6351600,,
2021-05-06,44.45,45.67,44.05,45.54,6760300,,
2021-05-07,45.90,46.58,45.51,45.96,5898000,,
2021-05-10,45.56,45.87,44.29,44.32,9008000,,
2021-05-11,42.68,44.58,42.07,44.22,8225500,,
2021-05-12,42.90,43.09,41.16,41.51,13437700,,
2021-05-13,42.03,42.84,40.79,41.60,9171800,,
2021-05-14,42.48,43.81,41.88,43.36,7757600,,
2021-05-17,42.92,43.31,42.22,42.81,8721100,,
2021-05-18,43.08,43.23,42.34,42.45,6353500,,
2021-05-19,41.46,44.83,41.25,44.51,13074100,,
2021-05-20,44.82,46.43,44.75,46.26,14275600,,
2021-05-21,46.78,46.78,45.91,46.22,7602600,,
2021-05-24,46.67,47.86,46.51,47.62,7961300,,
2021-05-25,47.97,48.43,47.52,48.03,8518100,,
2021-05-26,48.32,48.79,47.85,48.62,6634200,,
2021-05-27,48.30,48.67,47.86,48.36,6909800,,
2021-05-28,48.65,49.21,48.20,48.30,4168600,,
2021-06-01,48.74,48.95,47.57,47.75,5225100,,
2021-06-02,47.71,48.03,47.26,47.52,4922100,,
2021-06-03,47.00,47.90,46.77,47.18,6664500,,
2021-06-04,47.63,48.79,47.62,48.70,7265900,,
2021-06-07,48.91,48.92,48.13,48.27,10989200,,
2021-06-08,51.18,52.65,49.40,50.73,20539100,,
2021-06-09,50.55,51.30,50.12,50.35,8731600,,
2021-06-10,50.32,51.92,50.27,51.80,9481800,,
2021-06-11,51.65,52.11,51.22,52.10,7416200,,
2021-06-14,52.30,54.00,52.15,53.80,9430600,,
2021-06-15,53.69,53.88,53.10,53.59,7409000,,
2021-06-16,53.87,54.53,53.21,54.11,7507000,,
2021-06-17,53.85,55.41,53.81,55.12,8071500,,
2021-06-18,54.58,55.33,53.96,54.27,18784100,,
2021-06-21,54.30,55.34,53.70,54.82,6748800,,
2021-06-22,55.10,55.10,53.94,54.36,6423700,,
2021-06-23,54.23,54.84,54.23,54.53,3685700,,
2021-06-24,55.03,56.30,54.77,56.14,6387300,,
2021-06-25,56.30,56.54,55.86,56.30,9023000,,
2021-06-28,57.30,58.88,57.12,58.60,9568100,,
2021-06-29,58.55,58.95,57.84,58.76,5512000,,
2021-06-30,58.76,58.88,58.07,58.33,5265000,,
2021-07-01,57.97,57.98,56.79,57.39,6112900,,
2021-07-02,57.40,57.71,56.65,57.42,5436800,,
2021-07-06,57.96,57.99,56.81,57.50,5932200,,
2021-07-07,58.12,58.20,56.09,56.68,5527900,,
2021-07-08,55.25,56.64,55.00,56.27,6320300,0.06,
2021-07-09,56.38,57.32,55.84,57.00,4665200,,
2021-07-12,56.64,57.42,56.52,57.33,4069400,,
2021-07-13,57.09,57.49,56.51,56.77,4304700,,
2021-07-14,57.58,57.58,55.91,56.01,4629400,,
2021-07-15,56.49,57.06,55.35,55.70,6740100,,
2021-07-16,55.90,56.19,53.77,53.97,6684900,,
2021-07-19,53.35,54.96,52.79,54.80,7771900,,
2021-07-20,54.85,57.03,54.45,56.56,7876100,,
2021-07-21,56.61,58.38,56.24,58.33,5839600,,
2021-07-22,57.57,58.07,57.39,57.98,3278100,,
2021-07-23,58.45,59.27,57.81,58.92,4406500,,
2021-07-26,58.63,59.24,58.45,58.95,3516100,,
2021-07-27,58.96,58.96,56.48,57.98,6082400,,
2021-07-28,58.07,59.13,57.97,58.99,5229400,,
2021-07-29,59.15,60.39,59.10,60.31,5502200,,
2021-07-30,59.79,60.60,59.51,60.51,4456500,,
2021-08-02,61.00,61.48,60.40,60.57,4456100,,
2021-08-03,60.21,61.43,59.35,61.34,6253300,,
2021-08-04,61.55,62.62,61.35,61.89,8185200,,
2021-08-05,62.14,62.71,60.82,61.05,5947900,,
2021-08-06,60.49,61.06,60.38,60.54,3808500,,
2021-08-09,61.06,61.09,60.06,60.48,2497600,,
2021-08-10,60.69,60.87,58.54,59.75,3981600,,
2021-08-11,60.02,60.40,59.11,59.79,4029500,,
2021-08-12,59.00,60.99,58.61,59.86,6491400,,
2021-08-13,59.83,60.48,59.51,60.39,3155000,,
2021-08-16,60.13,60.25,58.70,59.16,5560900,,
2021-08-17,58.50,58.78,57.60,58.52,6497100,,
2021-08-18,58.13,59.10,57.77,57.84,3977400,,
2021-08-19,57.36,59.43,57.10,58.98,4973500,,
2021-08-20,58.84,59.91,58.76,59.85,4617700,,
2021-08-23,60.70,62.19,60.34,62.00,7325500,,
2021-08-24,62.29,62.83,61.93,62.55,5710800,,
2021-08-25,62.78,63.44,62.46,63.20,6336300,,
2021-08-26,63.50,64.07,62.83,63.24,6685700,,
2021-08-27,61.97,62.24,60.08,61.34,14782000,,
2021-08-30,61.57,63.07,61.48,61.96,6938200,,
2021-08-31,62.00,62.05,61.11,61.19,5267900,,
2021-09-01,61.62,61.70,60.60,60.72,4968300,,
2021-09-02,61.27,61.50,60.78,61.32,2777300,,
2021-09-03,61.27,62.20,61.10,61.51,2518000,,
2021-09-07,61.76,62.04,61.21,61.24,3020100,,
2021-09-08,60.87,61.34,59.90,60.37,3292600,,
2021-09-09,60.52,61.85,60.50,61.25,3304900,,
2021-09-10,61.92,62.60,61.12,61.17,4430200,,
2021-09-13,61.93,62.46,61.05,62.38,5246900,,
2021-09-14,62.60,63.03,61.86,62.30,3323700,,
2021-09-15,62.32,62.94,61.83,62.46,4436900,,
2021-09-16,61.92,63.33,61.63,63.25,4391500,,
2021-09-17,63.14,63.14,61.74,62.10,11428300,,
2021-09-20,60.80,61.24,59.39,60.68,7158700,,
2021-09-21,61.05,61.49,60.17,61.03,3468500,,
2021-09-22,61.50,62.86,61.27,62.67,3595700,,
2021-09-23,62.86,63.98,62.82,63.44,4530000,,
2021-09-24,63.00,63.95,62.63,63.61,2912400,,
2021-09-27,62.76,63.58,62.06,63.07,4097500,,
2021-09-28,61.42,61.89,60.67,60.75,6982100,,
2021-09-29,61.08,61.82,60.08,60.15,4583700,,
2021-09-30,60.46,61.64,60.24,60.31,4970000,,
2021-10-01,60.80,60.87,58.35,59.83,6822700,,
2021-10-04,59.45,59.47,56.86,57.59,6955500,,
2021-10-05,58.38,60.06,58.26,59.39,7195800,,
2021-10-06,58.68,64.27,58.52,63.75,16659300,,
2021-10-07,65.00,67.19,64.51,65.15,15222500,0.06,
2021-10-08,65.44,65.60,64.32,64.62,5665700,,
2021-10-11,64.26,64.87,63.39,63.44,4063400,,
2021-10-12,64.44,64.53,62.50,63.59,6357800,,
2021-10-13,64.34,64.70,63.20,63.42,6696100,,
2021-10-14,64.91,66.14,64.52,65.29,8489200,,
2021-10-15,65.90,66.28,65.26,65.65,5971300,,
2021-10-18,65.32,67.22,65.02,67.17,5342300,,
2021-10-19,67.35,68.12,66.62,67.85,7367500,,
2021-10-20,67.68,68.00,66.65,67.19,3979700,,
2021-10-21,66.58,67.11,65.94,67.07,5297600,,
2021-10-22,67.50,67.70,65.87,66.31,5228000,,
2021-10-25,66.70,67.98,66.38,67.67,4999700,,
2021-10-26,68.68,69.09,67.67,67.73,6211600,,
2021-10-27,67.50,68.55,67.15,67.70,4912000,,
2021-10-28,68.15,68.59,67.64,68.48,3526800,,
2021-10-29,67.88,68.88,67.75,68.50,5436700,,
2021-11-01,68.67,68.97,67.77,68.96,6106600,,
2021-11-02,69.00,71.40,68.91,69.91,7087800,,
2021-11-03,69.66,69.71,68.81,69.25,4134800,,
2021-11-04,69.81,71.63,68.84,71.54,8692300,,
2021-11-05,72.00,72.92,71.30,71.86,6343900,,
2021-11-08,72.15,73.76,71.79,73.00,6823700,,
2021-11-09,73.74,74.06,72.18,72.94,4937900,,
2021-11-10,71.96,73.25,70.63,70.97,6471400,,
2021-11-11,71.58,73.52,71.56,73.42,5485300,,
2021-11-12,73.82,74.49,72.59,73.48,5454900,,
2021-11-15,73.56,73.66,71.53,72.92,4021200,,
2021-11-16,72.68,74.10,71.94,73.82,5087200,,
2021-11-17,73.88,74.33,73.14,73.64,4145700,,
2021-11-18,74.70,75.25,74.20,75.15,5796100,,
2021-11-19,75.13,75.79,74.35,74.58,5458300,,
2021-11-22,75.10,76.12,72.44,72.75,8644300,,
2021-11-23,73.03,74.00,71.27,73.22,5790300,,
2021-11-24,72.47,74.00,71.80,73.86,4826000,,
2021-11-26,72.70,74.14,71.53,71.99,4596000,,
2021-11-29,73.36,75.29,73.00,75.02,9161400,,
2021-11-30,74.84,75.14,70.80,71.17,13173200,,
2021-12-01,72.75,75.02,70.83,70.95,8805800,,
2021-12-02,70.34,72.16,69.30,71.03,10772600,,
2021-12-03,85.89,88.49,80.47,83.59,51023700,,
2021-12-06,83.51,86.37,80.37,85.43,15634400,,
2021-12-07,87.46,92.40,86.89,91.51,21126700,,
2021-12-08,90.77,93.85,89.40,91.29,14554700,,
2021-12-09,90.66,92.79,89.67,90.03,11836000,,
2021-12-10,91.33,92.28,88.22,89.02,9660000,,
2021-12-13,89.44,89.82,86.49,86.59,7371500,,
2021-12-14,84.89,86.63,84.36,85.29,8596000,,
2021-12-15,85.43,88.84,84.00,88.37,14422000,,
2021-12-16,89.59,89.88,82.63,83.59,17014800,,
2021-12-17,82.00,85.37,81.58,84.03,16185600,,
2021-12-20,82.73,84.54,82.50,84.17,9546800,,
2021-12-21,86.64,87.29,84.46,86.30,10103700,,
2021-12-22,86.19,88.40,85.47,88.29,9516400,,
2021-12-23,88.24,89.52,87.45,87.68,8016500,,
2021-12-27,88.00,91.18,87.80,90.81,7116000,,
2021-12-28,90.98,91.06,87.76,87.99,5798700,,
2021-12-29,88.07,88.97,87.71,88.54,3583000,,
2021-12-30,88.54,88.99,87.23,87.44,4303100,,
2021-12-31,87.59,88.54,87.45,87.49,3611600,,
2022-01-03,87.95,90.05,87.82,89.43,6813000,,
2022-01-04,90.28,91.78,86.41,88.37,11874900,,
2022-01-05,87.04,89.69,83.99,84.12,11010500,,
2022-01-06,82.71,86.27,82.00,85.53,9697100,0.06,
2022-01-07,85.47,85.87,82.59,83.11,10289300,,
2022-01-10,81.11,82.33,77.39,82.21,16685000,,
2022-01-11,81.18,86.42,80.80,86.23,15358700,,
2022-01-12,86.69,87.42,84.40,84.94,9308700,,
2022-01-13,85.91,86.65,78.50,78.65,13860600,,
2022-01-14,77.82,83.13,77.82,83.00,14780100,,
2022-01-18,80.30,81.54,77.42,77.67,12375000,,
2022-01-19,78.34,79.33,75.77,76.89,12153300,,
2022-01-20,77.34,78.65,73.73,73.80,10401200,,
2022-01-21,72.91,76.13,72.20,72.55,14820400,,
2022-01-24,71.06,72.22,66.97,72.09,22085000,,
2022-01-25,69.59,70.26,66.95,67.02,17846800,,
2022-01-26,70.01,72.20,66.93,67.66,19451800,,
2022-01-27,69.36,70.25,64.72,64.89,13587900,,
2022-01-28,64.89,66.34,62.55,66.32,11456300,,
2022-01-31,66.89,71.44,66.88,71.40,12501700,,
2022-02-01,72.23,72.62,69.29,72.42,10089300,,
2022-02-02,74.11,75.13,71.86,74.08,11005500,,
2022-02-03,71.02,72.54,68.34,68.63,11944300,,
2022-02-04,68.77,71.94,68.66,71.10,7967100,,
2022-02-07,71.28,73.21,71.09,71.57,6969200,,
2022-02-08,71.12,76.76,71.11,76.50,13362600,,
2022-02-09,77.65,77.96,75.28,77.74,10748200,,
2022-02-10,74.89,78.19,73.18,73.84,12088800,,
2022-02-11,73.50,74.84,67.49,67.99,13642800,,
2022-02-14,68.08,69.89,66.62,67.75,12249900,,
2022-02-15,70.18,74.26,69.83,74.17,12663300,,
2022-02-16,72.58,72.83,70.57,72.10,7442300,,
2022-02-17,70.40,71.00,67.17,67.55,12107800,,
2022-02-18,68.19,69.05,66.26,67.34,9049100,,
2022-02-22,66.48,68.87,65.67,66.70,7596000,,
2022-02-23,67.53,68.77,64.67,64.82,9648200,,
2022-02-24,61.40,68.08,60.96,67.79,13272100,,
2022-02-25,67.86,69.32,66.30,68.75,8691700,,
2022-02-28,68.00,69.43,66.23,68.33,12495100,,
2022-03-01,68.47,68.54,64.14,64.95,12371200,,
2022-03-02,66.37,68.50,65.29,67.67,10682300,,
2022-03-03,68.33,68.90,64.69,65.20,18563500,,
2022-03-04,63.68,68.48,62.35,63.41,25845200,,
2022-03-07,64.96,66.59,60.97,61.17,17201600,,
2022-03-08,61.17,68.14,60.79,64.51,14892100,,
2022-03-09,66.32,67.28,65.00,66.55,10367600,,
2022-03-10,65.25,66.67,64.37,65.25,7693800,,
2022-03-11,65.97,66.52,62.94,63.09,6972000,,
2022-03-14,62.88,63.34,58.84,60.25,12496100,,
2022-03-15,61.30,65.97,60.93,65.78,12611200,,
2022-03-16,67.00,69.37,65.04,68.91,13280500,,
2022-03-17,67.92,69.48,66.91,69.41,7304200,,
2022-03-18,69.11,71.77,68.05,71.33,13982500,,
2022-03-21,70.66,71.72,69.10,70.71,7338200,,
2022-03-22,70.42,72.84,70.33,71.38,6645500,,
2022-03-23,70.43,72.02,68.85,68.94,6950300,,
2022-03-24,69.98,73.86,69.22,73.76,9556500,,
2022-03-25,73.72,74.86,73.01,74.37,10992600,,
2022-03-28,73.85,74.44,71.95,74.31,6988200,,
2022-03-29,75.92,76.59,74.30,76.16,7427200,,
2022-03-30,74.83,75.51,72.26,73.01,8727600,,
2022-03-31,73.31,73.80,71.60,71.71,8046700,,
2022-04-01,72.00,72.73,69.42,71.07,8033300,,
2022-04-04,71.56,73.00,70.73,72.96,9622300,,
2022-04-05,72.29,72.32,68.20,68.31,11140000,,
2022-04-06,66.77,67.73,64.94,66.50,14416500,,
2022-04-07,65.80,67.18,63.53,65.66,11019100,0.06,
2022-04-08,65.61,65.74,62.99,63.15,10191000,,
2022-04-11,61.81,62.37,60.47,60.73,12152000,,
2022-04-12,62.81,63.34,59.75,60.13,10070200,,
2022-04-13,60.78,63.75,60.09,63.30,9497400,,
2022-04-14,63.61,63.62,60.87,60.97,7542200,,
2022-04-18,60.61,62.47,60.15,61.73,5830700,,
2022-04-19,60.96,63.92,60.52,63.77,8055100,,
2022-04-20,64.50,65.13,62.48,62.94,6847500,,
2022-04-21,64.12,65.17,59.50,59.95,8136800,,
2022-04-22,59.80,60.52,58.32,58.44,8638100,,
2022-04-25,58.49,60.76,58.15,60.69,10497800,,
2022-04-26,59.90,60.43,57.85,57.95,10787300,,
2022-04-27,57.11,59.58,56.57,56.72,9750000,,
2022-04-28,58.34,61.88,57.16,61.06,11584600,,
2022-04-29,59.75,62.73,58.01,58.08,9138100,,
2022-05-02,58.11,60.09,57.38,60.07,8337300,,
2022-05-03,60.12,60.72,59.06,60.41,6329400,,
2022-05-04,60.76,63.11,57.78,62.91,11676300,,
2022-05-05,61.91,61.99,57.33,58.29,11948900,,
2022-05-06,58.03,60.51,55.61,57.75,11582300,,
2022-05-09,56.70,57.69,53.54,53.73,12399900,,
2022-05-10,55.42,56.55,52.81,55.13,11114200,,
2022-05-11,54.44,55.69,52.33,52.54,9426400,,
2022-05-12,51.38,53.66,50.41,52.39,12005800,,
2022-05-13,53.83,58.03,53.43,57.57,13265900,,
2022-05-16,57.15,57.35,55.00,55.23,9417900,,
2022-05-17,57.18,59.01,56.69,58.28,8401100,,
2022-05-18,57.37,59.10,54.69,55.01,10843400,,
2022-05-19,54.29,56.33,53.54,54.28,9730100,,
2022-05-20,55.86,55.91,51.05,54.07,13790100,,
2022-05-23,52.57,54.96,52.57,54.86,7554400,,
2022-05-24,53.35,53.58,51.56,52.40,10004900,,
2022-05-25,51.82,54.48,51.66,53.96,10589800,,
2022-05-26,53.25,57.23,53.15,56.99,16074500,,
2022-05-27,60.00,61.40,58.53,60.82,22143000,,
2022-05-31,60.58,61.00,58.47,59.15,14203200,,
2022-06-01,59.34,60.16,56.63,58.04,9731600,,
2022-06-02,57.17,61.50,57.17,61.43,10128900,,
2022-06-03,59.91,61.06,58.79,58.96,7900300,,
2022-06-06,60.61,61.18,59.37,59.74,5894900,,
2022-06-07,59.00,61.24,58.57,61.02,7182100,,
2022-06-08,60.21,61.07,58.74,59.35,6343700,,
2022-06-09,58.82,59.84,56.43,56.48,8386600,,
2022-06-10,55.22,55.56,52.92,53.07,12026100,,
2022-06-13,50.82,51.26,48.66,48.81,14442000,,
2022-06-14,49.50,49.84,47.62,48.52,9614100,,
2022-06-15,48.70,50.49,47.69,49.20,11363700,,
2022-06-16,47.39,47.63,44.33,45.04,14987600,,
2022-06-17,45.15,46.20,43.68,46.04,16001800,,
2022-06-21,46.90,48.38,46.76,47.03,8834600,,
2022-06-22,45.89,47.43,45.75,46.39,7504600,,
2022-06-23,47.11,47.14,45.19,46.26,7252400,,
2022-06-24,47.21,49.05,46.88,48.22,20042300,,
2022-06-27,49.03,49.17,47.37,47.65,6915200,,
2022-06-28,47.65,48.61,45.26,45.32,10323300,,
2022-06-29,44.60,44.63,43.27,44.32,8065300,,
2022-06-30,43.81,45.02,42.55,43.53,10010100,,
2022-07-01,42.77,43.55,41.75,42.55,8790100,,
2022-07-05,41.39,42.99,41.07,42.98,9794500,,
2022-07-06,42.78,44.45,42.50,43.82,8859000,,
2022-07-07,45.08,47.02,45.06,46.60,10838200,0.06,
2022-07-08,45.43,47.41,45.14,46.99,9130800,,
2022-07-11,45.88,46.38,45.01,45.20,5744500,,
2022-07-12,45.70,46.44,45.18,45.53,6897600,,
2022-07-13,44.59,46.63,44.15,46.14,6411700,,
2022-07-14,45.71,47.23,44.79,47.11,8595700,,
2022-07-15,47.78,48.33,46.98,48.22,7314800,,
2022-07-18,49.37,50.92,48.45,48.62,12622000,,
2022-07-19,49.61,52.34,49.52,52.08,14093900,,
2022-07-20,52.19,54.04,51.64,53.68,13315500,,
2022-07-21,53.76,54.72,52.66,54.57,7900200,,
2022-07-22,54.57,54.57,51.35,52.02,10205600,,
2022-07-25,51.60,51.78,49.75,50.71,7416600,,
2022-07-26,50.50,50.97,48.97,49.48,7512300,,
2022-07-27,51.25,53.58,50.71,52.99,11212300,,
2022-07-28,53.50,54.09,52.22,53.77,6719900,,
2022-07-29,53.63,55.76,53.22,55.68,9048700,,
2022-08-01,54.98,55.87,53.97,55.33,6959700,,
2022-08-02,54.57,56.90,54.51,55.71,5241600,,
2022-08-03,55.57,58.43,55.55,58.22,9974500,,
2022-08-04,58.09,58.43,56.59,57.35,9768800,,
2022-08-05,56.07,57.60,56.01,56.94,7832700,,
2022-08-08,55.61,56.50,53.30,55.59,13949000,,
2022-08-09,54.14,54.18,50.42,51.26,16556800,,
2022-08-10,53.40,55.34,52.38,54.99,13944900,,
2022-08-11,55.80,56.64,53.58,53.71,8965000,,
2022-08-12,54.64,55.59,54.18,55.36,7408400,,
2022-08-15,54.88,55.87,54.42,55.48,5062800,,
2022-08-16,55.22,55.36,53.70,54.35,5557100,,
2022-08-17,53.50,53.63,51.64,52.65,9196300,,
2022-08-18,52.91,55.77,52.67,54.55,8759200,,
2022-08-19,53.42,54.03,52.58,53.14,7419000,,
2022-08-22,51.38,52.25,50.55,50.93,7438900,,
2022-08-23,51.19,52.52,51.06,51.58,6093600,,
2022-08-24,51.51,52.54,51.23,52.24,6280800,,
2022-08-25,51.50,55.22,51.17,55.09,13229300,,
2022-08-26,54.22,54.29,49.98,50.17,23821800,,
2022-08-29,49.60,50.90,48.91,48.99,10153300,,
2022-08-30,49.58,49.79,47.20,48.00,9703500,,
2022-08-31,47.56,48.08,46.35,46.82,12090000,,
2022-09-01,45.41,46.10,43.63,45.97,16790800,,
2022-09-02,46.73,47.22,45.39,45.76,10358100,,
2022-09-06,45.90,46.11,44.82,45.09,7277200,,
2022-09-07,45.60,47.10,45.00,46.76,11024000,,
2022-09-08,46.30,48.51,45.68,48.15,9918700,,
2022-09-09,48.82,50.10,48.82,49.74,10922400,,
2022-09-12,50.03,50.60,49.39,50.25,9479800,,
2022-09-13,47.84,48.97,47.35,48.02,15732400,,
2022-09-14,48.05,49.45,47.58,48.41,7407200,,
2022-09-15,47.90,48.70,46.18,46.67,8870300,,
2022-09-16,45.66,46.49,44.95,46.35,12443800,,
2022-09-19,45.79,46.73,45.45,46.15,7830200,,
2022-09-20,45.66,46.19,45.07,45.29,5558600,,
2022-09-21,45.52,48.24,45.35,45.46,11894600,,
2022-09-22,45.43,45.52,43.37,43.52,12084400,,
2022-09-23,42.88,43.43,42.31,43.29,11335200,,
2022-09-26,43.27,44.33,42.52,42.61,8920800,,
2022-09-27,43.47,44.09,42.57,43.40,10397000,,
2022-09-28,42.67,44.85,42.64,44.55,9736100,,
2022-09-29,43.57,43.92,42.11,42.87,9648900,,
2022-09-30,42.37,44.85,42.28,42.91,11123300,,
2022-10-03,43.61,45.07,43.48,44.50,9859700,,
2022-10-04,46.16,47.21,46.08,47.04,9763200,,
2022-10-05,45.91,49.08,45.57,48.36,15167900,,
2022-10-06,48.31,49.30,47.64,47.96,12586400,0.06,
2022-10-07,46.16,46.39,42.23,42.35,18033800,,
2022-10-10,41.93,42.15,39.20,40.30,12942600,,
2022-10-11,40.00,40.11,38.00,38.66,17731600,,
2022-10-12,38.30,38.56,37.41,37.98,12698400,,
2022-10-13,35.99,40.06,35.30,39.13,18383900,,
2022-10-14,39.94,40.09,36.94,37.01,13050400,,
2022-10-17,38.36,39.24,37.60,37.87,11932600,,
2022-10-18,39.28,39.78,36.98,37.74,11895700,,
2022-10-19,37.37,38.62,37.10,38.10,8271300,,
2022-10-20,38.39,39.92,37.87,38.07,10037600,,
2022-10-21,37.66,39.62,37.57,39.54,9788400,,
2022-10-24,39.73,39.75,36.90,38.39,13403300,,
2022-10-25,38.62,41.39,38.53,40.61,12620300,,
2022-10-26,39.85,40.60,38.51,38.75,12260700,,
2022-10-27,40.50,42.62,40.03,40.06,18838100,,
2022-10-28,39.76,41.12,39.08,41.01,11454800,,
2022-10-31,40.40,40.78,39.23,39.68,10413800,,
2022-11-01,40.82,41.05,39.37,39.74,7646900,,
2022-11-02,40.36,41.99,39.00,39.05,13712400,,
2022-11-03,38.33,39.50,37.20,37.22,16890300,,
2022-11-04,38.44,39.97,37.98,38.97,16070300,,
2022-11-07,39.56,39.72,38.47,39.51,15185600,,
2022-11-08,40.86,40.96,38.95,39.79,12220700,,
2022-11-09,38.62,38.84,36.71,36.71,14401500,,
2022-11-10,39.01,42.72,39.00,42.65,17081100,,
2022-11-11,42.23,43.81,41.91,43.35,12133800,,
2022-11-14,42.96,43.45,41.83,43.16,11645500,,
2022-11-15,45.62,46.22,43.92,44.70,11831300,,
2022-11-16,43.53,43.83,41.90,42.25,12062700,,
2022-11-17,41.00,43.98,40.85,43.93,9368600,,
2022-11-18,44.85,45.08,43.77,44.00,8687600,,
2022-11-21,43.09,43.31,41.44,41.55,11008900,,
2022-11-22,41.75,42.93,41.25,42.92,11645600,,
2022-11-23,43.16,44.15,42.85,43.68,6078700,,
2022-11-25,43.17,43.79,42.88,42.98,4078200,,
2022-11-28,42.33,44.08,42.25,42.67,10948100,,
2022-11-29,42.95,43.56,42.21,42.91,6747200,,
2022-11-30,43.17,46.61,42.64,46.52,15933900,,
2022-12-01,47.12,47.34,44.83,45.40,15710100,,
2022-12-02,42.00,44.89,41.01,44.72,25050200,,
2022-12-05,44.09,45.08,42.33,42.97,11345800,,
2022-12-06,43.02,43.27,40.75,41.09,8779900,,
2022-12-07,40.48,41.25,39.88,40.41,8219800,,
2022-12-08,40.54,42.02,40.14,41.70,9106100,,
2022-12-09,41.69,42.77,41.11,41.50,7312000,,
2022-12-12,41.50,42.88,41.04,42.58,9327200,,
2022-12-13,45.32,45.99,42.33,43.51,12390300,,
2022-12-14,43.24,44.27,42.01,42.65,13428200,,
2022-12-15,41.63,41.68,39.97,40.02,12079200,,
2022-12-16,39.61,40.00,38.29,38.99,20177700,,
2022-12-19,38.94,39.05,38.00,38.40,10651200,,
2022-12-20,37.95,38.10,36.90,37.81,11441900,,
2022-12-21,38.12,38.97,38.12,38.87,9160000,,
2022-12-22,37.87,38.04,36.36,37.07,14074200,,
2022-12-23,36.74,37.58,36.29,37.19,6097600,,
2022-12-27,36.72,36.74,35.85,36.05,8452600,,
2022-12-28,35.78,36.23,35.09,35.38,8096200,,
2022-12-29,36.09,37.23,35.80,36.76,7724300,,
2022-12-30,35.88,37.10,35.58,37.04,8107100,,
2023-01-03,37.91,38.20,35.78,35.99,10336700,,
2023-01-04,36.80,36.94,35.64,36.61,10226300,,
2023-01-05,35.74,35.99,34.67,34.68,13007300,0.06,
2023-01-06,35.15,36.44,33.75,36.10,21224900,,
2023-01-09,37.10,38.03,36.76,36.92,10529800,,
2023-01-10,36.55,37.34,36.02,37.01,9699600,,
2023-01-11,37.31,38.51,36.95,38.42,10319200,,
2023-01-12,38.36,40.14,37.42,39.31,14713100,,
2023-01-13,38.65,40.76,38.52,40.67,11871700,,
2023-01-17,40.62,41.16,40.03,41.03,13030300,,
2023-01-18,41.49,41.91,40.03,40.49,7445100,,
2023-01-19,39.98,40.23,38.54,38.57,10528300,,
2023-01-20,38.95,39.56,38.06,39.48,15860800,,
2023-01-23,40.20,42.85,40.10,42.75,13619500,,
2023-01-24,42.11,43.28,41.96,42.51,8960300,,
2023-01-25,41.72,42.80,40.77,42.74,9600000,,
2023-01-26,43.60,44.48,42.80,44.39,10503900,,
2023-01-27,43.48,44.80,43.48,44.25,7953000,,
2023-01-30,43.48,43.55,41.96,41.99,10071400,,
2023-01-31,42.08,43.19,41.82,43.15,9438400,,
2023-02-01,43.32,46.49,43.25,46.12,14963200,,
2023-02-02,46.99,49.49,46.74,48.76,17101400,,
2023-02-03,46.78,48.32,46.51,46.58,11962100,,
2023-02-06,45.63,46.70,44.85,45.03,7777300,,
2023-02-07,45.40,47.07,44.67,46.78,10537600,,
2023-02-08,46.46,46.86,45.05,45.10,9069300,,
2023-02-09,45.96,46.47,44.61,45.11,7770300,,
2023-02-10,44.62,44.77,43.54,44.55,7650200,,
2023-02-13,44.89,45.89,44.20,45.60,7045500,,
2023-02-14,45.01,47.50,44.78,47.21,9264500,,
2023-02-15,46.40,47.06,45.47,46.74,8585000,,
2023-02-16,46.03,47.13,45.64,45.69,11002700,,
2023-02-17,45.14,45.29,43.61,44.14,8651900,,
2023-02-21,43.56,44.05,42.36,42.60,9607300,,
2023-02-22,42.85,43.48,42.14,42.97,7643200,,
2023-02-23,45.05,45.37,43.62,45.25,12550700,,
2023-02-24,44.49,44.82,43.58,43.85,9142100,,
2023-02-27,44.87,44.95,44.23,44.31,7026500,,
2023-02-28,44.12,45.70,44.01,45.15,9587000,,
2023-03-01,45.36,46.35,45.10,45.36,7761400,,
2023-03-02,44.81,46.60,44.05,46.23,13617100,,
2023-03-03,41.38,44.28,41.10,44.04,38293200,,
2023-03-06,44.34,44.59,41.79,42.27,19056500,,
2023-03-07,42.04,42.23,40.87,41.11,13917100,,
2023-03-08,41.16,43.18,41.09,43.15,14765400,,
2023-03-09,42.95,43.69,40.84,40.91,12030400,,
2023-03-10,40.91,40.94,38.14,38.68,21552700,,
2023-03-13,38.00,38.85,36.64,37.99,26159500,,
2023-03-14,38.92,39.42,37.94,38.61,16990300,,
2023-03-15,37.93,38.16,36.75,37.62,18999200,,
2023-03-16,37.59,40.53,37.40,40.36,16172700,,
2023-03-17,40.23,40.41,39.50,39.97,15184000,,
2023-03-20,39.88,40.42,39.51,40.35,8976300,,
2023-03-21,40.98,41.77,40.56,41.13,8798600,,
2023-03-22,41.01,42.07,40.06,40.16,9901600,,
2023-03-23,41.02,43.31,41.01,42.28,13344800,,
2023-03-24,41.55,41.83,40.39,41.07,10616000,,
2023-03-27,41.49,41.71,40.91,41.21,8763000,,
2023-03-28,41.11,41.16,39.57,40.45,9832100,,
2023-03-29,41.36,43.06,41.33,42.70,11803500,,
2023-03-30,43.58,43.87,42.84,43.25,9842000,,
2023-03-31,43.02,43.39,42.70,43.30,8714000,,
2023-04-03,42.92,43.29,41.67,41.95,9312300,,
2023-04-04,42.09,42.13,40.20,40.48,10341000,,
2023-04-05,40.08,40.17,39.20,40.09,10814400,0.06,
2023-04-06,39.52,39.94,38.86,39.26,8402500,,
2023-04-10,38.73,40.39,38.43,40.34,8696800,,
2023-04-11,40.36,40.60,39.84,40.09,7298500,,
2023-04-12,40.71,40.93,39.46,39.53,8471400,,
2023-04-13,39.90,40.70,39.71,40.39,8232900,,
2023-04-14,40.39,41.17,39.89,40.29,8209200,,
2023-04-17,39.66,40.62,39.41,40.46,7449200,,
2023-04-18,40.99,42.60,40.89,42.24,16610900,,
2023-04-19,41.52,41.92,41.00,41.03,11253300,,
2023-04-20,40.02,40.74,39.16,39.47,9846100,,
2023-04-21,39.20,39.25,37.97,39.02,13950700,,
2023-04-24,38.98,39.45,38.42,38.76,6290500,,
2023-04-25,38.20,38.22,36.90,36.91,11514900,,
2023-04-26,37.70,38.16,37.42,38.08,11898700,,
2023-04-27,38.09,38.87,37.71,38.63,15976200,,
2023-04-28,38.76,39.52,38.56,39.48,9647400,,
2023-05-01,39.68,40.25,39.47,40.01,11314800,,
2023-05-02,39.61,40.01,38.89,39.49,14932300,,
2023-05-03,39.10,40.32,38.91,39.52,10699100,,
2023-05-04,39.13,39.64,38.63,39.34,11618100,,
2023-05-05,39.88,41.29,39.49,40.97,14043000,,
2023-05-08,40.85,41.19,40.47,41.01,7515700,,
2023-05-09,40.19,40.37,39.76,39.99,10792000,,
2023-05-10,40.60,40.90,39.97,40.43,11554500,,
2023-05-11,40.26,40.52,39.30,39.73,12547900,,
2023-05-12,39.96,40.13,39.23,40.12,8538600,,
2023-05-15,40.33,42.08,40.19,42.07,8838100,,
2023-05-16,41.81,42.32,41.57,41.67,10651500,,
2023-05-17,42.30,43.91,42.04,43.59,12472100,,
2023-05-18,43.52,45.07,43.51,44.74,17331500,,
2023-05-19,44.93,45.51,44.70,45.46,11055500,,
2023-05-22,45.04,46.64,45.01,46.44,9368300,,
2023-05-23,45.73,47.30,45.73,46.59,12710600,,
2023-05-24,45.50,46.08,45.00,45.98,13802400,,
2023-05-25,49.00,49.73,46.70,49.47,37900300,,
2023-05-26,58.67,65.75,58.58,65.51,94307300,,
2023-05-30,67.49,67.99,61.31,63.40,51926500,,
2023-05-31,61.80,63.10,58.33,58.49,37896700,,
2023-06-01,59.39,62.10,58.61,61.10,24980300,,
2023-06-02,62.22,62.48,59.13,60.18,18030100,,
2023-06-05,59.58,59.60,57.26,58.03,15900500,,
2023-06-06,58.10,60.31,58.04,59.14,16472000,,
2023-06-07,62.26,63.64,59.11,59.33,23824500,,
2023-06-08,59.21,60.36,58.36,59.72,12172600,,
2023-06-09,60.86,62.03,59.57,60.01,14404400,,
2023-06-12,60.88,62.29,60.86,62.05,15907700,,
2023-06-13,63.32,63.43,61.81,63.05,12424300,,
2023-06-14,62.78,63.03,60.89,62.96,13383900,,
2023-06-15,62.18,62.82,61.55,62.03,11443900,,
2023-06-16,62.81,63.07,60.81,61.12,17825600,,
2023-06-20,60.71,62.00,60.34,60.83,10631700,,
2023-06-21,60.62,60.93,58.72,58.85,10386300,,
2023-06-22,58.18,59.75,58.03,59.12,9138100,,
2023-06-23,57.81,58.26,56.59,57.82,24355900,,
2023-06-26,58.08,59.14,57.68,57.75,10316000,,
2023-06-27,57.91,60.77,57.77,60.59,12291600,,
2023-06-28,58.57,61.46,58.57,60.07,10114600,,
2023-06-29,60.43,60.43,58.12,58.37,14868400,,
2023-06-30,59.30,60.11,59.16,59.78,9065900,,
2023-07-03,60.32,61.38,60.32,61.35,5699800,,
2023-07-05,60.76,61.20,59.78,59.81,7279700,,
2023-07-06,58.61,58.97,57.43,58.82,10174700,0.06,
2023-07-07,59.91,60.26,58.98,59.15,9505900,,
2023-07-10,58.87,60.50,58.83,60.29,10124900,,
2023-07-11,61.73,62.21,60.45,62.15,12004500,,
2023-07-12,63.12,63.69,61.94,62.88,11423600,,
2023-07-13,63.85,65.49,63.06,65.37,12938400,,
2023-07-14,64.50,65.12,63.18,63.45,11408700,,
2023-07-17,63.56,64.94,63.00,64.56,8586100,,
2023-07-18,65.40,66.05,64.20,65.76,9876900,,
2023-07-19,66.00,66.81,64.86,65.63,10606800,,
2023-07-20,64.66,65.03,62.80,63.22,12700300,,
2023-07-21,64.13,64.67,63.19,63.41,19046300,,
2023-07-24,63.69,63.78,62.46,63.11,5605300,,
2023-07-25,63.34,64.70,63.23,63.90,6994900,,
2023-07-26,63.12,64.14,62.28,63.71,9094000,,
2023-07-27,65.35,66.24,63.30,63.89,10780200,,
2023-07-28,65.40,65.41,64.25,64.91,7097900,,
2023-07-31,65.24,66.26,64.69,65.13,7391800,,
2023-08-01,64.87,66.29,64.23,65.93,6941300,,
2023-08-02,64.90,65.00,60.98,62.11,13743500,,
2023-08-03,61.44,63.00,61.19,62.35,9047400,,
2023-08-04,62.24,63.80,61.64,62.69,7627000,,
2023-08-07,63.22,63.60,62.44,63.55,4769000,,
2023-08-08,62.41,62.43,60.79,61.96,9182600,,
2023-08-09,61.82,62.10,59.67,59.94,9272600,,
2023-08-10,60.12,61.05,58.19,58.93,9706500,,
2023-08-11,58.10,58.19,56.70,57.09,9950800,,
2023-08-14,56.61,59.73,56.39,59.57,14179000,,
2023-08-15,59.36,59.98,58.75,59.12,8371700,,
2023-08-16,59.01,59.01,57.25,57.37,11453300,,
2023-08-17,57.87,58.11,56.93,57.56,10816700,,
2023-08-18,57.60,57.87,56.62,57.59,12328600,,
2023-08-21,57.85,60.15,57.78,60.03,12100000,,
2023-08-22,60.85,61.70,59.36,59.59,13603600,,
2023-08-23,59.40,61.77,59.15,61.50,13460600,,
2023-08-24,63.97,64.23,56.94,57.29,27361400,,
2023-08-25,54.47,55.09,52.25,53.50,32505500,,
2023-08-28,53.79,55.26,53.56,55.17,13560400,,
2023-08-29,54.87,56.45,54.63,56.12,10356500,,
2023-08-30,56.12,57.94,55.85,57.34,11605600,,
2023-08-31,57.34,58.65,57.34,58.25,10331900,,
2023-09-01,58.94,59.29,57.43,57.95,7638700,,
2023-09-05,57.75,58.42,57.28,57.89,5623600,,
2023-09-06,57.70,58.23,56.56,56.71,10960400,,
2023-09-07,55.24,57.04,54.58,56.58,10635000,,
2023-09-08,56.30,56.75,55.40,55.74,9415900,,
2023-09-11,56.82,56.82,54.77,56.32,8430000,,
2023-09-12,55.83,57.03,55.60,55.65,5571400,,
2023-09-13,55.71,56.47,55.34,55.60,6328200,,
2023-09-14,56.45,56.46,55.36,55.84,7864800,,
2023-09-15,55.52,55.71,54.16,54.49,14009900,,
2023-09-18,53.87,55.07,53.73,54.78,7076900,,
2023-09-19,54.57,54.59,53.37,54.09,6518400,,
2023-09-20,54.27,54.74,52.92,52.94,5934600,,
2023-09-21,54.31,55.46,51.79,51.84,18074600,,
2023-09-22,52.30,53.38,52.04,52.30,8548500,,
2023-09-25,52.02,52.81,51.67,52.63,6441700,,
2023-09-26,51.94,52.46,51.44,51.71,7038300,,
2023-09-27,52.11,53.08,51.56,52.55,7647900,,
2023-09-28,52.26,54.73,52.19,54.00,10187800,,
2023-09-29,55.00,55.43,54.01,54.13,7998800,,
2023-10-02,53.93,55.24,53.83,54.59,7042600,,
2023-10-03,53.72,54.52,52.06,52.56,7325800,,
2023-10-04,52.93,53.42,52.35,53.31,6516800,,
2023-10-05,53.03,53.54,52.30,53.10,6948400,0.06,
2023-10-06,52.28,54.95,52.25,54.53,7855600,,
2023-10-09,53.85,54.64,53.32,54.27,5252700,,
2023-10-10,54.58,55.88,54.25,55.05,6941200,,
2023-10-11,55.29,55.96,54.21,55.14,6620600,,
2023-10-12,55.21,55.71,54.09,54.62,9195100,,
2023-10-13,54.59,54.72,52.35,52.62,9176000,,
2023-10-16,52.64,53.78,52.31,53.66,9492400,,
2023-10-17,52.43,53.88,51.86,53.17,8427000,,
2023-10-18,52.17,52.47,51.20,51.47,8792900,,
2023-10-19,52.07,52.47,50.47,50.69,10031500,,
2023-10-20,50.69,50.93,49.34,49.47,9822400,,
2023-10-23,49.12,49.90,48.16,49.02,8743500,,
2023-10-24,49.66,49.85,48.93,49.49,8380300,,
2023-10-25,48.84,49.20,47.13,47.55,9165800,,
2023-10-26,47.55,48.17,46.43,46.63,7733800,,
2023-10-27,47.21,47.83,46.76,47.26,8914300,,
2023-10-30,47.13,47.77,46.21,46.83,8004700,,
2023-10-31,46.88,47.30,46.07,47.22,6668500,,
2023-11-01,47.05,47.78,46.33,47.70,8445700,,
2023-11-02,49.10,49.40,48.44,48.90,9121500,,
2023-11-03,49.54,51.84,49.40,51.36,9774500,,
2023-11-06,51.64,52.03,50.81,51.24,6334500,,
2023-11-07,51.15,51.70,50.89,51.18,5323700,,
2023-11-08,51.35,51.78,51.09,51.58,8417900,,
2023-11-09,51.89,54.50,51.87,52.49,14767200,,
2023-11-10,53.32,54.94,52.53,54.62,11251900,,
2023-11-13,54.00,54.13,52.45,53.45,6348900,,
2023-11-14,55.49,57.43,55.33,57.03,12492700,,
2023-11-15,57.39,58.12,56.74,57.17,8896000,,
2023-11-16,55.21,55.22,53.47,54.66,17783800,,
2023-11-17,54.70,55.79,54.69,55.58,6730500,,
2023-11-20,55.50,56.60,55.44,56.38,7259800,,
2023-11-21,55.67,55.78,54.25,54.68,8927800,,
2023-11-22,55.08,56.34,55.08,55.50,7266900,,
2023-11-24,55.50,56.23,55.37,56.03,3121700,,
2023-11-27,55.61,56.41,55.35,55.90,5724400,,
2023-11-28,55.77,55.77,54.66,55.58,7650000,,
2023-11-29,56.49,57.24,55.90,56.10,7682500,,
2023-11-30,56.71,56.95,55.27,55.73,17162500,,
2023-12-01,52.22,53.84,50.52,52.80,25375900,,
2023-12-04,52.02,52.08,50.63,52.01,13407500,,
2023-12-05,51.22,51.47,50.49,50.70,9851100,,
2023-12-06,51.56,51.86,50.35,50.43,8285800,,
2023-12-07,50.77,52.49,50.56,52.19,9685800,,
2023-12-08,51.72,53.12,51.66,52.88,7086100,,
2023-12-11,53.74,54.61,52.89,54.48,13871200,,
2023-12-12,53.81,54.32,53.50,54.26,7184300,,
2023-12-13,54.34,57.34,54.20,57.21,12116200,,
2023-12-14,58.07,59.94,57.84,59.29,16705500,,
2023-12-15,59.65,60.28,59.10,59.59,15502700,,
2023-12-18,59.51,59.93,58.37,59.72,8117300,,
2023-12-19,59.62,59.92,59.07,59.66,5956600,,
2023-12-20,59.31,60.60,57.50,57.54,11758100,,
2023-12-21,59.25,60.37,59.01,60.25,8210500,,
2023-12-22,60.50,60.67,59.71,60.25,3677700,,
2023-12-26,60.66,61.49,60.57,61.15,4670300,,
2023-12-27,61.50,61.70,60.89,61.26,4737100,,
2023-12-28,61.39,61.79,60.89,61.30,4109200,,
2023-12-29,61.39,61.59,60.07,60.31,4778600,,
2024-01-02,59.46,59.76,57.55,58.17,8894100,,
2024-01-03,57.01,57.43,56.34,56.76,6446200,,
2024-01-04,56.03,59.06,55.63,58.07,17872600,0.06,
2024-01-05,58.55,61.15,58.52,59.92,17199800,,
2024-01-08,60.00,64.46,59.95,64.11,18835100,,
2024-01-09,63.11,63.98,63.06,63.47,10379500,,
2024-01-10,64.01,64.30,62.24,63.43,9645300,,
2024-01-11,63.49,66.05,62.91,65.87,17050700,,
2024-01-12,65.87,67.15,65.44,65.68,13828900,,
2024-01-16,65.57,66.99,64.66,65.52,10386300,,
2024-01-17,64.69,65.44,63.28,65.36,10483700,,
2024-01-18,67.33,69.88,67.33,68.21,22439700,,
2024-01-19,69.00,71.21,68.62,71.08,18636700,,
2024-01-22,72.14,72.55,68.93,70.11,14311500,,
2024-01-23,70.05,70.73,68.86,70.60,10142400,,
2024-01-24,71.75,73.24,71.09,72.28,13684800,,
2024-01-25,73.46,73.53,69.91,70.00,15890500,,
2024-01-26,68.70,69.57,67.78,68.04,14228700,,
2024-01-29,68.45,70.20,68.19,70.14,8733600,,
2024-01-30,70.00,70.76,68.34,68.83,9223600,,
2024-01-31,67.41,69.45,66.69,67.70,10017700,,
2024-02-01,68.20,68.25,65.51,66.87,11575400,,
2024-02-02,67.10,68.67,66.70,67.53,11434100,,
2024-02-05,67.68,68.05,65.77,67.02,8514300,,
2024-02-06,67.22,67.49,65.85,67.08,8569000,,
2024-02-07,67.67,69.74,66.01,69.37,15516000,,
2024-02-08,70.20,72.86,69.96,71.02,17086400,,
2024-02-09,68.23,69.46,66.93,68.83,21879400,,
2024-02-12,69.06,72.72,68.85,70.42,14266600,,
2024-02-13,67.75,69.67,67.06,68.13,12862600,,
2024-02-14,69.41,69.54,68.06,68.96,10569200,,
2024-02-15,68.50,68.68,66.56,67.44,12986600,,
2024-02-16,67.31,68.17,65.96,66.29,11088200,,
2024-02-20,65.81,66.08,63.53,65.04,12304900,,
2024-02-21,64.50,65.55,63.86,65.52,8797500,,
2024-02-22,68.86,70.40,68.23,69.87,16683200,,
2024-02-23,69.85,70.38,67.53,67.58,8541900,,
2024-02-26,68.33,68.93,67.95,68.62,6307000,,
2024-02-27,69.53,71.16,69.11,69.13,10797500,,
2024-02-28,68.22,68.38,67.23,67.54,7690300,,
2024-02-29,68.78,71.79,68.68,71.66,14234400,,
2024-03-01,73.99,78.09,73.46,77.61,20462800,,
2024-03-04,78.74,80.09,77.15,79.35,17817800,,
2024-03-05,78.30,79.59,77.54,78.73,11051900,,
2024-03-06,81.64,82.51,79.78,81.37,16829500,,
2024-03-07,81.18,85.76,80.98,85.09,30723300,,
2024-03-08,80.95,81.40,75.38,75.42,40992400,,
2024-03-11,74.05,74.05,70.91,72.36,20587300,,
2024-03-12,73.08,73.26,71.27,71.77,16875600,,
2024-03-13,70.66,70.71,67.31,67.63,27385900,,
2024-03-14,67.30,67.47,65.22,66.08,21934700,,
2024-03-15,65.72,68.23,65.15,66.87,18474800,,
2024-03-18,67.83,68.22,66.46,67.20,11330500,,
2024-03-19,65.00,66.05,63.46,65.06,19428300,,
2024-03-20,65.04,66.05,64.55,65.54,14717300,,
2024-03-21,68.00,68.56,66.45,66.59,17415900,,
2024-03-22,66.30,67.26,65.76,66.54,10233800,,
2024-03-25,65.56,67.07,64.44,66.12,9915500,,
2024-03-26,66.94,68.94,66.84,68.26,13401300,,
2024-03-27,71.55,72.77,70.35,72.31,22855100,,
2024-03-28,72.00,72.58,70.53,70.88,12474000,,
2024-04-01,71.49,73.90,71.45,73.20,10137800,,
2024-04-02,72.00,73.71,71.51,73.59,12361400,,
2024-04-03,73.16,75.53,72.46,73.03,11338900,,
2024-04-04,75.02,76.29,70.42,70.88,13364200,,
2024-04-05,71.42,72.72,71.05,72.65,9567200,,
2024-04-08,73.14,73.61,71.36,71.92,8656700,,
2024-04-09,73.27,74.08,71.80,73.34,9753800,,
2024-04-10,72.20,74.06,70.34,71.43,13930500,,
2024-04-11,72.23,74.04,68.56,71.53,24859600,0.06,
2024-04-12,69.98,72.32,69.90,70.16,14256700,,
2024-04-15,71.16,71.78,67.70,67.88,12431800,,
2024-04-16,67.33,68.99,67.14,68.28,8642600,,
2024-04-17,68.45,69.39,66.35,66.48,9761000,,
2024-04-18,65.50,66.38,64.37,65.24,11870200,,
2024-04-19,64.75,65.72,61.94,62.13,14886800,,
2024-04-22,62.78,63.36,61.72,62.88,9851200,,
2024-04-23,63.60,64.67,62.95,63.86,9155100,,
2024-04-24,64.77,65.66,63.58,64.85,9111600,,
2024-04-25,65.54,68.03,65.48,67.48,12342200,,
2024-04-26,68.53,69.74,67.80,69.62,11543800,,
2024-04-29,69.56,70.09,68.18,68.75,9051800,,
2024-04-30,67.57,68.52,65.76,65.91,12782900,,
2024-05-01,64.49,66.84,63.34,63.82,11171200,,
2024-05-02,65.12,67.09,64.85,66.67,12956900,,
2024-05-03,69.02,69.38,67.58,68.51,9011500,,
2024-05-06,69.33,69.97,68.49,69.82,7018800,,
2024-05-07,69.68,69.97,68.64,68.68,6454800,,
2024-05-08,67.86,68.72,67.54,68.11,6611000,,
2024-05-09,67.86,68.92,67.52,67.68,13647800,,
2024-05-10,68.17,69.40,67.86,68.47,8484100,,
2024-05-13,69.00,70.53,68.85,69.02,5261400,,
2024-05-14,68.45,69.00,66.97,68.02,9267400,,
2024-05-15,68.95,70.18,68.18,70.15,10009000,,
2024-05-16,70.79,74.55,70.77,73.08,18116300,,
2024-05-17,73.67,74.02,71.89,71.92,7874800,,
2024-05-20,72.35,74.78,71.68,74.47,10466000,,
2024-05-21,72.92,73.94,72.42,73.30,7617000,,
2024-05-22,73.87,74.16,72.76,73.68,7692700,,
2024-05-23,75.86,76.25,73.18,75.02,15618300,,
2024-05-24,75.90,77.97,75.26,76.68,9353700,,
2024-05-28,77.00,78.44,76.09,78.33,12410800,,
2024-05-29,76.91,77.39,75.70,75.78,9204400,,
2024-05-30,75.39,77.44,75.08,76.85,14314200,,
2024-05-31,76.29,76.47,67.06,68.81,37095900,,
2024-06-03,70.20,71.16,67.10,68.21,12623300,,
2024-06-04,67.69,67.77,66.10,66.38,14604900,,
2024-06-05,67.45,69.90,67.02,69.80,12610900,,
2024-06-06,69.48,69.90,67.86,68.10,8626300,,
2024-06-07,68.01,68.96,67.52,67.99,8800000,,
2024-06-10,67.07,69.86,67.03,69.47,9190100,,
2024-06-11,69.02,70.77,68.61,70.40,6407400,,
2024-06-12,71.70,73.40,71.41,73.36,10296500,,
2024-06-13,74.59,75.70,71.65,72.87,17515600,,
2024-06-14,72.19,73.48,71.65,73.27,6029800,,
2024-06-17,73.42,73.44,70.77,71.82,9859200,,
2024-06-18,72.55,74.13,72.01,73.14,8747400,,
2024-06-20,73.13,75.30,72.89,73.24,14490000,,
2024-06-21,72.95,73.01,70.93,71.89,14397100,,
2024-06-24,71.27,71.56,67.53,67.77,13810100,,
2024-06-25,68.13,68.64,66.80,68.26,13940100,,
2024-06-26,68.08,68.47,67.28,68.27,6637300,,
2024-06-27,67.70,69.14,67.65,68.73,6039000,,
2024-06-28,69.31,72.30,69.25,69.90,22414300,,
2024-07-01,70.05,71.05,68.83,71.00,7210400,,
2024-07-02,70.79,71.73,69.86,71.60,8308600,,
2024-07-03,70.98,73.14,70.98,72.20,6101800,,
2024-07-05,72.51,72.95,71.57,72.08,5403200,,
2024-07-08,72.05,75.55,71.99,74.91,12762300,,
2024-07-09,75.21,76.43,73.27,73.84,9080200,,
2024-07-10,74.16,75.84,73.20,74.88,8445200,,
2024-07-11,75.25,75.31,71.60,72.18,11489800,,
2024-07-12,72.91,74.79,71.55,73.59,10190800,0.06,
2024-07-15,73.88,74.26,72.93,73.60,7870800,,
2024-07-16,74.00,75.69,72.41,75.60,6787300,,
2024-07-17,72.50,72.72,67.91,67.93,18019200,,
2024-07-18,69.74,69.93,66.00,68.21,12542600,,
2024-07-19,68.09,68.52,66.03,66.51,9367800,,
2024-07-22,68.13,69.16,66.34,69.01,10653300,,
2024-07-23,68.03,69.91,68.03,68.39,5956600,,
2024-07-24,67.05,67.85,64.25,64.35,10741400,,
2024-07-25,63.85,66.61,62.12,63.99,13634700,,
2024-07-26,65.91,66.30,64.67,65.72,8626600,,
2024-07-29,65.90,66.75,64.09,64.48,8623400,,
2024-07-30,64.88,65.47,62.29,62.80,10623700,,
2024-07-31,66.52,67.39,64.92,66.98,14508100,,
2024-08-01,65.55,66.90,62.14,63.06,14189300,,
2024-08-02,60.56,60.82,57.98,59.25,20178800,,
2024-08-05,53.43,58.82,53.19,57.67,14025800,,
2024-08-06,58.96,59.93,56.88,58.22,11107100,,
2024-08-07,60.35,61.52,56.03,56.15,11349500,,
2024-08-08,58.30,61.23,57.30,61.16,13045500,,
2024-08-09,60.64,61.36,59.73,60.56,7720100,,
2024-08-12,60.94,61.62,59.96,60.51,8332500,,
2024-08-13,62.00,64.58,60.74,64.05,11852500,,
2024-08-14,64.35,65.05,62.89,63.79,7701300,,
2024-08-15,66.77,69.80,65.95,69.33,17091400,,
2024-08-16,68.12,70.35,68.02,69.32,11575800,,
2024-08-19,68.92,71.16,67.57,71.04,9607200,,
2024-08-20,70.00,71.01,68.86,69.41,10304300,,
2024-08-21,70.30,71.50,69.49,71.34,9332700,,
2024-08-22,71.50,71.78,68.39,68.66,9705600,,
2024-08-23,70.46,72.58,70.01,71.84,12982800,,
2024-08-26,70.97,71.85,68.58,68.82,10382000,,
2024-08-27,68.33,70.19,67.04,69.71,6699300,,
2024-08-28,69.10,69.97,67.63,68.44,8661000,,
2024-08-29,69.14,71.76,68.83,69.84,16527000,,
2024-08-30,78.30,79.00,72.71,76.24,32029800,,
2024-09-03,74.58,75.00,69.54,70.02,22273200,,
2024-09-04,69.08,72.16,68.56,70.87,11815400,,
2024-09-05,69.72,71.99,69.36,69.89,8823800,,
2024-09-06,69.50,69.59,65.53,66.20,17130900,,
2024-09-09,67.84,69.03,67.51,68.93,11622600,,
2024-09-10,68.56,71.87,68.48,71.60,12203700,,
2024-09-11,72.87,75.15,70.95,74.89,14571600,,
2024-09-12,74.07,75.62,73.31,74.30,10595400,,
2024-09-13,75.01,75.91,73.28,74.48,8863600,,
2024-09-16,73.87,74.42,72.44,73.40,7666700,,
2024-09-17,74.00,74.23,71.97,72.77,6346700,,
2024-09-18,73.00,74.06,71.41,71.55,8449200,,
2024-09-19,74.83,76.02,73.51,74.88,12149600,,
2024-09-20,74.48,74.75,72.44,73.87,14307500,,
2024-09-23,73.87,74.11,70.07,71.81,14430600,,
2024-09-24,72.41,72.66,70.85,71.20,7702100,,
2024-09-25,70.70,71.99,70.31,71.18,9341100,,
2024-09-26,73.79,74.83,71.47,73.45,11715300,,
2024-09-27,73.20,73.35,70.06,70.99,12366900,,
2024-09-30,70.53,72.19,70.24,72.12,9082900,,
2024-10-01,72.03,72.78,69.99,70.31,12896400,,
2024-10-02,70.50,72.98,70.02,72.04,10872900,,
2024-10-03,71.03,73.84,70.86,72.24,8344400,,
2024-10-04,73.72,74.25,72.61,73.41,10249200,,
2024-10-07,72.16,74.46,71.90,73.72,8227200,,
2024-10-08,72.65,73.78,71.81,73.11,9750100,,
2024-10-09,72.83,73.70,71.56,72.84,8105200,,
2024-10-10,72.01,72.88,71.48,72.54,7658400,,
2024-10-11,71.95,74.51,71.77,74.01,7650700,0.06,
2024-10-14,75.00,77.92,74.55,77.68,12347900,,
2024-10-15,80.44,82.65,77.97,79.41,25056300,,
2024-10-16,79.41,82.41,78.25,81.68,16355600,,
2024-10-17,84.13,84.19,79.89,79.91,12989700,,
2024-10-18,80.47,81.07,79.52,79.85,5996000,,
2024-10-21,80.77,82.94,80.58,81.83,8408700,,
2024-10-22,81.20,83.65,81.20,83.35,8795100,,
2024-10-23,82.90,83.33,79.78,81.83,8366400,,
2024-10-24,82.87,82.88,81.22,81.93,6226300,,
2024-10-25,82.30,83.42,81.59,81.61,6970400,,
2024-10-28,82.60,83.92,81.88,83.44,6652500,,
2024-10-29,83.44,85.38,83.07,84.87,9883700,,
2024-10-30,83.43,84.25,82.49,82.80,8417700,,
2024-10-31,82.30,82.45,79.05,80.11,11273000,,
2024-11-01,84.20,87.28,83.44,84.77,20330500,,
2024-11-04,83.87,85.91,83.11,84.38,7935900,,
2024-11-05,86.28,87.99,85.07,87.19,10233700,,
2024-11-06,89.42,91.71,88.48,90.63,14695200,,
2024-11-07,91.72,94.07,91.70,93.94,11491100,,
2024-11-08,93.58,95.09,92.94,93.80,8340000,,
2024-11-11,93.50,94.23,90.35,92.25,10626600,,
2024-11-12,92.25,93.81,91.56,92.78,8482400,,
2024-11-13,91.45,92.85,89.75,90.07,9163000,,
2024-11-14,91.87,92.44,90.17,90.70,7631900,,
2024-11-15,89.14,89.79,87.48,87.83,10001300,,
2024-11-18,88.00,89.78,87.36,88.71,7073200,,
2024-11-19,87.71,89.67,87.58,89.34,6784700,,
2024-11-20,89.21,89.96,87.71,89.86,6532100,,
2024-11-21,91.77,93.49,90.07,92.94,9535100,,
2024-11-22,94.06,94.78,92.01,92.51,7455200,,
2024-11-25,93.85,94.36,91.83,92.24,9986300,,
2024-11-26,94.00,95.55,92.03,93.14,9016200,,
2024-11-27,92.71,92.71,88.01,90.10,8787900,,
2024-11-29,91.18,93.78,90.42,92.69,7131600,,
2024-12-02,97.37,97.63,94.95,96.86,17482000,,
2024-12-03,97.79,98.72,94.60,95.91,25015400,,
2024-12-04,112.33,119.88,109.57,118.15,59995900,,
2024-12-05,116.60,116.60,112.10,113.37,23963500,,
2024-12-06,113.48,114.75,111.63,113.51,13782500,,
2024-12-09,111.72,112.88,106.33,107.03,17640800,,
2024-12-10,107.86,108.71,105.00,106.68,13901600,,
2024-12-11,109.89,111.98,108.48,111.36,14798800,,
2024-12-12,110.53,110.94,107.92,109.01,10190400,,
2024-12-13,117.99,121.86,115.10,120.77,36722500,,
2024-12-16,122.50,126.15,119.13,124.78,23750700,,
2024-12-17,122.37,122.93,111.90,112.25,32166200,,
2024-12-18,112.50,113.51,104.38,105.28,24146000,,
2024-12-19,107.72,110.38,106.67,109.11,21497800,,
2024-12-20,107.98,114.37,107.37,111.90,28801600,,
2024-12-23,112.65,114.42,111.32,113.76,8629800,,
2024-12-24,115.44,116.00,113.40,115.95,5660900,,
2024-12-26,115.16,116.51,114.11,115.71,6480200,,
2024-12-27,114.63,114.99,111.39,113.62,6199900,,
2024-12-30,110.72,113.11,109.78,111.66,6271800,,
2024-12-31,111.52,112.25,109.80,110.45,4659600,,
2025-01-02,110.65,114.99,110.25,113.56,9071500,,
2025-01-03,115.11,118.33,114.74,118.18,11781200,,
2025-01-06,122.29,123.41,117.82,119.01,15261600,,
2025-01-07,120.39,120.45,115.00,116.23,10686900,,
2025-01-08,115.50,118.41,114.82,118.23,8372800,,
2025-01-10,116.16,116.55,113.64,114.32,10782000,0.06,
2025-01-13,112.00,115.33,111.55,115.15,9615400,,
2025-01-14,116.74,117.70,113.88,115.20,6889700,,
2025-01-15,118.33,119.09,115.75,116.00,10579600,,
2025-01-16,118.43,120.87,116.34,117.58,12181900,,
2025-01-17,119.92,125.37,119.40,124.76,14869600,,
2025-01-21,125.85,126.11,122.10,123.78,12770700,,
2025-01-22,124.80,126.45,124.24,125.21,10126700,,
2025-01-23,123.36,127.48,121.73,126.06,9530800,,
2025-01-24,126.68,127.20,123.67,124.02,9605600,,
2025-01-27,108.03,108.15,99.52,100.33,38462500,,
2025-01-28,103.30,105.05,100.05,103.88,20322300,,
2025-01-29,104.61,107.26,103.11,106.79,16052900,,
2025-01-30,111.37,112.00,109.04,110.33,14568200,,
2025-01-31,112.45,115.79,111.20,112.86,15197400,,
2025-02-03,108.74,115.35,108.40,113.56,11389500,,
2025-02-04,107.88,111.58,105.69,109.69,14220100,,
2025-02-05,112.00,116.85,110.76,116.46,13532200,,
2025-02-06,116.46,119.48,115.50,119.24,10687300,,
2025-02-07,121.41,121.81,110.43,110.62,20991700,,
2025-02-10,111.79,113.54,111.00,112.80,10214300,,
2025-02-11,110.62,112.46,108.82,109.12,9059600,,
2025-02-12,106.75,108.02,105.08,105.42,11998700,,
2025-02-13,105.35,106.77,103.17,103.50,12686400,,
2025-02-14,102.97,107.02,100.22,106.51,13539800,,
2025-02-18,106.99,107.91,104.94,107.29,9737500,,
2025-02-19,110.15,112.50,109.14,111.04,13244200,,
2025-02-20,110.63,111.00,106.82,108.71,9391900,,
2025-02-21,109.11,109.75,102.36,103.81,11019000,,
2025-02-24,104.22,104.67,97.41,97.91,17235100,,
2025-02-25,97.00,97.04,91.73,93.00,24331400,,
2025-02-26,95.85,96.65,93.96,94.90,13955200,,
2025-02-27,98.00,98.06,87.28,87.65,22770300,,
2025-02-28,87.17,92.08,86.13,91.82,22345400,,
2025-03-03,91.99,92.88,84.87,85.83,20882200,,
2025-03-04,85.32,91.82,83.24,88.33,21475400,,
2025-03-05,88.76,90.74,85.18,90.14,33773800,,
2025-03-06,74.08,75.77,71.65,72.28,60967000,,
2025-03-07,71.96,72.33,67.28,70.84,38853100,,
2025-03-10,68.35,68.55,63.65,65.67,32136400,,
2025-03-11,66.43,69.00,65.34,67.16,23333000,,
2025-03-12,69.72,71.33,68.63,69.85,20642600,,
2025-03-13,69.73,71.58,67.65,68.76,14947800,,
2025-03-14,70.17,70.76,67.98,68.74,15613100,,
2025-03-17,68.75,70.57,68.51,70.40,13419400,,
2025-03-18,69.62,69.94,67.76,68.28,11613600,,
2025-03-19,68.53,71.37,67.99,69.81,12228800,,
2025-03-20,69.17,71.13,68.85,70.49,9083000,,
2025-03-21,68.60,70.79,68.44,70.39,11942300,,
2025-03-24,71.40,72.92,71.06,72.76,12185900,,
2025-03-25,72.50,73.23,71.09,71.67,9443100,,
2025-03-26,71.00,71.20,65.84,66.76,19777100,,
2025-03-27,66.06,66.63,63.92,64.86,14956100,,
2025-03-28,64.63,64.89,61.25,62.04,18790400,,
2025-03-31,60.38,61.66,59.24,61.57,16032400,,
2025-04-01,61.45,62.72,60.78,62.67,12613300,,
2025-04-02,61.50,64.73,61.46,63.23,13138200,,
2025-04-03,58.64,59.30,55.42,55.64,25213200,,
2025-04-04,52.69,52.86,47.31,49.43,37313400,,
2025-04-07,47.46,55.02,47.09,51.00,30875500,,
2025-04-08,54.24,56.25,48.54,50.03,32326200,,
2025-04-09,50.29,61.30,49.71,60.96,38033700,,
2025-04-10,58.20,58.42,50.31,52.87,34622100,,
2025-04-11,52.59,53.39,51.44,53.39,17726800,0.06,
2025-04-14,55.85,56.03,51.34,52.26,19413000,,
2025-04-15,52.51,54.14,52.43,53.32,11297400,,
2025-04-16,50.48,52.44,49.70,51.93,19820200,,
2025-04-17,52.01,52.49,50.79,51.70,12283700,,
2025-04-21,50.30,50.71,48.09,49.38,14038000,,
2025-04-22,50.11,51.47,49.78,50.62,15732400,,
2025-04-23,54.85,55.95,53.36,53.77,18934600,,
2025-04-24,54.80,57.97,54.46,57.33,21404800,,
2025-04-25,56.98,59.26,56.76,58.92,11929600,,
2025-04-28,58.29,58.87,56.70,58.70,13840000,,
2025-04-29,58.21,59.75,58.01,58.68,14831900,,
2025-04-30,56.28,58.44,55.86,58.37,14316600,,
2025-05-01,60.15,61.78,59.27,60.95,17638200,,
2025-05-02,62.20,63.43,61.97,62.33,15638600,,
2025-05-05,61.69,62.95,61.08,61.98,9098900,,
2025-05-06,60.37,61.84,59.97,61.22,9818100,,
2025-05-07,55.16,56.44,53.78,56.31,40342900,,
2025-05-08,58.06,59.03,56.69,57.63,18868800,,
2025-05-09,59.85,60.87,59.14,59.65,14698300,,
2025-05-12,64.72,65.11,63.18,64.50,20383100,,
2025-05-13,65.05,67.04,64.40,65.48,19733700,,
2025-05-14,66.65,66.92,64.95,65.90,11472600,,
2025-05-15,65.10,65.96,63.94,65.20,9962500,,
2025-05-16,65.10,65.14,63.50,63.76,18712900,,
2025-05-19,61.10,62.97,60.64,62.56,20323500,,
2025-05-20,60.95,61.42,59.80,61.42,22326200,,
2025-05-21,60.95,62.45,59.68,60.11,14022800,,
2025-05-22,59.41,62.86,59.32,61.85,16653100,,
2025-05-23,60.15,61.30,60.00,60.69,17443200,,
2025-05-27,62.94,65.52,62.46,63.82,25511700,,
2025-05-28,64.80,65.90,64.50,64.59,23421200,,
2025-05-29,67.36,67.59,63.33,63.73,38742400,,
2025-05-30,60.80,60.98,58.61,60.19,48347500,,
2025-06-02,59.75,62.30,59.53,61.47,18270300,,
2025-06-03,62.03,63.51,61.15,62.36,19286600,,
2025-06-04,63.04,67.03,61.86,66.30,26990200,,
2025-06-05,67.27,67.59,64.81,65.16,23426600,,
2025-06-06,66.97,69.78,66.31,68.35,22926300,,
2025-06-09,69.47,71.24,68.96,69.14,19351800,,
2025-06-10,69.93,70.58,68.06,68.84,14948700,,
2025-06-11,69.39,70.24,67.64,68.24,13885500,,
2025-06-12,67.94,70.06,67.77,69.64,11862600,,
2025-06-13,68.06,68.97,66.97,67.19,14159800,,
2025-06-16,68.52,71.28,68.04,70.42,19706100,,
2025-06-17,70.22,72.75,69.17,69.99,25313400,,
2025-06-18,74.53,77.65,73.73,74.95,55359800,,
2025-06-20,77.06,77.32,73.30,73.51,46009100,,
2025-06-23,72.99,73.18,69.18,70.78,26862100,,
2025-06-24,72.39,75.44,71.91,75.21,26999800,,
2025-06-25,76.37,76.49,74.60,75.93,19426700,,
2025-06-26,79.03,81.12,77.45,79.97,37440600,,
2025-06-27,78.85,79.00,76.41,77.16,27254000,,
2025-06-30,78.40,78.44,76.71,77.40,17072900,,
2025-07-01,76.73,77.78,75.04,76.24,16702100,,
2025-07-02,76.19,79.09,73.78,74.25,39388500,,
2025-07-03,74.83,75.34,74.13,75.18,10218000,,
2025-07-07,74.43,74.81,71.45,71.55,22050900,,
2025-07-08,72.33,73.50,71.80,71.95,16356800,,
2025-07-09,72.51,73.49,71.30,72.26,18453500,,
2025-07-10,72.40,73.56,71.39,73.36,11542400,,
2025-07-11,72.57,73.18,72.12,72.71,10136000,0.06,
2025-07-14,72.11,72.95,70.48,72.51,12029400,,
2025-07-15,73.75,74.01,72.12,72.41,15683100,,
2025-07-16,70.13,71.02,68.00,70.85,26477200,,
2025-07-17,71.10,73.13,70.12,72.01,15030000,,
2025-07-18,72.35,75.26,71.15,74.65,16914800,,
2025-07-21,73.49,73.55,72.20,73.06,15595300,,
2025-07-22,72.97,73.15,70.30,71.99,12192300,,
2025-07-23,72.57,73.71,72.24,73.27,11239000,,
2025-07-24,73.67,74.12,72.39,74.04,10641400,,
2025-07-25,74.00,74.55,73.10,74.21,9830300,,
2025-07-28,75.15,76.58,74.66,75.91,13267400,,
2025-07-29,76.40,78.76,75.97,76.34,14717200,,
2025-07-30,83.11,85.27,80.57,81.74,45527600,,
2025-07-31,82.75,83.25,79.62,80.37,26433200,,
2025-08-01,77.07,77.16,73.42,74.45,28877000,,
2025-08-04,75.70,76.89,74.82,76.53,11882900,,
2025-08-05,76.91,78.00,74.96,76.63,11920800,,
2025-08-06,76.08,76.45,73.98,75.32,14469700,,
2025-08-07,76.50,77.25,74.19,75.85,14628000,,
2025-08-08,76.20,77.39,75.61,77.34,9971300,,
2025-08-11,77.95,80.01,77.19,77.28,11843600,,
2025-08-12,76.35,77.97,74.84,77.81,15547900,,
2025-08-13,78.40,80.06,78.03,79.32,11740200,,
2025-08-14,78.03,79.63,77.34,79.04,10127800,,
2025-08-15,79.42,79.42,76.17,76.19,13212900,,
2025-08-18,76.08,77.08,75.29,76.74,10192500,,
2025-08-19,76.40,76.44,71.80,72.07,16963400,,
2025-08-20,71.73,71.83,68.54,71.22,19895200,,
2025-08-21,70.46,72.00,70.05,71.21,9854100,,
2025-08-22,71.34,74.73,70.68,73.00,14435900,,
2025-08-25,72.99,73.88,72.26,72.95,10057700,,
2025-08-26,72.99,75.14,72.99,74.26,12302300,,
2025-08-27,74.20,75.03,73.82,74.79,11373500,,
2025-08-28,75.92,78.08,75.06,77.23,36895300,,
2025-08-29,64.53,65.49,62.62,62.87,96830800,,
2025-09-02,61.96,64.66,61.81,64.60,36275600,,
2025-09-03,64.05,64.52,61.72,62.31,34297300,,
2025-09-04,62.14,64.53,61.44,64.10,27726400,,
2025-09-05,63.98,64.59,62.47,63.33,25793100,,
2025-09-08,63.62,66.13,63.07,66.00,24466600,,
2025-09-09,65.86,67.44,65.19,66.84,17226000,,
2025-09-10,67.92,68.52,66.68,67.10,23751400,,
2025-09-11,67.00,68.20,66.36,66.59,13912400,,
2025-09-12,67.55,67.75,66.14,67.35,14868600,,
2025-09-15,67.45,68.11,66.33,67.43,17340800,,
2025-09-16,67.84,69.18,67.36,68.86,15931000,,
2025-09-17,68.86,72.41,68.36,70.98,29593100,,
2025-09-18,72.75,75.00,72.49,74.23,28894800,,
2025-09-19,74.75,75.37,73.32,74.26,31788100,,
2025-09-22,73.35,75.93,73.35,75.53,20037700,,
2025-09-23,75.39,76.35,74.02,74.62,21403700,,
2025-09-24,76.96,81.72,75.07,80.09,50429500,,
2025-09-25,78.11,84.46,76.32,83.81,43286000,,
2025-09-26,82.47,83.87,81.54,83.17,26715100,,
2025-09-29,83.69,85.09,82.32,82.39,20468300,,
2025-09-30,81.70,84.43,81.40,84.07,18751700,,
2025-10-01,82.40,84.11,81.35,83.89,20038400,,
2025-10-02,85.07,87.31,84.43,86.20,21698700,,
2025-10-03,86.28,87.27,85.08,86.22,15679200,,
2025-10-06,88.85,90.25,88.25,88.92,20580500,,
2025-10-07,88.97,90.89,86.03,86.97,17609500,,
2025-10-08,88.39,92.67,87.62,92.50,20451000,,
2025-10-09,91.94,92.65,90.52,90.68,14868400,,
2025-10-10,92.97,94.66,85.36,85.61,30545700,0.06,
2025-10-13,89.47,89.87,86.64,89.39,20563500,,
2025-10-14,86.80,88.82,85.33,86.22,15447600,,
2025-10-15,88.17,89.46,86.59,88.89,15202200,,
2025-10-16,89.71,91.20,87.03,88.23,12988900,,
2025-10-17,86.83,88.95,85.71,87.95,13244000,,
2025-10-20,86.64,88.72,85.45,85.84,16137500,,
2025-10-21,85.69,85.93,83.10,84.26,13242100,,
2025-10-22,81.23,83.57,79.06,81.05,19218600,,
2025-10-23,81.00,83.45,80.53,82.77,10335800,,
2025-10-24,83.88,85.79,82.70,84.13,11661400,,
2025-10-27,86.04,89.38,85.20,88.71,16331600,,
2025-10-28,88.96,89.98,87.79,88.46,13029300,,
2025-10-29,90.76,91.51,89.05,90.15,13399900,,
2025-10-30,89.28,90.46,88.36,88.57,11903800,,
2025-10-31,93.40,97.57,90.96,93.74,29320800,,
2025-11-03,93.39,94.84,90.01,90.37,14308700,,
2025-11-04,87.76,90.84,87.22,87.59,13630000,,
2025-11-05,88.33,95.39,88.15,92.90,17194500,,
2025-11-06,96.21,98.13,92.42,93.33,28022500,,
2025-11-07,91.68,92.18,85.11,90.92,20898700,,
2025-11-10,93.17,94.47,92.20,93.23,14570700,,
2025-11-11,92.03,92.67,88.52,89.33,13538500,,
2025-11-12,90.56,92.87,88.87,89.33,11846700,,
2025-11-13,87.59,88.45,84.71,87.52,17226600,,
2025-11-14,84.47,89.00,83.33,86.45,12414100,,
2025-11-17,85.43,86.72,81.86,83.45,16548600,,
2025-11-18,80.47,81.75,78.44,78.68,23426900,,
2025-11-19,79.09,81.89,78.78,81.32,13688200,,
2025-11-20,83.40,84.44,76.08,76.68,23315900,,
2025-11-21,76.76,78.92,73.62,77.45,16211000,,
2025-11-24,78.49,84.58,78.00,83.79,23945100,,
2025-11-25,82.50,83.81,80.53,83.43,11667900,,
2025-11-26,84.59,89.31,84.03,87.72,15019100,,
2025-11-28,85.90,89.53,84.52,89.40,11235600,,
2025-12-01,89.14,92.74,88.30,91.10,18143400,,
2025-12-02,92.66,93.86,91.46,92.89,38231100,,
2025-12-03,100.04,102.11,95.79,100.20,52833700,,
2025-12-04,99.41,102.77,97.18,98.19,23981800,,
2025-12-05,100.40,102.64,97.31,98.91,22219900,,
2025-12-08,90.45,92.79,88.92,92.00,40731000,,
2025-12-09,91.59,91.69,88.04,88.90,23037400,,
2025-12-10,91.33,92.85,90.15,92.47,22573600,,
2025-12-11,90.98,91.74,87.51,89.43,16593500,,
2025-12-12,87.63,89.00,83.89,84.43,21576300,,
2025-12-15,84.87,85.85,83.67,84.26,11953300,,
2025-12-16,83.58,84.45,82.23,84.07,9483800,,
2025-12-17,86.50,87.18,81.18,81.70,16662700,,
2025-12-18,84.48,85.03,82.65,84.47,12732100,,
2025-12-19,84.05,86.22,83.70,84.09,21722200,,
2025-12-22,86.58,87.35,84.45,84.80,9871000,,
2025-12-23,84.40,88.05,84.29,87.68,12334100,,
2025-12-24,87.25,87.77,86.10,86.49,5335300,,
2025-12-26,87.10,87.20,85.97,86.34,5001000,,
2025-12-29,85.33,86.10,84.20,85.76,9677700,,
2025-12-30,85.76,88.10,85.72,86.76,9583000,,
2025-12-31,86.80,86.92,84.94,84.98,7234100,,
2026-01-02,86.74,90.08,86.60,89.39,14987500,,
2026-01-05,93.02,93.97,88.12,90.23,21328400,,
2026-01-06,92.70,94.20,86.77,88.23,24322700,,
2026-01-07,86.52,86.54,83.59,84.64,17230800,,
2026-01-08,84.70,84.92,82.88,83.45,10695900,,
2026-01-09,84.03,84.45,82.19,83.22,13486300,0.06,
2026-01-12,82.42,83.75,82.08,82.89,10146600,,
2026-01-13,83.51,84.06,82.75,83.05,9133500,,
2026-01-14,82.96,83.00,79.27,81.21,15295700,,
2026-01-15,82.72,82.94,80.00,80.38,16593500,,
2026-01-16,81.45,82.48,80.30,80.46,15011200,,
2026-01-20,79.31,83.48,79.02,79.80,18688000,,
2026-01-21,80.40,84.29,80.40,82.55,17134300,,
2026-01-22,84.47,85.35,82.74,83.10,12997600,,
2026-01-23,81.22,82.02,79.72,80.23,13924600,,
2026-01-26,79.82,83.44,79.56,81.77,12464600,,
2026-01-27,82.87,83.74,81.30,82.93,11307900,,
2026-01-28,84.58,85.47,82.70,83.62,10311000,,
2026-01-29,81.94,82.44,78.30,81.34,13944900,,
2026-01-30,80.05,81.70,78.18,78.92,12581400,,
2026-02-02,77.61,78.98,76.72,78.66,14513000,,
2026-02-03,78.54,78.97,72.79,75.54,22563900,,
2026-02-04,75.00,76.06,71.78,73.73,17506200,,
2026-02-05,72.88,74.79,70.69,74.21,19202000,,
2026-02-06,76.84,80.75,76.52,80.28,22581800,,
2026-02-09,79.61,83.06,78.67,82.35,13775400,,
2026-02-10,82.69,83.40,81.49,82.01,10561400,,
2026-02-11,83.60,83.78,79.21,81.34,11636700,,
2026-02-12,82.19,82.19,77.44,78.23,13643800,,
2026-02-13,77.95,79.97,77.75,78.61,7615400,,
2026-02-17,77.32,80.32,76.63,79.01,10568500,,
2026-02-18,79.15,80.40,78.49,79.09,8408200,,
2026-02-19,78.38,79.67,77.72,79.61,6512200,,
2026-02-20,78.24,80.34,77.60,79.48,8795300,,
2026-02-23,78.39,79.11,76.07,77.79,11622600,,
2026-02-24,78.00,79.70,77.18,78.39,8396200,,
2026-02-25,79.01,81.19,78.97,80.92,10524700,,
2026-02-26,81.11,81.63,77.15,79.29,12326500,,
2026-02-27,80.03,82.29,78.66,81.69,20253800,,
2026-03-02,79.63,82.82,79.40,80.86,15228500,,
2026-03-03,77.85,79.08,76.65,77.51,15826400,,
2026-03-04,78.70,79.50,77.26,78.09,14677500,,
2026-03-05,78.90,80.26,75.24,75.68,42620200,,
2026-03-06,84.72,93.40,83.40,89.57,90071100,,
2026-03-09,87.93,92.93,84.20,92.65,38873500,,
2026-03-10,92.57,95.05,91.62,93.30,26499500,,
2026-03-11,93.60,95.01,90.18,90.44,18446200,,
2026-03-12,89.85,90.03,87.37,87.67,16854400,,
2026-03-13,87.76,90.50,86.82,87.86,14108100,,
2026-03-16,89.15,92.52,89.12,91.58,15875500,,
2026-03-17,92.30,93.44,90.35,90.79,11622600,,
2026-03-18,90.80,92.02,87.17,87.62,16096700,,
2026-03-19,86.27,89.74,85.13,89.53,13388800,,
2026-03-20,88.90,90.48,86.66,87.91,25570400,,
2026-03-23,89.45,91.58,88.74,90.16,14126700,,
2026-03-24,88.84,93.16,88.80,92.36,13731200,,
2026-03-25,94.08,98.82,94.00,98.45,22562400,,
2026-03-26,97.96,100.65,97.22,97.68,26078500,,
2026-03-27,98.78,99.63,93.40,94.88,16507100,,
2026-03-30,95.12,96.50,86.61,87.81,21463200,,
2026-03-31,96.40,99.56,93.05,99.05,51286100,,
2026-04-01,100.82,107.84,100.49,106.71,44072500,,
2026-04-02,102.30,107.26,101.13,107.11,23667100,,
2026-04-06,109.45,111.89,106.00,109.51,22700500,,
2026-04-07,108.38,110.12,106.02,109.38,18965200,,
2026-04-08,114.00,115.66,110.45,114.45,29455900,,
2026-04-09,118.96,121.97,117.83,119.93,32718500,,
2026-04-10,123.66,129.84,123.60,128.49,41187000,0.06,
2026-04-13,129.97,133.20,128.97,131.30,31264700,,
2026-04-14,136.11,136.90,130.84,133.83,33600700,,
2026-04-15,132.39,138.19,131.88,134.60,23450100,,
2026-04-16,132.26,134.69,128.42,133.37,20830200,,
2026-04-17,134.88,139.91,133.16,139.69,26341300,,
2026-04-20,147.51,149.58,143.93,147.84,39548500,,
2026-04-21,148.70,154.95,147.85,151.31,31901100,,
2026-04-22,153.66,158.69,151.09,157.32,30765800,,
2026-04-23,157.94,167.86,157.77,165.56,36938700,,
2026-04-24,169.87,170.84,158.51,164.31,37599100,,
2026-04-27,162.13,163.45,151.09,158.21,30281800,,
2026-04-28,147.91,156.00,146.85,153.23,27128700,,
2026-04-29,153.77,157.21,151.30,156.57,20649000,,
2026-04-30,160.34,165.61,156.36,165.15,20327000,,
2026-05-01,162.35,166.39,159.26,164.95,13071700,,
2026-05-04,165.48,166.82,162.26,163.66,14547000,,
2026-05-05,168.28,172.98,164.58,168.75,22284400,,
2026-05-06,172.60,175.80,165.00,172.15,23205300,,
2026-05-07,171.20,171.52,158.55,160.01,23683600,,
2026-05-08,164.69,170.59,162.90,170.13,20589000,,
2026-05-11,163.67,174.16,162.49,170.84,22947600,,
2026-05-12,165.46,168.73,157.96,164.50,21367800,,
2026-05-13,169.09,182.31,168.91,177.95,31862600,,
2026-05-14,180.88,192.15,177.33,182.58,32661100,,
2026-05-15,173.90,182.14,173.34,176.89,24757300,,
2026-05-18,181.77,182.71,165.10,168.93,24439000,,
2026-05-19,164.61,181.64,162.85,176.27,25003300,,
2026-05-20,183.45,193.32,182.28,186.80,29808100,,
2026-05-21,192.51,194.58,188.20,190.69,21506100,,
2026-05-22,194.72,198.40,192.22,196.33,19823200,,
2026-05-26,211.24,217.45,200.04,208.26,42558200,,
2026-05-27,217.98,218.26,196.25,198.70,54198500,,
2026-05-28,198.75,207.40,194.70,204.83,52624900,,
2026-05-29,204.44,208.76,199.20,205.00,34024700,,
2026-06-01,198.91,225.14,195.12,219.43,32926900,,
2026-06-02,253.46,291.30,252.43,290.79,112646200,,
2026-06-03,317.63,324.20,294.01,301.65,115542800,,
2026-06-04,282.95,321.50,277.56,316.43,86903500,,
2026-06-05,299.50,300.72,261.39,263.47,93976400,,
2026-06-08,288.69,304.96,281.36,288.85,84575500,,
2026-06-09,299.76,302.40,244.00,266.88,94754500,,
2026-06-10,263.50,272.47,252.26,252.59,54175100,,
2026-06-11,260.54,282.32,258.43,280.71,57254500,,
2026-06-12,270.07,287.98,267.31,279.70,42047300,,
2026-06-15,296.71,312.98,288.09,308.88,54963600,,
2026-06-16,299.13,317.00,278.13,278.67,59201300,,
2026-06-17,292.89,307.37,283.32,289.54,50607300,,
2026-06-18,305.47,329.88,302.36,310.58,250989400,,
2026-06-22,313.39,314.17,298.18,307.86,49225100,,
2026-06-23,278.82,290.95,276.25,279.04,46361100,,
2026-06-24,281.95,281.95,263.66,276.70,35747400,,
2026-06-25,291.18,292.51,263.72,281.26,39131600,,
2026-06-26,268.37,274.20,262.00,266.77,41986200,,
2026-06-29,272.41,278.28,250.52,277.75,31749200,,
2026-06-30,278.75,300.00,275.50,297.89,37520100,,
2026-07-01,282.47,292.50,271.35,272.05,33822700,,
2026-07-02,269.50,274.95,237.20,245.29,38435900,,
2026-07-06,254.82,260.46,249.04,249.27,25703100,,
2026-07-07,234.92,237.44,222.94,230.70,36163800,,
2026-07-08,225.16,236.79,224.98,231.71,25541800,,
2026-07-09,246.18,251.70,241.10,243.27,21245300,,
2026-07-10,237.79,240.94,232.02,235.81,15106000,0.06,
2026-07-13,228.78,228.80,215.28,217.53,25615300,,
2026-07-14,231.57,232.00,218.63,222.44,20705500,,
2026-07-15,222.16,223.30,201.22,206.26,26827600,,
2026-07-16,200.12,201.94,186.15,188.30,34893000,,
2026-07-17,182.23,194.05,177.95,188.68,29656300,,
2026-07-20,193.01,202.08,191.99,194.94,25070600,,
2026-07-21,205.56,210.60,202.84,207.96,22153600,,
2026-07-22,201.15,214.92,200.58,210.99,16890300,,
2026-07-23,207.86,214.56,205.02,209.32,16359900,,
2026-07-24,202.91,206.07,191.29,194.23,19837100,,
2026-07-27,198.72,199.79,181.76,189.17,21637700,,
2026-07-28,180.00,181.48,167.32,174.47,29188500,,
2026-07-29,174.03,177.80,162.90,163.40,25708900,,
2026-07-30,178.38,184.35,175.15,183.30,29861700,,
2026-07-31,199.38,201.35,187.12,187.56,26835500,,
2026-08-03,180.52,194.44,177.57,193.78,21015800,,
2026-08-04,210.01,222.67,208.00,218.59,33795100,,
