date,open,high,low,close,volume,div,split
2016-08-04,56.80,57.52,56.67,57.39,26587700,,
2016-08-05,57.65,58.21,57.45,57.96,29335200,,
2016-08-08,58.06,58.09,57.78,58.06,19473500,,
2016-08-09,58.17,58.50,58.02,58.20,16920700,,
2016-08-10,58.16,58.32,57.82,58.02,15756900,,
2016-08-11,58.03,58.45,58.03,58.30,18162300,,
2016-08-12,58.03,58.19,57.62,57.94,21655200,,
2016-08-15,58.01,58.50,57.96,58.12,19283900,,
2016-08-16,57.61,57.62,57.27,57.44,20523500,0.36,
2016-08-17,57.54,57.68,57.23,57.56,18856400,,
2016-08-18,57.42,57.70,57.27,57.60,14214300,,
2016-08-19,57.43,57.73,57.20,57.62,17271000,,
2016-08-22,57.60,57.75,57.26,57.67,15221900,,
2016-08-23,57.90,58.18,57.85,57.89,18732400,,
2016-08-24,57.80,58.04,57.72,57.95,18151500,,
2016-08-25,57.88,58.29,57.78,58.17,18552600,,
2016-08-26,58.28,58.70,57.69,58.03,20971200,,
2016-08-29,58.18,58.60,58.10,58.10,16417200,,
2016-08-30,57.98,58.19,57.61,57.89,16930200,,
2016-08-31,57.65,57.80,57.30,57.46,20860300,,
2016-09-01,57.01,57.82,57.01,57.59,26075400,,
2016-09-02,57.67,58.19,57.42,57.67,18900500,,
2016-09-06,57.78,57.80,57.21,57.61,16278400,,
2016-09-07,57.47,57.84,57.41,57.66,17493400,,
2016-09-08,57.63,57.79,57.18,57.43,20146100,,
2016-09-09,56.79,57.52,56.21,56.21,35113900,,
2016-09-12,56.00,57.21,55.61,57.05,29303000,,
2016-09-13,56.50,56.65,56.05,56.53,30130200,,
2016-09-14,56.39,56.63,56.03,56.26,24062500,,
2016-09-15,56.15,57.35,55.98,57.19,26847000,,
2016-09-16,57.63,57.63,56.75,57.25,44607000,,
2016-09-19,57.27,57.75,56.85,56.93,20937100,,
2016-09-20,57.35,57.35,56.75,56.81,17384000,,
2016-09-21,57.51,57.85,57.08,57.76,33707300,,
2016-09-22,57.92,58.00,57.63,57.82,19822200,,
2016-09-23,57.87,57.91,57.38,57.43,19955300,,
2016-09-26,57.08,57.14,56.83,56.90,21688700,,
2016-09-27,56.93,58.06,56.68,57.95,28065100,,
2016-09-28,57.88,58.06,57.67,58.03,20536400,,
2016-09-29,57.81,58.17,57.21,57.40,25463500,,
2016-09-30,57.57,57.77,57.34,57.60,29910800,,
2016-10-03,57.41,57.55,57.06,57.42,19189500,,
2016-10-04,57.27,57.60,56.97,57.24,20085900,,
2016-10-05,57.29,57.96,57.26,57.64,16726400,,
2016-10-06,57.74,57.86,57.28,57.74,16212600,,
2016-10-07,57.85,57.98,57.42,57.80,20089000,,
2016-10-10,57.91,58.39,57.87,58.04,18196500,,
2016-10-11,57.89,58.02,56.89,57.19,26497400,,
2016-10-12,57.11,57.27,56.40,57.11,22177500,,
2016-10-13,56.70,57.30,56.32,56.92,25313700,,
2016-10-14,57.12,57.74,57.12,57.42,27402500,,
2016-10-17,57.36,57.46,56.87,57.22,23830000,,
2016-10-18,57.53,57.95,57.41,57.66,19149500,,
2016-10-19,57.47,57.84,57.40,57.53,22878400,,
2016-10-20,57.50,57.52,56.66,57.25,49455600,,
2016-10-21,60.28,60.45,59.49,59.66,80032200,,
2016-10-24,59.94,61.00,59.93,61.00,54067000,,
2016-10-25,60.85,61.37,60.80,60.99,35137200,,
2016-10-26,60.81,61.20,60.47,60.63,29911600,,
2016-10-27,60.61,60.83,60.09,60.10,28479900,,
2016-10-28,60.01,60.52,59.58,59.87,33574700,,
2016-10-31,60.16,60.42,59.92,59.92,26434700,,
2016-11-01,59.97,60.02,59.25,59.80,24533000,,
2016-11-02,59.82,59.93,59.30,59.43,22147000,,
2016-11-03,59.53,59.64,59.11,59.21,21600400,,
2016-11-04,58.65,59.28,58.52,58.71,28697000,,
2016-11-07,59.78,60.52,59.78,60.42,31664800,,
2016-11-08,60.55,60.78,60.15,60.47,22935400,,
2016-11-09,60.00,60.59,59.20,60.17,49632500,,
2016-11-10,60.48,60.49,57.63,58.70,57822400,,
2016-11-11,58.23,59.12,58.01,59.02,38767800,,
2016-11-14,59.02,59.08,57.28,58.12,41328400,,
2016-11-15,58.33,59.49,58.32,58.87,35904100,0.39,
2016-11-16,58.94,59.66,58.81,59.65,27332500,,
2016-11-17,60.41,60.95,59.97,60.64,32132700,,
2016-11-18,60.78,61.14,60.30,60.35,27686300,,
2016-11-21,60.50,60.97,60.42,60.86,19652600,,
2016-11-22,60.98,61.26,60.81,61.12,23206700,,
2016-11-23,61.01,61.10,60.25,60.40,21848900,,
2016-11-25,60.30,60.53,60.13,60.53,8409600,,
2016-11-28,60.34,61.02,60.21,60.61,20732600,,
2016-11-29,60.65,61.41,60.52,61.09,22366700,,
2016-11-30,60.86,61.18,60.22,60.26,34655400,,
2016-12-01,60.11,60.15,58.94,59.20,34542100,,
2016-12-02,59.08,59.47,58.80,59.25,25515700,,
2016-12-05,59.70,60.59,59.56,60.22,23552700,,
2016-12-06,60.43,60.46,59.80,59.95,19907000,,
2016-12-07,60.01,61.38,59.80,61.37,30809000,,
2016-12-08,61.30,61.58,60.84,61.01,21220800,,
2016-12-09,61.18,61.99,61.13,61.97,27349400,,
2016-12-12,61.82,62.30,61.72,62.17,20198100,,
2016-12-13,62.50,63.42,62.24,62.98,35718900,,
2016-12-14,63.00,63.45,62.53,62.68,30352700,,
2016-12-15,62.70,63.15,62.30,62.58,27669900,,
2016-12-16,62.95,62.95,62.12,62.30,42453100,,
2016-12-19,62.56,63.77,62.42,63.62,34338200,,
2016-12-20,63.69,63.80,63.03,63.54,26028400,,
2016-12-21,63.43,63.70,63.12,63.54,17096300,,
2016-12-22,63.84,64.10,63.41,63.55,22176600,,
2016-12-23,63.45,63.54,62.80,63.24,12403800,,
2016-12-27,63.21,64.07,63.21,63.28,11763200,,
2016-12-28,63.40,63.40,62.83,62.99,14653300,,
2016-12-29,62.86,63.20,62.73,62.90,10250600,,
2016-12-30,62.96,62.99,62.03,62.14,25579900,,
2017-01-03,62.79,62.84,62.13,62.58,20694100,,
2017-01-04,62.48,62.75,62.12,62.30,21340000,,
2017-01-05,62.19,62.66,62.03,62.30,24876000,,
2017-01-06,62.30,63.15,62.04,62.84,19922900,,
2017-01-09,62.76,63.08,62.54,62.64,20382700,,
2017-01-10,62.73,63.07,62.28,62.62,18593000,,
2017-01-11,62.61,63.23,62.43,63.19,21517300,,
2017-01-12,63.06,63.40,61.95,62.61,20968200,,
2017-01-13,62.62,62.87,62.35,62.70,19422300,,
2017-01-17,62.68,62.70,62.03,62.53,20664000,,
2017-01-18,62.67,62.70,62.12,62.50,19670100,,
2017-01-19,62.24,62.98,62.20,62.30,18451700,,
2017-01-20,62.67,62.82,62.37,62.74,30213500,,
2017-01-23,62.70,63.12,62.57,62.96,23097600,,
2017-01-24,63.20,63.74,62.94,63.52,24672900,,
2017-01-25,63.95,64.10,63.45,63.68,23672700,,
2017-01-26,64.12,64.54,63.55,64.27,43554600,,
2017-01-27,65.39,65.91,64.89,65.78,44818000,,
2017-01-30,65.69,65.79,64.80,65.13,31651400,,
2017-01-31,64.86,65.15,64.26,64.65,25270500,,
2017-02-01,64.36,64.62,63.47,63.58,39671500,,
2017-02-02,63.25,63.41,62.75,63.17,45827000,,
2017-02-03,63.50,63.70,63.07,63.68,30301800,,
2017-02-06,63.50,63.65,63.14,63.64,19796400,,
2017-02-07,63.74,63.78,63.23,63.43,20277200,,
2017-02-08,63.57,63.81,63.22,63.34,18096400,,
2017-02-09,63.52,64.44,63.32,64.06,22644400,,
2017-02-10,64.25,64.30,63.98,64.00,18170700,,
2017-02-13,64.24,64.86,64.13,64.72,22920100,,
2017-02-14,64.41,64.72,64.02,64.57,23108400,0.39,
2017-02-15,64.50,64.57,64.16,64.53,17005200,,
2017-02-16,64.74,65.24,64.44,64.52,20546300,,
2017-02-17,64.47,64.69,64.30,64.62,21248800,,
2017-02-21,64.61,64.95,64.45,64.49,20655900,,
2017-02-22,64.33,64.39,64.05,64.36,19292700,,
2017-02-23,64.42,64.73,64.19,64.62,20273100,,
2017-02-24,64.53,64.80,64.14,64.62,21796800,,
2017-02-27,64.54,64.54,64.05,64.23,15871500,,
2017-02-28,64.08,64.20,63.76,63.98,23239800,,
2017-03-01,64.13,64.99,64.02,64.94,26937500,,
2017-03-02,64.69,64.75,63.88,64.01,24539600,,
2017-03-03,63.99,64.28,63.62,64.25,18135900,,
2017-03-06,63.97,64.56,63.81,64.27,18750300,,
2017-03-07,64.19,64.78,64.19,64.40,18521000,,
2017-03-08,64.26,65.08,64.25,64.99,21510900,,
2017-03-09,65.19,65.20,64.48,64.73,19846800,,
2017-03-10,65.11,65.26,64.75,64.93,19538200,,
2017-03-13,65.01,65.19,64.57,64.71,20100000,,
2017-03-14,64.53,64.55,64.15,64.41,14280200,,
2017-03-15,64.55,64.92,64.25,64.75,24833800,,
2017-03-16,64.75,64.76,64.30,64.64,20674300,,
2017-03-17,64.91,65.24,64.68,64.87,49219700,,
2017-03-20,64.91,65.18,64.72,64.93,14598100,,
2017-03-21,65.19,65.50,64.13,64.21,26640500,,
2017-03-22,64.12,65.14,64.12,65.03,20680000,,
2017-03-23,64.94,65.24,64.77,64.87,19269200,,
2017-03-24,65.36,65.45,64.76,64.98,22617100,,
2017-03-27,64.63,65.22,64.35,65.10,18614700,,
2017-03-28,64.96,65.47,64.65,65.29,20080400,,
2017-03-29,65.12,65.50,64.95,65.47,13618400,,
2017-03-30,65.42,65.98,65.36,65.71,15122800,,
2017-03-31,65.65,66.19,65.45,65.86,21040300,,
2017-04-03,65.81,65.94,65.19,65.55,20400900,,
2017-04-04,65.39,65.81,65.28,65.73,12997400,,
2017-04-05,66.30,66.35,65.44,65.56,21448600,,
2017-04-06,65.60,66.06,65.48,65.73,18103500,,
2017-04-07,65.85,65.96,65.44,65.68,14108500,,
2017-04-10,65.61,65.82,65.36,65.53,17952700,,
2017-04-11,65.60,65.61,64.85,65.48,18791500,,
2017-04-12,65.42,65.51,65.11,65.23,17108500,,
2017-04-13,65.29,65.86,64.95,64.95,17896500,,
2017-04-17,65.04,65.49,65.01,65.48,16689300,,
2017-04-18,65.33,65.71,65.16,65.39,15155600,,
2017-04-19,65.65,65.75,64.89,65.04,26992800,,
2017-04-20,65.46,65.75,65.14,65.50,22299500,,
2017-04-21,65.67,66.70,65.45,66.40,32522600,,
2017-04-24,67.48,67.66,67.10,67.53,29770000,,
2017-04-25,67.90,68.04,67.60,67.92,30242700,,
2017-04-26,68.08,68.31,67.62,67.83,26190800,,
2017-04-27,68.15,68.38,67.58,68.27,34971000,,
2017-04-28,68.91,69.14,67.69,68.46,39548800,,
2017-05-01,68.68,69.55,68.50,69.41,31954400,,
2017-05-02,69.71,69.71,69.13,69.30,23906100,,
2017-05-03,69.38,69.38,68.71,69.08,28928000,,
2017-05-04,69.03,69.08,68.64,68.81,21749400,,
2017-05-05,68.90,69.03,68.49,69.00,19128800,,
2017-05-08,68.97,69.05,68.42,68.94,18566100,,
2017-05-09,68.86,69.28,68.68,69.04,22858400,,
2017-05-10,68.99,69.56,68.92,69.31,17977800,,
2017-05-11,68.36,68.73,68.12,68.46,28789400,,
2017-05-12,68.61,68.61,68.04,68.38,18714100,,
2017-05-15,68.14,68.48,67.57,68.43,31530300,,
2017-05-16,68.23,69.44,68.16,69.41,34956000,0.39,
2017-05-17,68.89,69.10,67.43,67.48,30548800,,
2017-05-18,67.40,68.13,67.14,67.71,25201300,,
2017-05-19,67.50,68.10,67.43,67.69,26961100,,
2017-05-22,67.89,68.50,67.50,68.45,16237600,,
2017-05-23,68.72,68.75,68.38,68.68,15425800,,
2017-05-24,68.87,68.88,68.45,68.77,14593900,,
2017-05-25,68.97,69.88,68.91,69.62,21854100,,
2017-05-26,69.80,70.22,69.52,69.96,19827900,,
2017-05-30,69.79,70.41,69.77,70.41,17072800,,
2017-05-31,70.53,70.74,69.81,69.84,30436400,,
2017-06-01,70.24,70.61,69.45,70.10,21603600,,
2017-06-02,70.44,71.86,70.24,71.76,34770300,,
2017-06-05,71.97,72.89,71.81,72.28,33316800,,
2017-06-06,72.30,72.62,72.27,72.52,31511100,,
2017-06-07,72.64,72.77,71.95,72.39,22301800,,
2017-06-08,72.51,72.52,71.50,71.95,24588300,,
2017-06-09,72.04,72.08,68.59,70.32,49187400,,
2017-06-12,69.25,69.94,68.13,69.78,47761700,,
2017-06-13,70.02,70.82,69.96,70.65,25258600,,
2017-06-14,70.91,71.10,69.43,70.27,25510700,,
2017-06-15,69.27,70.21,68.80,69.90,26068700,,
2017-06-16,69.73,70.03,69.22,70.00,48345100,,
2017-06-19,70.50,70.94,70.35,70.87,23798300,,
2017-06-20,70.82,70.87,69.87,69.91,21512200,,
2017-06-21,70.21,70.62,69.94,70.27,19891100,,
2017-06-22,70.54,70.59,69.71,70.26,22965700,,
2017-06-23,70.09,71.25,69.92,71.21,27617300,,
2017-06-26,71.40,71.71,70.44,70.53,19607000,,
2017-06-27,70.11,70.18,69.18,69.21,25215100,,
2017-06-28,69.21,69.84,68.79,69.80,25806200,,
2017-06-29,69.38,69.49,68.09,68.49,28918700,,
2017-06-30,68.78,69.38,68.74,68.93,24161100,,
2017-07-03,69.33,69.60,68.02,68.17,16165500,,
2017-07-05,68.26,69.44,68.22,69.08,21176300,,
2017-07-06,68.27,68.78,68.12,68.57,21117600,,
2017-07-07,68.70,69.84,68.70,69.46,16878300,,
2017-07-10,69.46,70.25,69.20,69.98,15014500,,
2017-07-11,70.00,70.68,69.75,69.99,17460000,,
2017-07-12,70.69,71.28,70.55,71.15,17750900,,
2017-07-13,71.50,72.04,71.31,71.77,20269800,,
2017-07-14,72.24,73.27,71.96,72.78,25868100,,
2017-07-17,72.80,73.45,72.72,73.35,21803900,,
2017-07-18,73.09,73.39,72.66,73.30,26435300,,
2017-07-19,73.50,74.04,73.45,73.86,22416200,,
2017-07-20,74.18,74.30,73.28,74.22,42361000,,
2017-07-21,73.45,74.29,73.17,73.79,46717100,,
2017-07-24,73.53,73.75,73.13,73.60,21394800,,
2017-07-25,73.80,74.31,73.50,74.19,22018700,,
2017-07-26,74.34,74.38,73.81,74.05,16252200,,
2017-07-27,73.76,74.42,72.32,73.16,36844200,,
2017-07-28,72.67,73.31,72.54,73.04,18306700,,
2017-07-31,73.30,73.44,72.41,72.70,23600100,,
2017-08-01,73.10,73.42,72.49,72.58,22132300,,
2017-08-02,72.55,72.56,71.44,72.26,26499200,,
2017-08-03,72.19,72.44,71.85,72.15,18214400,,
2017-08-04,72.40,73.04,72.24,72.68,22579000,,
2017-08-07,72.80,72.90,72.26,72.40,18705700,,
2017-08-08,72.09,73.13,71.75,72.79,22044600,,
2017-08-09,72.25,72.51,72.05,72.47,22213400,,
2017-08-10,71.90,72.19,71.35,71.41,24734500,,
2017-08-11,71.61,72.70,71.28,72.50,21443700,,
2017-08-14,73.06,73.72,72.95,73.59,20096600,,
2017-08-15,73.59,73.59,73.04,73.22,19181400,0.39,
2017-08-16,73.34,74.10,73.17,73.65,18150400,,
2017-08-17,73.58,73.87,72.40,72.40,22977500,,
2017-08-18,72.27,72.84,71.93,72.49,18761500,,
2017-08-21,72.47,72.48,71.70,72.15,17734800,,
2017-08-22,72.35,73.24,72.35,73.16,14343700,,
2017-08-23,72.96,73.15,72.53,72.72,13766500,,
2017-08-24,72.74,72.86,72.07,72.69,17098300,,
2017-08-25,72.86,73.35,72.48,72.82,12794300,,
2017-08-28,73.06,73.09,72.55,72.83,14569700,,
2017-08-29,72.25,73.16,72.05,73.05,11478400,,
2017-08-30,73.01,74.21,72.83,74.01,16897800,,
2017-08-31,74.03,74.96,73.80,74.77,27652800,,
2017-09-01,74.71,74.74,73.64,73.94,21736200,,
2017-09-05,73.34,73.89,72.98,73.61,21556000,,
2017-09-06,73.74,74.04,73.35,73.40,16535800,,
2017-09-07,73.68,74.60,73.60,74.34,17471200,,
2017-09-08,74.33,74.44,73.84,73.98,14703800,,
2017-09-11,74.31,74.94,74.31,74.76,17910400,,
2017-09-12,74.76,75.24,74.37,74.68,14394900,,
2017-09-13,74.93,75.23,74.55,75.21,13380800,,
2017-09-14,75.00,75.49,74.52,74.77,15733900,,
2017-09-15,74.83,75.39,74.07,75.31,38578400,,
2017-09-18,75.23,75.97,75.04,75.16,23307000,,
2017-09-19,75.21,75.71,75.01,75.44,16093300,,
2017-09-20,75.35,75.55,74.31,74.94,21587900,,
2017-09-21,75.11,75.24,74.11,74.21,19186100,,
2017-09-22,73.99,74.51,73.85,74.41,14111400,,
2017-09-25,74.09,74.25,72.92,73.26,24149200,,
2017-09-26,73.67,73.81,72.99,73.26,18019600,,
2017-09-27,73.55,74.17,73.17,73.85,19565100,,
2017-09-28,73.54,73.97,73.31,73.87,10883800,,
2017-09-29,73.94,74.54,73.88,74.49,17079100,,
2017-10-02,74.71,75.01,74.30,74.61,15304800,,
2017-10-03,74.67,74.88,74.19,74.26,12190400,,
2017-10-04,74.09,74.72,73.71,74.69,13317700,,
2017-10-05,75.22,76.12,74.96,75.97,21195300,,
2017-10-06,75.67,76.03,75.54,76.00,13959800,,
2017-10-09,75.97,76.55,75.86,76.29,11386500,,
2017-10-10,76.33,76.63,76.14,76.29,13944500,,
2017-10-11,76.36,76.46,75.95,76.42,15388900,,
2017-10-12,76.49,77.29,76.37,77.12,16876500,,
2017-10-13,77.59,77.87,77.29,77.49,15335700,,
2017-10-16,77.42,77.81,77.35,77.65,12380100,,
2017-10-17,77.47,77.62,77.25,77.59,16824000,,
2017-10-18,77.67,77.85,77.37,77.61,13300700,,
2017-10-19,77.57,77.93,77.35,77.91,15092800,,
2017-10-20,78.32,78.97,78.22,78.81,22866400,,
2017-10-23,78.99,79.34,78.76,78.83,20627200,,
2017-10-24,78.90,79.20,78.46,78.86,17517200,,
2017-10-25,78.58,79.10,78.01,78.63,20410800,,
2017-10-26,79.20,79.42,78.75,78.76,32120700,,
2017-10-27,84.37,86.20,83.61,83.81,71066700,,
2017-10-30,83.70,84.33,83.11,83.89,31756700,,
2017-10-31,84.36,84.36,83.11,83.18,27086600,,
2017-11-01,83.68,83.76,82.88,83.18,22307400,,
2017-11-02,83.35,84.46,83.12,84.05,23992900,,
2017-11-03,84.08,84.54,83.40,84.14,17633500,,
2017-11-06,84.20,84.70,84.08,84.47,19860900,,
2017-11-07,84.77,84.90,83.93,84.27,17939700,,
2017-11-08,84.14,84.61,83.83,84.56,18034200,,
2017-11-09,84.11,84.27,82.90,84.09,21178400,,
2017-11-10,83.79,84.10,83.23,83.87,19397800,,
2017-11-13,83.66,83.94,83.46,83.93,14196900,,
2017-11-14,83.50,84.10,82.98,84.05,18801300,,
2017-11-15,83.47,83.69,82.69,82.98,19383100,0.42,
2017-11-16,83.10,83.42,82.94,83.20,20962800,,
2017-11-17,83.12,83.12,82.24,82.40,22079000,,
2017-11-20,82.40,82.59,82.25,82.53,16315000,,
2017-11-21,82.74,83.84,82.74,83.72,21237500,,
2017-11-22,83.83,83.90,83.04,83.11,20553100,,
2017-11-24,83.01,83.43,82.78,83.26,7425600,,
2017-11-27,83.31,83.98,83.30,83.87,18265200,,
2017-11-28,84.07,85.06,84.02,84.88,21926000,,
2017-11-29,84.71,84.92,83.18,83.34,27381100,,
2017-11-30,83.51,84.52,83.34,84.17,33054600,,
2017-12-01,83.60,84.81,83.22,84.26,29532100,,
2017-12-04,84.42,84.43,80.70,81.08,39094900,,
2017-12-05,81.34,82.68,80.98,81.59,26152300,,
2017-12-06,81.55,83.14,81.43,82.78,26162100,,
2017-12-07,82.54,82.80,82.00,82.49,23184500,,
2017-12-08,83.63,84.58,83.33,84.16,24489100,,
2017-12-11,84.29,85.37,84.12,85.23,22857900,,
2017-12-12,85.31,86.05,85.08,85.58,23924100,,
2017-12-13,85.74,86.00,85.17,85.35,22062700,,
2017-12-14,85.43,85.87,84.53,84.69,19306000,,
2017-12-15,85.26,87.09,84.88,86.85,53936700,,
2017-12-18,87.12,87.50,86.23,86.38,22283800,,
2017-12-19,86.35,86.35,85.27,85.83,23524800,,
2017-12-20,86.20,86.30,84.71,85.52,23674900,,
2017-12-21,86.05,86.10,85.40,85.50,17990700,,
2017-12-22,85.40,85.63,84.92,85.51,14145800,,
2017-12-26,85.31,85.53,85.03,85.40,9891200,,
2017-12-27,85.65,85.98,85.22,85.71,14678000,,
2017-12-28,85.90,85.93,85.55,85.72,10594300,,
2017-12-29,85.63,86.05,85.50,85.54,18717400,,
2018-01-02,86.13,86.31,85.50,85.95,22483800,,
2018-01-03,86.06,86.51,85.97,86.35,26061400,,
2018-01-04,86.59,87.66,86.57,87.11,21912000,,
2018-01-05,87.66,88.41,87.43,88.19,23407100,,
2018-01-08,88.20,88.58,87.60,88.28,22113000,,
2018-01-09,88.65,88.73,87.86,88.22,19484300,,
2018-01-10,87.86,88.19,87.41,87.82,18652200,,
2018-01-11,88.13,88.13,87.24,88.08,17808900,,
2018-01-12,88.67,89.78,88.45,89.60,24271500,,
2018-01-16,90.10,90.79,88.01,88.35,36599700,,
2018-01-17,89.08,90.28,88.75,90.14,25621200,,
2018-01-18,89.80,90.67,89.66,90.10,24159700,,
2018-01-19,90.14,90.61,89.66,90.00,36875000,,
2018-01-22,90.00,91.62,89.74,91.61,23601600,,
2018-01-23,91.90,92.30,91.54,91.90,23412800,,
2018-01-24,92.55,93.43,91.58,91.82,33277500,,
2018-01-25,92.47,93.24,91.93,92.33,26383200,,
2018-01-26,93.12,94.06,92.58,94.06,29172200,,
2018-01-29,95.14,95.45,93.72,93.92,31569900,,
2018-01-30,93.30,93.66,92.10,92.74,38635100,,
2018-01-31,93.75,95.40,93.51,95.01,48756300,,
2018-02-01,94.79,96.07,93.58,94.26,47227900,,
2018-02-02,93.64,93.97,91.50,91.78,47867800,,
2018-02-05,90.56,93.24,88.00,88.00,51031500,,
2018-02-06,86.89,91.48,85.25,91.33,67998600,,
2018-02-07,90.49,91.77,89.20,89.61,41107600,,
2018-02-08,89.71,89.88,84.76,85.01,55628700,,
2018-02-09,86.30,88.93,83.83,88.18,63499100,,
2018-02-12,88.74,89.78,87.93,89.13,35720300,,
2018-02-13,88.93,90.00,87.80,89.83,26407700,,
2018-02-14,88.51,90.99,88.41,90.81,34960900,0.42,
2018-02-15,91.21,92.72,90.62,92.66,27823900,,
2018-02-16,92.45,93.50,91.80,92.00,30596900,,
2018-02-20,91.48,93.06,91.01,92.72,30911700,,
2018-02-21,92.98,93.36,91.49,91.49,26922500,,
2018-02-22,92.05,92.73,91.36,91.73,24392800,,
2018-02-23,93.60,94.07,92.36,94.06,26329200,,
2018-02-26,94.40,95.45,94.25,95.42,30199800,,
2018-02-27,95.74,95.84,94.20,94.20,25869100,,
2018-02-28,94.84,95.71,93.63,93.77,31167300,,
2018-03-01,93.99,94.57,91.84,92.85,37135600,,
2018-03-02,91.58,93.15,90.86,93.05,32830400,,
2018-03-05,92.34,94.27,92.26,93.64,23901600,,
2018-03-06,94.34,94.49,92.94,93.32,22175800,,
2018-03-07,93.16,93.94,92.43,93.86,26716100,,
2018-03-08,94.27,95.10,93.77,94.43,25887800,,
2018-03-09,95.29,96.54,95.00,96.54,36937300,,
2018-03-12,96.50,97.21,96.04,96.77,26073700,,
2018-03-13,97.00,97.24,93.97,94.41,35387800,,
2018-03-14,95.12,95.41,93.50,93.85,32132000,,
2018-03-15,93.53,94.58,92.83,94.18,27611000,,
2018-03-16,94.68,95.38,93.92,94.60,49081300,,
2018-03-19,93.74,93.90,92.11,92.89,33344100,,
2018-03-20,93.05,93.77,93.00,93.13,23075200,,
2018-03-21,92.93,94.05,92.21,92.48,24457100,,
2018-03-22,91.27,91.75,89.66,89.79,38604700,,
2018-03-23,89.50,90.46,87.08,87.18,44068900,,
2018-03-26,90.61,94.00,90.40,93.78,56396800,,
2018-03-27,94.94,95.14,88.51,89.47,56569000,,
2018-03-28,89.82,91.23,88.87,89.39,52501100,,
2018-03-29,90.18,92.29,88.40,91.27,45867500,,
2018-04-02,90.47,90.88,87.51,88.52,48515400,,
2018-04-03,89.58,90.05,87.89,89.71,37213800,,
2018-04-04,87.85,92.76,87.73,92.33,35560000,,
2018-04-05,92.44,93.07,91.40,92.38,29771900,,
2018-04-06,91.49,92.46,89.48,90.23,38026000,,
2018-04-09,91.04,93.17,90.62,90.77,31533900,,
2018-04-10,92.39,93.28,91.64,92.88,26812000,,
2018-04-11,92.01,93.29,91.48,91.86,24872100,,
2018-04-12,92.43,94.16,92.43,93.58,26758900,,
2018-04-13,94.05,94.18,92.44,93.08,23346100,,
2018-04-16,94.07,94.66,93.42,94.17,20288100,,
2018-04-17,95.00,96.54,94.88,96.07,26771000,,
2018-04-18,96.22,96.72,95.52,96.44,21043300,,
2018-04-19,96.44,97.07,95.34,96.11,23552500,,
2018-04-20,95.91,96.11,94.05,95.00,31154400,,
2018-04-23,95.74,96.29,94.63,95.35,22331800,,
2018-04-24,96.24,96.47,92.41,93.12,34524800,,
2018-04-25,93.30,93.30,90.28,92.31,33729300,,
2018-04-26,93.55,95.15,93.10,94.26,42529000,,
2018-04-27,97.60,97.90,93.91,95.82,48272800,,
2018-04-30,96.33,96.40,93.15,93.52,41523600,,
2018-05-01,93.21,95.29,92.79,95.00,31408900,,
2018-05-02,94.99,95.17,93.19,93.51,27471000,,
2018-05-03,92.96,94.93,92.45,94.07,31142500,,
2018-05-04,93.32,95.37,92.92,95.16,22531300,,
2018-05-07,95.17,96.71,95.10,96.22,24242000,,
2018-05-08,95.85,96.16,95.06,95.81,23484600,,
2018-05-09,96.01,96.97,95.05,96.94,27327400,,
2018-05-10,97.46,97.95,97.05,97.91,22388100,,
2018-05-11,97.80,97.87,97.04,97.70,16778300,,
2018-05-14,97.92,98.69,97.31,98.03,19454100,,
2018-05-15,97.24,97.85,96.34,97.32,24594000,,
2018-05-16,97.36,97.40,96.62,97.15,17384700,0.42,
2018-05-17,96.76,97.54,95.83,96.18,17246700,,
2018-05-18,96.01,96.93,96.01,96.36,17865800,,
2018-05-21,97.00,98.01,96.80,97.60,19422500,,
2018-05-22,97.68,98.17,97.20,97.50,15441200,,
2018-05-23,96.71,98.73,96.32,98.66,21251200,,
2018-05-24,98.73,98.94,96.81,98.31,26649300,,
2018-05-25,98.30,98.98,97.86,98.36,18363900,,
2018-05-29,97.84,98.88,97.23,98.01,28671000,,
2018-05-30,98.31,99.25,97.91,98.95,22158500,,
2018-05-31,99.29,99.99,98.61,98.84,34140900,,
2018-06-01,99.28,100.86,99.17,100.79,28655600,,
2018-06-04,101.26,101.86,100.85,101.67,27281600,,
2018-06-05,102.00,102.33,101.53,102.19,23514400,,
2018-06-06,102.48,102.60,101.90,102.49,21122900,,
2018-06-07,102.65,102.69,100.38,100.88,28232200,,
2018-06-08,101.09,101.95,100.54,101.63,22165100,,
2018-06-11,101.01,101.59,100.67,101.05,23490900,,
2018-06-12,101.10,101.45,100.75,101.31,18325200,,
2018-06-13,101.72,102.01,100.56,100.85,29492900,,
2018-06-14,101.65,102.03,101.00,101.42,25691800,,
2018-06-15,101.51,101.53,100.07,100.13,65738600,,
2018-06-18,100.01,101.11,99.42,100.86,23586000,,
2018-06-19,99.65,101.00,99.50,100.86,28653100,,
2018-06-20,101.37,102.52,101.12,101.87,26180800,,
2018-06-21,102.08,102.46,100.88,101.14,23198200,,
2018-06-22,100.41,100.77,99.63,100.41,38923100,,
2018-06-25,100.00,100.11,97.30,98.39,35433300,,
2018-06-26,98.82,100.08,98.75,99.08,26897200,,
2018-06-27,99.58,100.02,97.40,97.54,31298400,,
2018-06-28,97.38,99.11,97.26,98.63,26650700,,
2018-06-29,98.93,99.91,98.33,98.61,28053200,,
2018-07-02,98.10,100.06,98.00,100.01,19564500,,
2018-07-03,100.48,100.63,98.94,99.05,14670300,,
2018-07-05,99.50,99.92,99.03,99.76,18977400,,
2018-07-06,99.89,101.43,99.67,101.16,19234600,,
2018-07-09,101.65,102.25,101.25,101.85,18212000,,
2018-07-10,102.00,102.51,101.86,102.12,19293100,,
2018-07-11,101.15,102.34,101.10,101.98,19644600,,
2018-07-12,102.77,104.41,102.73,104.19,24335900,,
2018-07-13,104.37,105.60,104.09,105.43,24635200,,
2018-07-16,105.40,105.82,104.52,104.91,21786900,,
2018-07-17,104.61,106.50,104.32,105.95,25901700,,
2018-07-18,105.94,106.05,104.72,105.12,29493900,,
2018-07-19,104.93,105.31,103.89,104.40,40171600,,
2018-07-20,108.08,108.20,106.08,106.27,56004000,,
2018-07-23,106.30,108.14,106.13,107.97,29707000,,
2018-07-24,108.57,108.82,107.26,107.66,26316600,,
2018-07-25,107.96,111.15,107.60,110.83,30702100,,
2018-07-26,110.74,111.00,109.50,109.62,31372100,,
2018-07-27,110.18,110.18,106.14,107.68,37005300,,
2018-07-30,107.19,107.53,104.76,105.37,34668300,,
2018-07-31,106.49,106.72,105.38,106.08,27655200,,
2018-08-01,106.03,106.45,105.42,106.28,23628700,,
2018-08-02,105.40,108.09,104.84,107.57,26104300,,
2018-08-03,107.80,108.05,106.82,108.04,18659600,,
2018-08-06,108.12,108.42,107.56,108.13,20265900,,
2018-08-07,108.56,109.10,108.17,108.88,16080200,,
2018-08-08,109.33,109.75,108.76,109.49,15487500,,
2018-08-09,109.71,110.16,109.60,109.67,13677200,,
2018-08-10,109.42,109.69,108.38,109.00,18183700,,
2018-08-13,109.24,109.58,108.10,108.21,18472500,,
2018-08-14,108.56,109.75,108.04,109.56,16788300,,
2018-08-15,108.49,108.99,106.82,107.66,29982800,0.42,
2018-08-16,108.30,108.86,107.30,107.64,21384300,,
2018-08-17,107.36,107.90,106.69,107.58,18061500,,
2018-08-20,107.51,107.90,106.48,106.87,17914200,,
2018-08-21,106.92,107.35,105.85,105.98,22881900,,
2018-08-22,105.85,107.34,105.78,107.06,18000600,,
2018-08-23,107.15,108.18,106.87,107.56,18167700,,
2018-08-24,107.67,108.56,107.56,108.40,17234000,,
2018-08-27,109.27,109.64,108.51,109.60,19662300,,
2018-08-28,109.94,110.50,109.79,110.26,19151500,,
2018-08-29,110.45,112.03,110.27,112.02,20818000,,
2018-08-30,111.67,112.61,111.44,111.95,22798700,,
2018-08-31,111.69,112.78,111.52,112.33,23222700,,
2018-09-04,110.85,111.96,110.22,111.71,22634600,,
2018-09-05,111.01,111.42,108.10,108.49,32872400,,
2018-09-06,108.25,108.99,107.51,108.74,23477600,,
2018-09-07,108.23,108.72,107.23,108.21,22498600,,
2018-09-10,108.84,109.64,108.36,109.38,20727900,,
2018-09-11,108.90,111.59,108.89,111.24,24301800,,
2018-09-12,111.43,111.85,110.51,111.71,18891100,,
2018-09-13,112.12,113.73,112.12,112.91,26055600,,
2018-09-14,113.36,113.73,112.44,113.37,19122300,,
2018-09-17,113.69,113.70,111.86,112.14,20736500,,
2018-09-18,112.19,113.70,111.72,113.21,22170900,,
2018-09-19,113.05,113.32,111.04,111.70,21728400,,
2018-09-20,112.28,113.80,111.93,113.57,23714500,,
2018-09-21,114.00,115.29,113.51,114.26,71229700,,
2018-09-24,113.03,114.90,112.22,114.67,27334500,,
2018-09-25,114.80,115.10,113.75,114.45,22668000,,
2018-09-26,114.47,115.06,113.74,113.98,19352000,,
2018-09-27,114.78,114.91,114.20,114.41,19091300,,
2018-09-28,114.19,114.57,113.68,114.37,21647800,,
2018-10-01,114.75,115.68,114.73,115.61,18883100,,
2018-10-02,115.30,115.84,114.44,115.15,20787200,,
2018-10-03,115.42,116.18,114.93,115.17,16648000,,
2018-10-04,114.61,114.76,111.63,112.79,34821700,,
2018-10-05,112.63,113.17,110.64,112.13,29068900,,
2018-10-08,111.66,112.03,109.34,110.85,29640600,,
2018-10-09,111.14,113.08,110.80,112.26,26198600,,
2018-10-10,111.24,111.50,105.79,106.16,61376300,,
2018-10-11,105.35,108.93,104.20,105.91,63904300,,
2018-10-12,109.01,111.24,107.12,109.57,47742100,,
2018-10-15,108.91,109.48,106.95,107.60,32068100,,
2018-10-16,109.54,111.41,108.95,111.00,31610200,,
2018-10-17,111.68,111.81,109.55,110.71,26548200,,
2018-10-18,110.10,110.53,107.83,108.50,32506200,,
2018-10-19,108.93,110.86,108.21,108.66,32785500,,
2018-10-22,109.32,110.54,108.24,109.63,26545600,,
2018-10-23,107.77,108.97,105.11,108.10,43770400,,
2018-10-24,108.41,108.49,101.59,102.32,63897800,,
2018-10-25,106.55,109.27,106.15,108.30,61646800,,
2018-10-26,105.69,108.75,104.76,106.96,55523100,,
2018-10-29,108.11,108.70,101.63,103.85,55162000,,
2018-10-30,103.66,104.38,100.11,103.73,65350900,,
2018-10-31,105.44,108.14,105.39,106.81,51062400,,
2018-11-01,107.05,107.32,105.53,105.92,33384200,,
2018-11-02,106.48,107.32,104.98,106.16,37680200,,
2018-11-05,106.37,107.74,105.90,107.51,27922100,,
2018-11-06,107.38,108.84,106.28,107.72,24340200,,
2018-11-07,109.44,112.24,109.40,111.96,37901700,,
2018-11-08,111.80,112.21,110.91,111.75,25644100,,
2018-11-09,110.85,111.45,108.76,109.57,32039200,,
2018-11-12,109.42,109.96,106.10,106.87,33621800,,
2018-11-13,107.55,108.74,106.64,106.94,35374600,,
2018-11-14,108.10,108.26,104.47,104.97,39495100,0.46,
2018-11-15,104.99,107.80,103.91,107.28,38505200,,
2018-11-16,107.08,108.88,106.80,108.29,33502100,,
2018-11-19,108.27,108.56,103.55,104.62,44773900,,
2018-11-20,101.80,102.97,99.35,101.71,64052500,,
2018-11-21,103.60,104.43,102.24,103.11,28130600,,
2018-11-23,102.17,103.81,102.00,103.07,13823100,,
2018-11-26,104.79,106.63,104.58,106.47,32336200,,
2018-11-27,106.27,107.33,105.36,107.14,29124500,,
2018-11-28,107.89,111.33,107.86,111.12,46788500,,
2018-11-29,110.33,111.12,109.03,110.19,28123200,,
2018-11-30,110.70,110.97,109.36,110.89,33665600,,
2018-12-03,113.00,113.42,110.73,112.09,34732800,,
2018-12-04,111.94,112.64,108.21,108.52,45197000,,
2018-12-06,105.82,109.24,105.00,109.19,49107400,,
2018-12-07,108.38,109.45,104.30,104.82,45044900,,
2018-12-10,104.80,107.98,103.89,107.59,40801500,,
2018-12-11,109.80,110.95,107.44,108.59,42381900,,
2018-12-12,110.89,111.27,109.04,109.08,36183000,,
2018-12-13,109.58,110.87,108.63,109.45,31333400,,
2018-12-14,108.25,109.26,105.50,106.03,47043100,,
2018-12-17,105.41,105.80,101.71,102.89,56957300,,
2018-12-18,103.75,104.51,102.52,103.97,49319200,,
2018-12-19,103.65,106.88,101.35,103.69,68198200,,
2018-12-20,103.05,104.31,98.78,101.51,70334200,,
2018-12-21,101.63,103.00,97.46,98.23,111242100,,
2018-12-24,97.68,97.97,93.98,94.13,43935200,,
2018-12-26,95.14,100.69,93.96,100.56,51634800,,
2018-12-27,99.30,101.19,96.40,101.18,49498500,,
2018-12-28,102.09,102.41,99.52,100.39,38196300,,
2018-12-31,101.29,102.40,100.44,101.57,33173800,,
2019-01-02,99.55,101.75,98.94,101.12,35329300,,
2019-01-03,100.10,100.19,97.20,97.40,42579100,,
2019-01-04,99.72,102.51,98.93,101.93,44060600,,
2019-01-07,101.64,103.27,100.98,102.06,35656100,,
2019-01-08,103.04,103.97,101.71,102.80,31514400,,
2019-01-09,103.86,104.88,103.24,104.27,32280800,,
2019-01-10,103.22,103.75,102.38,103.60,30067600,,
2019-01-11,103.19,103.44,101.64,102.80,28314200,,
2019-01-14,101.90,102.87,101.26,102.05,28437100,,
2019-01-15,102.51,105.05,101.88,105.01,31587600,,
2019-01-16,105.26,106.26,104.96,105.38,29853900,,
2019-01-17,105.00,106.63,104.76,106.12,28393000,,
2019-01-18,107.46,107.90,105.91,107.71,37427600,,
2019-01-22,106.75,107.10,104.86,105.68,32371300,,
2019-01-23,106.12,107.04,105.34,106.71,25874300,,
2019-01-24,106.86,107.00,105.34,106.20,23164800,,
2019-01-25,107.24,107.88,106.20,107.17,31225600,,
2019-01-28,106.26,106.48,104.66,105.08,29476700,,
2019-01-29,104.88,104.97,102.17,102.94,31490500,,
2019-01-30,104.62,106.38,104.33,106.38,49471900,,
2019-01-31,103.80,105.22,103.18,104.43,55636400,,
2019-02-01,103.78,104.10,102.35,102.78,35535700,,
2019-02-04,102.87,105.80,102.77,105.74,31315100,,
2019-02-05,106.06,107.27,105.96,107.22,27325400,,
2019-02-06,107.00,107.00,105.53,106.03,20609800,,
2019-02-07,105.19,105.59,104.29,105.27,29760700,,
2019-02-08,104.39,105.78,104.26,105.67,21461100,,
2019-02-11,106.20,106.58,104.97,105.25,18914100,,
2019-02-12,106.14,107.14,105.48,106.89,25056600,,
2019-02-13,107.50,107.78,106.71,106.81,18394900,,
2019-02-14,106.31,107.29,105.66,106.90,21784700,,
2019-02-15,107.91,108.30,107.36,108.22,26606900,,
2019-02-19,107.79,108.66,107.78,108.17,18038500,,
2019-02-20,107.86,107.94,106.29,107.15,21607700,0.46,
2019-02-21,106.90,109.48,106.87,109.41,29063200,,
2019-02-22,110.05,111.20,109.82,110.97,27763200,,
2019-02-25,111.76,112.18,111.26,111.59,23750600,,
2019-02-26,111.26,113.24,111.17,112.36,21536700,,
2019-02-27,111.69,112.36,110.88,112.17,21487100,,
2019-02-28,112.04,112.88,111.73,112.03,29083900,,
2019-03-01,112.89,113.02,111.67,112.53,23501200,,
2019-03-04,113.02,113.25,110.80,112.26,26608000,,
2019-03-05,112.25,112.39,111.23,111.70,19538300,,
2019-03-06,111.87,112.66,111.43,111.75,17687000,,
2019-03-07,111.40,111.55,109.87,110.39,25339000,,
2019-03-08,109.16,110.71,108.80,110.51,22818400,,
2019-03-11,110.99,112.95,110.98,112.83,26491600,,
2019-03-12,112.82,113.99,112.65,113.62,26132700,,
2019-03-13,114.13,115.00,113.78,114.50,35513800,,
2019-03-14,114.54,115.20,114.33,114.59,30763400,,
2019-03-15,115.34,117.25,114.59,115.91,54681100,,
2019-03-18,116.17,117.61,116.05,117.57,31207600,,
2019-03-19,118.09,118.44,116.99,117.65,37588700,,
2019-03-20,117.39,118.75,116.71,117.52,28113300,,
2019-03-21,117.14,120.82,117.09,120.22,29854400,,
2019-03-22,119.50,119.59,117.04,117.05,33624500,,
2019-03-25,116.56,118.01,116.32,117.66,27067100,,
2019-03-26,118.62,118.71,116.85,117.91,26097700,,
2019-03-27,117.88,118.21,115.52,116.77,22733400,,
2019-03-28,117.44,117.58,116.13,116.93,18334800,,
2019-03-29,118.07,118.32,116.96,117.94,25399800,,
2019-04-01,118.95,119.11,118.10,119.02,22789100,,
2019-04-02,119.06,119.48,118.52,119.19,18142300,,
2019-04-03,119.86,120.43,119.15,119.97,22860700,,
2019-04-04,120.10,120.23,118.38,119.36,20112800,,
2019-04-05,119.39,120.23,119.37,119.89,15826200,,
2019-04-08,119.81,120.02,118.64,119.93,15116200,,
2019-04-09,118.63,119.54,118.58,119.28,17612000,,
2019-04-10,119.76,120.35,119.54,120.19,16477200,,
2019-04-11,120.54,120.85,119.92,120.33,14209100,,
2019-04-12,120.64,120.98,120.37,120.95,19745100,,
2019-04-15,120.94,121.58,120.57,121.05,15792600,,
2019-04-16,121.64,121.65,120.10,120.77,14071800,,
2019-04-17,121.24,121.85,120.54,121.77,19300900,,
2019-04-18,122.19,123.52,121.30,123.37,27991000,,
2019-04-22,122.62,124.00,122.57,123.76,15648700,,
2019-04-23,124.10,125.58,123.83,125.44,24025500,,
2019-04-24,125.79,125.85,124.52,125.01,31257000,,
2019-04-25,130.06,131.37,128.83,129.15,38033900,,
2019-04-26,129.70,130.52,129.02,129.89,23654900,,
2019-04-29,129.90,130.18,129.35,129.77,16324200,,
2019-04-30,129.81,130.70,129.39,130.60,24166500,,
2019-05-01,130.53,130.65,127.70,127.88,26821700,,
2019-05-02,127.98,128.00,125.52,126.21,27350200,,
2019-05-03,127.36,129.43,127.25,128.90,24911100,,
2019-05-06,126.39,128.56,126.11,128.15,24239800,,
2019-05-07,126.46,127.18,124.22,125.52,36017700,,
2019-05-08,125.44,126.37,124.75,125.51,28419000,,
2019-05-09,124.29,125.79,123.57,125.50,27235800,,
2019-05-10,124.91,127.93,123.82,127.13,30915100,,
2019-05-13,124.11,125.55,123.04,123.35,33944900,,
2019-05-14,123.87,125.88,123.70,124.73,25266300,,
2019-05-15,124.26,126.71,123.70,126.02,24722700,0.46,
2019-05-16,126.75,129.38,126.46,128.93,30112200,,
2019-05-17,128.31,130.46,127.92,128.07,25770500,,
2019-05-20,126.52,127.59,125.76,126.22,23706900,,
2019-05-21,127.43,127.53,126.58,126.90,15293300,,
2019-05-22,126.62,128.24,126.52,127.67,15396500,,
2019-05-23,126.20,126.29,124.74,126.18,23603800,,
2019-05-24,126.91,127.42,125.97,126.24,14123400,,
2019-05-28,126.98,128.00,126.05,126.16,23128400,,
2019-05-29,125.38,125.39,124.04,124.94,22763100,,
2019-05-30,125.26,125.76,124.78,125.73,16829600,,
2019-05-31,124.23,124.62,123.32,123.68,26646800,,
2019-06-03,123.85,124.37,119.01,119.84,37983600,,
2019-06-04,121.28,123.28,120.65,123.16,29382600,,
2019-06-05,124.95,125.87,124.21,125.83,24926100,,
2019-06-06,126.44,127.97,125.60,127.82,21459000,,
2019-06-07,129.19,132.25,128.26,131.40,33885600,,
2019-06-10,132.40,134.08,132.00,132.60,26477100,,
2019-06-11,133.88,134.24,131.28,132.10,23913700,,
2019-06-12,131.40,131.97,130.71,131.49,17092500,,
2019-06-13,131.98,133.00,131.56,132.32,17200800,,
2019-06-14,132.26,133.79,131.64,132.45,17821700,,
2019-06-17,132.63,133.73,132.53,132.85,14517800,,
2019-06-18,134.19,135.24,133.57,135.16,25934500,,
2019-06-19,135.00,135.93,133.81,135.69,23744400,,
2019-06-20,137.45,137.66,135.72,136.95,33042600,,
2019-06-21,136.58,137.73,136.46,136.97,36727900,,
2019-06-24,137.00,138.40,137.00,137.78,20628800,,
2019-06-25,137.25,137.59,132.73,133.43,33327400,,
2019-06-26,134.35,135.74,133.60,133.93,23657700,,
2019-06-27,134.14,134.71,133.51,134.15,16557500,,
2019-06-28,134.57,134.60,133.16,133.96,30043000,,
2019-07-01,136.63,136.70,134.97,135.68,22613500,,
2019-07-02,136.12,136.59,135.34,136.58,15237800,,
2019-07-03,136.80,137.74,136.29,137.46,13629300,,
2019-07-05,135.94,137.33,135.72,137.06,18141100,,
2019-07-08,136.40,137.10,135.37,136.96,16779700,,
2019-07-09,136.00,136.97,135.80,136.46,19953100,,
2019-07-10,137.13,138.58,137.02,137.85,24204400,,
2019-07-11,138.20,139.22,137.87,138.40,22327900,,
2019-07-12,138.85,139.13,138.01,138.90,18936800,,
2019-07-15,139.44,139.54,138.46,138.90,16651500,,
2019-07-16,138.96,139.05,136.52,137.08,22726100,,
2019-07-17,137.70,137.93,136.22,136.27,20211000,,
2019-07-18,135.55,136.62,134.67,136.42,30381800,,
2019-07-19,140.22,140.67,136.45,136.62,48992400,,
2019-07-22,137.41,139.19,137.33,138.43,25074900,,
2019-07-23,139.76,139.99,138.03,139.29,18034600,,
2019-07-24,138.90,140.74,138.85,140.72,20738300,,
2019-07-25,140.43,140.61,139.32,140.19,18356900,,
2019-07-26,140.37,141.68,140.30,141.34,19037600,,
2019-07-29,141.50,141.51,139.37,141.03,16605900,,
2019-07-30,140.14,141.22,139.80,140.35,16846500,,
2019-07-31,140.33,140.49,135.08,136.27,38598800,,
2019-08-01,137.00,140.94,136.93,138.06,40557500,,
2019-08-02,138.09,138.32,135.26,136.90,30791600,,
2019-08-05,133.30,133.93,130.78,132.21,42749600,,
2019-08-06,133.80,135.68,133.21,134.69,32696700,,
2019-08-07,133.79,135.65,131.83,135.28,33414500,,
2019-08-08,136.60,138.99,135.93,138.89,27496500,,
2019-08-09,138.61,139.38,136.46,137.71,23466700,,
2019-08-12,137.07,137.86,135.24,135.79,20484300,,
2019-08-13,136.05,138.80,135.00,138.60,25154600,,
2019-08-14,136.36,136.92,133.67,133.98,32527300,0.46,
2019-08-15,134.39,134.58,132.25,133.68,28074400,,
2019-08-16,134.88,136.46,134.72,136.13,24449100,,
2019-08-19,137.85,138.55,136.89,138.41,24355700,,
2019-08-20,138.21,138.71,137.24,137.26,21170800,,
2019-08-21,138.55,139.49,138.00,138.79,14970300,,
2019-08-22,138.66,139.20,136.29,137.78,18697000,,
2019-08-23,137.19,138.35,132.80,133.39,38508600,,
2019-08-26,134.99,135.56,133.90,135.45,20312600,,
2019-08-27,136.39,136.72,134.66,135.74,23102100,,
2019-08-28,134.88,135.76,133.55,135.56,17393300,,
2019-08-29,137.25,138.44,136.91,138.12,20168700,,
2019-08-30,139.15,139.18,136.27,137.86,23940100,,
2019-09-03,136.61,137.20,135.70,136.04,18869300,,
2019-09-04,137.30,137.69,136.48,137.63,17995900,,
2019-09-05,139.11,140.38,138.76,140.05,26101800,,
2019-09-06,140.03,140.18,138.20,139.10,20824500,,
2019-09-09,139.59,139.75,136.46,137.52,25773900,,
2019-09-10,136.80,136.89,134.51,136.08,28903400,,
2019-09-11,135.91,136.27,135.09,136.12,24726100,,
2019-09-12,137.85,138.42,136.87,137.52,27010000,,
2019-09-13,137.78,138.06,136.57,137.32,23363100,,
2019-09-16,135.83,136.70,135.66,136.33,16731400,,
2019-09-17,136.96,137.52,136.43,137.39,17814200,,
2019-09-18,137.36,138.67,136.53,138.52,23982100,,
2019-09-19,140.30,142.37,140.07,141.07,35772100,,
2019-09-20,141.01,141.65,138.25,139.44,39167300,,
2019-09-23,139.23,139.63,138.44,139.14,17139300,,
2019-09-24,140.36,140.69,136.88,137.38,29773200,,
2019-09-25,137.50,139.96,136.03,139.36,21382000,,
2019-09-26,139.44,140.18,138.44,139.54,17456600,,
2019-09-27,140.15,140.36,136.65,137.73,22477700,,
2019-09-30,138.05,139.22,137.78,139.03,17280900,,
2019-10-01,139.66,140.25,137.00,137.07,21466600,,
2019-10-02,136.25,136.37,133.58,134.65,30521700,,
2019-10-03,134.95,136.75,133.22,136.28,24132900,,
2019-10-04,136.75,138.25,136.42,138.12,22897700,,
2019-10-07,137.14,138.18,137.02,137.12,15303700,,
2019-10-08,137.08,137.76,135.62,135.67,25550500,,
2019-10-09,137.46,138.70,136.97,138.24,19749900,,
2019-10-10,138.49,139.67,138.25,139.10,17654600,,
2019-10-11,140.12,141.03,139.50,139.68,25446000,,
2019-10-14,139.69,140.29,139.52,139.55,13304300,,
2019-10-15,140.06,141.79,139.81,141.57,19695700,,
2019-10-16,140.79,140.99,139.53,140.41,20751600,,
2019-10-17,140.95,141.42,139.02,139.69,21460600,,
2019-10-18,139.76,140.00,136.56,137.41,32273500,,
2019-10-21,138.45,138.50,137.01,138.43,20078200,,
2019-10-22,138.97,140.01,136.26,136.37,27431000,,
2019-10-23,136.88,137.45,135.61,137.24,29844600,,
2019-10-24,139.39,140.42,138.67,139.94,37029300,,
2019-10-25,139.34,141.14,139.20,140.73,25959700,,
2019-10-28,144.40,145.67,143.51,144.19,35280100,,
2019-10-29,144.08,144.50,142.65,142.83,20589500,,
2019-10-30,143.52,145.00,142.79,144.61,18496600,,
2019-10-31,144.90,144.93,142.99,143.37,24605100,,
2019-11-01,144.26,144.42,142.97,143.72,33128400,,
2019-11-04,144.83,145.00,144.16,144.55,16912000,,
2019-11-05,144.97,145.02,143.91,144.46,18250200,,
2019-11-06,144.37,144.52,143.20,144.06,16575800,,
2019-11-07,143.84,144.88,143.77,144.26,17786700,,
2019-11-08,143.98,145.99,143.76,145.96,16732700,,
2019-11-11,145.34,146.42,144.73,146.11,14362600,,
2019-11-12,146.28,147.57,146.06,147.07,18641600,,
2019-11-13,146.74,147.46,146.28,147.31,16919200,,
2019-11-14,147.02,148.41,147.00,148.06,19729800,,
2019-11-15,148.93,149.99,148.27,149.97,23485700,,
2019-11-18,150.07,150.55,148.98,150.34,21534000,,
2019-11-19,150.88,151.33,150.20,150.39,23935700,,
2019-11-20,150.31,150.84,148.46,149.62,25696800,0.51,
2019-11-21,149.40,149.80,148.50,149.48,18576100,,
2019-11-22,150.07,150.30,148.82,149.59,15901800,,
2019-11-25,150.00,151.35,149.92,151.23,22420900,,
2019-11-26,151.36,152.42,151.32,152.03,24620100,,
2019-11-27,152.33,152.50,151.52,152.32,15184400,,
2019-11-29,152.10,152.30,151.28,151.38,11977300,,
2019-12-02,151.81,151.83,148.32,149.55,27418400,,
2019-12-03,147.49,149.43,146.65,149.31,24066000,,
2019-12-04,150.14,150.18,149.20,149.85,17574700,,
2019-12-05,150.05,150.32,149.48,149.93,17869100,,
2019-12-06,150.99,151.87,150.27,151.75,16403500,,
2019-12-09,151.07,152.21,150.91,151.36,16687400,,
2019-12-10,151.29,151.89,150.76,151.13,16476100,,
2019-12-11,151.54,151.87,150.33,151.70,18856600,,
2019-12-12,151.65,153.44,151.02,153.24,24612100,,
2019-12-13,153.00,154.89,152.83,154.53,23845400,,
2019-12-16,155.11,155.90,154.82,155.53,24144200,,
2019-12-17,155.45,155.71,154.45,154.69,25425600,,
2019-12-18,154.30,155.48,154.18,154.37,24129200,,
2019-12-19,154.00,155.77,153.75,155.71,24958900,,
2019-12-20,157.35,158.49,156.29,157.41,53477500,,
2019-12-23,158.12,158.12,157.27,157.41,17718200,,
2019-12-24,157.48,157.71,157.12,157.38,8989200,,
2019-12-26,157.56,158.73,157.40,158.67,14520600,,
2019-12-27,159.45,159.55,158.22,158.96,18412800,,
2019-12-30,158.99,159.02,156.73,157.59,16348400,,
2019-12-31,156.77,157.77,156.45,157.70,18369400,,
2020-01-02,158.78,160.73,158.33,160.62,22622100,,
2020-01-03,158.32,159.95,158.06,158.62,21116200,,
2020-01-06,157.08,159.10,156.51,159.03,20813700,,
2020-01-07,159.32,159.67,157.32,157.58,21634100,,
2020-01-08,158.93,160.80,157.95,160.09,27746500,,
2020-01-09,161.84,162.22,161.03,162.09,21385000,,
2020-01-10,162.82,163.22,161.18,161.34,20725900,,
2020-01-13,161.76,163.31,161.26,163.28,21626500,,
2020-01-14,163.39,163.60,161.72,162.13,23477400,,
2020-01-15,162.62,163.94,162.57,163.18,21417900,,
2020-01-16,164.35,166.24,164.03,166.17,23865400,,
2020-01-17,167.42,167.47,165.43,167.10,34371700,,
2020-01-21,166.68,168.19,166.43,166.50,29517200,,
2020-01-22,167.40,167.49,165.68,165.70,24138800,,
2020-01-23,166.19,166.80,165.27,166.72,19680800,,
2020-01-24,167.51,167.53,164.45,165.04,24918100,,
2020-01-27,161.15,163.38,160.20,162.28,32078100,,
2020-01-28,163.78,165.76,163.07,165.46,24899900,,
2020-01-29,167.84,168.75,165.69,168.04,34754500,,
2020-01-30,174.05,174.05,170.79,172.78,51597500,,
2020-01-31,172.21,172.40,169.58,170.23,36142700,,
2020-02-03,170.43,174.50,170.40,174.38,30107000,,
2020-02-04,177.14,180.64,176.31,180.12,36433300,,
2020-02-05,184.03,184.20,178.41,179.90,39186300,,
2020-02-06,180.97,183.82,180.06,183.63,27751400,,
2020-02-07,182.85,185.63,182.48,183.89,33529100,,
2020-02-10,183.58,188.84,183.25,188.70,35844300,,
2020-02-11,190.65,190.70,183.50,184.44,53159900,,
2020-02-12,185.58,185.85,181.85,184.71,47062900,,
2020-02-13,183.08,186.23,182.87,183.71,35295800,,
2020-02-14,183.25,185.41,182.65,185.35,23149500,,
2020-02-18,185.61,187.70,185.50,187.23,27792200,,
2020-02-19,188.06,188.18,186.47,187.28,29997500,0.51,
2020-02-20,186.95,187.25,181.10,184.42,36862400,,
2020-02-21,183.17,183.50,177.25,178.59,48572600,,
2020-02-24,167.77,174.55,163.23,170.89,68311100,,
2020-02-25,174.20,174.84,167.65,168.07,68073300,,
2020-02-26,169.71,173.26,168.21,170.17,56206100,,
2020-02-27,163.32,167.03,157.98,158.18,93174900,,
2020-02-28,152.41,163.71,152.00,162.01,97012700,,
2020-03-02,165.31,172.92,162.31,172.79,71030800,,
2020-03-03,173.80,175.00,162.26,164.51,71677000,,
2020-03-04,168.49,170.70,165.62,170.55,49814400,,
2020-03-05,166.05,170.87,165.69,166.27,47817300,,
2020-03-06,162.61,163.11,156.00,161.57,72821100,,
2020-03-09,151.00,157.75,150.00,150.62,70419300,,
2020-03-10,158.16,161.03,152.58,160.92,65354400,,
2020-03-11,157.13,157.70,151.15,153.63,56371600,,
2020-03-12,145.30,153.47,138.58,139.06,93226400,,
2020-03-13,147.50,161.91,140.73,158.83,92727400,,
2020-03-16,140.00,149.35,135.00,135.42,87905900,,
2020-03-17,140.00,147.50,135.00,146.57,81059800,,
2020-03-18,138.00,146.00,135.02,140.40,81593200,,
2020-03-19,142.77,150.15,139.00,142.71,85922700,,
2020-03-20,146.00,147.10,135.86,137.35,84866200,,
2020-03-23,137.01,140.57,132.52,135.98,78975200,,
2020-03-24,143.75,149.60,141.27,148.34,82516700,,
2020-03-25,148.91,154.33,144.44,146.92,75638200,,
2020-03-26,148.40,156.66,148.37,156.11,64568100,,
2020-03-27,151.75,154.89,149.20,149.70,57042300,,
2020-03-30,152.44,160.60,150.01,160.23,63420300,,
2020-03-31,159.40,164.78,156.56,157.71,77927200,,
2020-04-01,153.00,157.75,150.82,152.11,57969900,,
2020-04-02,151.86,155.48,150.36,155.26,49630700,,
2020-04-03,155.10,157.38,152.19,153.83,41243300,,
2020-04-06,160.32,166.50,157.58,165.27,67111700,,
2020-04-07,169.59,170.00,163.26,163.49,62769000,,
2020-04-08,165.67,166.67,163.50,165.13,48318200,,
2020-04-09,166.36,167.37,163.33,165.14,51385100,,
2020-04-13,164.35,165.57,162.30,165.51,41905300,,
2020-04-14,169.00,173.75,168.00,173.70,52874300,,
2020-04-15,171.20,173.57,169.24,171.88,40940800,,
2020-04-16,174.30,177.28,172.90,177.04,50479600,,
2020-04-17,179.50,180.00,175.87,178.60,52765600,,
2020-04-20,176.63,178.75,174.99,175.06,36669600,,
2020-04-21,173.50,173.67,166.11,167.82,56203700,,
2020-04-22,171.39,174.00,170.82,173.52,34620200,,
2020-04-23,174.11,175.06,170.91,171.42,32790800,,
2020-04-24,172.06,174.56,170.71,174.55,34277600,,
2020-04-27,176.59,176.90,173.30,174.05,33194400,,
2020-04-28,175.59,175.67,169.39,169.81,34392700,,
2020-04-29,173.22,177.68,171.88,177.43,51286600,,
2020-04-30,180.00,180.40,176.23,179.21,53875900,,
2020-05-01,175.80,178.64,174.01,174.57,39370500,,
2020-05-04,174.49,179.00,173.80,178.84,30372900,,
2020-05-05,180.62,183.65,179.90,180.76,36839200,,
2020-05-06,182.08,184.20,181.63,182.54,32139300,,
2020-05-07,184.17,184.55,182.58,183.60,28316000,,
2020-05-08,184.98,185.00,183.36,184.68,30877800,,
2020-05-11,183.15,187.51,182.85,186.74,30892700,,
2020-05-12,186.80,187.04,182.30,182.51,32038200,,
2020-05-13,182.55,184.05,176.54,179.75,44711500,,
2020-05-14,177.54,180.69,175.68,180.53,41873900,,
2020-05-15,179.06,187.06,177.00,183.16,46610400,,
2020-05-18,185.75,186.20,183.96,184.91,35264500,,
2020-05-19,185.03,186.60,183.49,183.63,26799100,,
2020-05-20,184.81,185.85,183.94,185.66,31261300,0.51,
2020-05-21,185.40,186.67,183.29,183.43,29119500,,
2020-05-22,183.19,184.46,182.54,183.51,20826900,,
2020-05-26,186.34,186.50,181.10,181.57,36073600,,
2020-05-27,180.20,181.99,176.60,181.81,39517100,,
2020-05-28,180.74,184.15,180.38,181.40,33810200,,
2020-05-29,182.73,184.27,180.41,183.25,42130400,,
2020-06-01,182.54,183.00,181.46,182.83,22622400,,
2020-06-02,184.25,185.00,181.35,184.91,30794600,,
2020-06-03,184.82,185.94,183.58,185.36,27311000,,
2020-06-04,184.30,185.84,182.30,182.92,28761800,,
2020-06-05,182.62,187.73,182.01,187.20,39893600,,
2020-06-08,185.94,188.55,184.44,188.36,33211600,,
2020-06-09,188.00,190.70,187.26,189.80,29783900,,
2020-06-10,191.13,198.52,191.01,196.84,43872300,,
2020-06-11,193.13,195.76,186.07,186.27,52854700,,
2020-06-12,190.54,191.72,185.18,187.74,43373600,,
2020-06-15,184.58,190.82,184.01,188.94,32770200,,
2020-06-16,192.89,195.58,191.46,193.57,42556700,,
2020-06-17,195.03,196.32,193.69,194.24,25687800,,
2020-06-18,194.00,196.49,194.00,196.32,23061600,,
2020-06-19,198.59,199.29,194.37,195.15,44441100,,
2020-06-22,195.79,200.76,195.23,200.57,32818900,,
2020-06-23,202.09,203.95,201.43,201.91,30917400,,
2020-06-24,201.60,203.25,196.56,197.84,36740600,,
2020-06-25,197.80,200.61,195.47,200.34,27803900,,
2020-06-26,199.73,199.89,194.88,196.33,54675800,,
2020-06-29,195.78,198.53,193.55,198.44,26701600,,
2020-06-30,197.88,204.40,197.74,203.51,34310300,,
2020-07-01,203.14,206.35,201.77,204.70,32061200,,
2020-07-02,205.68,208.02,205.00,206.26,29315800,,
2020-07-06,208.83,211.13,208.09,210.70,31897600,,
2020-07-07,210.45,214.67,207.99,208.25,33600700,,
2020-07-08,210.07,213.26,208.69,212.83,33600000,,
2020-07-09,216.33,216.38,211.47,214.32,33121700,,
2020-07-10,213.62,214.08,211.08,213.67,26177600,,
2020-07-13,214.48,215.80,206.50,207.07,38135600,,
2020-07-14,206.13,208.85,202.03,208.35,37591800,,
2020-07-15,209.56,211.33,205.03,208.04,32179400,,
2020-07-16,205.40,205.70,202.31,203.92,29940700,,
2020-07-17,204.47,205.04,201.39,202.88,31635300,,
2020-07-20,205.00,212.30,203.01,211.60,36884800,,
2020-07-21,213.66,213.94,208.03,208.75,37990400,,
2020-07-22,209.20,212.30,208.39,211.75,49605700,,
2020-07-23,207.19,210.92,202.15,202.54,67457000,,
2020-07-24,200.42,202.86,197.51,201.30,39827000,,
2020-07-27,201.47,203.97,200.86,203.85,30160900,,
2020-07-28,203.61,204.70,201.74,202.02,23251400,,
2020-07-29,202.50,204.65,202.01,204.06,19632600,,
2020-07-30,201.00,204.46,199.57,203.90,25079600,,
2020-07-31,204.40,205.10,199.01,205.01,51044000,,
2020-08-03,211.52,217.64,210.44,216.54,78983000,,
2020-08-04,214.17,214.77,210.31,213.29,49280100,,
2020-08-05,214.90,215.00,211.57,212.94,28806400,,
2020-08-06,212.34,216.37,211.55,216.35,32656800,,
2020-08-07,214.85,215.70,210.93,212.48,27820400,,
2020-08-10,211.67,211.88,206.35,208.25,36716500,,
2020-08-11,207.16,207.65,203.14,203.38,36446500,,
2020-08-12,205.29,210.28,204.75,209.19,28013100,,
2020-08-13,209.44,211.35,208.15,208.70,22588900,,
2020-08-14,208.76,209.59,207.51,208.90,17958900,,
2020-08-17,209.60,211.19,208.92,210.28,20184800,,
2020-08-18,210.53,212.36,209.21,211.49,21336200,,
2020-08-19,211.49,212.10,209.25,209.70,27627600,0.51,
2020-08-20,209.54,215.00,208.91,214.58,26981500,,
2020-08-21,213.86,216.25,212.85,213.02,36249300,,
2020-08-24,214.79,215.52,212.43,213.69,25460100,,
2020-08-25,213.10,216.61,213.10,216.47,23043700,,
2020-08-26,217.88,222.09,217.36,221.15,39600800,,
2020-08-27,222.89,231.15,219.40,226.58,57602200,,
2020-08-28,228.18,230.64,226.58,228.91,26292900,,
2020-08-31,227.00,228.70,224.31,225.53,28774200,,
2020-09-01,225.51,227.45,224.43,227.27,25725500,,
2020-09-02,227.97,232.86,227.35,231.65,34080800,,
2020-09-03,229.27,229.31,214.96,217.30,58400300,,
2020-09-04,215.10,218.36,205.19,214.25,59664100,,
2020-09-08,206.50,210.03,202.20,202.66,52924300,,
2020-09-09,207.60,214.84,206.70,211.29,45679000,,
2020-09-10,213.40,214.74,204.11,205.37,35461500,,
2020-09-11,207.20,208.63,201.24,204.03,33620100,,
2020-09-14,204.24,209.20,204.03,205.41,30375800,,
2020-09-15,208.42,209.78,206.93,208.78,21823900,,
2020-09-16,210.62,210.65,204.64,205.05,26328100,,
2020-09-17,200.05,204.33,199.96,202.91,34011300,,
2020-09-18,202.80,203.65,196.25,200.39,55225300,,
2020-09-21,197.19,202.71,196.38,202.54,39839700,,
2020-09-22,205.06,208.10,202.08,207.42,33517100,,
2020-09-23,207.90,208.10,200.03,200.59,30803800,,
2020-09-24,199.85,205.57,199.20,203.19,31202500,,
2020-09-25,203.55,209.04,202.54,207.82,29437300,,
2020-09-28,210.88,212.57,208.06,209.44,32004900,,
2020-09-29,209.35,210.07,206.81,207.26,24221900,,
2020-09-30,207.73,211.98,206.54,210.33,33829100,,
2020-10-01,213.49,213.99,211.32,212.46,27158400,,
2020-10-02,208.00,210.99,205.54,206.19,33154800,,
2020-10-05,207.22,210.41,206.98,210.38,21331600,,
2020-10-06,208.82,210.18,204.82,205.91,28554300,,
2020-10-07,207.06,210.11,206.72,209.83,25681100,,
2020-10-08,210.51,211.19,208.32,210.58,19925800,,
2020-10-09,211.23,215.86,211.23,215.81,26458000,,
2020-10-12,218.79,223.86,216.81,221.40,40461400,,
2020-10-13,222.72,225.21,220.43,222.86,28950800,,
2020-10-14,223.00,224.22,219.13,220.86,23421700,,
2020-10-15,217.10,220.36,216.01,219.66,22733100,,
2020-10-16,220.15,222.29,219.32,219.66,26057900,,
2020-10-19,220.42,222.30,213.72,214.22,27625800,,
2020-10-20,215.80,217.37,213.09,214.65,22753500,,
2020-10-21,213.12,216.92,213.12,214.80,22724900,,
2020-10-22,213.93,216.06,211.70,214.89,22351500,,
2020-10-23,215.03,216.28,213.16,216.23,18879600,,
2020-10-26,213.85,216.34,208.10,210.08,37111600,,
2020-10-27,211.59,214.67,210.33,213.25,36700300,,
2020-10-28,207.67,208.84,202.10,202.68,51195600,,
2020-10-29,204.07,207.36,203.37,204.72,31432600,,
2020-10-30,203.50,204.29,199.62,202.47,36953700,,
2020-11-02,204.29,205.28,200.12,202.33,30842200,,
2020-11-03,203.89,208.12,203.12,206.43,27512000,,
2020-11-04,214.02,218.32,212.42,216.39,42311800,,
2020-11-05,222.04,224.12,221.15,223.29,36080100,,
2020-11-06,222.26,224.36,218.03,223.72,25231900,,
2020-11-09,224.44,228.12,217.88,218.39,44395000,,
2020-11-10,214.50,216.50,209.72,211.01,44045100,,
2020-11-11,212.39,218.04,212.20,216.55,29440800,,
2020-11-12,217.21,219.11,214.46,215.44,21593900,,
2020-11-13,216.36,217.42,214.16,216.51,18621100,,
2020-11-16,214.87,217.74,214.52,217.23,24953300,,
2020-11-17,216.10,217.68,214.08,214.46,24154100,,
2020-11-18,213.65,215.17,210.93,211.08,28372800,0.56,
2020-11-19,211.38,213.03,209.93,212.42,24792700,,
2020-11-20,212.20,213.29,210.00,210.39,22843100,,
2020-11-23,210.95,212.29,208.16,210.11,25683500,,
2020-11-24,209.59,214.25,208.86,213.86,33979700,,
2020-11-25,215.11,215.29,212.46,213.87,21012900,,
2020-11-27,214.85,216.27,214.04,215.23,14512200,,
2020-11-30,214.10,214.76,210.84,214.07,33064800,,
2020-12-01,214.51,217.32,213.35,216.21,30904500,,
2020-12-02,214.88,215.47,212.80,215.37,23724500,,
2020-12-03,214.61,216.38,213.65,214.24,25120900,,
2020-12-04,214.22,215.38,213.18,214.36,24666000,,
2020-12-07,214.37,215.54,212.99,214.29,24620000,,
2020-12-08,213.97,216.95,212.89,216.01,23284100,,
2020-12-09,215.16,215.23,211.21,211.80,32440600,,
2020-12-10,211.77,213.08,210.36,210.52,26733300,,
2020-12-11,210.05,213.32,209.11,213.26,30979400,,
2020-12-14,213.10,216.21,212.88,214.20,28798400,,
2020-12-15,215.17,215.42,212.24,214.13,27000600,,
2020-12-16,214.75,220.11,214.72,219.28,35023300,,
2020-12-17,219.87,220.89,217.92,219.42,32515800,,
2020-12-18,218.59,219.69,216.02,218.59,63354900,,
2020-12-21,217.55,224.00,217.28,222.59,37181900,,
2020-12-22,222.69,225.63,221.85,223.94,22612200,,
2020-12-23,223.11,223.56,220.80,221.02,18699600,,
2020-12-24,221.42,223.61,221.20,222.75,10550600,,
2020-12-28,224.45,226.03,223.02,224.96,17933500,,
2020-12-29,226.31,227.18,223.58,224.15,17403200,,
2020-12-30,225.23,225.63,221.47,221.68,20272300,,
2020-12-31,221.70,223.00,219.68,222.42,20942100,,
2021-01-04,222.53,223.00,214.81,217.69,37130100,,
2021-01-05,217.26,218.52,215.70,217.90,23823000,,
2021-01-06,212.17,216.49,211.94,212.25,35930700,,
2021-01-07,214.04,219.34,213.71,218.29,27694500,,
2021-01-08,218.68,220.58,217.03,219.62,22956200,,
2021-01-11,218.47,218.91,216.73,217.49,23031300,,
2021-01-12,216.50,217.10,213.32,214.93,23249300,,
2021-01-13,214.02,216.76,213.93,216.34,20087100,,
2021-01-14,215.91,217.46,212.74,213.02,29480800,,
2021-01-15,213.52,214.51,212.03,212.65,31746500,,
2021-01-19,213.75,216.98,212.63,216.44,30480900,,
2021-01-20,217.70,225.79,217.29,224.34,37777300,,
2021-01-21,224.70,226.30,222.42,224.97,30709400,,
2021-01-22,227.08,230.07,225.80,225.95,30172700,,
2021-01-25,229.12,229.78,224.22,229.53,33152100,,
2021-01-26,231.86,234.18,230.08,232.33,49169600,,
2021-01-27,238.00,240.44,230.14,232.90,69870600,,
2021-01-28,235.61,242.64,235.09,238.93,49111200,,
2021-01-29,235.99,238.02,231.35,231.96,42503100,,
2021-02-01,235.06,242.50,232.43,239.65,33314200,,
2021-02-02,241.30,242.31,238.69,239.51,25916300,,
2021-02-03,239.57,245.09,239.26,243.00,27158100,,
2021-02-04,242.66,243.24,240.37,242.01,25296100,,
2021-02-05,242.23,243.28,240.42,242.20,18054800,,
2021-02-08,243.15,243.68,240.81,242.47,22211900,,
2021-02-09,241.87,244.76,241.38,243.77,23565000,,
2021-02-10,245.00,245.92,240.89,242.82,22186700,,
2021-02-11,244.78,245.15,242.15,244.49,15751100,,
2021-02-12,243.93,245.30,242.73,244.99,16561100,,
2021-02-16,245.03,246.13,242.92,243.70,26728500,,
2021-02-17,241.32,244.31,240.94,244.20,21653500,0.56,
2021-02-18,241.80,243.93,240.86,243.79,16925600,,
2021-02-19,243.75,243.86,240.18,240.97,25262600,,
2021-02-22,237.42,237.93,232.40,234.51,36446900,,
2021-02-23,230.33,234.83,228.73,233.27,30228700,,
2021-02-24,230.01,235.20,229.00,234.55,26339700,,
2021-02-25,232.08,234.59,227.88,228.99,39542200,,
2021-02-26,231.53,235.37,229.54,232.38,37819200,,
2021-03-01,235.90,237.47,233.15,236.94,25324000,,
2021-03-02,237.01,237.30,233.45,233.87,22812500,,
2021-03-03,232.16,233.58,227.26,227.56,34029500,,
2021-03-04,226.74,232.49,224.26,226.73,44727800,,
2021-03-05,229.52,233.27,226.46,231.60,41872800,,
2021-03-08,231.37,233.37,227.13,227.39,35267400,,
2021-03-09,232.88,235.38,231.67,233.78,33080500,,
2021-03-10,237.00,237.00,232.04,232.42,29746800,,
2021-03-11,234.96,239.17,234.31,237.13,29907600,,
2021-03-12,234.01,235.82,233.23,235.75,22653700,,
2021-03-15,234.96,235.19,231.81,234.81,26034900,,
2021-03-16,236.28,240.06,235.94,237.71,28092200,,
2021-03-17,236.15,238.55,233.23,237.04,29562100,,
2021-03-18,232.56,234.19,230.33,230.72,34833000,,
2021-03-19,231.02,232.47,229.35,230.35,46430700,,
2021-03-22,230.27,236.90,230.14,235.99,30127000,,
2021-03-23,237.49,241.05,237.07,237.58,31638400,,
2021-03-24,237.85,238.00,235.32,235.46,25620100,,
2021-03-25,235.30,236.94,231.57,232.34,34061900,,
2021-03-26,231.55,236.71,231.55,236.48,25479900,,
2021-03-29,236.59,236.80,231.88,235.24,25227500,,
2021-03-30,233.53,233.85,231.10,231.85,24792000,,
2021-03-31,232.91,239.10,232.39,235.77,43623500,,
2021-04-01,238.47,242.84,238.05,242.35,30338000,,
2021-04-05,242.76,249.96,242.70,249.07,36910600,,
2021-04-06,247.61,249.40,246.88,247.86,22931900,,
2021-04-07,247.81,250.93,247.19,249.90,22719800,,
2021-04-08,252.77,254.14,252.00,253.25,23625200,,
2021-04-09,252.87,255.99,252.44,255.85,24326800,,
2021-04-12,254.71,257.67,254.62,255.91,27148700,,
2021-04-13,257.26,259.19,256.83,258.49,23837500,,
2021-04-14,257.48,258.83,255.16,255.59,23070900,,
2021-04-15,257.93,259.93,257.73,259.50,25627500,,
2021-04-16,259.47,261.00,257.60,260.74,24878600,,
2021-04-19,260.19,261.48,257.82,258.74,23209300,,
2021-04-20,257.82,260.20,256.84,258.26,19722900,,
2021-04-21,258.94,260.68,257.25,260.58,24030400,,
2021-04-22,260.21,261.78,255.64,257.17,25606200,,
2021-04-23,257.88,261.51,257.27,261.15,21462600,,
2021-04-26,261.66,262.44,260.17,261.55,19763300,,
2021-04-27,261.58,263.19,260.12,261.97,31014200,,
2021-04-28,256.08,256.54,252.95,254.56,46903100,,
2021-04-29,255.46,256.10,249.00,252.51,40589000,,
2021-04-30,249.74,253.08,249.60,252.18,30945100,,
2021-05-03,253.40,254.35,251.12,251.86,19626600,,
2021-05-04,250.97,251.21,245.76,247.79,32756100,,
2021-05-05,249.06,249.50,245.82,246.47,21901300,,
2021-05-06,246.45,249.86,244.69,249.73,26491100,,
2021-05-07,252.15,254.30,251.17,252.46,27032900,,
2021-05-10,250.87,251.73,247.12,247.18,29299900,,
2021-05-11,244.55,246.60,242.57,246.23,33641600,,
2021-05-12,242.17,244.38,238.07,239.00,36684400,,
2021-05-13,241.80,245.60,241.42,243.03,29624300,,
2021-05-14,245.58,249.18,245.49,248.15,23901100,,
2021-05-17,246.55,246.59,243.52,245.18,24970200,,
2021-05-18,246.27,246.41,242.90,243.08,20168000,,
2021-05-19,239.31,243.23,238.60,243.12,25739800,0.56,
2021-05-20,243.96,247.95,243.86,246.48,21800700,,
2021-05-21,247.57,248.33,244.74,245.17,21863100,,
2021-05-24,247.79,251.16,247.51,250.78,21411500,,
2021-05-25,251.77,252.75,250.82,251.72,17704300,,
2021-05-26,251.43,252.94,250.75,251.49,17771600,,
2021-05-27,251.17,251.48,249.25,249.31,24426200,,
2021-05-28,251.00,252.08,249.56,249.68,18270200,,
2021-06-01,251.23,251.29,246.96,247.40,23213300,,
2021-06-02,248.13,249.27,245.84,247.30,19406700,,
2021-06-03,245.22,246.34,243.00,245.71,25307700,,
2021-06-04,247.76,251.65,247.51,250.79,25281100,,
2021-06-07,249.98,254.09,249.81,253.81,23079200,,
2021-06-08,255.16,256.01,252.51,252.57,22455000,,
2021-06-09,253.81,255.53,253.21,253.59,17937600,,
2021-06-10,254.29,257.46,253.67,257.24,24563600,,
2021-06-11,257.99,258.49,256.61,257.89,18999700,,
2021-06-14,257.90,259.95,256.80,259.89,19150500,,
2021-06-15,259.77,259.99,257.68,258.36,18038900,,
2021-06-16,259.40,260.58,254.42,257.38,27220000,,
2021-06-17,256.07,261.75,256.01,260.90,27565500,,
2021-06-18,259.63,262.30,258.75,259.43,37202200,,
2021-06-21,259.82,263.52,257.92,262.63,26696100,,
2021-06-22,262.72,265.79,262.40,265.51,24694100,,
2021-06-23,265.99,266.83,264.43,265.27,19518700,,
2021-06-24,266.16,267.85,265.47,266.69,21446900,,
2021-06-25,266.23,267.25,264.76,265.02,25611100,,
2021-06-28,266.19,268.90,265.91,268.72,19590000,,
2021-06-29,268.87,271.65,267.98,271.40,19937800,,
2021-06-30,270.69,271.36,269.60,270.90,21656500,,
2021-07-01,269.61,271.84,269.60,271.60,16725300,,
2021-07-02,272.82,278.00,272.50,277.65,26458000,,
2021-07-06,278.03,279.37,274.30,277.66,31565600,,
2021-07-07,279.40,280.69,277.15,279.93,23260000,,
2021-07-08,276.90,278.73,274.87,277.42,24618600,,
2021-07-09,275.72,278.05,275.32,277.94,23916700,,
2021-07-12,279.16,279.77,276.58,277.32,18931700,,
2021-07-13,277.52,282.85,277.39,280.98,26120100,,
2021-07-14,282.35,283.66,280.55,282.51,23113700,,
2021-07-15,282.00,282.51,279.83,281.03,22604200,,
2021-07-16,282.07,284.10,279.46,280.75,26186800,,
2021-07-19,278.93,280.37,274.45,277.01,32935600,,
2021-07-20,278.03,280.97,276.26,279.32,26259700,,
2021-07-21,278.90,281.52,277.29,281.40,24364300,,
2021-07-22,283.84,286.42,283.42,286.14,23384100,,
2021-07-23,287.37,289.99,286.50,289.67,22768100,,
2021-07-26,289.00,289.69,286.64,289.05,23176100,,
2021-07-27,289.43,289.58,282.95,286.54,33604100,,
2021-07-28,288.99,290.15,283.83,286.22,33566900,,
2021-07-29,286.24,288.62,286.08,286.50,18168300,,
2021-07-30,285.17,286.66,283.91,284.91,20944800,,
2021-08-02,286.36,286.77,283.74,284.82,16267400,,
2021-08-03,285.42,287.23,284.00,287.12,17879000,,
2021-08-04,286.22,287.59,284.65,286.51,16191300,,
2021-08-05,286.88,289.63,286.10,289.52,13900200,,
2021-08-06,288.51,289.50,287.62,289.46,16589300,,
2021-08-09,289.75,291.55,287.81,288.33,16117600,,
2021-08-10,288.80,289.25,285.20,286.44,18616600,,
2021-08-11,287.21,288.66,285.86,286.95,13955900,,
2021-08-12,286.63,289.97,286.34,289.81,14561300,,
2021-08-13,289.48,292.90,289.30,292.85,18249000,,
2021-08-16,293.19,294.82,290.02,294.60,22507600,,
2021-08-17,292.39,293.43,291.08,293.08,20075300,,
2021-08-18,292.04,294.82,290.27,290.73,21813000,0.56,
2021-08-19,288.69,297.47,288.64,296.77,29850500,,
2021-08-20,299.72,305.84,298.06,304.36,40817600,,
2021-08-23,303.25,305.40,301.85,304.65,22830200,,
2021-08-24,305.02,305.65,302.00,302.62,18175800,,
2021-08-25,304.30,304.59,300.42,302.01,20006100,,
2021-08-26,300.99,302.43,298.95,299.09,17666100,,
2021-08-27,298.99,300.87,296.83,299.72,22605700,,
2021-08-30,301.12,304.22,301.06,303.59,16348100,,
2021-08-31,304.42,304.50,301.50,301.88,26285300,,
2021-09-01,302.87,305.19,301.49,301.83,18983800,,
2021-09-02,302.20,303.36,300.18,301.15,16285600,,
2021-09-03,300.99,302.60,300.26,301.14,14747900,,
2021-09-07,301.01,301.09,298.20,300.18,17180400,,
2021-09-08,299.78,300.61,297.47,300.21,15046800,,
2021-09-09,300.82,302.14,297.00,297.25,19927000,,
2021-09-10,298.42,299.92,295.38,295.71,19633400,,
2021-09-13,297.55,298.54,294.08,296.99,23652900,,
2021-09-14,299.56,301.39,298.10,299.79,21853400,,
2021-09-15,303.26,305.32,301.82,304.82,28356300,,
2021-09-16,303.76,305.31,300.76,305.22,19550800,,
2021-09-17,304.17,304.50,299.53,299.87,41372500,,
2021-09-20,296.33,298.72,289.52,294.30,38278700,,
2021-09-21,295.69,297.54,294.07,294.80,22364100,,
2021-09-22,296.73,300.22,294.51,298.58,26626300,,
2021-09-23,298.85,300.90,297.53,299.56,18604600,,
2021-09-24,298.23,299.80,296.93,299.35,14999000,,
2021-09-27,296.14,296.47,292.94,294.17,23571700,,
2021-09-28,289.80,290.78,282.75,283.52,43186200,,
2021-09-29,285.10,286.77,283.01,284.00,26353700,,
2021-09-30,285.71,287.83,281.62,281.92,32343600,,
2021-10-01,282.12,289.98,281.29,289.10,30086300,,
2021-10-04,287.40,287.75,280.25,283.11,31350700,,
2021-10-05,284.05,290.40,284.05,288.76,24993000,,
2021-10-06,285.78,293.63,285.51,293.11,28002600,,
2021-10-07,295.18,296.64,293.92,294.85,20430500,,
2021-10-08,296.22,296.64,293.76,294.85,17685700,,
2021-10-11,292.92,297.97,292.75,294.23,19298600,,
2021-10-12,295.34,295.44,292.35,292.88,17974100,,
2021-10-13,294.91,297.28,293.49,296.31,23416300,,
2021-10-14,299.21,303.27,297.83,302.75,27262900,,
2021-10-15,302.34,304.45,300.52,304.21,25384800,,
2021-10-18,303.57,308.21,302.69,307.29,22729300,,
2021-10-19,308.35,309.30,307.22,308.23,17682100,,
2021-10-20,309.21,309.70,306.11,307.41,16537100,,
2021-10-21,307.17,311.02,306.36,310.76,16918100,,
2021-10-22,310.40,311.09,307.80,309.16,17449300,,
2021-10-25,309.36,309.40,306.46,308.13,17554500,,
2021-10-26,311.00,312.40,308.60,310.11,28107300,,
2021-10-27,316.00,326.10,316.00,323.17,52588700,,
2021-10-28,324.33,324.87,321.36,324.35,26297900,,
2021-10-29,324.13,332.00,323.90,331.62,34766000,,
2021-11-01,331.36,331.49,326.37,329.37,27073200,,
2021-11-02,330.31,333.45,330.00,333.13,26487100,,
2021-11-03,333.90,334.90,330.65,334.00,21500100,,
2021-11-04,332.89,336.54,329.51,336.44,23992200,,
2021-11-05,338.51,338.79,334.42,336.06,22570100,,
2021-11-08,337.30,337.65,334.44,336.99,20897000,,
2021-11-09,337.11,338.72,334.53,335.95,21307400,,
2021-11-10,334.57,334.63,329.92,330.80,25500900,,
2021-11-11,331.25,333.77,330.51,332.43,16849800,,
2021-11-12,333.92,337.23,333.79,336.72,23831000,,
2021-11-15,337.54,337.88,334.03,336.07,16723000,,
2021-11-16,335.68,340.67,335.51,339.51,20886800,,
2021-11-17,338.94,342.19,338.00,339.12,19053400,0.62,
2021-11-18,338.18,342.45,337.12,341.27,22463500,,
2021-11-19,342.64,345.10,342.20,343.11,21963400,,
2021-11-22,344.62,349.67,339.55,339.83,31031100,,
2021-11-23,337.05,339.45,333.56,337.68,30427600,,
2021-11-24,336.28,338.16,333.91,337.91,21661300,,
2021-11-26,334.35,337.93,328.12,329.68,24217200,,
2021-11-29,334.94,339.03,334.74,336.63,28563500,,
2021-11-30,335.32,337.78,328.99,330.59,42885600,,
2021-12-01,335.13,339.28,329.39,330.08,33337600,,
2021-12-02,330.30,333.49,327.80,329.49,30766000,,
2021-12-03,331.99,332.70,318.03,323.01,41779300,,
2021-12-06,323.95,327.45,319.23,326.19,30032600,,
2021-12-07,331.64,335.80,330.10,334.92,31021900,,
2021-12-08,335.31,335.50,330.80,334.97,24761000,,
2021-12-09,334.41,336.49,332.12,333.10,22214200,,
2021-12-10,334.98,343.00,334.79,342.54,38095700,,
2021-12-13,340.68,343.79,339.08,339.40,28899400,,
2021-12-14,333.22,334.64,324.11,328.34,44438700,,
2021-12-15,328.61,335.19,324.50,334.65,35381100,,
2021-12-16,335.71,336.76,323.02,324.90,35034800,,
2021-12-17,320.88,324.92,317.25,323.80,47750300,,
2021-12-20,320.05,322.80,317.57,319.91,28326500,,
2021-12-21,323.29,327.73,319.80,327.29,24740600,,
2021-12-22,328.30,333.61,325.75,333.20,24831500,,
2021-12-23,332.75,336.39,332.73,334.69,19617800,,
2021-12-27,335.46,342.48,335.43,342.45,19947000,,
2021-12-28,343.15,343.81,340.32,341.25,15661500,,
2021-12-29,341.30,344.30,339.68,341.95,15042000,,
2021-12-30,341.91,343.13,338.82,339.32,15994500,,
2021-12-31,338.51,339.36,335.85,336.32,18000800,,
2022-01-03,335.35,338.00,329.78,334.75,28865100,,
2022-01-04,334.83,335.20,326.12,329.01,32674300,,
2022-01-05,325.86,326.07,315.98,316.38,40054300,,
2022-01-06,313.15,318.70,311.49,313.88,39646100,,
2022-01-07,314.15,316.50,310.09,314.04,32720000,,
2022-01-10,309.49,314.72,304.69,314.27,44289500,,
2022-01-11,313.38,316.61,309.89,314.98,29386800,,
2022-01-12,319.67,323.41,317.08,318.27,34372200,,
2022-01-13,320.47,320.88,304.00,304.80,45366000,,
2022-01-14,304.25,310.82,303.75,310.20,39846400,,
2022-01-18,304.07,309.80,301.74,302.65,42333200,,
2022-01-19,306.29,313.91,302.70,303.33,45933900,,
2022-01-20,309.07,311.65,301.14,301.60,35380700,,
2022-01-21,302.69,304.11,295.61,296.03,57984400,,
2022-01-24,292.20,297.11,276.05,296.37,85731500,,
2022-01-25,291.52,294.99,285.17,288.49,72848600,,
2022-01-26,307.99,308.50,293.03,296.71,90428900,,
2022-01-27,302.66,307.30,297.93,299.84,53481300,,
2022-01-28,300.23,308.48,294.45,308.26,49743700,,
2022-01-31,308.95,312.38,306.37,310.98,46444500,,
2022-02-01,310.41,310.63,305.13,308.76,40950400,,
2022-02-02,309.63,315.12,308.88,313.46,36636000,,
2022-02-03,309.49,311.23,299.96,301.25,43730000,,
2022-02-04,300.21,308.80,299.97,305.94,35096500,,
2022-02-07,306.17,307.84,299.90,300.95,28533300,,
2022-02-08,301.25,305.56,299.95,304.56,32421200,,
2022-02-09,309.87,311.93,307.39,311.21,31284700,,
2022-02-10,304.04,309.12,300.70,302.38,45386200,,
2022-02-11,303.19,304.29,294.22,295.04,39175600,,
2022-02-14,293.77,296.76,291.35,295.00,36359500,,
2022-02-15,300.01,300.80,297.02,300.47,27058300,,
2022-02-16,298.37,300.87,293.68,299.50,29982100,0.62,
2022-02-17,296.36,296.80,290.00,290.73,32461600,,
2022-02-18,293.05,293.86,286.31,287.93,34264000,,
2022-02-22,285.00,291.54,284.50,287.72,41736100,,
2022-02-23,290.18,291.70,280.10,280.27,37811200,,
2022-02-24,272.51,295.16,271.52,294.59,56989700,,
2022-02-25,295.14,297.63,291.65,297.31,32546700,,
2022-02-28,294.31,299.14,293.00,298.79,34627500,,
2022-03-01,296.40,299.97,292.15,294.95,31217800,,
2022-03-02,295.36,301.47,293.70,300.19,31873000,,
2022-03-03,302.89,303.13,294.05,295.92,27314500,,
2022-03-04,294.29,295.66,287.17,289.86,32356500,,
2022-03-07,288.53,289.69,278.53,278.91,43157200,,
2022-03-08,277.80,283.96,270.00,275.85,48159500,,
2022-03-09,283.44,289.60,280.78,288.50,35204500,,
2022-03-10,283.02,286.60,280.58,285.59,30628000,,
2022-03-11,287.96,289.51,279.43,280.07,27209300,,
2022-03-14,280.34,285.40,275.82,276.44,30660700,,
2022-03-15,280.35,287.82,278.73,287.15,34245100,,
2022-03-16,289.11,294.57,283.20,294.39,37826300,,
2022-03-17,293.29,295.61,289.37,295.22,30816600,,
2022-03-18,295.37,301.00,292.73,300.43,43390600,,
2022-03-21,298.89,300.14,294.90,299.16,28351200,,
2022-03-22,299.80,305.00,298.77,304.06,27599700,,
2022-03-23,300.51,303.23,297.72,299.49,25715400,,
2022-03-24,299.14,304.20,298.32,304.10,24484500,,
2022-03-25,305.23,305.50,299.29,303.68,22566500,,
2022-03-28,304.33,310.80,304.33,310.70,29578200,,
2022-03-29,313.91,315.82,309.05,315.41,30393400,,
2022-03-30,313.76,315.95,311.58,313.86,28163600,,
2022-03-31,313.90,315.14,307.89,308.31,33422100,,
2022-04-01,309.37,310.13,305.54,309.42,27110500,,
2022-04-04,310.09,315.11,309.71,314.97,24289600,,
2022-04-05,313.27,314.87,309.87,310.88,23156700,,
2022-04-06,305.19,307.00,296.71,299.50,40110400,,
2022-04-07,296.66,303.65,296.35,301.37,31411200,,
2022-04-08,300.44,301.12,296.28,296.97,24361900,,
2022-04-11,291.79,292.61,285.00,285.26,34569300,,
2022-04-12,289.24,290.74,280.49,282.06,30966700,,
2022-04-13,282.73,288.58,281.30,287.62,21907200,,
2022-04-14,288.09,288.31,279.32,279.83,28221600,,
2022-04-18,278.91,282.46,278.34,280.52,20778000,,
2022-04-19,279.38,286.17,278.41,285.30,22297700,,
2022-04-20,289.40,289.70,285.37,286.36,22906700,,
2022-04-21,288.58,293.30,280.06,280.81,29454600,,
2022-04-22,281.68,283.20,273.38,274.03,29405800,,
2022-04-25,273.29,281.11,270.77,280.72,35678900,,
2022-04-26,277.50,278.36,270.00,270.22,46518400,,
2022-04-27,282.10,290.97,279.16,283.22,63477700,,
2022-04-28,285.19,290.98,281.46,289.63,33646600,,
2022-04-29,288.61,289.88,276.50,277.52,37073900,,
2022-05-02,277.71,284.94,276.22,284.47,35151100,,
2022-05-03,283.96,284.13,280.15,281.78,25978600,,
2022-05-04,282.59,290.88,276.73,289.98,33599300,,
2022-05-05,285.54,286.35,274.34,277.35,43260400,,
2022-05-06,274.81,279.25,271.27,274.73,37780300,,
2022-05-09,270.06,272.36,263.32,264.58,47726000,,
2022-05-10,271.69,273.75,265.07,269.50,39336400,,
2022-05-11,265.68,271.36,259.30,260.55,48975900,,
2022-05-12,257.69,259.88,250.02,255.35,51033800,,
2022-05-13,257.35,263.04,255.35,261.12,34925100,,
2022-05-16,259.96,265.82,255.78,261.50,32550900,,
2022-05-17,266.11,268.33,262.46,266.82,28828800,,
2022-05-18,263.00,263.60,252.77,254.08,31356000,0.62,
2022-05-19,253.90,257.67,251.88,253.14,32692300,,
2022-05-20,257.24,258.54,246.44,252.56,39199300,,
2022-05-23,255.49,261.50,253.43,260.65,33175400,,
2022-05-24,257.89,261.33,253.50,259.62,29043900,,
2022-05-25,258.14,264.58,257.13,262.52,28547900,,
2022-05-26,262.27,267.11,261.43,265.90,25002100,,
2022-05-27,268.48,273.34,267.56,273.24,26910800,,
2022-05-31,272.53,274.77,268.93,271.87,37827700,,
2022-06-01,275.20,277.69,270.04,272.42,25292200,,
2022-06-02,264.45,274.65,261.60,274.58,44008200,,
2022-06-03,270.31,273.45,268.41,270.02,28059000,,
2022-06-06,272.06,274.18,267.22,268.75,22400300,,
2022-06-07,266.64,273.13,265.94,272.50,22860700,,
2022-06-08,271.71,273.00,269.61,270.41,17372300,,
2022-06-09,267.78,272.71,264.63,264.79,26439700,,
2022-06-10,260.58,260.58,252.53,252.99,31422800,,
2022-06-13,245.11,249.02,241.53,242.26,46135800,,
2022-06-14,243.86,245.74,241.51,244.49,28651500,,
2022-06-15,248.31,255.30,246.42,251.76,33111700,,
2022-06-16,245.98,247.42,243.02,244.97,33169200,,
2022-06-17,244.70,250.50,244.03,247.65,43084800,,
2022-06-21,250.26,254.75,249.51,253.74,29928300,,
2022-06-22,251.89,257.17,250.37,253.13,25939900,,
2022-06-23,255.57,259.37,253.63,258.86,25861400,,
2022-06-24,261.81,267.98,261.72,267.70,33923200,,
2022-06-27,268.21,268.30,263.28,264.89,24615100,,
2022-06-28,263.98,266.91,256.32,256.48,27295500,,
2022-06-29,257.59,261.97,255.76,260.26,20069800,,
2022-06-30,257.05,259.53,252.90,256.83,31730900,,
2022-07-01,256.39,259.77,254.61,259.58,22837700,,
2022-07-05,256.16,262.98,254.74,262.85,22941000,,
2022-07-06,263.75,267.99,262.40,266.21,23824400,,
2022-07-07,265.12,269.06,265.02,268.40,20859900,,
2022-07-08,264.79,268.10,263.29,267.66,19658800,,
2022-07-11,265.65,266.53,262.18,264.51,19455200,,
2022-07-12,265.88,265.94,252.04,253.67,35868500,,
2022-07-13,250.19,253.55,248.11,252.72,29497400,,
2022-07-14,250.57,255.14,245.94,254.08,25102800,,
2022-07-15,255.72,260.37,254.77,256.72,29774100,,
2022-07-18,259.75,260.84,253.30,254.25,20975000,,
2022-07-19,257.58,259.72,253.68,259.53,25012600,,
2022-07-20,259.90,264.87,258.91,262.27,22788300,,
2022-07-21,259.79,264.89,257.03,264.84,22404700,,
2022-07-22,265.24,265.33,259.07,260.36,21881300,,
2022-07-25,261.00,261.50,256.81,258.83,21056000,,
2022-07-26,259.86,259.88,249.57,251.90,39348000,,
2022-07-27,261.16,270.05,258.85,268.74,45994000,,
2022-07-28,269.75,277.84,267.87,276.41,33459300,,
2022-07-29,277.70,282.00,276.63,280.74,32152800,,
2022-08-01,277.82,281.28,275.84,278.01,21539600,,
2022-08-02,276.00,277.89,272.38,274.82,22754200,,
2022-08-03,276.76,283.50,276.61,282.47,23518900,,
2022-08-04,281.80,283.80,280.17,283.65,18098700,,
2022-08-05,279.15,283.65,278.68,282.91,16774600,,
2022-08-08,284.05,285.92,279.32,280.32,18739200,,
2022-08-09,279.64,283.08,277.61,282.30,23405200,,
2022-08-10,288.17,289.81,286.94,289.16,24687800,,
2022-08-11,290.85,291.21,286.51,287.02,20065900,,
2022-08-12,288.48,291.91,286.94,291.91,22619700,,
2022-08-15,291.00,294.18,290.11,293.47,18085700,,
2022-08-16,291.99,294.04,290.42,292.71,18102900,,
2022-08-17,289.74,293.35,289.47,291.32,18253400,0.62,
2022-08-18,290.19,291.91,289.08,290.17,17186200,,
2022-08-19,288.90,289.25,285.56,286.15,20570000,,
2022-08-22,282.08,282.46,277.22,277.75,25061100,,
2022-08-23,276.44,278.86,275.40,276.44,17527400,,
2022-08-24,275.41,277.23,275.11,275.79,18137000,,
2022-08-25,277.33,279.02,274.52,278.85,16583400,,
2022-08-26,279.08,280.34,267.98,268.09,27549300,,
2022-08-29,265.85,267.40,263.85,265.23,20338500,,
2022-08-30,266.67,267.05,260.66,262.97,22767100,,
2022-08-31,265.39,267.11,261.33,261.47,24791800,,
2022-09-01,258.87,260.89,255.41,260.40,23263400,,
2022-09-02,261.70,264.74,254.47,256.06,22855400,,
2022-09-06,256.20,257.83,251.94,253.25,21328200,,
2022-09-07,254.70,258.83,253.22,258.09,24126700,,
2022-09-08,257.51,260.43,254.79,258.52,20319900,,
2022-09-09,260.50,265.23,260.29,264.46,22084700,,
2022-09-12,265.78,267.45,265.16,266.65,18747700,,
2022-09-13,258.84,260.40,251.59,251.99,33353300,,
2022-09-14,253.53,254.23,249.86,252.22,23913000,,
2022-09-15,249.77,251.40,244.02,245.38,31530900,,
2022-09-16,244.26,245.30,242.06,244.74,39791800,,
2022-09-19,242.47,245.14,240.85,244.52,26826900,,
2022-09-20,242.07,243.51,239.64,242.45,26660300,,
2022-09-21,244.27,247.66,238.90,238.95,28625600,,
2022-09-22,237.87,243.86,237.57,240.98,31061200,,
2022-09-23,239.54,241.13,235.20,237.92,34176000,,
2022-09-26,237.05,241.45,236.90,237.45,27694200,,
2022-09-27,239.98,241.80,234.50,236.41,27018700,,
2022-09-28,236.81,242.33,234.73,241.07,29029700,,
2022-09-29,238.89,239.95,234.41,237.50,27484200,,
2022-09-30,238.29,240.54,232.73,232.90,35694800,,
2022-10-03,235.41,241.61,234.66,240.74,28880400,,
2022-10-04,245.09,250.36,244.98,248.88,34888400,,
2022-10-05,245.99,250.58,244.10,249.20,20347100,,
2022-10-06,247.93,250.34,246.08,246.79,20239900,,
2022-10-07,240.90,241.32,233.17,234.24,37769600,,
2022-10-10,233.05,234.56,226.73,229.25,29743600,,
2022-10-11,227.62,229.06,224.11,225.41,30474000,,
2022-10-12,225.40,227.86,223.96,225.75,21903900,,
2022-10-13,219.85,236.10,219.13,234.24,42551800,,
2022-10-14,235.54,237.24,228.34,228.56,30198600,,
2022-10-17,235.82,238.96,235.14,237.53,28142300,,
2022-10-18,243.24,243.93,235.37,238.50,26329600,,
2022-10-19,237.04,239.61,234.29,236.48,19985700,,
2022-10-20,235.77,241.31,234.87,236.15,21811000,,
2022-10-21,234.74,243.00,234.50,242.12,26299700,,
2022-10-24,243.76,247.84,241.30,247.25,24911200,,
2022-10-25,247.26,251.04,245.83,250.66,34775500,,
2022-10-26,231.17,238.30,230.06,231.32,82543200,,
2022-10-27,231.04,233.69,225.78,226.75,40424600,,
2022-10-28,226.24,236.60,226.05,235.87,40647700,,
2022-10-31,233.76,234.92,231.15,232.13,28357300,,
2022-11-01,234.60,235.74,227.33,228.17,30592300,,
2022-11-02,229.46,231.30,220.04,220.10,38407000,,
2022-11-03,220.09,220.41,213.98,214.25,36633900,,
2022-11-04,217.55,221.59,213.43,221.39,36789100,,
2022-11-07,221.99,228.41,221.28,227.87,33498000,,
2022-11-08,228.70,231.65,225.84,228.87,28192500,,
2022-11-09,227.37,228.63,224.33,224.51,27852900,,
2022-11-10,235.43,243.33,235.00,242.98,46268000,,
2022-11-11,242.99,247.99,241.93,247.11,34620200,,
2022-11-14,241.99,243.91,239.21,241.55,31123300,,
2022-11-15,245.66,247.00,240.03,241.97,31390100,,
2022-11-16,242.79,243.80,240.42,241.73,24093300,0.68,
2022-11-17,237.78,243.25,237.63,241.68,23123500,,
2022-11-18,243.51,243.74,239.03,241.22,27613500,,
2022-11-21,241.43,244.67,241.19,242.05,26394700,,
2022-11-22,243.59,245.31,240.71,245.03,19665700,,
2022-11-23,245.11,248.28,244.27,247.58,19508500,,
2022-11-25,247.31,248.70,246.73,247.49,9200800,,
2022-11-28,246.08,246.65,240.80,241.76,24778200,,
2022-11-29,241.40,242.79,238.21,240.33,17956300,,
2022-11-30,240.57,255.33,239.86,255.14,47594200,,
2022-12-01,253.87,256.12,250.92,254.69,26041500,,
2022-12-02,249.82,256.06,249.69,255.02,21528500,,
2022-12-05,252.01,253.82,248.06,250.20,23435300,,
2022-12-06,250.82,251.86,243.78,245.12,22463700,,
2022-12-07,244.83,246.16,242.21,244.37,20481500,,
2022-12-08,244.84,248.74,243.06,247.40,22611800,,
2022-12-09,244.70,248.31,244.16,245.42,20609700,,
2022-12-12,247.45,252.54,247.17,252.51,30665100,,
2022-12-13,261.69,263.92,253.07,256.92,42196900,,
2022-12-14,257.13,262.59,254.31,257.22,35410900,,
2022-12-15,253.72,254.20,247.34,249.01,35560400,,
2022-12-16,248.55,249.84,243.51,244.69,86102000,,
2022-12-19,244.86,245.21,238.71,240.45,29696400,,
2022-12-20,239.40,242.91,238.42,241.80,25150800,,
2022-12-21,241.69,245.62,240.11,244.43,23690600,,
2022-12-22,241.26,241.99,233.87,238.19,28651700,,
2022-12-23,236.11,238.87,233.94,238.73,21207000,,
2022-12-27,238.70,238.93,235.83,236.96,16688600,,
2022-12-28,236.89,239.72,234.17,234.53,17457100,,
2022-12-29,235.65,241.92,235.65,241.01,19770700,,
2022-12-30,238.21,239.96,236.66,239.82,21938500,,
2023-01-03,243.08,245.75,237.40,239.58,25740000,,
2023-01-04,232.28,232.87,225.96,229.10,50623400,,
2023-01-05,227.20,227.55,221.76,222.31,39585600,,
2023-01-06,223.00,225.76,219.35,224.93,43613600,,
2023-01-09,226.45,231.24,226.41,227.12,27369800,,
2023-01-10,227.76,231.31,227.33,228.85,27033900,,
2023-01-11,231.29,235.95,231.11,235.77,28669300,,
2023-01-12,235.26,239.90,233.56,238.51,27269500,,
2023-01-13,237.00,239.37,234.92,239.23,21333300,,
2023-01-17,237.97,240.91,237.09,240.35,29831300,,
2023-01-18,241.57,242.38,235.52,235.81,30028700,,
2023-01-19,233.78,235.52,230.68,231.93,28623000,,
2023-01-20,234.86,240.74,234.51,240.22,35389800,,
2023-01-23,241.10,245.17,239.65,242.58,31934000,,
2023-01-24,242.50,243.95,240.44,242.04,40234400,,
2023-01-25,234.48,243.30,230.90,240.61,66526600,,
2023-01-26,243.65,248.31,242.00,248.00,33454500,,
2023-01-27,248.99,249.83,246.83,248.16,26498900,,
2023-01-30,244.51,245.60,242.20,242.71,25867400,,
2023-01-31,243.45,247.95,242.95,247.81,26541100,,
2023-02-01,248.00,255.18,245.47,252.75,31259900,,
2023-02-02,258.82,264.69,257.25,264.60,39940400,,
2023-02-03,259.54,264.20,257.10,258.35,29077300,,
2023-02-06,257.44,258.30,254.78,256.77,22518000,,
2023-02-07,260.53,268.77,260.08,267.56,50841400,,
2023-02-08,273.20,276.76,266.21,266.73,54686000,,
2023-02-09,273.80,273.98,262.80,263.62,42375100,,
2023-02-10,261.53,264.09,260.66,263.10,25818500,,
2023-02-13,267.64,274.60,267.15,271.32,44630900,,
2023-02-14,272.67,274.97,269.28,272.17,37047900,,
2023-02-15,268.32,270.73,266.18,269.32,28922400,0.68,
2023-02-16,264.02,266.74,261.90,262.15,29603600,,
2023-02-17,259.39,260.09,256.00,258.06,30000100,,
2023-02-21,254.48,255.49,251.59,252.67,28397400,,
2023-02-22,254.09,254.34,250.34,251.51,22491100,,
2023-02-23,255.56,256.84,250.48,254.77,29219100,,
2023-02-24,249.96,251.00,248.10,249.22,24990900,,
2023-02-27,252.46,252.82,249.39,250.16,21190000,,
2023-02-28,249.07,251.49,248.73,249.42,22491000,,
2023-03-01,250.76,250.93,245.79,246.27,27565300,,
2023-03-02,246.55,251.40,245.61,251.11,24808200,,
2023-03-03,252.19,255.62,251.39,255.29,30760100,,
2023-03-06,256.43,260.12,255.98,256.87,24109800,,
2023-03-07,256.30,257.69,253.39,254.15,21473200,,
2023-03-08,254.04,254.54,250.81,253.70,17340200,,
2023-03-09,255.82,259.56,251.58,252.32,26653400,,
2023-03-10,251.08,252.79,247.60,248.59,28333900,,
2023-03-13,247.40,257.91,245.73,253.92,33339700,,
2023-03-14,256.75,261.07,255.86,260.79,33620300,,
2023-03-15,259.98,266.48,259.21,265.44,46028000,,
2023-03-16,265.21,276.56,263.28,276.20,54768800,,
2023-03-17,278.26,283.33,276.32,279.43,69527400,,
2023-03-20,276.98,277.48,269.85,272.23,43466600,,
2023-03-21,274.88,275.00,269.52,273.78,34558700,,
2023-03-22,273.40,281.04,272.18,272.29,34873300,,
2023-03-23,277.94,281.06,275.20,277.66,36610900,,
2023-03-24,277.24,280.63,275.28,280.57,28172000,,
2023-03-27,280.50,281.46,275.52,276.38,26840200,,
2023-03-28,275.79,276.14,272.05,275.23,21878600,,
2023-03-29,278.96,281.14,278.41,280.51,25087000,,
2023-03-30,284.23,284.46,281.48,284.05,25053400,,
2023-03-31,283.73,289.27,283.00,288.30,32766000,,
2023-04-03,286.52,288.27,283.95,287.23,24883300,,
2023-04-04,287.23,290.45,285.67,287.18,25824300,,
2023-04-05,285.85,287.15,282.92,284.34,22064800,,
2023-04-06,283.21,292.08,282.03,291.60,29770300,,
2023-04-10,289.21,289.60,284.71,289.39,23103000,,
2023-04-11,285.75,285.98,281.64,282.83,27276600,,
2023-04-12,284.79,287.01,281.96,283.49,27403400,,
2023-04-13,283.59,289.90,283.17,289.84,24222700,,
2023-04-14,287.00,288.48,283.69,286.14,20987900,,
2023-04-17,289.93,291.60,286.16,288.80,23836200,,
2023-04-18,291.57,291.76,287.01,288.37,20161800,,
2023-04-19,285.99,289.05,284.54,288.45,17150300,,
2023-04-20,285.25,289.03,285.08,286.11,23244400,,
2023-04-21,285.01,286.27,283.06,285.76,21676400,,
2023-04-24,282.09,284.95,278.72,281.77,26611000,,
2023-04-25,279.51,281.60,275.37,275.42,45772200,,
2023-04-26,296.70,299.57,292.73,295.37,64599200,,
2023-04-27,295.97,305.20,295.25,304.83,46462600,,
2023-04-28,304.01,308.93,303.31,307.26,36469600,,
2023-05-01,306.97,308.60,305.15,305.56,21294100,,
2023-05-02,307.76,309.18,303.91,305.41,26404400,,
2023-05-03,306.62,308.61,304.09,304.40,22360800,,
2023-05-04,306.24,307.76,303.40,305.41,22519900,,
2023-05-05,305.72,311.97,304.27,310.65,28197100,,
2023-05-08,310.13,310.20,306.09,308.65,21318600,,
2023-05-09,308.00,310.04,306.31,307.00,21340800,,
2023-05-10,308.62,313.00,307.67,312.31,30078000,,
2023-05-11,310.10,311.12,306.26,310.11,31680200,,
2023-05-12,310.55,310.65,306.60,308.97,19774700,,
2023-05-15,309.10,309.90,307.59,309.46,16336500,,
2023-05-16,309.83,313.71,309.83,311.74,26730300,,
2023-05-17,312.29,314.43,310.74,314.00,24315000,0.68,
2023-05-18,314.53,319.04,313.72,318.52,27276000,,
2023-05-19,316.74,318.75,316.37,318.34,27546700,,
2023-05-22,318.60,322.59,318.01,321.18,24115700,,
2023-05-23,320.03,322.72,315.25,315.26,30797200,,
2023-05-24,314.73,316.50,312.61,313.85,23384900,,
2023-05-25,323.24,326.90,320.00,325.92,43301700,,
2023-05-26,324.02,333.40,323.88,332.89,36630600,,
2023-05-30,335.23,335.74,330.52,331.21,29503100,,
2023-05-31,332.29,335.94,327.33,328.39,45950600,,
2023-06-01,325.93,333.53,324.72,332.58,26773900,,
2023-06-02,334.25,337.50,332.55,335.40,25873800,,
2023-06-05,335.22,338.56,334.66,335.94,21307100,,
2023-06-06,335.33,335.37,332.17,333.68,20396200,,
2023-06-07,331.65,334.49,322.50,323.38,40717100,,
2023-06-08,323.94,326.64,323.35,325.26,23277700,,
2023-06-09,324.99,329.99,324.41,326.79,22529000,,
2023-06-12,328.58,332.10,325.16,331.85,24260300,,
2023-06-13,334.47,336.98,330.39,334.29,22951300,,
2023-06-14,334.34,339.04,332.81,337.34,26003800,,
2023-06-15,337.48,349.84,337.20,348.10,38899100,,
2023-06-16,351.32,351.47,341.95,342.33,46552000,,
2023-06-20,339.31,342.08,335.86,338.05,26375400,,
2023-06-21,336.37,337.73,332.07,333.56,25117800,,
2023-06-22,334.12,340.12,333.34,339.71,23556800,,
2023-06-23,334.36,337.96,333.45,335.02,23146900,,
2023-06-26,333.72,336.11,328.49,328.60,21520600,,
2023-06-27,331.86,336.15,329.30,334.57,24354100,,
2023-06-28,334.66,337.98,333.81,335.85,20259500,,
2023-06-29,334.71,336.11,332.62,335.05,16997000,,
2023-06-30,337.75,342.73,337.20,340.54,26832800,,
2023-07-03,339.19,340.90,336.57,337.99,12508700,,
2023-07-05,335.09,341.65,334.73,338.15,18172400,,
2023-07-06,337.30,342.99,335.50,341.27,28161200,,
2023-07-07,339.32,341.79,337.00,337.22,21214800,,
2023-07-10,334.60,335.23,327.59,331.83,32791400,,
2023-07-11,331.06,332.86,327.00,332.47,26698200,,
2023-07-12,336.60,341.65,335.67,337.20,29995300,,
2023-07-13,339.56,343.74,339.02,342.66,20567200,,
2023-07-14,347.59,351.43,344.31,345.24,28352700,,
2023-07-17,345.68,346.99,342.20,345.73,20363900,,
2023-07-18,345.83,366.78,342.17,359.49,64738600,,
2023-07-19,361.75,362.46,352.44,355.08,39732900,,
2023-07-20,353.57,357.97,345.37,346.87,33778400,,
2023-07-21,349.15,350.30,339.83,343.77,69405400,,
2023-07-24,345.85,346.92,342.31,345.11,26678100,,
2023-07-25,347.11,351.89,345.07,350.98,41637700,,
2023-07-26,341.44,344.67,333.11,337.77,58383700,,
2023-07-27,340.48,341.33,329.05,330.72,39635300,,
2023-07-28,333.67,340.01,333.17,338.37,28484900,,
2023-07-31,336.92,337.70,333.36,335.92,25446000,,
2023-08-01,335.19,338.54,333.70,336.34,18311900,,
2023-08-02,333.63,333.63,326.36,327.50,27761300,,
2023-08-03,326.00,329.88,325.95,326.66,18253700,,
2023-08-04,331.88,335.14,327.24,327.78,23741500,,
2023-08-07,328.37,331.11,327.52,330.11,17741500,,
2023-08-08,326.96,328.75,323.00,326.05,22327600,,
2023-08-09,326.47,327.11,321.05,322.23,22373300,,
2023-08-10,326.02,328.26,321.18,322.93,20113700,,
2023-08-11,320.26,322.41,319.21,321.01,24355500,,
2023-08-14,321.39,324.06,320.08,324.04,18836100,,
2023-08-15,323.00,325.09,320.90,321.86,16966300,,
2023-08-16,320.80,324.42,319.80,320.40,20698900,0.68,
2023-08-17,320.54,321.87,316.21,316.88,21257200,,
2023-08-18,314.49,318.38,311.55,316.48,24755000,,
2023-08-21,317.93,322.77,317.04,321.88,24040000,,
2023-08-22,325.50,326.08,321.46,322.46,16084600,,
2023-08-23,323.82,329.20,323.46,327.00,21166400,,
2023-08-24,332.85,332.98,319.96,319.97,23281400,,
2023-08-25,321.47,325.36,318.80,322.98,21684100,,
2023-08-28,325.66,326.15,321.72,323.70,14808500,,
2023-08-29,321.88,328.98,321.88,328.41,19284600,,
2023-08-30,328.67,329.81,326.45,328.79,15222100,,
2023-08-31,329.20,330.91,326.78,327.76,26411000,,
2023-09-01,331.31,331.99,326.78,328.66,14942000,,
2023-09-05,329.00,334.85,328.66,333.55,18553900,,
2023-09-06,333.38,334.46,330.18,332.88,17535800,,
2023-09-07,331.29,333.08,329.03,329.91,18381000,,
2023-09-08,330.09,336.16,329.46,334.27,19530100,,
2023-09-11,337.24,338.42,335.43,337.94,16583300,,
2023-09-12,335.82,336.79,331.48,331.77,17565500,,
2023-09-13,331.31,336.85,331.17,336.06,16544400,,
2023-09-14,339.15,340.86,336.57,338.70,20267000,,
2023-09-15,336.92,337.40,329.65,330.22,37679800,,
2023-09-18,327.80,330.40,326.36,329.06,16834200,,
2023-09-19,326.17,329.39,324.51,328.65,16505900,,
2023-09-20,329.51,329.59,320.51,320.77,21436500,,
2023-09-21,319.26,325.35,315.00,319.53,35560400,,
2023-09-22,321.32,321.45,316.15,317.01,21447900,,
2023-09-25,316.59,317.67,315.00,317.54,17836000,,
2023-09-26,315.13,315.88,310.02,312.14,26297600,,
2023-09-27,312.30,314.30,309.69,312.79,19410100,,
2023-09-28,310.99,315.48,309.45,313.64,19683600,,
2023-09-29,317.75,319.47,314.98,315.75,24147300,,
2023-10-02,316.28,321.89,315.18,321.80,20570000,,
2023-10-03,320.83,321.39,311.21,313.39,21033500,,
2023-10-04,314.03,320.04,314.00,318.96,20720100,,
2023-10-05,319.09,319.98,314.90,319.36,16965600,,
2023-10-06,316.55,329.19,316.30,327.26,25673600,,
2023-10-09,324.75,330.30,323.18,329.82,19891200,,
2023-10-10,330.96,331.10,327.67,328.39,20557100,,
2023-10-11,331.21,332.82,329.14,332.42,20063200,,
2023-10-12,330.57,333.63,328.72,331.16,19313100,,
2023-10-13,332.38,333.83,326.36,327.73,21072400,,
2023-10-16,331.05,336.14,330.60,332.64,22158000,,
2023-10-17,329.59,333.46,327.41,332.06,18338500,,
2023-10-18,332.49,335.59,328.30,330.11,23153600,,
2023-10-19,332.15,336.88,330.91,331.32,25052100,,
2023-10-20,331.72,331.92,325.45,326.67,25027700,,
2023-10-23,325.47,332.73,324.39,329.32,24374700,,
2023-10-24,331.30,331.84,327.60,330.53,31153600,,
2023-10-25,345.02,346.20,337.62,340.67,55053800,,
2023-10-26,340.54,341.63,326.94,327.89,37828500,,
2023-10-27,330.43,336.72,328.40,329.81,29856500,,
2023-10-30,333.41,339.45,331.83,337.31,22828100,,
2023-10-31,338.85,339.00,334.69,338.11,20265300,,
2023-11-01,339.79,347.42,339.65,346.07,28158800,,
2023-11-02,347.24,348.83,344.77,348.32,24348100,,
2023-11-03,349.63,354.39,347.33,352.80,23637700,,
2023-11-06,353.45,357.54,353.35,356.53,23828300,,
2023-11-07,359.40,362.46,357.63,360.53,25833900,,
2023-11-08,361.68,363.87,360.55,363.20,26767800,,
2023-11-09,362.30,364.79,360.36,360.69,24847300,,
2023-11-10,361.49,370.10,361.07,369.67,28042100,,
2023-11-13,368.22,368.47,365.90,366.68,19986500,,
2023-11-14,371.01,371.95,367.35,370.27,27683900,,
2023-11-15,371.28,373.13,367.11,369.67,26860100,0.75,
2023-11-16,370.96,376.35,370.18,376.17,27182300,,
2023-11-17,373.61,374.37,367.00,369.85,40157000,,
2023-11-20,371.22,378.87,371.00,377.44,52465100,,
2023-11-21,375.67,376.22,371.12,373.07,28423100,,
2023-11-22,378.00,379.79,374.97,377.85,23345300,,
2023-11-24,377.33,377.97,375.14,377.43,10176600,,
2023-11-27,376.78,380.64,376.20,378.61,22179200,,
2023-11-28,378.35,383.00,378.16,382.70,20453100,,
2023-11-29,383.76,384.30,377.44,378.85,28963400,,
2023-11-30,378.49,380.09,375.47,378.91,30554400,,
2023-12-01,376.76,378.16,371.31,374.51,33040500,,
2023-12-04,369.10,369.52,362.90,369.14,32063300,,
2023-12-05,366.45,373.08,365.62,372.52,23065000,,
2023-12-06,373.54,374.18,368.03,368.80,21182100,,
2023-12-07,368.23,371.45,366.32,370.95,23118900,,
2023-12-08,369.20,374.46,368.23,374.23,20154400,,
2023-12-11,368.48,371.60,366.10,371.30,27708800,,
2023-12-12,370.85,374.42,370.46,374.38,24838300,,
2023-12-13,376.02,377.64,370.77,374.37,30955500,,
2023-12-14,373.31,373.76,364.13,365.93,43277500,,
2023-12-15,366.85,372.40,366.28,370.73,78502300,,
2023-12-18,369.45,373.00,368.68,372.65,21802900,,
2023-12-19,371.49,373.26,369.84,373.26,20603700,,
2023-12-20,375.00,376.03,370.53,370.62,26316700,,
2023-12-21,372.56,374.41,370.04,373.54,17708000,,
2023-12-22,373.68,375.18,372.71,374.58,17107500,,
2023-12-26,375.00,376.94,373.50,374.66,12673100,,
2023-12-27,373.69,375.06,372.81,374.07,14905400,,
2023-12-28,375.37,376.46,374.16,375.28,14327000,,
2023-12-29,376.00,377.16,373.48,376.04,18730800,,
2024-01-02,373.86,375.90,366.77,370.87,25258600,,
2024-01-03,369.01,373.26,368.51,370.60,23083500,,
2024-01-04,370.67,373.10,367.17,367.94,20901500,,
2024-01-05,368.97,372.06,366.50,367.75,21004600,,
2024-01-08,369.30,375.20,369.01,374.69,23134000,,
2024-01-09,372.01,375.99,371.19,375.79,20830000,,
2024-01-10,376.37,384.17,376.32,382.77,25514200,,
2024-01-11,386.00,390.68,380.38,384.63,27850800,,
2024-01-12,385.49,388.68,384.65,388.47,21661200,,
2024-01-16,393.66,394.03,387.62,390.27,27202300,,
2024-01-17,387.98,390.11,384.81,389.47,22234100,,
2024-01-18,391.72,393.99,390.12,393.87,23392100,,
2024-01-19,395.76,398.67,393.50,398.67,29331100,,
2024-01-22,400.02,400.62,393.59,396.51,27016900,,
2024-01-23,395.75,399.38,393.93,398.90,20525900,,
2024-01-24,401.54,405.63,400.45,402.56,24867000,,
2024-01-25,404.32,407.01,402.53,404.87,21021200,,
2024-01-26,404.37,406.17,402.43,403.93,17803300,,
2024-01-29,406.06,409.98,404.33,409.72,24510200,,
2024-01-30,412.26,413.05,406.45,408.59,33477600,,
2024-01-31,406.96,415.32,397.21,397.58,47871100,,
2024-02-01,401.83,408.00,401.80,403.78,30657700,,
2024-02-02,403.81,412.65,403.56,411.22,28256700,,
2024-02-05,409.90,411.16,403.99,405.65,25352300,,
2024-02-06,405.88,407.97,402.91,405.49,18382600,,
2024-02-07,407.44,414.30,407.40,414.05,22340500,,
2024-02-08,414.05,415.56,412.53,414.11,21225300,,
2024-02-09,415.25,420.82,415.09,420.55,22032800,,
2024-02-12,420.56,420.74,414.75,415.26,21202900,,
2024-02-13,404.94,410.07,403.39,406.32,27824900,,
2024-02-14,408.07,409.84,404.57,409.49,20401200,0.75,
2024-02-15,408.14,409.13,404.29,406.56,21825500,,
2024-02-16,407.96,408.29,403.44,404.06,22296500,,
2024-02-20,403.24,404.49,398.01,402.79,24307900,,
2024-02-21,400.17,402.29,397.22,402.18,18518900,,
2024-02-22,410.19,412.83,408.57,411.65,27009900,,
2024-02-23,415.67,415.86,408.97,410.34,16295900,,
2024-02-26,411.46,412.16,407.36,407.54,16193500,,
2024-02-27,407.99,408.32,403.85,407.48,14835800,,
2024-02-28,408.18,409.30,405.32,407.72,13183100,,
2024-02-29,408.64,414.20,405.92,413.64,31947300,,
2024-03-01,411.27,415.87,410.88,415.50,17823400,,
2024-03-04,413.44,417.35,412.32,414.92,17596000,,
2024-03-05,413.96,414.25,400.64,402.65,26919200,,
2024-03-06,402.97,405.16,398.39,402.09,22344100,,
2024-03-07,406.12,409.78,402.24,409.14,18718500,,
2024-03-08,407.96,410.42,404.33,406.22,18002200,,
2024-03-11,403.76,405.68,401.26,404.52,16120800,,
2024-03-12,407.62,415.57,406.79,415.28,22457000,,
2024-03-13,418.10,418.18,411.45,415.10,17115900,,
2024-03-14,420.24,427.82,417.99,425.22,34157300,,
2024-03-15,419.29,422.60,412.79,416.42,45079900,,
2024-03-18,414.25,420.73,413.78,417.32,20106000,,
2024-03-19,417.83,421.67,415.55,421.41,19837900,,
2024-03-20,422.00,425.96,420.66,425.23,17860100,,
2024-03-21,429.83,430.82,427.16,429.37,21296200,,
2024-03-22,429.70,429.86,426.07,428.74,17648500,,
2024-03-25,425.24,427.41,421.61,422.86,18060500,,
2024-03-26,425.61,425.99,421.35,421.65,16725600,,
2024-03-27,424.44,424.45,419.01,421.43,16705000,,
2024-03-28,420.96,421.87,419.12,420.72,21871200,,
2024-04-01,423.95,427.89,422.22,424.57,16316000,,
2024-04-02,420.11,422.38,417.84,421.44,17912000,,
2024-04-03,419.73,423.26,419.09,420.45,16502300,,
2024-04-04,424.99,428.67,417.57,417.88,19370900,,
2024-04-05,420.01,426.51,418.32,425.52,16554800,,
2024-04-08,425.17,427.28,423.30,424.59,14272400,,
2024-04-09,426.44,427.74,421.62,426.28,12496900,,
2024-04-10,422.19,424.03,419.70,423.26,16216600,,
2024-04-11,425.82,429.37,422.36,427.93,17966400,,
2024-04-12,424.05,425.18,419.77,421.90,19253800,,
2024-04-15,426.60,426.82,413.43,413.64,20273500,,
2024-04-16,414.57,418.40,413.73,414.58,16765600,,
2024-04-17,417.25,418.88,410.33,411.84,15855500,,
2024-04-18,410.63,411.89,403.95,404.27,21029900,,
2024-04-19,404.03,405.48,397.77,399.12,30565800,,
2024-04-22,400.08,402.85,395.75,400.96,20286900,,
2024-04-23,404.24,408.20,403.06,407.57,15734500,,
2024-04-24,409.56,412.47,406.78,409.06,15065300,,
2024-04-25,394.03,399.89,388.03,399.04,40586500,,
2024-04-26,412.17,413.00,405.76,406.32,29694700,,
2024-04-29,405.25,406.32,399.19,402.25,19582100,,
2024-04-30,401.49,402.16,389.17,389.33,28781400,,
2024-05-01,392.61,401.72,390.31,394.94,23562500,,
2024-05-02,397.66,399.93,394.65,397.84,17709400,,
2024-05-03,402.28,407.15,401.86,406.66,17446700,,
2024-05-06,408.76,413.93,406.37,413.54,16996600,,
2024-05-07,414.66,414.67,409.09,409.34,20018200,,
2024-05-08,408.17,412.23,406.71,410.54,11792300,,
2024-05-09,410.57,412.72,409.10,412.32,14689700,,
2024-05-10,412.94,415.38,411.80,414.74,13402300,,
2024-05-13,418.01,418.35,410.82,413.72,15440200,,
2024-05-14,412.02,417.49,411.55,416.56,15109300,,
2024-05-15,417.90,423.81,417.27,423.08,22239500,0.75,
2024-05-16,421.80,425.42,420.35,420.99,17530100,,
2024-05-17,422.54,422.92,418.03,420.21,15352200,,
2024-05-20,420.21,426.77,419.99,425.34,16272100,,
2024-05-21,426.83,432.97,424.85,429.04,21453300,,
2024-05-22,430.09,432.41,427.13,430.52,18073700,,
2024-05-23,432.97,433.60,425.42,427.00,17211700,,
2024-05-24,427.19,431.06,424.41,430.16,11855300,,
2024-05-28,429.63,430.82,426.60,430.32,15718000,,
2024-05-29,425.69,430.94,425.69,429.17,15517100,,
2024-05-30,424.30,424.30,414.24,414.67,28394500,,
2024-05-31,416.75,416.75,404.51,415.13,47995300,,
2024-06-03,415.53,416.43,408.92,413.52,17484700,,
2024-06-04,412.43,416.44,409.68,416.07,14348900,,
2024-06-05,417.81,424.08,416.30,424.01,16988000,,
2024-06-06,424.01,425.31,420.58,424.52,14861300,,
2024-06-07,426.20,426.28,423.00,423.85,13621700,,
2024-06-10,424.70,428.08,423.89,427.87,13982900,,
2024-06-11,425.48,432.82,425.25,432.68,14551100,,
2024-06-12,435.32,443.40,433.25,441.06,22366200,,
2024-06-13,440.85,443.39,439.37,441.58,15960600,,
2024-06-14,438.28,443.14,436.72,442.57,13582000,,
2024-06-17,442.59,450.94,440.72,448.37,20790000,,
2024-06-18,449.71,450.14,444.89,446.34,17112500,,
2024-06-20,446.30,446.53,441.27,445.70,19877400,,
2024-06-21,447.38,450.58,446.51,449.78,34187100,,
2024-06-24,449.80,452.75,446.41,447.67,15913700,,
2024-06-25,448.25,451.42,446.75,450.95,16413400,,
2024-06-26,449.00,453.60,448.19,452.16,16507000,,
2024-06-27,452.18,456.17,451.77,452.85,14806300,,
2024-06-28,453.07,455.38,446.41,446.95,28362300,,
2024-07-01,448.66,457.37,445.66,456.73,17662800,,
2024-07-02,453.20,459.59,453.11,459.28,13979800,,
2024-07-03,458.19,461.02,457.88,460.77,9932800,,
2024-07-05,459.61,468.35,458.97,467.56,16000300,,
2024-07-08,466.55,467.70,464.46,466.24,12962300,,
2024-07-09,467.00,467.33,458.00,459.54,17207200,,
2024-07-10,461.22,466.46,458.86,466.25,18196100,,
2024-07-11,462.98,464.78,451.55,454.70,23111200,,
2024-07-12,454.33,456.36,450.65,453.55,16324300,,
2024-07-15,453.30,457.26,451.43,453.96,14429400,,
2024-07-16,454.22,454.30,446.66,449.52,17175700,,
2024-07-17,442.59,444.85,439.18,443.52,21778000,,
2024-07-18,444.34,444.65,434.40,440.37,20794800,,
2024-07-19,433.10,441.14,432.00,437.11,20940400,,
2024-07-22,441.79,444.60,438.91,442.94,15808800,,
2024-07-23,443.90,448.39,443.10,444.85,13107100,,
2024-07-24,440.45,441.48,427.59,428.90,26805800,,
2024-07-25,428.80,429.80,417.51,418.40,29943800,,
2024-07-26,418.20,428.92,417.27,425.27,23583800,,
2024-07-29,431.58,432.15,424.70,426.73,15125800,,
2024-07-30,427.72,429.05,417.36,422.92,32687600,,
2024-07-31,420.50,421.78,412.21,418.35,42891400,,
2024-08-01,420.79,427.46,413.09,417.11,30296400,,
2024-08-02,412.49,415.00,404.34,408.49,29437900,,
2024-08-05,389.17,401.04,385.58,395.15,40709200,,
2024-08-06,400.00,405.67,398.50,399.61,24946500,,
2024-08-07,408.64,410.08,397.47,398.43,20650900,,
2024-08-08,402.44,405.86,399.94,402.69,20203000,,
2024-08-09,404.03,408.05,402.26,406.02,19276700,,
2024-08-12,407.06,408.76,404.24,406.81,16762900,,
2024-08-13,409.59,414.95,409.57,414.01,19414300,,
2024-08-14,414.80,417.72,412.45,416.86,18267000,,
2024-08-15,419.80,421.11,417.66,421.03,20752100,0.75,
2024-08-16,420.60,421.34,417.30,418.47,22775600,,
2024-08-19,418.96,421.75,416.46,421.53,15234000,,
2024-08-20,421.70,425.86,421.64,424.80,16387600,,
2024-08-21,424.08,426.40,421.72,424.14,16067300,,
2024-08-22,424.36,426.79,414.61,415.55,19361900,,
2024-08-23,416.98,419.26,412.09,416.79,18493800,,
2024-08-26,416.37,417.28,411.34,413.49,13152800,,
2024-08-27,412.86,414.36,410.25,413.84,13492900,,
2024-08-28,414.88,415.00,407.31,410.60,14882700,,
2024-08-29,414.94,422.05,410.60,413.12,17045200,,
2024-08-30,415.60,417.49,412.13,417.14,24308300,,
2024-09-03,417.91,419.88,407.03,409.44,20313600,,
2024-09-04,405.91,411.24,404.37,408.90,15135800,,
2024-09-05,407.62,413.10,406.13,408.39,14195500,,
2024-09-06,409.06,410.65,400.80,401.70,19609500,,
2024-09-09,407.24,408.65,402.15,405.72,15295100,,
2024-09-10,408.20,416.33,407.70,414.20,19594300,,
2024-09-11,415.50,423.99,409.58,423.04,19266900,,
2024-09-12,423.31,427.37,419.75,427.00,17395700,,
2024-09-13,425.83,431.83,425.46,430.59,15874600,,
2024-09-16,430.60,433.53,428.22,431.34,13834700,,
2024-09-17,440.23,441.85,432.27,435.15,18874200,,
2024-09-18,435.00,436.03,430.41,430.81,18898000,,
2024-09-19,441.23,441.50,436.90,438.69,21706600,,
2024-09-20,437.22,439.24,434.22,435.27,55167100,,
2024-09-23,434.28,436.46,430.39,433.51,15128900,,
2024-09-24,433.00,433.35,426.10,429.17,17015800,,
2024-09-25,429.83,433.12,428.57,432.11,13396400,,
2024-09-26,435.09,435.30,429.13,431.31,14492000,,
2024-09-27,431.52,431.85,427.47,428.02,14896100,,
2024-09-30,428.21,430.42,425.37,430.30,16807300,,
2024-10-01,428.45,428.48,418.81,420.69,19092900,,
2024-10-02,422.58,422.82,416.71,417.13,16582300,,
2024-10-03,417.63,419.55,414.29,416.54,13686400,,
2024-10-04,418.24,419.75,414.97,416.06,19169700,,
2024-10-07,416.00,417.11,409.00,409.54,20919800,,
2024-10-08,410.90,415.66,408.17,414.71,19229300,,
2024-10-09,415.86,420.38,414.30,417.46,14974300,,
2024-10-10,415.23,417.35,413.15,415.84,13848400,,
2024-10-11,416.14,417.13,413.25,416.32,14144900,,
2024-10-14,417.77,424.04,417.52,419.14,16653100,,
2024-10-15,422.18,422.48,415.26,418.74,18900200,,
2024-10-16,415.17,416.36,410.48,416.12,15508900,,
2024-10-17,422.36,422.50,415.59,416.72,14820000,,
2024-10-18,417.14,419.65,416.26,418.16,17145300,,
2024-10-21,416.12,418.96,413.75,418.78,14206100,,
2024-10-22,418.49,430.58,418.04,427.51,25482200,,
2024-10-23,430.86,431.08,422.53,424.60,19654400,,
2024-10-24,425.33,425.98,422.40,424.73,13581600,,
2024-10-25,426.76,432.52,426.57,428.15,16899100,,
2024-10-28,431.66,431.94,426.30,426.59,14882400,,
2024-10-29,428.00,433.17,425.80,431.95,17644100,,
2024-10-30,437.44,438.50,432.10,432.53,29749100,,
2024-10-31,415.36,416.16,406.30,406.35,53971000,,
2024-11-01,409.01,415.50,407.50,410.37,24230400,,
2024-11-04,409.80,410.42,405.57,408.46,19672300,,
2024-11-05,408.37,414.90,408.08,411.46,17626000,,
2024-11-06,412.42,420.45,410.52,420.18,26681800,,
2024-11-07,421.28,426.85,419.88,425.43,19901800,,
2024-11-08,425.32,426.50,421.78,422.54,16891400,,
2024-11-11,422.52,424.81,416.00,418.01,24503300,,
2024-11-12,418.25,424.44,417.20,423.03,19401200,,
2024-11-13,421.64,429.33,418.21,425.20,21502200,,
2024-11-14,425.00,428.17,420.00,426.89,30246900,,
2024-11-15,419.82,422.80,413.64,415.00,28247600,,
2024-11-18,414.87,418.40,412.10,415.76,24727000,,
2024-11-19,413.11,417.94,411.55,417.79,18133500,,
2024-11-20,416.87,417.29,410.58,415.49,19191700,,
2024-11-21,419.50,419.78,410.29,412.87,20780200,0.83,
2024-11-22,411.37,417.40,411.06,417.00,24814600,,
2024-11-25,418.38,421.08,414.85,418.79,27691100,,
2024-11-26,419.59,429.04,418.85,427.99,23458900,,
2024-11-27,425.11,427.23,422.02,422.99,18332400,,
2024-11-29,420.09,424.88,417.80,423.46,16271900,,
2024-12-02,421.57,433.00,421.31,430.98,20207200,,
2024-12-03,429.84,432.47,427.74,431.20,18302000,,
2024-12-04,433.03,439.67,432.63,437.42,26009400,,
2024-12-05,437.92,444.66,436.17,442.62,21697800,,
2024-12-06,442.30,446.10,441.77,443.57,18821000,,
2024-12-09,442.60,448.33,440.50,446.02,19144400,,
2024-12-10,444.39,449.62,441.60,443.33,18469500,,
2024-12-11,444.05,450.35,444.05,448.99,19200200,,
2024-12-12,449.11,456.16,449.11,449.56,20834800,,
2024-12-13,448.44,451.43,445.58,447.27,20177800,,
2024-12-16,447.27,452.18,445.28,451.59,23598800,,
2024-12-17,451.01,455.29,449.57,454.46,22733500,,
2024-12-18,451.32,452.65,437.02,437.39,24444500,,
2024-12-19,441.62,443.18,436.32,437.03,22963700,,
2024-12-20,433.11,443.74,428.63,436.60,64263700,,
2024-12-23,436.74,437.65,432.83,435.25,19152500,,
2024-12-24,434.65,439.60,434.19,439.33,7164500,,
2024-12-26,439.08,440.94,436.63,438.11,8194200,,
2024-12-27,434.60,435.22,426.35,430.53,18117700,,
2024-12-30,426.06,427.55,421.90,424.83,13158700,,
2024-12-31,426.10,426.73,420.66,421.50,13246500,,
2025-01-02,425.53,426.07,414.85,418.58,16896500,,
2025-01-03,421.08,424.03,419.54,423.35,16662900,,
2025-01-06,428.00,434.32,425.48,427.85,20573600,,
2025-01-07,429.00,430.65,420.80,422.37,18139100,,
2025-01-08,423.46,426.97,421.54,424.56,15054600,,
2025-01-10,424.63,424.71,415.02,418.95,20201100,,
2025-01-13,415.24,418.50,412.29,417.19,17604800,,
2025-01-14,417.81,419.74,410.72,415.67,16935900,,
2025-01-15,419.13,428.15,418.27,426.31,19637800,,
2025-01-16,428.70,429.49,424.39,424.58,15300000,,
2025-01-17,434.09,434.48,428.17,429.03,26197500,,
2025-01-21,430.20,430.90,425.60,428.50,26085700,,
2025-01-22,437.56,447.27,436.00,446.20,27803800,,
2025-01-23,442.00,446.75,441.50,446.71,18389300,,
2025-01-24,445.16,446.65,441.40,444.06,15549500,,
2025-01-27,424.01,435.20,423.50,434.56,35647800,,
2025-01-28,434.60,448.38,431.38,447.20,23491700,,
2025-01-29,446.69,446.88,440.40,442.33,23581400,,
2025-01-30,418.77,422.86,413.16,414.99,54586300,,
2025-01-31,418.98,420.69,414.91,415.06,34161900,,
2025-02-03,411.60,415.41,408.66,410.92,25679100,,
2025-02-04,412.69,413.92,409.74,412.37,20532100,,
2025-02-05,412.35,413.83,410.40,413.29,16316700,,
2025-02-06,414.00,418.20,414.00,415.82,16309800,,
2025-02-07,416.48,418.65,408.10,409.75,22886800,,
2025-02-10,413.71,415.46,410.92,412.22,20817900,,
2025-02-11,409.64,412.49,409.30,411.44,18140600,,
2025-02-12,407.21,410.75,404.37,409.04,19121700,,
2025-02-13,407.00,411.00,406.36,410.54,23891700,,
2025-02-14,407.79,408.91,405.88,408.43,22758500,,
2025-02-18,408.00,410.60,406.50,409.64,21423100,,
2025-02-19,407.88,415.49,407.65,414.77,24114200,,
2025-02-20,415.29,419.31,412.54,416.13,23508700,0.83,
2025-02-21,417.34,418.05,407.89,408.21,27524800,,
2025-02-24,408.51,409.37,399.32,404.00,26443700,,
2025-02-25,401.10,401.92,396.70,397.90,29387400,,
2025-02-26,398.01,403.60,394.25,399.73,19619000,,
2025-02-27,401.27,405.74,392.17,392.53,21127400,,
2025-02-28,392.66,397.63,386.57,396.99,32845700,,
2025-03-03,398.82,398.82,386.16,388.49,23007700,,
2025-03-04,383.40,392.58,381.00,388.61,29342900,,
2025-03-05,389.34,401.67,388.81,401.02,23433100,,
2025-03-06,394.28,402.15,392.68,396.89,23304600,,
2025-03-07,392.32,394.80,385.54,393.31,22034100,,
2025-03-10,385.84,386.40,377.22,380.16,32840100,,
2025-03-11,379.00,386.00,376.91,380.45,30380200,,
2025-03-12,382.95,385.22,378.95,383.27,24253600,,
2025-03-13,383.16,385.32,377.45,378.77,20473000,,
2025-03-14,379.78,390.23,379.51,388.56,19952800,,
2025-03-17,386.70,392.71,385.57,388.70,22474300,,
2025-03-18,387.07,387.37,381.10,383.52,19486900,,
2025-03-19,385.53,389.68,384.00,387.82,19185500,,
2025-03-20,385.74,391.79,383.28,386.84,18470500,,
2025-03-21,383.22,391.74,382.80,391.26,39675900,,
2025-03-24,395.40,395.40,389.81,393.08,21004500,,
2025-03-25,393.92,396.36,392.64,395.16,15775000,,
2025-03-26,395.00,395.31,388.57,389.97,16108400,,
2025-03-27,390.13,392.24,387.40,390.58,13766800,,
2025-03-28,388.08,389.13,376.93,378.80,21632000,,
2025-03-31,372.54,377.07,367.24,375.39,35184700,,
2025-04-01,374.65,382.85,373.23,382.19,19689500,,
2025-04-02,377.97,385.08,376.62,382.14,16092600,,
2025-04-03,374.79,377.48,369.35,373.11,30198000,,
2025-04-04,364.13,374.59,359.48,359.84,49209900,,
2025-04-07,350.88,371.00,344.79,357.86,50425000,,
2025-04-08,368.26,373.65,350.25,354.56,35868900,,
2025-04-09,353.54,393.23,353.10,390.49,50199700,,
2025-04-10,382.06,383.90,367.80,381.35,38024400,,
2025-04-11,380.64,390.05,378.89,388.45,23839200,,
2025-04-14,393.22,394.65,384.21,387.81,19251200,,
2025-04-15,388.51,391.89,384.16,385.73,17199900,,
2025-04-16,380.67,381.61,368.00,371.61,21967800,,
2025-04-17,373.75,374.32,366.89,367.78,21120200,,
2025-04-21,362.82,364.48,355.67,359.12,20807300,,
2025-04-22,363.38,367.77,359.86,366.82,19485000,,
2025-04-23,376.06,380.39,373.02,374.39,20545500,,
2025-04-24,375.70,388.45,375.19,387.30,22232300,,
2025-04-25,387.00,392.16,384.60,391.85,18973200,,
2025-04-28,391.96,392.74,386.64,391.16,16579400,,
2025-04-29,391.30,395.10,390.38,394.04,14974000,,
2025-04-30,390.30,396.66,384.44,395.26,36461100,,
2025-05-01,431.11,436.99,424.90,425.40,58938100,,
2025-05-02,431.74,439.44,429.99,435.28,30757400,,
2025-05-05,432.87,439.50,432.11,436.17,20136100,,
2025-05-06,432.20,437.73,431.17,433.31,15104200,,
2025-05-07,433.84,438.12,431.11,433.35,23295300,,
2025-05-08,437.93,443.67,435.66,438.17,23491300,,
2025-05-09,440.00,440.74,435.88,438.73,15324200,,
2025-05-12,445.94,449.37,439.78,449.26,22821900,,
2025-05-13,447.78,450.67,445.36,449.14,23618800,,
2025-05-14,448.14,453.90,448.14,452.94,19902800,,
2025-05-15,450.77,456.19,450.43,453.13,21992300,0.83,
2025-05-16,452.05,454.36,448.73,454.27,23849800,,
2025-05-19,450.88,459.59,450.80,458.87,21336500,,
2025-05-20,455.59,458.34,454.32,458.17,15441800,,
2025-05-21,454.57,457.78,451.81,452.57,19216900,,
2025-05-22,454.95,460.25,453.90,454.86,18025600,,
2025-05-23,449.98,453.69,448.91,450.18,16883500,,
2025-05-27,456.48,460.95,456.12,460.69,20974300,,
2025-05-28,461.22,462.52,456.93,457.36,17086300,,
2025-05-29,461.55,461.72,455.31,458.68,13974800,,
2025-05-30,459.72,461.68,455.54,460.36,34770500,,
2025-06-02,457.14,462.11,456.89,461.97,16626500,,
2025-06-03,461.47,464.14,460.86,462.97,15743800,,
2025-06-04,464.00,465.69,463.02,463.87,14162700,,
2025-06-05,464.96,469.65,464.03,467.68,20131700,,
2025-06-06,470.09,473.34,468.78,470.38,15285600,,
2025-06-09,469.70,473.43,468.62,472.75,16469900,,
2025-06-10,471.19,472.80,466.96,470.92,15375900,,
2025-06-11,470.02,475.47,469.66,472.62,16399200,,
2025-06-12,475.02,480.42,473.52,478.87,18950600,,
2025-06-13,476.41,479.18,472.76,474.96,16814500,,
2025-06-16,475.21,480.69,475.00,479.14,15626100,,
2025-06-17,475.40,478.74,474.08,478.04,15414100,,
2025-06-18,478.00,481.00,474.46,480.24,17526500,,
2025-06-20,482.23,483.46,476.87,477.40,37576200,,
2025-06-23,478.21,487.75,472.51,486.00,24864000,,
2025-06-24,488.95,491.85,486.80,490.11,22305600,,
2025-06-25,492.04,494.56,489.39,492.27,17495100,,
2025-06-26,492.98,498.04,492.81,497.45,21578900,,
2025-06-27,497.55,499.30,493.03,495.94,34539200,,
2025-06-30,497.04,500.76,495.33,497.41,28369000,,
2025-07-01,496.47,498.05,490.98,492.05,19945400,,
2025-07-02,489.99,493.50,488.70,491.09,16319600,,
2025-07-03,493.81,500.13,493.44,498.84,13984800,,
2025-07-07,497.38,498.75,495.23,497.72,13981600,,
2025-07-08,497.24,498.20,494.11,496.62,11846600,,
2025-07-09,500.30,506.78,499.74,503.51,18659500,,
2025-07-10,503.05,504.44,497.75,501.48,16492100,,
2025-07-11,498.47,505.03,497.80,503.32,16459500,,
2025-07-14,501.52,503.97,501.03,503.02,12058800,,
2025-07-15,503.02,508.30,502.79,505.82,14927200,,
2025-07-16,505.18,506.72,501.89,505.62,15154400,,
2025-07-17,505.68,513.37,505.62,511.70,17503100,,
2025-07-18,514.48,514.64,507.43,510.05,21209700,,
2025-07-21,506.71,512.09,505.55,510.06,14066800,,
2025-07-22,510.97,511.20,505.27,505.27,13868600,,
2025-07-23,506.75,506.79,500.70,505.87,16396600,,
2025-07-24,508.77,513.67,507.30,510.88,16107000,,
2025-07-25,512.47,518.29,510.36,513.71,19125700,,
2025-07-28,514.08,515.00,510.12,512.50,14308000,,
2025-07-29,515.53,517.62,511.56,512.57,16469200,,
2025-07-30,515.17,515.95,509.44,513.24,26380400,,
2025-07-31,555.23,555.45,531.90,533.50,51617300,,
2025-08-01,535.00,535.80,520.86,524.11,28977600,,
2025-08-04,528.27,538.25,528.13,535.64,25349000,,
2025-08-05,537.18,537.30,527.24,527.75,19171600,,
2025-08-06,530.90,531.70,524.03,524.94,21355700,,
2025-08-07,526.80,528.09,517.55,520.84,16079100,,
2025-08-08,522.60,524.66,519.41,522.04,15531000,,
2025-08-11,522.30,527.59,519.72,521.77,20194400,,
2025-08-12,523.75,530.98,522.70,529.24,18667000,,
2025-08-13,532.11,532.70,519.37,520.58,19619200,,
2025-08-14,522.56,525.95,520.14,522.48,20269100,,
2025-08-15,522.77,526.10,519.08,520.17,25213300,,
2025-08-18,521.59,522.82,514.02,517.10,23760600,,
2025-08-19,515.00,515.16,508.55,509.77,21481000,,
2025-08-20,509.87,511.00,504.44,505.72,27723000,,
2025-08-21,503.69,507.63,502.72,504.24,18443300,0.83,
2025-08-22,504.25,510.73,502.41,507.23,24324200,,
2025-08-25,506.63,508.19,504.12,504.26,21638600,,
2025-08-26,504.36,504.98,498.51,502.04,30835700,,
2025-08-27,502.00,507.29,499.90,506.74,17277900,,
2025-08-28,507.09,511.09,505.50,509.64,18015600,,
2025-08-29,508.66,509.60,504.49,506.69,20961600,,
2025-09-02,500.47,506.00,496.81,505.12,18128000,,
2025-09-03,503.79,507.79,502.32,505.35,16345100,,
2025-09-04,504.30,508.15,503.15,507.97,15509500,,
2025-09-05,509.07,511.97,492.37,495.00,31994800,,
2025-09-08,498.11,501.20,495.03,498.20,16771000,,
2025-09-09,501.43,502.25,497.70,498.41,14410500,,
2025-09-10,502.98,503.23,496.72,500.37,21611800,,
2025-09-11,502.25,503.17,497.88,501.01,18881600,,
2025-09-12,506.65,512.55,503.85,509.90,23624900,,
2025-09-15,508.79,515.47,507.00,515.36,17143800,,
2025-09-16,516.88,517.23,508.60,509.04,19711900,,
2025-09-17,510.62,511.29,505.93,510.02,15816600,,
2025-09-18,511.49,513.07,507.66,508.45,18913700,,
2025-09-19,510.56,519.30,510.31,517.93,52474100,,
2025-09-22,515.59,517.74,512.54,514.45,20009300,,
2025-09-23,513.80,514.59,507.31,509.23,19799600,,
2025-09-24,510.38,512.48,506.92,510.15,13533700,,
2025-09-25,508.30,510.01,505.04,507.03,15786500,,
2025-09-26,510.06,513.94,506.62,511.46,16213100,,
2025-09-29,511.50,516.85,508.88,514.60,17617800,,
2025-09-30,513.24,518.16,509.66,517.95,19728200,,
2025-10-01,514.80,520.51,511.69,519.71,22632300,,
2025-10-02,517.64,521.60,510.68,515.74,21222900,,
2025-10-03,517.10,520.49,515.00,517.35,15112300,,
2025-10-06,518.61,531.03,518.20,528.57,21388600,,
2025-10-07,528.29,529.80,521.44,523.98,14615200,,
2025-10-08,523.28,526.95,523.09,524.85,13363400,,
2025-10-09,522.34,524.33,517.40,522.40,18343600,,
2025-10-10,519.64,523.58,509.63,510.96,24133800,,
2025-10-13,516.41,516.41,511.68,514.05,14284200,,
2025-10-14,510.23,515.28,506.00,513.57,14684300,,
2025-10-15,514.96,517.19,510.00,513.43,14694700,,
2025-10-16,512.58,516.85,508.13,511.61,15559600,,
2025-10-17,509.04,515.48,507.31,513.58,19867800,,
2025-10-20,514.61,518.70,513.43,516.79,14665600,,
2025-10-21,517.50,518.69,513.04,517.66,15586200,,
2025-10-22,521.15,525.23,517.71,520.54,18962700,,
2025-10-23,522.46,523.95,518.61,520.56,14023500,,
2025-10-24,522.79,525.35,520.71,523.61,15532400,,
2025-10-27,531.78,534.58,529.01,531.52,18734700,,
2025-10-28,550.00,553.72,540.77,542.07,29986700,,
2025-10-29,544.94,546.27,536.73,541.55,36023000,,
2025-10-30,530.48,534.97,522.12,525.76,41023100,,
2025-10-31,528.88,529.32,515.10,517.81,34006400,,
2025-11-03,519.81,524.96,514.59,517.03,22374700,,
2025-11-04,511.76,515.55,507.84,514.33,20958700,,
2025-11-05,513.30,514.83,506.58,507.16,23024300,,
2025-11-06,505.66,505.70,495.81,497.10,27406500,,
2025-11-07,496.95,499.38,493.25,496.82,24019800,,
2025-11-10,500.04,506.85,498.80,506.00,26101500,,
2025-11-11,504.80,509.60,502.35,508.68,17980000,,
2025-11-12,509.36,511.67,499.12,511.14,26574900,,
2025-11-13,510.31,513.50,501.29,503.29,25273100,,
2025-11-14,498.23,511.60,497.44,510.18,28505700,,
2025-11-17,508.45,512.12,504.91,507.49,19092800,,
2025-11-18,495.37,502.98,486.78,493.79,33815100,,
2025-11-19,490.10,495.19,482.83,487.12,23245300,,
2025-11-20,492.71,493.57,475.50,478.43,26802500,0.91,
2025-11-21,478.50,478.92,468.27,472.12,31769200,,
2025-11-24,475.00,476.90,468.02,474.00,34421000,,
2025-11-25,474.07,479.15,464.89,476.99,28019800,,
2025-11-26,486.31,488.31,481.20,485.50,25709100,,
2025-11-28,487.60,492.63,486.65,492.01,14386700,,
2025-12-01,488.44,489.86,484.65,486.74,23964000,,
2025-12-02,486.72,493.50,486.32,490.00,19562700,,
2025-12-03,476.32,484.24,475.20,477.73,34615100,,
2025-12-04,479.76,481.32,476.49,480.84,22318200,,
2025-12-05,482.52,483.40,478.88,483.16,22608700,,
2025-12-08,484.89,492.30,484.38,491.02,21965900,,
2025-12-09,489.10,492.12,488.50,492.02,14696100,,
2025-12-10,484.03,484.25,475.08,478.56,35756200,,
2025-12-11,476.63,486.03,475.86,483.47,24669200,,
2025-12-12,479.82,482.45,476.34,478.53,21248100,,
2025-12-15,480.10,480.72,472.52,474.82,23727700,,
2025-12-16,471.91,477.89,470.88,476.39,20705600,,
2025-12-17,476.91,480.00,475.00,476.12,24527200,,
2025-12-18,478.19,489.60,477.89,483.98,28573500,,
2025-12-19,487.36,487.85,482.49,485.92,70836100,,
2025-12-22,486.12,488.73,482.69,484.92,16963000,,
2025-12-23,484.98,487.83,484.74,486.85,14683600,,
2025-12-24,485.68,489.16,484.83,488.02,5855900,,
2025-12-26,486.71,488.12,485.96,487.71,8842200,,
2025-12-29,484.86,488.35,484.18,487.10,10893400,,
2025-12-30,485.93,489.68,485.50,487.48,13944500,,
2025-12-31,487.84,488.14,483.30,483.62,15601600,,
2026-01-02,484.39,484.66,470.16,472.94,25571600,,
2026-01-05,474.06,476.07,469.50,472.85,25250300,,
2026-01-06,473.80,478.74,469.75,478.51,23037700,,
2026-01-07,479.76,489.70,477.95,483.47,25564200,,
2026-01-08,481.24,482.66,475.86,478.11,18162600,,
2026-01-09,474.06,479.82,472.20,479.28,18491000,,
2026-01-12,476.67,480.99,475.68,477.18,23519900,,
2026-01-13,474.68,475.78,465.95,470.67,28545800,,
2026-01-14,466.46,468.20,457.17,459.38,28184300,,
2026-01-15,464.12,464.25,455.90,456.66,23225800,,
2026-01-16,457.83,463.19,456.48,459.86,34246700,,
2026-01-20,451.22,456.80,449.28,454.52,26130000,,
2026-01-21,452.60,452.69,438.68,444.11,37980500,,
2026-01-22,447.62,452.84,444.70,451.14,25349400,,
2026-01-23,451.87,471.10,450.53,465.95,38000200,,
2026-01-26,465.31,474.25,462.00,470.28,29291200,,
2026-01-27,473.70,482.87,473.16,480.58,29213900,,
2026-01-28,483.21,483.74,478.00,481.63,36875400,,
2026-01-29,439.99,442.50,421.02,433.50,128855300,,
2026-01-30,439.17,439.60,426.45,430.29,58566800,,
2026-02-02,430.24,430.74,422.25,423.37,42219900,,
2026-02-03,422.01,422.05,408.56,411.21,61424100,,
2026-02-04,411.00,419.80,409.24,414.19,45012400,,
2026-02-05,407.44,408.30,392.32,393.67,66289200,,
2026-02-06,399.17,401.79,392.92,401.14,53515300,,
2026-02-09,404.85,414.89,400.87,413.60,45480500,,
2026-02-10,419.62,423.68,412.70,413.27,44857900,,
2026-02-11,416.18,416.46,401.01,404.37,42491000,,
2026-02-12,405.00,406.20,398.01,401.84,40802400,,
2026-02-13,404.45,405.54,398.05,401.32,34091600,,
2026-02-17,399.22,400.52,394.53,396.86,32078800,,
2026-02-18,398.13,402.56,396.32,399.60,23223400,,
2026-02-19,400.69,404.43,396.67,398.46,28234000,0.91,
2026-02-20,396.11,400.12,395.16,397.23,34015200,,
2026-02-23,395.00,395.36,383.10,384.47,43238300,,
2026-02-24,384.14,389.36,381.71,389.00,33884700,,
2026-02-25,390.53,401.47,390.16,400.60,43625500,,
2026-02-26,404.71,407.49,398.74,401.72,34405900,,
2026-02-27,390.88,396.82,389.88,392.74,51367200,,
2026-03-02,392.86,401.19,390.63,398.55,35474900,,
2026-03-03,393.14,406.70,392.67,403.93,38199200,,
2026-03-04,401.27,411.03,400.31,405.20,35808000,,
2026-03-05,404.42,411.61,404.40,410.68,39001300,,
2026-03-06,409.20,413.05,408.51,408.96,31123900,,
2026-03-09,404.92,410.21,403.50,409.41,30131900,,
2026-03-10,410.03,410.20,402.93,405.76,31706400,,
2026-03-11,405.57,409.01,401.59,404.88,25512100,,
2026-03-12,404.63,406.12,401.71,401.86,27263900,,
2026-03-13,401.00,404.80,394.25,395.55,26848000,,
2026-03-16,398.07,400.63,394.79,399.95,27733700,,
2026-03-17,400.27,404.40,397.75,399.41,26228300,,
2026-03-18,397.13,398.00,391.00,391.79,25908500,,
2026-03-19,390.10,392.49,387.06,389.02,25138800,,
2026-03-20,386.79,387.00,380.12,381.87,50853200,,
2026-03-23,383.90,387.21,381.68,383.00,29680100,,
2026-03-24,382.36,382.47,371.85,372.74,42733600,,
2026-03-25,376.92,377.06,369.63,371.04,31181200,,
2026-03-26,370.82,374.72,365.19,365.97,36836600,,
2026-03-27,361.90,362.45,356.51,356.77,37883400,,
2026-03-30,361.90,365.36,356.28,358.96,44797000,,
2026-03-31,364.55,372.90,363.07,370.17,45244400,,
2026-04-01,373.49,373.99,368.20,369.37,29417200,,
2026-04-02,367.21,373.64,364.15,373.46,24099100,,
2026-04-06,373.49,373.73,369.50,372.88,16146600,,
2026-04-07,370.34,372.45,366.56,372.29,21443300,,
2026-04-08,384.98,385.00,371.41,374.33,33064800,,
2026-04-09,372.50,373.50,367.05,373.07,30435300,,
2026-04-10,372.98,375.64,370.03,370.87,28111100,,
2026-04-13,373.61,384.54,371.02,384.37,35745800,,
2026-04-14,387.92,394.69,386.52,393.11,37504500,,
2026-04-15,398.00,414.37,396.73,411.22,45063400,,
2026-04-16,419.86,420.82,412.14,420.26,41642400,,
2026-04-17,424.82,431.58,420.69,422.79,48568200,,
2026-04-20,421.15,423.33,416.30,418.07,27582200,,
2026-04-21,420.24,427.18,417.20,424.16,32048500,,
2026-04-22,426.19,433.70,423.67,432.92,29378200,,
2026-04-23,419.89,423.66,411.41,415.75,38308000,,
2026-04-24,416.97,424.95,415.80,424.62,27457400,,
2026-04-27,422.38,427.11,417.07,424.82,30867300,,
2026-04-28,424.57,429.92,421.90,429.25,30438100,,
2026-04-29,424.58,426.82,420.29,424.46,38288300,,
2026-04-30,410.81,414.42,398.01,407.78,70909400,,
2026-05-01,412.80,417.11,410.44,414.44,31372400,,
2026-05-04,411.54,420.78,410.80,413.62,28066500,,
2026-05-05,415.32,416.78,408.80,411.38,25700900,,
2026-05-06,408.00,418.42,405.11,413.96,30285900,,
2026-05-07,420.11,427.98,418.76,420.77,34942400,,
2026-05-08,417.39,418.63,414.00,415.12,33383800,,
2026-05-11,407.87,412.69,405.50,412.66,35657900,,
2026-05-12,414.48,415.50,406.64,407.77,38594200,,
2026-05-13,403.20,406.31,401.03,405.21,29667100,,
2026-05-14,404.48,411.84,400.88,409.43,27077500,,
2026-05-15,414.27,428.17,412.91,421.92,50771200,,
2026-05-18,416.62,425.12,415.61,423.54,32564100,,
2026-05-19,429.90,432.70,416.49,417.42,33018700,,
2026-05-20,414.17,422.10,411.30,421.06,27864000,,
2026-05-21,424.75,426.34,415.71,419.09,31393500,0.91,
2026-05-22,419.54,424.40,416.33,418.57,22390300,,
2026-05-26,416.43,419.77,413.02,416.03,30398000,,
2026-05-27,411.01,415.94,409.58,412.67,28901500,,
2026-05-28,412.98,429.49,412.67,426.99,47250500,,
2026-05-29,432.55,450.33,432.36,450.24,79654400,,
2026-06-01,464.84,466.32,458.27,460.52,53628900,,
2026-06-02,446.88,453.50,440.43,441.31,37036800,,
2026-06-03,438.45,440.39,424.25,427.34,39037000,,
2026-06-04,435.81,436.15,426.41,428.05,26899500,,
2026-06-05,428.34,429.47,414.40,416.67,34782200,,
2026-06-08,414.14,417.16,408.56,411.74,32086700,,
2026-06-09,409.03,411.98,398.48,403.41,35317300,,
2026-06-10,398.55,405.04,397.16,397.36,32576000,,
2026-06-11,395.21,396.85,384.00,390.34,47224100,,
2026-06-12,391.43,391.74,382.27,390.74,34865800,,
2026-06-15,396.80,401.75,392.85,399.76,32266400,,
2026-06-16,395.79,396.84,390.69,393.83,31506800,,
2026-06-17,390.25,390.37,377.32,378.91,41987800,,
2026-06-18,377.82,381.37,373.28,379.40,59714200,,
2026-06-22,375.74,381.63,367.07,367.34,45171100,,
2026-06-23,372.38,377.22,370.67,373.94,40647600,,
2026-06-24,371.57,378.88,364.78,365.46,44509900,,
2026-06-25,362.77,364.23,349.20,352.83,66179000,,
2026-06-26,357.15,376.61,355.43,372.97,186201600,,
2026-06-29,377.50,380.50,359.90,368.57,51229900,,
2026-06-30,371.03,374.15,367.45,373.02,44945700,,
2026-07-01,380.83,388.83,374.89,384.28,48065800,,
2026-07-02,384.48,392.20,383.70,390.49,42128900,,
2026-07-06,387.04,389.15,381.22,386.74,34224500,,
2026-07-07,392.49,395.57,388.22,388.84,29297500,,
2026-07-08,384.03,385.31,381.33,383.34,25908300,,
2026-07-09,374.45,384.65,373.35,384.36,31083200,,
2026-07-10,387.80,391.91,381.50,385.10,24644600,,
2026-07-13,387.75,393.65,384.15,390.99,28914900,,
2026-07-14,382.82,388.19,378.65,384.93,27863900,,
2026-07-15,387.80,398.96,386.40,395.63,36253700,,
2026-07-16,398.31,405.99,392.05,401.10,37047400,,
2026-07-17,394.86,398.39,389.39,393.82,33049800,,
2026-07-20,391.41,403.18,389.65,402.29,27915800,,
2026-07-21,398.81,401.47,396.32,397.75,24126600,,
2026-07-22,399.58,401.00,386.96,390.34,28142500,,
2026-07-23,389.97,391.78,377.39,381.58,30351800,,
2026-07-24,387.05,389.03,380.65,381.70,27659400,,
2026-07-27,390.08,394.20,387.99,389.10,27856200,,
2026-07-28,393.16,400.32,391.30,393.35,32367500,,
2026-07-29,393.40,401.25,388.74,390.54,47209000,,
2026-07-30,437.90,458.69,432.44,451.10,110160700,,
2026-07-31,450.00,466.84,449.33,464.72,60748000,,
2026-08-03,476.39,491.64,475.00,487.65,61678582,,
