date,open,high,low,close,volume,div,split
2016-08-05,14.22,14.78,14.20,14.52,29098400,,
2016-08-08,14.53,14.72,14.38,14.42,16163500,,
2016-08-09,14.56,14.70,14.40,14.48,12573700,,
2016-08-10,14.48,14.50,14.03,14.20,15003200,,
2016-08-11,14.25,14.49,14.21,14.43,14451300,,
2016-08-12,14.46,14.99,14.43,14.93,24909900,,
2016-08-15,15.09,15.70,15.08,15.53,29105200,,
2016-08-16,15.58,15.59,15.23,15.49,21872700,,
2016-08-17,15.53,15.76,15.46,15.52,22552100,,
2016-08-18,15.55,15.80,15.51,15.77,16590700,,
2016-08-19,16.16,16.45,16.03,16.25,35059400,,
2016-08-22,16.15,16.43,15.91,16.19,22145800,,
2016-08-23,16.27,16.54,16.14,16.18,23741400,,
2016-08-24,16.20,16.24,15.38,15.51,26686900,,
2016-08-25,15.90,16.55,15.88,16.20,34837800,,
2016-08-26,16.34,16.81,16.29,16.51,24243700,,
2016-08-29,16.92,17.25,16.61,16.91,34467800,,
2016-08-30,17.00,17.01,16.51,16.74,23620900,,
2016-08-31,16.70,16.74,16.14,16.49,21963700,,
2016-09-01,16.61,16.80,16.30,16.64,15719500,,
2016-09-02,16.96,16.97,16.57,16.70,16099500,,
2016-09-06,16.80,17.08,16.75,17.01,22998600,,
2016-09-07,17.21,17.35,17.02,17.16,23023500,,
2016-09-08,17.18,17.86,16.88,17.45,39212100,,
2016-09-09,17.33,17.74,16.69,16.81,31389600,,
2016-09-12,16.61,17.20,16.37,17.15,28239200,,
2016-09-13,16.92,17.15,16.46,16.75,24345800,,
2016-09-14,16.88,17.08,16.65,16.93,18591300,,
2016-09-15,16.90,17.46,16.85,17.45,24303700,,
2016-09-16,18.08,18.08,17.34,17.48,37447400,,
2016-09-19,17.63,17.77,16.85,16.95,23999900,,
2016-09-20,17.05,17.27,16.72,16.92,17775800,,
2016-09-21,17.25,17.70,17.23,17.66,31384900,,
2016-09-22,17.89,18.05,17.41,17.59,25278000,,
2016-09-23,17.45,17.74,17.43,17.48,17947600,,
2016-09-26,17.35,17.60,17.18,17.36,19567200,,
2016-09-27,17.53,18.08,17.35,18.00,28621000,,
2016-09-28,18.16,18.16,17.15,17.44,42715600,,
2016-09-29,17.45,17.77,17.35,17.54,31870200,,
2016-09-30,17.75,18.00,17.58,17.78,21363100,,
2016-10-03,17.99,18.02,17.60,17.73,26856100,,
2016-10-04,17.98,18.04,17.66,17.80,54502800,,
2016-10-05,17.55,18.33,17.28,17.70,67739500,,
2016-10-06,17.64,17.89,17.54,17.73,21606800,,
2016-10-07,17.72,17.80,17.30,17.61,23849000,,
2016-10-10,17.72,17.84,17.49,17.50,18857600,,
2016-10-11,17.40,17.47,16.53,16.86,38070200,,
2016-10-12,16.88,17.04,16.67,16.78,17901800,,
2016-10-13,16.56,17.00,16.17,16.85,28593700,,
2016-10-14,17.03,17.41,16.99,17.13,23539800,,
2016-10-17,17.02,17.17,16.93,16.99,12657800,,
2016-10-18,17.21,17.66,17.20,17.41,20185700,,
2016-10-19,17.00,17.25,16.85,17.22,18629500,,
2016-10-20,17.05,17.50,17.05,17.20,17129700,,
2016-10-21,17.00,17.07,16.80,16.94,18710300,,
2016-10-24,17.07,17.16,16.97,17.06,13838700,,
2016-10-25,17.10,17.61,17.10,17.54,27444000,,
2016-10-26,17.30,17.93,17.20,17.64,23610500,,
2016-10-27,17.82,17.90,17.40,17.53,21198300,,
2016-10-28,17.60,17.67,17.10,17.20,20832400,,
2016-10-31,17.54,17.76,17.16,17.16,23267600,,
2016-11-01,17.20,17.41,16.58,16.98,27146100,,
2016-11-02,16.95,17.02,16.50,16.68,24949700,,
2016-11-03,16.66,16.81,16.56,16.62,17255100,,
2016-11-04,16.46,17.02,16.45,16.68,18026600,,
2016-11-07,17.02,17.43,17.02,17.38,21673200,,
2016-11-08,17.30,17.55,17.06,17.41,18062700,,
2016-11-09,16.95,17.35,16.75,17.20,33873300,,
2016-11-10,17.35,17.76,16.75,16.99,30282200,,
2016-11-11,17.08,17.68,16.90,17.67,31043300,,
2016-11-14,17.77,17.98,17.53,17.71,26313300,,
2016-11-15,17.66,18.17,17.66,18.10,25153900,,
2016-11-16,17.94,18.33,17.93,18.24,21629000,,
2016-11-17,18.35,19.34,18.25,19.18,45958100,,
2016-11-18,18.90,19.33,18.85,19.21,29121600,,
2016-11-21,19.39,19.67,19.35,19.49,22744000,,
2016-11-22,19.64,19.80,19.45,19.74,22219100,,
2016-11-23,19.63,19.93,19.47,19.91,20041300,,
2016-11-25,19.95,20.44,19.79,20.13,16308000,,
2016-11-28,20.18,20.28,19.95,19.99,22205900,,
2016-11-29,19.92,20.20,19.38,19.42,37924400,,
2016-11-30,19.58,19.76,19.36,19.53,26031700,,
2016-12-01,19.70,19.83,18.18,18.48,40713100,,
2016-12-02,18.46,19.20,18.30,18.79,25887600,,
2016-12-05,19.00,19.00,18.40,18.61,26635500,,
2016-12-06,18.62,19.09,18.58,19.06,22267800,,
2016-12-07,19.50,20.54,19.30,20.44,44735700,,
2016-12-08,20.75,20.99,20.29,20.66,36257400,,
2016-12-09,20.73,20.85,20.13,20.50,23978000,,
2016-12-12,20.30,20.51,19.49,20.02,28676100,,
2016-12-13,20.14,20.47,19.80,20.13,26252400,,
2016-12-14,19.93,20.33,19.78,20.02,19489100,,
2016-12-15,20.10,20.50,19.98,20.29,19453100,,
2016-12-16,20.53,21.00,20.19,20.27,36643400,,
2016-12-19,20.43,20.70,20.19,20.35,23555900,,
2016-12-20,20.73,20.80,20.47,20.65,23018500,,
2016-12-21,20.75,20.83,20.34,20.58,32034500,,
2016-12-22,22.91,23.49,22.77,23.19,85870000,,
2016-12-23,23.07,23.49,23.06,23.26,27780100,,
2016-12-27,23.35,23.64,23.21,23.30,24214100,,
2016-12-28,23.40,23.41,22.76,22.78,24026900,,
2016-12-29,22.58,22.80,22.15,22.27,19890500,,
2016-12-30,22.35,22.40,21.75,21.92,20268900,,
2017-01-03,22.07,22.74,22.05,22.55,24962900,,
2017-01-04,22.67,22.84,22.25,22.36,20426800,,
2017-01-05,22.40,22.57,21.96,22.11,19759400,,
2017-01-06,22.27,22.28,21.98,22.04,17782200,,
2017-01-09,21.94,22.55,21.94,22.34,21537200,,
2017-01-10,22.36,22.69,22.30,22.48,20644300,,
2017-01-11,22.61,22.88,22.56,22.79,20907700,,
2017-01-12,22.46,22.48,21.70,22.31,27592300,,
2017-01-13,22.27,22.31,21.99,22.18,14025700,,
2017-01-17,21.88,22.07,21.58,21.74,20053800,,
2017-01-18,21.68,22.34,21.53,22.32,19493400,,
2017-01-19,21.50,22.30,21.49,21.71,31259000,,
2017-01-20,21.90,22.33,21.89,21.96,19978700,,
2017-01-23,21.96,22.31,21.74,21.89,16070300,,
2017-01-24,22.27,23.09,22.26,22.85,29461400,,
2017-01-25,23.40,23.98,23.19,23.56,31611800,,
2017-01-26,23.80,23.99,23.29,23.52,19379100,,
2017-01-27,23.53,24.10,23.45,23.97,18626100,,
2017-01-30,23.82,24.24,23.43,24.18,30508100,,
2017-01-31,23.95,24.15,23.68,24.11,22712500,,
2017-02-01,24.43,24.85,24.31,24.75,28728200,,
2017-02-02,24.53,25.31,24.46,24.79,45499700,,
2017-02-03,24.90,25.24,24.50,24.60,25054400,,
2017-02-06,24.53,24.73,24.21,24.34,18900000,,
2017-02-07,24.59,24.69,24.21,24.60,19879300,,
2017-02-08,24.25,24.38,23.91,24.21,21559200,,
2017-02-09,24.75,24.89,24.42,24.45,27887400,,
2017-02-10,24.71,24.76,23.90,24.05,28578400,,
2017-02-13,24.07,24.20,23.82,23.90,16876400,,
2017-02-14,23.36,23.37,22.68,23.12,60685200,,
2017-02-15,23.07,23.26,22.79,23.02,28215800,,
2017-02-16,23.04,23.34,22.85,22.98,23819800,,
2017-02-17,23.01,23.38,23.01,23.35,22108700,,
2017-02-21,23.62,23.98,23.58,23.77,20256300,,
2017-02-22,23.86,24.06,23.65,23.75,16013300,,
2017-02-23,23.92,23.97,23.23,23.48,20172900,,
2017-02-24,22.96,23.26,22.64,23.24,22019600,,
2017-02-27,23.36,23.77,23.15,23.76,17999800,,
2017-02-28,23.79,23.95,23.32,23.44,21447500,,
2017-03-01,24.16,24.58,24.07,24.55,27989300,,
2017-03-02,24.88,25.25,24.38,24.70,45941900,,
2017-03-03,25.20,25.68,24.98,25.57,37862400,,
2017-03-06,25.50,25.92,25.17,25.71,25527800,,
2017-03-07,25.56,25.75,25.28,25.64,20313000,,
2017-03-08,25.64,25.83,25.04,25.38,24921100,,
2017-03-09,25.23,25.49,24.85,25.15,21786600,,
2017-03-10,25.28,25.75,24.81,25.18,28919000,,
2017-03-13,25.39,25.82,25.29,25.70,23768200,,
2017-03-14,25.59,25.70,25.25,25.58,14587500,,
2017-03-15,25.15,26.15,24.94,26.12,29779900,,
2017-03-16,26.20,26.23,25.83,26.04,19147300,,
2017-03-17,25.86,25.91,25.40,25.80,19126500,,
2017-03-20,25.99,26.61,25.81,26.21,26918800,,
2017-03-21,26.30,26.44,25.43,25.52,28397500,,
2017-03-22,25.73,26.15,25.63,26.06,25092500,,
2017-03-23,26.36,26.49,26.04,26.47,47118300,,
2017-03-24,29.71,29.87,28.16,28.43,107481800,,
2017-03-27,28.10,29.18,28.07,28.76,48190000,,
2017-03-28,28.73,29.06,28.62,28.69,24776400,,
2017-03-29,28.60,28.68,28.35,28.50,23060600,,
2017-03-30,28.40,29.00,28.33,28.97,25092700,,
2017-03-31,29.10,29.36,28.90,28.90,32337800,,
2017-04-03,28.95,29.04,28.30,28.64,21629100,,
2017-04-04,28.47,28.68,28.16,28.59,13957900,,
2017-04-05,28.64,28.91,28.23,28.26,22389900,,
2017-04-06,28.25,28.78,28.02,28.62,19423700,,
2017-04-07,28.45,28.86,28.35,28.52,20325500,,
2017-04-10,28.45,28.49,27.58,27.64,27422100,,
2017-04-11,27.50,27.54,26.68,27.18,38619300,,
2017-04-12,27.42,27.43,26.66,26.69,24621900,,
2017-04-13,26.55,27.23,26.36,26.74,26077500,,
2017-04-17,26.91,27.22,26.83,27.13,14108600,,
2017-04-18,27.00,27.34,26.90,27.14,14407100,,
2017-04-19,27.45,27.55,27.05,27.26,21231900,,
2017-04-20,27.50,28.08,27.50,27.96,23633000,,
2017-04-21,28.00,28.03,27.16,27.32,28361700,,
2017-04-24,27.74,27.76,26.52,26.57,44041000,,
2017-04-25,26.71,27.02,26.37,26.99,22881400,,
2017-04-26,26.58,27.07,26.39,26.79,24670700,,
2017-04-27,27.17,27.65,27.10,27.63,24626900,,
2017-04-28,28.02,28.20,27.51,27.67,28105100,,
2017-05-01,27.85,28.38,27.72,28.29,23938000,,
2017-05-02,28.28,28.28,27.45,27.77,25335300,,
2017-05-03,27.55,28.10,27.55,28.00,15061300,,
2017-05-04,27.94,28.17,27.72,27.79,15544600,,
2017-05-05,27.80,28.22,27.62,28.20,15639600,,
2017-05-08,27.56,28.07,27.28,28.06,32326800,,
2017-05-09,28.11,28.90,28.06,28.81,31073400,,
2017-05-10,28.92,29.42,28.80,29.32,29267500,,
2017-05-11,29.17,29.31,28.69,29.03,22494600,,
2017-05-12,29.10,29.12,28.68,28.93,15902700,,
2017-05-15,29.08,29.19,28.73,28.83,21899900,,
2017-05-16,28.92,29.08,28.57,29.02,14940800,,
2017-05-17,28.34,28.51,26.96,27.00,38027900,,
2017-05-18,27.15,27.89,27.09,27.48,26863000,,
2017-05-19,27.78,28.16,27.73,27.82,19173200,,
2017-05-22,28.20,28.25,27.65,28.06,18032700,,
2017-05-23,28.08,28.31,27.56,28.29,21800800,,
2017-05-24,28.47,29.12,28.44,28.99,22216800,,
2017-05-25,29.20,29.66,29.19,29.43,20714000,,
2017-05-26,29.27,29.77,28.88,29.76,17784800,,
2017-05-30,29.94,30.87,29.88,30.70,34690000,,
2017-05-31,31.01,31.10,30.32,30.77,26402900,,
2017-06-01,30.75,30.83,30.28,30.76,20534800,,
2017-06-02,30.80,31.38,30.53,31.21,20206300,,
2017-06-05,31.30,31.76,31.07,31.21,24360800,,
2017-06-06,31.04,31.77,30.87,31.57,33125800,,
2017-06-07,31.70,32.55,31.70,32.50,32635800,,
2017-06-08,32.84,32.86,31.88,32.45,29156500,,
2017-06-09,32.67,32.93,29.55,30.60,53064200,,
2017-06-12,30.06,31.69,29.21,31.20,46550900,,
2017-06-13,31.75,32.24,30.77,31.54,33767900,,
2017-06-14,31.78,31.79,30.85,31.06,28935000,,
2017-06-15,30.47,30.97,30.08,30.56,33670600,,
2017-06-16,30.63,31.00,29.82,29.86,42881700,,
2017-06-19,30.51,31.25,30.33,31.20,24915000,,
2017-06-20,31.40,31.58,30.73,30.83,25793300,,
2017-06-21,31.18,32.15,31.06,32.01,30579000,,
2017-06-22,32.04,32.40,31.76,31.89,23050800,,
2017-06-23,31.89,32.08,31.64,31.73,45323800,,
2017-06-26,32.45,32.96,31.95,32.50,34750700,,
2017-06-27,32.51,32.67,31.61,31.66,33221500,,
2017-06-28,32.07,32.28,31.44,32.24,28415900,,
2017-06-29,32.29,32.39,30.64,31.47,53948400,,
2017-06-30,32.12,32.15,29.71,29.86,73308000,,
2017-07-03,30.09,30.28,28.56,29.14,36830400,,
2017-07-05,29.55,30.56,29.55,30.51,40444600,,
2017-07-06,29.94,30.48,29.92,30.10,27143800,,
2017-07-07,30.22,30.50,29.98,30.20,22023100,,
2017-07-10,30.16,30.59,29.75,30.50,24907900,,
2017-07-11,30.55,31.39,30.51,31.37,28530500,,
2017-07-12,31.77,31.78,31.16,31.45,22258600,,
2017-07-13,31.55,31.85,30.84,31.13,23773000,,
2017-07-14,31.35,31.95,31.26,31.79,28887600,,
2017-07-17,31.67,31.86,31.44,31.72,22320500,,
2017-07-18,31.64,31.91,31.40,31.90,14045000,,
2017-07-19,32.05,32.35,31.65,31.82,19984100,,
2017-07-20,31.93,32.02,31.42,32.00,23179300,,
2017-07-21,31.90,32.10,31.62,32.01,21146600,,
2017-07-24,32.00,32.01,31.50,31.67,17415500,,
2017-07-25,30.80,30.83,29.65,29.90,51216400,,
2017-07-26,29.85,30.05,29.68,29.81,26387400,,
2017-07-27,30.27,31.30,29.67,30.24,38967000,,
2017-07-28,29.96,29.98,28.96,29.28,31854900,,
2017-07-31,29.43,29.55,27.87,28.12,41112700,,
2017-08-01,28.22,28.94,27.83,28.34,28221600,,
2017-08-02,28.96,29.43,28.22,28.63,27226000,,
2017-08-03,28.39,28.40,27.61,27.83,30288400,,
2017-08-04,27.86,28.30,27.27,27.92,23947500,,
2017-08-07,27.93,28.61,27.80,28.59,16589300,,
2017-08-08,28.61,29.34,28.61,28.84,21903300,,
2017-08-09,28.51,28.89,28.36,28.58,14181800,,
2017-08-10,28.30,28.38,27.43,27.49,26147600,,
2017-08-11,27.44,28.04,26.85,28.01,23375900,,
2017-08-14,28.82,29.36,28.72,29.24,25254600,,
2017-08-15,29.50,29.81,29.14,29.68,23973600,,
2017-08-16,30.02,30.86,29.96,30.69,37879500,,
2017-08-17,30.32,30.53,29.61,29.62,26152500,,
2017-08-18,29.96,30.60,29.76,30.38,31178100,,
2017-08-21,30.53,30.60,29.28,29.56,26247700,,
2017-08-22,29.85,30.54,29.77,30.45,18821200,,
2017-08-23,29.97,30.74,29.87,30.45,21200400,,
2017-08-24,30.55,30.63,30.11,30.22,18056800,,
2017-08-25,30.30,30.39,30.05,30.29,13929800,,
2017-08-28,30.43,31.21,30.42,31.08,22531000,,
2017-08-29,30.75,31.53,30.70,31.48,23151900,,
2017-08-30,31.65,31.68,31.38,31.61,17467900,,
2017-08-31,31.61,32.02,31.48,31.97,25694000,,
2017-09-01,32.13,32.88,32.13,32.60,26034000,,
2017-09-05,32.45,32.74,31.65,32.07,28866600,,
2017-09-06,32.07,32.70,32.06,32.25,29290200,,
2017-09-07,32.47,32.90,32.45,32.79,25353300,,
2017-09-08,32.80,33.02,32.31,32.45,19649300,,
2017-09-11,32.90,33.44,32.81,33.44,31012100,,
2017-09-12,33.69,34.54,33.56,34.29,38685800,,
2017-09-13,34.56,34.80,34.02,34.59,41588100,,
2017-09-14,34.43,34.85,34.30,34.58,23007000,,
2017-09-15,34.64,35.00,34.38,34.65,37417300,,
2017-09-18,35.13,35.80,35.02,35.43,41330100,,
2017-09-19,35.50,36.10,35.50,35.95,26392200,,
2017-09-20,36.03,36.60,35.34,35.97,42243000,,
2017-09-21,35.93,36.25,35.40,35.91,22464900,,
2017-09-22,35.60,36.22,35.60,36.07,21559800,,
2017-09-25,36.04,36.15,34.54,34.87,35607200,,
2017-09-26,35.23,35.37,34.09,34.18,55112600,,
2017-09-27,36.26,37.15,35.92,37.09,84593900,,
2017-09-28,37.15,38.46,36.82,37.96,52569900,,
2017-09-29,37.98,39.36,37.81,39.33,48711400,,
2017-10-02,39.60,40.37,39.36,40.01,54244800,,
2017-10-03,39.93,40.54,39.85,40.37,27322300,,
2017-10-04,40.14,40.43,38.91,39.56,37908400,,
2017-10-05,39.80,39.86,39.25,39.37,22501000,,
2017-10-06,39.00,39.67,38.81,39.67,25150300,,
2017-10-09,39.72,40.99,39.62,40.96,27279300,,
2017-10-10,41.45,42.00,40.46,41.98,48214100,,
2017-10-11,40.84,42.07,40.80,41.61,53023600,,
2017-10-12,41.21,41.75,40.29,40.58,66789800,,
2017-10-13,40.78,41.17,40.32,40.40,35371200,,
2017-10-16,40.88,41.57,40.51,41.49,33696800,,
2017-10-17,41.14,41.40,40.25,40.39,41233700,,
2017-10-18,41.04,41.95,40.81,41.65,43528000,,
2017-10-19,41.18,41.50,39.80,41.31,47676000,,
2017-10-20,42.00,42.17,41.44,41.50,36293700,,
2017-10-23,41.85,42.19,41.40,41.56,26844200,,
2017-10-24,41.74,42.01,41.43,41.60,26299400,,
2017-10-25,41.31,41.59,40.31,41.06,31061100,,
2017-10-26,41.17,41.18,40.31,40.60,27453500,,
2017-10-27,40.59,40.94,40.04,40.85,31094700,,
2017-10-30,40.73,41.86,40.68,41.65,29119500,,
2017-10-31,42.25,44.57,42.20,44.31,61972200,,
2017-11-01,44.79,45.33,43.78,44.38,38842900,,
2017-11-02,44.08,44.75,43.72,44.34,25813000,,
2017-11-03,44.77,45.00,43.35,43.71,27694600,,
2017-11-06,43.85,44.01,42.45,43.25,28841000,,
2017-11-07,43.58,44.24,43.33,43.95,32422900,,
2017-11-08,43.85,44.14,43.45,44.09,19519600,,
2017-11-09,43.69,43.69,42.58,43.50,32501100,,
2017-11-10,43.76,44.85,43.71,44.78,33840800,,
2017-11-13,44.33,45.87,44.19,45.60,30522300,,
2017-11-14,45.58,46.00,44.80,45.80,29899200,,
2017-11-15,45.19,45.74,44.62,45.36,22434500,,
2017-11-16,45.73,46.29,45.29,46.18,24192600,,
2017-11-17,46.54,46.55,45.73,46.16,22613300,,
2017-11-20,46.51,47.86,46.40,47.64,26975000,,
2017-11-21,48.36,49.63,48.15,49.40,35756600,,
2017-11-22,49.85,49.89,48.62,49.14,28711800,,
2017-11-24,49.32,49.88,49.03,49.68,14203300,,
2017-11-27,47.96,48.39,47.09,48.05,44469700,,
2017-11-28,48.45,48.86,47.82,47.93,30633200,,
2017-11-29,47.50,47.60,43.27,43.74,81370100,,
2017-11-30,44.16,44.54,41.86,42.39,63895700,,
2017-12-01,41.73,42.55,40.01,41.99,73138600,,
2017-12-04,41.95,42.29,39.07,39.90,73640500,,
2017-12-05,39.77,42.05,39.42,41.21,56540700,,
2017-12-06,40.82,41.74,40.30,41.58,39735300,,
2017-12-07,42.18,43.23,41.91,43.20,43189000,,
2017-12-08,44.04,44.58,42.87,43.21,44717800,,
2017-12-11,43.42,43.75,42.33,43.01,32824000,,
2017-12-12,42.69,42.85,41.71,41.86,28492300,,
2017-12-13,42.22,43.10,41.97,42.05,28565600,,
2017-12-14,42.29,42.73,41.88,42.24,24582800,,
2017-12-15,42.30,42.56,41.89,42.40,58721700,,
2017-12-18,43.37,43.73,42.99,43.71,35075500,,
2017-12-19,44.09,44.34,43.30,43.98,51048300,,
2017-12-20,46.65,46.80,44.86,45.75,84338200,,
2017-12-21,45.55,45.58,44.35,44.42,50486100,,
2017-12-22,44.18,44.94,43.94,44.12,30372500,,
2017-12-26,43.19,43.20,41.52,42.25,41966200,,
2017-12-27,42.22,43.07,42.03,42.48,24175100,,
2017-12-28,42.83,43.05,41.75,41.81,28999700,,
2017-12-29,41.82,41.84,40.77,41.12,44642100,,
2018-01-02,41.54,43.72,41.19,43.67,37097000,,
2018-01-03,44.50,45.05,44.05,44.98,43376700,,
2018-01-04,45.99,46.98,45.01,46.88,52229500,,
2018-01-05,46.13,46.66,45.38,45.80,47381100,,
2018-01-08,45.31,46.09,44.91,45.55,32217400,,
2018-01-09,45.27,45.55,42.77,42.97,62982900,,
2018-01-10,41.95,43.37,41.39,43.31,53348000,,
2018-01-11,43.52,44.00,42.62,42.82,39402200,,
2018-01-12,42.82,43.35,42.68,42.81,28458500,,
2018-01-16,43.14,43.86,42.42,42.92,38174800,,
2018-01-17,43.21,44.38,42.98,44.26,38077100,,
2018-01-18,44.21,44.65,43.91,43.99,25152100,,
2018-01-19,43.95,44.20,42.65,42.75,41469200,,
2018-01-22,42.47,42.88,41.68,42.88,37879400,,
2018-01-23,43.25,44.66,42.73,43.95,41334100,,
2018-01-24,43.76,43.95,42.74,43.08,31305700,,
2018-01-25,44.23,44.72,42.86,43.01,40519200,,
2018-01-26,43.22,43.81,43.03,43.67,27177500,,
2018-01-29,43.25,43.42,42.38,43.29,29455000,,
2018-01-30,41.99,42.80,41.47,41.67,38861900,,
2018-01-31,42.98,43.96,42.77,43.72,45114600,,
2018-02-01,43.04,44.09,42.10,42.49,35713500,,
2018-02-02,42.00,42.21,40.61,40.82,40657400,,
2018-02-05,40.14,41.53,39.01,39.40,45796800,,
2018-02-06,40.55,43.93,40.55,43.88,66972800,,
2018-02-07,43.26,43.56,41.74,42.01,51354800,,
2018-02-08,42.52,43.03,40.00,40.00,53794100,,
2018-02-09,41.05,41.19,37.52,40.41,65189300,,
2018-02-12,41.01,42.68,40.88,42.19,47941100,,
2018-02-13,42.05,42.92,41.98,42.63,30296800,,
2018-02-14,41.93,43.63,41.93,43.45,36765900,,
2018-02-15,43.73,43.92,42.26,43.50,35072300,,
2018-02-16,43.29,45.11,43.13,44.21,49404600,,
2018-02-20,44.02,45.27,43.90,44.90,36215900,,
2018-02-21,45.37,45.55,44.52,44.54,31618700,,
2018-02-22,44.78,44.83,44.04,44.25,24359600,,
2018-02-23,45.18,46.80,45.02,46.53,48476700,,
2018-02-26,46.97,48.23,46.70,47.98,41966100,,
2018-02-27,47.66,48.99,47.42,48.58,44731100,,
2018-02-28,48.80,49.46,48.35,48.81,45031400,,
2018-03-01,48.77,48.81,46.77,47.62,61278800,,
2018-03-02,46.36,49.25,45.95,49.11,52492900,,
2018-03-05,48.80,52.36,48.72,52.03,70984100,,
2018-03-06,53.40,54.64,53.21,53.74,73096300,,
2018-03-07,53.34,55.00,53.13,53.97,61670000,,
2018-03-08,54.59,55.47,54.30,55.22,51685900,,
2018-03-09,55.76,55.83,53.62,54.59,65504600,,
2018-03-12,56.50,61.17,56.35,59.37,138651600,,
2018-03-13,62.17,63.42,58.52,59.43,142315800,,
2018-03-14,59.32,60.06,57.56,59.78,80306900,,
2018-03-15,59.77,60.15,58.23,58.84,50963700,,
2018-03-16,60.00,60.69,59.21,60.58,69323100,,
2018-03-19,60.36,60.99,58.75,60.14,71373300,,
2018-03-20,60.10,61.25,59.80,61.15,53890500,,
2018-03-21,61.35,61.72,60.60,61.07,51220200,,
2018-03-22,60.07,60.30,58.11,58.92,74274700,,
2018-03-23,57.69,58.80,53.68,54.21,118369500,,
2018-03-26,56.26,56.71,52.72,55.56,70260700,,
2018-03-27,55.06,55.47,51.68,52.40,67785100,,
2018-03-28,51.93,53.35,50.70,51.49,62987500,,
2018-03-29,52.16,52.68,51.14,52.14,61458800,,
2018-04-02,51.54,51.72,49.56,50.06,59875500,,
2018-04-03,50.80,51.77,50.32,51.55,52436400,,
2018-04-04,49.62,53.50,49.26,53.39,60272800,,
2018-04-05,52.06,52.20,49.19,49.84,89203500,,
2018-04-06,47.72,50.48,47.26,48.46,79392200,,
2018-04-09,49.13,49.83,47.92,47.96,50532900,,
2018-04-10,49.25,50.75,48.64,50.48,50346500,,
2018-04-11,50.28,51.80,50.11,50.48,38942200,,
2018-04-12,51.12,52.92,51.10,52.59,46656300,,
2018-04-13,53.40,53.49,51.58,52.23,43598900,,
2018-04-16,52.25,52.48,51.32,51.65,30879500,,
2018-04-17,51.85,52.70,51.74,52.26,33325300,,
2018-04-18,51.45,54.27,50.68,54.01,55393600,,
2018-04-19,52.90,54.10,50.98,51.42,52635000,,
2018-04-20,51.50,52.07,50.15,50.62,38510800,,
2018-04-23,50.81,50.88,48.81,49.02,43693000,,
2018-04-24,49.66,50.26,46.44,47.11,61915400,,
2018-04-25,47.56,48.34,46.08,47.60,43781200,,
2018-04-26,49.28,50.18,48.83,50.14,39041400,,
2018-04-27,51.11,51.39,47.19,47.52,50049800,,
2018-04-30,47.06,47.69,45.32,45.98,54743800,,
2018-05-01,45.59,46.87,45.41,46.79,34154900,,
2018-05-02,45.91,46.74,45.68,45.89,31640800,,
2018-05-03,45.74,46.87,45.33,46.62,30489600,,
2018-05-04,46.32,47.70,46.14,47.58,28632200,,
2018-05-07,48.26,49.11,48.11,48.48,33996900,,
2018-05-08,48.53,48.86,47.88,48.57,25205500,,
2018-05-09,49.06,51.03,48.99,51.01,36489100,,
2018-05-10,51.80,52.68,51.60,52.66,37146300,,
2018-05-11,52.38,52.80,51.68,51.82,27646400,,
2018-05-14,52.99,53.71,52.86,53.00,33376300,,
2018-05-15,53.80,54.17,52.69,54.01,43307300,,
2018-05-16,55.59,56.91,55.48,56.50,59011900,,
2018-05-17,56.01,56.44,53.93,54.70,54832200,,
2018-05-18,53.60,54.65,52.85,53.39,46088800,,
2018-05-21,56.18,56.47,54.53,55.48,70858100,,
2018-05-22,59.05,60.50,58.30,59.03,111262700,,
2018-05-23,59.05,60.00,58.15,59.97,64066800,,
2018-05-24,60.18,61.99,59.56,61.49,74725000,,
2018-05-25,60.85,62.10,60.61,61.35,54715900,,
2018-05-29,61.36,63.98,61.35,62.62,75591900,,
2018-05-30,63.70,64.66,60.92,62.57,84737600,,
2018-05-31,59.23,60.25,57.17,57.59,101882200,,
2018-06-01,58.81,59.34,56.88,58.74,74761500,,
2018-06-04,57.43,59.16,56.62,59.10,64350500,,
2018-06-05,59.80,60.14,58.83,59.41,41711300,,
2018-06-06,59.26,59.59,58.30,59.42,36749000,,
2018-06-07,59.85,60.27,58.56,59.63,42264700,,
2018-06-08,58.63,61.60,58.22,61.39,57144900,,
2018-06-11,61.71,62.55,61.07,61.39,42251500,,
2018-06-12,61.84,61.85,59.94,60.55,43633300,,
2018-06-13,60.30,61.27,60.02,60.05,33281400,,
2018-06-14,60.55,60.57,58.67,59.18,43421900,,
2018-06-15,58.53,59.10,57.30,58.23,45854100,,
2018-06-18,57.60,58.60,56.87,58.45,36975600,,
2018-06-19,57.64,59.46,57.11,59.25,43486600,,
2018-06-20,60.13,61.12,58.80,58.95,57497600,,
2018-06-21,61.46,61.83,59.09,59.44,70419900,,
2018-06-22,60.20,60.41,57.02,57.10,63497500,,
2018-06-25,55.54,55.64,52.41,53.16,72196300,,
2018-06-26,54.41,54.77,53.61,54.59,42277100,,
2018-06-27,55.00,55.35,52.16,52.26,53007500,,
2018-06-28,52.00,53.31,51.79,53.14,36878900,,
2018-06-29,53.69,53.85,52.40,52.44,32582200,,
2018-07-02,51.52,54.53,51.32,54.48,38934200,,
2018-07-03,54.55,54.79,50.10,51.48,52190200,,
2018-07-05,52.63,53.31,51.94,52.84,51136400,,
2018-07-06,52.54,53.41,51.98,53.23,31841000,,
2018-07-09,53.80,54.50,53.11,54.31,32579700,,
2018-07-10,54.66,55.90,54.35,55.74,34852800,,
2018-07-11,54.39,55.00,53.77,54.18,38699200,,
2018-07-12,54.65,55.66,54.35,55.45,29647700,,
2018-07-13,55.51,56.59,55.32,56.35,28799000,,
2018-07-16,56.60,57.18,56.06,56.15,25735200,,
2018-07-17,55.83,57.13,55.50,56.96,24729100,,
2018-07-18,57.25,58.15,56.92,57.45,33729700,,
2018-07-19,57.25,57.56,55.67,56.22,39392100,,
2018-07-20,56.08,56.14,54.83,55.02,32588100,,
2018-07-23,53.51,54.58,52.22,54.29,42781500,,
2018-07-24,55.00,55.40,52.94,53.17,39011500,,
2018-07-25,52.63,54.22,52.30,53.39,39749200,,
2018-07-26,53.60,54.74,53.45,53.76,28862500,,
2018-07-27,54.46,54.63,53.11,53.96,30109700,,
2018-07-30,54.19,54.25,52.42,53.01,25747800,,
2018-07-31,53.78,54.22,52.77,52.79,29301700,,
2018-08-01,52.66,53.58,52.17,52.29,28200000,,
2018-08-02,51.70,53.55,51.38,53.40,28708000,,
2018-08-03,53.30,53.40,52.26,52.81,22958900,,
2018-08-06,52.22,52.81,51.50,52.67,28776900,,
2018-08-07,52.94,53.44,52.70,53.04,21918600,,
2018-08-08,52.84,53.53,52.46,53.39,18074700,,
2018-08-09,52.65,52.85,51.93,52.26,34538400,,
2018-08-10,51.25,51.95,51.02,51.37,31340800,,
2018-08-13,51.61,52.06,51.28,51.34,24609500,,
2018-08-14,51.73,51.77,50.01,50.62,32050200,,
2018-08-15,49.83,49.86,47.14,47.49,57746200,,
2018-08-16,48.20,48.31,46.96,47.10,33663000,,
2018-08-17,46.21,47.36,45.62,47.11,34464200,,
2018-08-20,47.40,48.61,46.47,48.07,33022900,,
2018-08-21,48.90,50.37,48.87,49.94,38572900,,
2018-08-22,50.38,50.65,49.87,50.24,26740400,,
2018-08-23,50.05,50.24,49.40,49.70,26832000,,
2018-08-24,49.92,50.82,49.92,50.70,24785500,,
2018-08-27,51.35,52.45,51.17,52.07,29134100,,
2018-08-28,52.42,52.56,51.47,52.34,26198800,,
2018-08-29,52.09,52.16,51.30,51.83,31450800,,
2018-08-30,51.56,53.68,51.40,52.76,32416600,,
2018-08-31,52.70,53.23,52.22,52.52,29937300,,
2018-09-04,52.14,52.30,50.71,51.93,28975100,,
2018-09-05,51.39,51.60,49.07,49.54,39125100,,
2018-09-06,48.20,48.45,44.06,44.65,94413400,,
2018-09-07,45.14,46.46,44.65,44.86,47114300,,
2018-09-10,45.25,45.38,44.39,44.90,33078300,,
2018-09-11,43.65,43.75,42.35,43.60,48980700,,
2018-09-12,41.24,42.18,40.68,41.74,66916000,,
2018-09-13,42.30,44.49,42.30,43.62,59922100,,
2018-09-14,44.11,44.56,43.46,44.30,40610300,,
2018-09-17,43.59,44.32,43.25,43.58,28205300,,
2018-09-18,43.93,45.87,43.88,45.33,36507400,,
2018-09-19,45.78,46.06,44.84,45.06,29264700,,
2018-09-20,46.40,47.22,45.91,46.06,75144100,,
2018-09-21,44.40,45.60,43.80,44.74,97053400,,
2018-09-24,44.20,45.65,43.86,45.16,36918900,,
2018-09-25,45.10,45.46,44.02,44.64,32547500,,
2018-09-26,44.29,44.76,43.96,44.35,30299800,,
2018-09-27,44.23,45.52,44.05,44.99,26952400,,
2018-09-28,44.65,45.61,44.49,45.23,28080400,,
2018-10-01,45.44,46.08,45.01,45.15,26693400,,
2018-10-02,44.90,46.69,44.88,45.76,32397000,,
2018-10-03,46.28,46.42,44.71,45.15,29505100,,
2018-10-04,44.50,44.75,43.51,44.16,34579600,,
2018-10-05,44.08,44.63,42.81,43.58,35367100,,
2018-10-08,43.28,43.85,42.61,43.07,27426600,,
2018-10-09,42.81,43.04,41.98,42.27,31576400,,
2018-10-10,41.50,42.75,41.32,41.61,48452000,,
2018-10-11,41.96,42.92,41.43,41.97,48197000,,
2018-10-12,43.58,43.75,41.92,42.47,32851100,,
2018-10-15,42.03,42.55,41.63,42.34,27697300,,
2018-10-16,42.70,43.35,42.30,43.21,28827400,,
2018-10-17,43.33,43.39,42.11,42.35,27759000,,
2018-10-18,42.04,42.21,41.14,41.30,33560800,,
2018-10-19,41.67,41.99,40.27,40.45,28641400,,
2018-10-22,40.56,40.70,38.64,39.76,34441200,,
2018-10-23,38.15,39.11,37.41,38.68,46364200,,
2018-10-24,38.00,38.30,35.40,35.43,53096500,,
2018-10-25,35.59,37.16,35.06,36.78,39625700,,
2018-10-26,35.28,35.91,34.30,35.40,41257400,,
2018-10-29,36.14,36.20,33.82,34.66,34176400,,
2018-10-30,34.64,36.05,34.49,36.01,35319500,,
2018-10-31,36.58,38.04,35.80,37.72,44055400,,
2018-11-01,37.98,40.20,37.52,40.12,43981400,,
2018-11-02,40.19,40.94,39.64,40.32,33645700,,
2018-11-05,40.10,40.24,38.77,39.92,22904000,,
2018-11-06,39.74,40.56,39.56,39.80,19316600,,
2018-11-07,40.32,41.05,39.96,40.93,22957200,,
2018-11-08,40.67,41.43,40.34,40.44,15609300,,
2018-11-09,39.89,39.99,38.41,39.11,26102800,,
2018-11-12,38.24,38.53,36.84,37.44,24822400,,
2018-11-13,37.66,38.74,37.44,37.85,25870500,,
2018-11-14,38.62,38.97,37.61,38.03,23706400,,
2018-11-15,37.95,40.17,37.62,39.91,30046100,,
2018-11-16,38.45,39.71,38.33,39.44,25445700,,
2018-11-19,39.20,39.32,36.67,36.83,31039100,,
2018-11-20,34.10,36.99,34.05,36.12,38728600,,
2018-11-21,37.00,37.22,36.37,36.38,22728400,,
2018-11-23,35.93,37.50,35.92,36.40,11257800,,
2018-11-26,37.75,37.79,35.53,36.57,26569700,,
2018-11-27,36.09,37.45,36.02,37.00,21397300,,
2018-11-28,37.29,39.00,35.99,38.71,42293700,,
2018-11-29,38.30,38.71,37.73,37.91,23631300,,
2018-11-30,37.75,38.63,36.94,38.56,28176000,,
2018-12-03,40.20,40.24,39.15,40.03,35830000,,
2018-12-04,39.56,39.87,36.72,36.88,36616300,,
2018-12-06,35.66,37.68,35.13,37.67,37494400,,
2018-12-07,37.62,37.62,35.21,35.31,30619800,,
2018-12-10,34.83,35.72,34.53,34.80,33979700,,
2018-12-11,35.59,36.26,35.10,35.21,26238800,,
2018-12-12,35.94,36.61,35.40,36.03,26642500,,
2018-12-13,36.29,36.37,34.76,35.02,23825400,,
2018-12-14,34.44,35.45,34.06,34.20,28922100,,
2018-12-17,34.16,35.22,33.60,33.88,30891000,,
2018-12-18,34.39,34.94,33.97,34.11,46135400,,
2018-12-19,31.66,33.58,31.27,31.41,106669600,,
2018-12-20,31.60,32.90,30.86,31.28,60427600,,
2018-12-21,31.68,32.05,30.11,30.32,54630500,,
2018-12-24,29.86,30.35,29.00,29.02,23771800,,
2018-12-26,29.34,30.91,28.39,30.89,45711000,,
2018-12-27,30.41,32.01,30.23,31.93,39858300,,
2018-12-28,32.00,32.28,31.40,31.57,29873400,,
2018-12-31,31.99,32.40,31.46,31.73,21392100,,
2019-01-02,31.00,33.08,30.75,32.75,26004300,,
2019-01-03,31.82,32.15,30.86,31.00,29145500,,
2019-01-04,31.66,33.04,31.55,32.70,28557300,,
2019-01-07,33.70,34.45,33.31,34.00,44841500,,
2019-01-08,34.55,34.59,32.81,33.74,33434100,,
2019-01-09,34.97,36.29,34.92,35.44,54147900,,
2019-01-10,35.26,35.95,35.08,35.91,24437400,,
2019-01-11,35.42,36.73,35.01,36.01,30469800,,
2019-01-14,34.72,34.92,34.26,34.67,34612000,,
2019-01-15,35.02,35.23,33.65,33.99,30633600,,
2019-01-16,34.04,34.33,33.53,33.58,24890900,,
2019-01-17,33.23,34.20,32.66,33.88,29398500,,
2019-01-18,34.23,36.19,34.06,35.76,44872400,,
2019-01-22,35.25,35.25,33.55,33.87,37021900,,
2019-01-23,34.11,34.69,33.44,34.24,31011600,,
2019-01-24,35.31,37.44,35.10,36.59,65094800,,
2019-01-25,38.09,39.31,37.50,38.96,61032300,,
2019-01-28,36.95,38.96,36.65,38.08,44213000,,
2019-01-29,38.28,38.98,37.25,37.39,30331000,,
2019-01-30,38.30,38.76,37.59,38.24,32848100,,
2019-01-31,37.63,38.82,37.28,38.22,34130500,,
2019-02-01,38.31,39.86,38.23,39.60,36839900,,
2019-02-04,39.55,39.61,38.51,39.47,30851500,,
2019-02-05,39.24,40.33,39.17,39.37,25094000,,
2019-02-06,40.40,41.96,40.37,41.52,47472600,,
2019-02-07,40.81,41.05,38.91,39.38,40396400,,
2019-02-08,37.80,38.78,37.45,38.58,35573200,,
2019-02-11,38.60,38.87,37.36,38.58,30356500,,
2019-02-12,39.39,40.77,39.24,40.40,43587900,,
2019-02-13,40.85,42.28,40.80,41.68,50101700,,
2019-02-14,41.39,43.16,41.31,42.23,41759200,,
2019-02-15,42.27,42.40,41.42,41.99,28968400,,
2019-02-19,41.70,42.49,41.50,41.96,25575900,,
2019-02-20,42.31,43.26,42.13,42.21,28048700,,
2019-02-21,42.47,42.87,41.42,41.53,24048800,,
2019-02-22,42.08,42.57,41.83,42.57,22834300,,
2019-02-25,43.81,43.99,42.70,42.75,25233700,,
2019-02-26,42.35,43.15,42.29,42.96,18051500,,
2019-02-27,42.62,42.76,41.01,41.32,29522200,,
2019-02-28,40.20,41.15,39.80,40.88,25777900,,
2019-03-01,41.64,42.56,41.11,41.58,26755800,,
2019-03-04,41.88,42.15,40.64,41.06,27047800,,
2019-03-05,40.25,40.67,39.51,39.99,28798800,,
2019-03-06,39.38,39.45,37.52,37.93,44890400,,
2019-03-07,37.54,38.31,37.14,37.83,31567800,,
2019-03-08,36.89,38.82,36.57,38.65,34080900,,
2019-03-11,38.91,39.55,38.83,39.03,25164700,,
2019-03-12,39.17,39.40,38.83,39.25,18623500,,
2019-03-13,39.40,39.72,38.64,38.83,22786300,,
2019-03-14,38.74,39.63,38.34,38.41,19757300,,
2019-03-15,38.58,39.84,38.43,39.54,30702000,,
2019-03-18,39.60,40.41,39.15,39.61,22296600,,
2019-03-19,39.93,41.05,39.89,40.37,32407300,,
2019-03-20,40.50,40.75,39.62,40.13,41714400,,
2019-03-21,41.70,44.21,41.65,43.99,84985400,,
2019-03-22,43.47,43.48,41.55,41.62,46605600,,
2019-03-25,41.34,41.98,40.06,40.55,34516000,,
2019-03-26,41.17,41.65,40.10,40.32,24689600,,
2019-03-27,40.38,40.85,39.01,39.23,26856700,,
2019-03-28,39.40,39.94,39.02,39.34,24584500,,
2019-03-29,40.25,41.52,40.22,41.33,35716900,,
2019-04-01,42.27,42.76,41.72,42.25,28073000,,
2019-04-02,42.08,42.79,41.75,42.44,21438100,,
2019-04-03,43.55,44.85,43.55,43.90,39097200,,
2019-04-04,42.36,43.33,42.25,42.89,37038400,,
2019-04-05,43.30,43.54,42.72,43.32,21119400,,
2019-04-08,42.18,43.14,42.12,42.90,24546800,,
2019-04-09,42.54,42.60,41.27,41.72,29055900,,
2019-04-10,41.69,42.44,41.51,42.17,23252200,,
2019-04-11,42.20,42.73,42.13,42.28,18163900,,
2019-04-12,42.85,43.20,41.81,42.01,21740400,,
2019-04-15,42.17,42.23,41.20,41.82,16932300,,
2019-04-16,42.26,42.93,42.08,42.76,19337500,,
2019-04-17,43.36,44.05,42.76,43.15,22092000,,
2019-04-18,43.20,43.53,42.79,43.40,16193600,,
2019-04-22,43.14,43.57,42.53,43.40,19447900,,
2019-04-23,43.37,43.47,42.72,42.77,21489400,,
2019-04-24,42.82,43.40,42.38,43.03,19637000,,
2019-04-25,43.62,44.65,42.69,42.75,28346200,,
2019-04-26,41.49,42.28,40.77,42.10,26092400,,
2019-04-29,42.13,42.61,41.73,42.11,13452800,,
2019-04-30,41.86,42.36,41.58,42.06,16342700,,
2019-05-01,42.43,42.93,41.89,41.90,17673300,,
2019-05-02,42.00,43.20,41.63,42.56,17046800,,
2019-05-03,42.49,43.38,42.41,43.33,16577000,,
2019-05-06,41.40,42.29,41.00,42.13,25776000,,
2019-05-07,41.68,41.93,39.73,40.26,35094100,,
2019-05-08,39.86,40.49,39.58,39.75,26190100,,
2019-05-09,39.10,39.63,38.20,39.27,27844400,,
2019-05-10,39.01,39.29,37.65,38.94,30368100,,
2019-05-13,37.36,37.98,37.06,37.38,33092100,,
2019-05-14,38.02,38.61,37.40,38.51,24004000,,
2019-05-15,37.90,38.70,37.76,38.41,17532300,,
2019-05-16,37.68,37.99,37.10,37.31,29479200,,
2019-05-17,36.61,37.28,35.80,36.06,31096300,,
2019-05-20,34.75,35.20,34.33,34.62,34489500,,
2019-05-21,35.29,35.88,35.15,35.64,32501300,,
2019-05-22,35.20,35.45,34.63,34.73,20902400,,
2019-05-23,33.89,33.90,32.96,33.82,32186700,,
2019-05-24,34.16,34.36,33.59,34.00,19706000,,
2019-05-28,34.15,34.31,32.88,32.94,26758400,,
2019-05-29,32.32,33.42,32.17,33.29,28796100,,
2019-05-30,33.43,34.32,33.03,33.32,20957600,,
2019-05-31,32.60,33.50,32.52,32.61,18607300,,
2019-06-03,32.95,33.22,32.47,32.69,21174500,,
2019-06-04,33.36,34.56,33.10,34.49,25076000,,
2019-06-05,35.20,35.40,33.04,33.34,27070300,,
2019-06-06,33.26,33.82,32.94,33.47,21088100,,
2019-06-07,33.55,34.03,33.22,33.99,21430400,,
2019-06-10,34.60,35.54,34.52,34.94,21728000,,
2019-06-11,35.80,35.99,34.75,34.84,19208600,,
2019-06-12,34.01,34.10,32.73,32.96,28746500,,
2019-06-13,33.08,33.64,33.01,33.38,16586700,,
2019-06-14,32.45,32.84,32.24,32.66,19715000,,
2019-06-17,32.54,32.85,32.14,32.43,20050000,,
2019-06-18,32.90,34.89,32.90,34.29,33727300,,
2019-06-19,34.69,34.69,33.71,33.94,20436400,,
2019-06-20,34.84,35.26,34.02,34.15,21691500,,
2019-06-21,33.70,33.89,32.73,33.25,38858200,,
2019-06-24,33.20,34.08,33.02,33.19,27306000,,
2019-06-25,33.35,33.88,32.61,32.68,39590500,,
2019-06-26,35.87,37.61,35.70,37.04,100271600,,
2019-06-27,36.85,38.33,36.51,38.07,51612400,,
2019-06-28,39.36,39.40,38.05,38.59,61402700,,
2019-07-01,41.16,41.71,39.74,40.11,60928000,,
2019-07-02,39.62,40.03,39.03,39.60,29774500,,
2019-07-03,39.62,39.77,39.17,39.59,13479700,,
2019-07-05,38.95,39.56,38.80,39.42,18408000,,
2019-07-08,39.03,40.61,38.94,40.41,28148500,,
2019-07-09,40.13,41.41,40.08,41.35,28254700,,
2019-07-10,42.23,44.00,42.04,42.90,51625500,,
2019-07-11,43.22,43.54,42.44,43.48,30392400,,
2019-07-12,43.75,44.70,43.36,44.51,33257800,,
2019-07-15,44.69,45.27,43.71,44.40,26623300,,
2019-07-16,44.05,44.10,42.93,43.06,31238900,,
2019-07-17,43.00,43.75,42.60,43.37,19539300,,
2019-07-18,43.61,44.93,43.50,44.67,26456600,,
2019-07-19,45.13,46.00,44.63,45.52,39328400,,
2019-07-22,46.50,47.43,46.31,47.19,46042800,,
2019-07-23,46.78,47.14,46.23,46.95,29354400,,
2019-07-24,46.95,48.23,46.82,47.99,33169900,,
2019-07-25,48.40,48.70,47.59,47.77,28127800,,
2019-07-26,47.94,48.13,47.09,47.49,19676200,,
2019-07-29,46.87,46.97,45.85,46.82,21939500,,
2019-07-30,46.88,47.68,46.20,47.46,21301600,,
2019-07-31,46.71,46.79,44.44,44.89,34493900,,
2019-08-01,45.00,45.96,42.84,43.60,37906500,,
2019-08-02,42.64,44.41,42.22,44.08,31954100,,
2019-08-05,42.40,42.51,41.36,41.94,35172900,,
2019-08-06,42.67,43.19,41.69,42.62,26857000,,
2019-08-07,42.01,42.95,40.70,41.75,35604600,,
2019-08-08,42.09,42.76,41.67,42.63,18567500,,
2019-08-09,42.04,42.24,40.87,41.52,22900300,,
2019-08-12,41.05,42.40,40.97,42.13,23969200,,
2019-08-13,42.62,45.08,42.51,44.17,33040200,,
2019-08-14,42.88,43.15,41.66,42.04,24657200,,
2019-08-15,42.34,42.56,41.50,42.24,16104000,,
2019-08-16,42.64,43.88,42.55,43.55,17914100,,
2019-08-19,44.67,45.37,44.34,45.01,22613400,,
2019-08-20,44.85,44.97,44.04,44.23,13191000,,
2019-08-21,44.81,45.00,43.90,44.17,14973800,,
2019-08-22,44.50,45.45,44.05,44.78,20599000,,
2019-08-23,43.89,44.97,42.66,42.96,27519900,,
2019-08-26,43.74,43.77,43.16,43.43,12282800,,
2019-08-27,43.71,43.80,42.35,42.44,19122100,,
2019-08-28,42.10,43.26,41.76,43.15,11545700,,
2019-08-29,43.99,45.22,43.91,44.67,18674100,,
2019-08-30,45.12,45.93,45.05,45.27,16391500,,
2019-09-03,44.60,45.33,44.44,44.99,17108100,,
2019-09-04,46.45,47.50,46.40,46.81,26978100,,
2019-09-05,47.90,49.64,47.89,49.03,33075500,,
2019-09-06,48.86,49.50,48.70,48.97,19565700,,
2019-09-09,49.54,50.00,48.86,49.13,19474400,,
2019-09-10,49.37,49.94,48.50,49.39,23111300,,
2019-09-11,50.02,51.39,49.84,50.48,31012900,,
2019-09-12,50.80,51.12,50.10,50.44,19671300,,
2019-09-13,50.51,50.95,50.06,50.50,14733000,,
2019-09-16,49.53,50.24,49.02,50.15,17495300,,
2019-09-17,50.18,50.91,49.93,50.84,13776500,,
2019-09-18,51.00,51.17,49.69,50.48,15247100,,
2019-09-19,51.17,51.30,49.75,49.82,16633600,,
2019-09-20,50.34,50.45,48.77,49.16,23195000,,
2019-09-23,49.54,50.19,49.48,49.60,16198500,,
2019-09-24,49.74,49.90,48.05,48.51,24959000,,
2019-09-25,48.47,49.70,47.86,49.47,23571800,,
2019-09-26,49.38,49.74,48.13,48.60,33341000,,
2019-09-27,45.90,45.92,42.91,43.21,75941400,,
2019-09-30,43.00,43.47,42.58,42.85,31423100,,
2019-10-01,43.10,43.34,41.75,42.30,28087300,,
2019-10-02,41.82,42.67,41.76,41.98,26408500,,
2019-10-03,42.00,43.49,41.76,43.46,23627100,,
2019-10-04,43.71,44.62,43.29,44.55,21860000,,
2019-10-07,44.30,44.73,44.06,44.16,14911600,,
2019-10-08,43.60,43.84,42.62,42.64,20664600,,
2019-10-09,43.18,43.38,42.83,42.88,12784000,,
2019-10-10,42.87,43.79,42.61,43.28,15572600,,
2019-10-11,44.39,45.82,44.28,45.10,27483700,,
2019-10-14,44.96,45.33,44.80,44.86,12443300,,
2019-10-15,45.21,46.55,45.04,46.46,17767700,,
2019-10-16,45.99,46.55,45.08,45.16,16646900,,
2019-10-17,45.77,46.12,45.28,45.50,11718700,,
2019-10-18,44.83,44.98,43.23,43.47,26215300,,
2019-10-21,43.96,45.30,43.92,45.22,15473700,,
2019-10-22,45.30,45.70,44.62,44.66,13802400,,
2019-10-23,44.05,44.82,43.95,44.66,13959200,,
2019-10-24,45.90,47.16,45.58,47.10,25760200,,
2019-10-25,47.28,48.27,46.92,48.03,19855300,,
2019-10-28,48.50,48.75,48.23,48.69,15240000,,
2019-10-29,48.80,49.17,48.06,48.11,12183600,,
2019-10-30,48.22,48.34,47.26,47.88,12932800,,
2019-10-31,47.28,47.88,46.46,47.55,15445800,,
2019-11-01,47.48,48.54,47.25,48.38,18311700,,
2019-11-04,49.39,49.90,49.25,49.59,16021500,,
2019-11-05,49.62,49.72,48.61,48.68,13682600,,
2019-11-06,48.15,48.30,47.11,47.68,21803600,,
2019-11-07,48.52,49.08,48.00,48.40,19253600,,
2019-11-08,47.56,48.01,46.95,47.19,18518800,,
2019-11-11,46.72,46.74,45.85,46.26,14635900,,
2019-11-12,46.80,47.68,46.68,46.90,15170700,,
2019-11-13,46.50,46.55,45.81,46.30,15423600,,
2019-11-14,46.12,46.83,45.77,46.80,11797400,,
2019-11-15,47.60,48.52,47.34,47.71,17859200,,
2019-11-18,47.95,48.41,47.47,47.82,12631200,,
2019-11-19,48.11,48.18,46.28,46.58,18384000,,
2019-11-20,46.15,46.50,45.23,45.57,24660700,,
2019-11-21,45.30,46.18,45.04,45.55,14192900,,
2019-11-22,45.93,46.38,45.75,45.87,11253700,,
2019-11-25,46.10,47.55,45.94,47.52,18803600,,
2019-11-26,47.65,47.67,46.54,46.72,12849300,,
2019-11-27,47.35,48.27,47.11,48.16,15409400,,
2019-11-29,47.94,47.95,47.44,47.51,7343600,,
2019-12-02,47.57,47.95,46.35,46.39,16053800,,
2019-12-03,45.12,45.40,44.55,45.23,20321400,,
2019-12-04,46.18,46.60,45.73,46.30,16921700,,
2019-12-05,46.71,47.40,46.25,46.62,13003800,,
2019-12-06,47.44,48.33,47.32,47.93,20468100,,
2019-12-09,47.57,47.77,46.43,46.45,16540500,,
2019-12-10,47.04,47.92,46.72,47.46,19263100,,
2019-12-11,47.75,49.34,47.69,49.26,22081300,,
2019-12-12,49.36,51.33,49.32,50.97,36590800,,
2019-12-13,51.02,52.32,50.70,51.20,30039700,,
2019-12-16,52.76,54.30,52.69,52.94,38629600,,
2019-12-17,53.99,54.00,52.65,53.00,28344800,,
2019-12-18,53.00,53.72,52.37,53.04,39099100,,
2019-12-19,55.01,55.29,53.90,54.53,55792900,,
2019-12-20,54.90,55.93,54.63,55.06,44285000,,
2019-12-23,55.23,56.11,55.14,55.40,23693800,,
2019-12-24,55.45,55.64,55.04,55.42,8621900,,
2019-12-26,55.45,55.65,54.91,55.11,13537400,,
2019-12-27,55.24,55.53,53.89,54.03,17176700,,
2019-12-30,53.77,53.88,52.66,53.21,15271500,,
2019-12-31,52.91,53.90,52.78,53.78,13296400,,
2020-01-02,54.85,55.49,54.51,55.39,20173200,,
2020-01-03,54.16,55.31,54.00,54.53,16815800,,
2020-01-06,53.75,54.14,53.16,53.57,18768700,,
2020-01-07,55.38,58.40,55.36,58.27,49908200,,
2020-01-08,58.09,58.39,57.06,57.52,29730800,,
2020-01-09,58.32,58.48,56.48,57.31,22376100,,
2020-01-10,57.47,57.50,56.27,56.67,19122800,,
2020-01-13,57.01,57.78,56.86,57.45,16163000,,
2020-01-14,57.80,58.30,56.46,57.52,26454300,,
2020-01-15,57.03,57.12,55.84,56.17,21638600,,
2020-01-16,56.80,57.84,56.76,57.68,22732700,,
2020-01-17,58.02,58.12,57.01,57.66,20549200,,
2020-01-21,57.37,59.18,57.27,58.97,24821700,,
2020-01-22,59.52,60.25,58.85,59.17,22604400,,
2020-01-23,60.33,60.56,59.03,59.20,26146100,,
2020-01-24,60.00,60.02,57.24,57.76,28555300,,
2020-01-27,55.15,55.99,54.62,55.41,27310100,,
2020-01-28,56.25,56.78,55.24,56.47,18544900,,
2020-01-29,55.99,57.19,55.29,55.30,19278300,,
2020-01-30,54.18,55.07,53.22,55.03,30783800,,
2020-01-31,55.15,55.20,52.70,53.09,28550800,,
2020-02-03,53.25,54.11,53.00,53.78,20471900,,
2020-02-04,55.29,56.02,54.94,55.50,19998600,,
2020-02-05,57.02,57.26,55.82,56.77,19795300,,
2020-02-06,58.08,59.17,57.41,58.68,23358700,,
2020-02-07,57.97,58.00,56.77,56.88,20891100,,
2020-02-10,56.30,57.34,56.20,57.33,15929000,,
2020-02-11,57.88,58.84,56.33,57.25,26776900,,
2020-02-12,59.04,61.19,58.90,59.27,47180800,,
2020-02-13,59.01,60.63,58.86,59.33,23679700,,
2020-02-14,60.16,60.56,58.26,58.50,20920200,,
2020-02-18,57.07,58.04,56.62,57.75,21513200,,
2020-02-19,58.58,60.25,58.56,59.99,23335500,,
2020-02-20,59.88,59.99,57.69,59.00,20797100,,
2020-02-21,58.63,58.73,55.89,56.99,27038900,,
2020-02-24,53.31,55.46,52.61,55.01,33321100,,
2020-02-25,54.84,55.45,51.55,52.10,41894200,,
2020-02-26,52.65,54.27,51.88,52.37,28075600,,
2020-02-27,50.63,52.85,49.99,50.58,36349200,,
2020-02-28,48.65,52.92,48.39,52.56,40121300,,
2020-03-02,53.20,54.69,52.10,54.59,33272700,,
2020-03-03,54.60,55.40,51.10,51.80,36893200,,
2020-03-04,53.02,55.38,52.21,55.29,28222000,,
2020-03-05,53.45,55.61,53.34,53.72,26223000,,
2020-03-06,52.20,53.19,50.00,51.47,30313700,,
2020-03-09,45.48,48.60,44.92,45.97,31260800,,
2020-03-10,48.15,48.26,45.29,47.86,31652900,,
2020-03-11,46.20,46.32,42.85,43.72,38483800,,
2020-03-12,39.40,42.54,38.00,38.81,40117200,,
2020-03-13,41.57,43.02,38.35,42.99,35264800,,
2020-03-16,37.35,39.14,34.45,34.47,36879100,,
2020-03-17,35.49,39.13,34.02,37.38,34869000,,
2020-03-18,34.26,36.56,31.13,34.69,36519000,,
2020-03-19,34.66,37.30,33.65,36.29,31015200,,
2020-03-20,37.77,38.59,35.84,36.11,37667400,,
2020-03-23,36.99,39.47,35.69,38.25,45286000,,
2020-03-24,41.82,44.42,41.14,43.27,45588000,,
2020-03-25,43.91,44.88,40.03,42.50,54091000,,
2020-03-26,44.90,45.75,43.33,44.79,62450700,,
2020-03-27,43.25,45.28,42.31,43.48,39791500,,
2020-03-30,44.17,45.57,43.15,44.52,33763900,,
2020-03-31,44.40,45.17,41.91,42.06,36723700,,
2020-04-01,40.55,42.30,39.33,39.89,37452800,,
2020-04-02,39.79,41.59,39.52,41.09,31457700,,
2020-04-03,40.97,41.86,40.55,41.22,28522400,,
2020-04-06,43.35,46.69,43.34,46.37,37899100,,
2020-04-07,48.09,48.37,46.04,46.54,34646400,,
2020-04-08,47.08,48.69,46.80,48.29,27694400,,
2020-04-09,49.30,49.81,45.35,46.13,39799400,,
2020-04-13,44.90,46.39,44.39,46.17,30449900,,
2020-04-14,47.00,48.38,46.62,47.62,25738000,,
2020-04-15,46.40,46.66,45.64,46.43,22389400,,
2020-04-16,47.02,47.20,44.66,45.53,26589000,,
2020-04-17,46.78,46.89,44.85,45.70,23388300,,
2020-04-20,44.52,45.08,43.30,43.40,30463300,,
2020-04-21,43.00,43.07,41.19,41.41,32482200,,
2020-04-22,43.11,44.20,42.75,43.91,21346600,,
2020-04-23,43.82,44.72,43.42,43.77,22273100,,
2020-04-24,43.80,44.32,42.98,44.16,16581800,,
2020-04-27,45.00,45.39,44.58,45.28,16667200,,
2020-04-28,46.21,47.69,45.28,45.31,25234900,,
2020-04-29,46.58,50.14,46.33,49.83,35743000,,
2020-04-30,49.48,49.58,47.37,47.89,28585400,,
2020-05-01,46.36,46.92,44.52,45.06,28194000,,
2020-05-04,44.19,44.69,43.61,44.46,21377100,,
2020-05-05,45.45,46.95,45.11,45.41,21007500,,
2020-05-06,46.07,47.12,45.92,46.08,22011900,,
2020-05-07,47.12,47.50,46.34,46.59,16372100,,
2020-05-08,47.29,48.46,47.29,48.25,17437100,,
2020-05-11,47.74,48.73,47.44,48.20,17353500,,
2020-05-12,48.52,48.56,45.64,45.69,26738900,,
2020-05-13,45.87,45.88,42.95,43.53,35117500,,
2020-05-14,43.06,45.78,42.51,45.73,27543500,,
2020-05-15,43.28,44.78,43.24,44.41,28803900,,
2020-05-18,45.83,46.15,44.95,45.92,20307800,,
2020-05-19,45.78,46.23,45.02,45.12,17389500,,
2020-05-20,46.51,47.04,46.09,46.64,17876500,,
2020-05-21,46.50,46.57,44.76,45.22,17445300,,
2020-05-22,45.15,45.31,44.24,44.94,13385400,,
2020-05-26,46.22,46.69,45.45,45.80,24303900,,
2020-05-27,45.95,49.58,43.90,49.45,56071500,,
2020-05-28,48.70,48.79,46.07,46.47,38289300,,
2020-05-29,46.62,48.02,46.21,47.91,26337000,,
2020-06-01,47.49,47.67,46.32,46.34,21809100,,
2020-06-02,46.49,46.85,45.57,46.82,23035600,,
2020-06-03,48.04,49.42,47.45,48.92,34662100,,
2020-06-04,48.86,51.98,48.60,51.22,34830800,,
2020-06-05,52.66,54.82,52.59,53.72,34110700,,
2020-06-08,54.50,54.64,52.23,53.70,22850600,,
2020-06-09,52.65,53.50,52.45,53.15,17840800,,
2020-06-10,52.92,53.30,51.57,52.47,18766700,,
2020-06-11,50.42,51.09,48.20,48.52,29897600,,
2020-06-12,50.29,50.48,47.36,48.69,24293600,,
2020-06-15,47.36,49.73,47.10,49.24,18092300,,
2020-06-16,51.16,52.15,49.86,51.02,20987200,,
2020-06-17,51.30,51.51,50.54,50.96,13905100,,
2020-06-18,50.50,51.04,50.02,50.48,13220200,,
2020-06-19,51.16,52.75,50.75,50.83,28081500,,
2020-06-22,51.10,51.40,50.24,51.15,15952200,,
2020-06-23,50.69,50.89,49.57,49.84,23194200,,
2020-06-24,49.65,50.10,48.02,48.29,19346500,,
2020-06-25,48.24,49.31,47.28,49.19,14971900,,
2020-06-26,49.15,49.35,48.14,48.49,16929700,,
2020-06-29,48.69,49.15,47.58,49.15,24666200,,
2020-06-30,51.78,52.47,50.97,51.52,47852100,,
2020-07-01,51.52,51.56,49.61,49.70,25218400,,
2020-07-02,50.50,50.75,49.48,49.83,18562400,,
2020-07-06,50.75,51.43,50.48,50.92,16321000,,
2020-07-07,50.52,50.59,49.01,49.09,19797900,,
2020-07-08,49.56,49.75,48.96,49.71,15311900,,
2020-07-09,49.85,50.39,48.73,49.98,18510800,,
2020-07-10,50.01,50.71,49.40,50.70,18128700,,
2020-07-13,51.31,52.28,49.38,49.46,23296400,,
2020-07-14,49.08,49.79,47.95,49.71,17455200,,
2020-07-15,50.21,50.65,49.41,50.51,15911400,,
2020-07-16,49.82,50.29,49.23,50.10,14014000,,
2020-07-17,50.31,50.43,49.28,49.47,15003800,,
2020-07-20,49.66,51.32,49.54,51.21,17604200,,
2020-07-21,51.62,52.66,51.23,51.52,16650200,,
2020-07-22,51.58,51.77,51.02,51.65,11412600,,
2020-07-23,51.74,54.20,51.57,52.64,33399900,,
2020-07-24,51.28,51.28,49.65,50.02,25348000,,
2020-07-27,50.60,51.71,50.49,51.59,15991700,,
2020-07-28,51.26,51.27,50.04,50.09,15614400,,
2020-07-29,50.39,50.63,49.78,50.39,14714800,,
2020-07-30,49.74,50.75,49.11,50.74,17644300,,
2020-07-31,50.62,50.70,49.26,50.06,17433200,,
2020-08-03,50.39,50.62,50.02,50.39,15143500,,
2020-08-04,50.35,51.48,50.29,51.30,15753100,,
2020-08-05,51.09,51.28,50.63,51.05,13198600,,
2020-08-06,50.00,50.03,48.32,48.70,32204700,,
2020-08-07,48.69,49.18,48.05,48.75,13637300,,
2020-08-10,48.85,49.67,48.27,49.15,15881500,,
2020-08-11,49.01,49.74,47.63,47.76,21532800,,
2020-08-12,48.38,48.73,47.66,48.48,17176600,,
2020-08-13,47.16,47.23,45.93,46.14,41051700,,
2020-08-14,45.60,46.08,45.30,45.60,18167300,,
2020-08-17,45.90,45.94,44.74,45.22,17303800,,
2020-08-18,45.06,45.16,44.05,44.40,20118100,,
2020-08-19,44.30,44.70,43.85,44.05,19455500,,
2020-08-20,42.68,43.66,42.25,42.99,22445400,,
2020-08-21,42.85,43.06,42.40,42.66,15476700,,
2020-08-24,43.12,43.82,42.89,43.76,14972200,,
2020-08-25,44.88,45.54,44.60,45.10,21524900,,
2020-08-26,45.60,45.82,44.69,44.96,15328900,,
2020-08-27,44.55,44.83,43.67,44.62,13777000,,
2020-08-28,44.62,45.79,44.41,45.69,13459100,,
2020-08-31,45.35,45.82,45.14,45.51,13241800,,
2020-09-01,45.53,45.79,45.06,45.76,14079800,,
2020-09-02,46.43,48.19,46.28,47.83,24636200,,
2020-09-03,47.76,47.83,45.85,46.33,20632800,,
2020-09-04,46.19,46.95,44.89,46.48,20608500,,
2020-09-08,44.99,46.23,44.53,45.03,20893600,,
2020-09-09,45.88,45.88,44.45,45.15,17529100,,
2020-09-10,45.47,45.95,44.69,44.87,13744700,,
2020-09-11,45.23,46.48,44.96,46.09,18365500,,
2020-09-14,48.35,49.59,48.30,49.03,26715400,,
2020-09-15,49.37,49.66,48.70,49.05,14456000,,
2020-09-16,49.11,51.22,48.96,50.21,23542200,,
2020-09-17,49.16,51.29,48.81,50.98,20556900,,
2020-09-18,51.50,52.17,49.97,50.74,25549000,,
2020-09-21,49.61,49.78,47.89,49.15,21257500,,
2020-09-22,49.27,49.78,48.78,49.70,10845300,,
2020-09-23,51.01,51.61,49.64,49.85,19160000,,
2020-09-24,49.52,50.36,49.09,49.47,13842300,,
2020-09-25,49.57,49.60,47.78,49.14,17773000,,
2020-09-28,49.64,49.77,48.13,49.72,18904000,,
2020-09-29,49.71,51.38,49.59,50.71,35676600,,
2020-09-30,48.95,49.27,46.83,46.96,55392600,,
2020-10-01,47.10,48.18,47.05,47.92,24460000,,
2020-10-02,46.86,47.52,46.50,46.55,20277500,,
2020-10-05,46.99,47.73,46.98,47.60,16933700,,
2020-10-06,47.55,48.83,47.22,47.32,17926200,,
2020-10-07,48.42,49.00,48.32,48.41,13889300,,
2020-10-08,48.99,50.00,48.22,49.90,14569700,,
2020-10-09,50.24,50.60,49.31,49.89,13933700,,
2020-10-12,50.58,50.84,50.08,50.68,13108800,,
2020-10-13,51.89,52.75,51.64,51.85,22179400,,
2020-10-14,52.01,52.25,51.35,51.63,15899400,,
2020-10-15,50.76,51.97,50.32,51.94,14000600,,
2020-10-16,52.15,52.55,51.58,51.61,14225400,,
2020-10-19,51.97,54.00,51.30,52.63,24176200,,
2020-10-20,53.14,54.20,52.75,53.53,17343400,,
2020-10-21,53.30,53.96,53.18,53.31,12922200,,
2020-10-22,53.29,54.85,53.08,54.38,14842600,,
2020-10-23,54.09,54.12,52.38,52.85,16175700,,
2020-10-26,52.40,52.89,51.40,52.14,11678900,,
2020-10-27,52.03,52.32,51.54,51.96,8964800,,
2020-10-28,50.75,50.85,49.57,50.00,15463700,,
2020-10-29,49.71,50.91,49.38,50.48,12420700,,
2020-10-30,50.01,50.43,49.30,50.34,15955700,,
2020-11-02,50.79,50.79,49.44,49.71,13103200,,
2020-11-03,50.13,51.59,50.01,51.08,11429500,,
2020-11-04,51.73,52.50,50.93,51.96,13554400,,
2020-11-05,52.88,54.78,52.78,54.58,16373600,,
2020-11-06,54.46,55.41,54.33,55.16,13922600,,
2020-11-09,56.47,57.83,55.87,55.96,20968500,,
2020-11-10,55.13,55.94,54.36,55.41,14502100,,
2020-11-11,55.97,56.94,55.85,56.36,14765500,,
2020-11-12,56.60,56.97,55.89,56.25,13785600,,
2020-11-13,56.79,58.19,56.75,57.93,14318800,,
2020-11-16,59.72,61.91,59.61,61.86,31397200,,
2020-11-17,61.00,62.20,60.30,61.99,17703600,,
2020-11-18,61.50,62.04,60.63,60.74,18734500,,
2020-11-19,60.04,61.97,59.65,61.83,12723600,,
2020-11-20,61.48,62.64,61.35,61.40,14115700,,
2020-11-23,62.61,64.50,62.30,64.18,20612600,,
2020-11-24,64.29,64.29,62.89,63.95,22625600,,
2020-11-25,63.66,64.00,62.61,63.43,12468500,,
2020-11-27,63.83,64.80,63.51,64.23,7500200,,
2020-11-30,64.56,65.25,63.58,64.09,20373500,,
2020-12-01,65.25,68.63,65.14,67.08,36160400,,
2020-12-02,67.61,69.39,66.76,69.11,23298900,,
2020-12-03,70.57,71.12,69.55,69.90,20462300,,
2020-12-04,71.11,74.38,70.54,73.34,31860800,,
2020-12-07,73.29,73.40,71.48,72.61,17460600,,
2020-12-08,72.00,73.55,71.98,73.19,15431100,,
2020-12-09,73.15,74.61,70.78,71.41,18367300,,
2020-12-10,70.14,71.95,69.67,71.28,15610600,,
2020-12-11,70.38,71.32,69.40,70.53,15322000,,
2020-12-14,71.40,72.20,71.03,71.54,13573700,,
2020-12-15,72.81,73.37,72.33,73.15,11538300,,
2020-12-16,74.19,74.35,72.63,72.99,13889300,,
2020-12-17,73.59,73.74,71.76,72.26,11988100,,
2020-12-18,72.70,73.45,71.06,71.46,23912500,,
2020-12-21,70.00,71.70,69.65,71.47,13180400,,
2020-12-22,71.51,71.78,69.76,70.44,11154200,,
2020-12-23,70.47,71.06,69.89,69.95,8524000,,
2020-12-24,70.31,70.64,69.76,70.58,4848500,,
2020-12-28,71.79,72.11,70.47,70.66,8345200,,
2020-12-29,71.00,71.40,69.14,70.21,9403400,,
2020-12-30,70.42,72.65,70.37,71.92,11620300,,
2020-12-31,72.39,75.68,72.37,75.18,23214500,,
2021-01-04,76.48,78.61,73.75,74.05,31155900,,
2021-01-05,76.44,78.69,76.03,77.26,33418200,,
2021-01-06,76.36,78.45,76.10,77.11,22390900,,
2021-01-07,78.06,80.08,78.05,79.11,27945300,,
2021-01-08,82.54,84.16,77.07,77.42,51272100,,
2021-01-11,76.59,79.79,76.42,78.67,19920800,,
2021-01-12,79.19,79.62,77.82,79.46,18231000,,
2021-01-13,78.95,80.39,78.55,79.91,15067700,,
2021-01-14,80.01,82.21,79.55,81.30,17639300,,
2021-01-15,80.92,81.88,79.53,80.72,14322600,,
2021-01-19,81.28,85.68,80.96,85.50,26602500,,
2021-01-20,85.93,87.25,83.23,83.50,21191700,,
2021-01-21,84.00,85.10,82.51,85.01,14696200,,
2021-01-22,84.08,84.95,82.23,82.28,14229500,,
2021-01-25,83.19,83.50,78.89,81.28,19283400,,
2021-01-26,81.79,81.98,79.01,79.51,13678000,,
2021-01-27,77.33,77.59,74.33,75.09,23513400,,
2021-01-28,77.20,80.18,76.72,78.39,18351400,,
2021-01-29,78.36,79.37,76.95,78.27,17934400,,
2021-02-01,79.59,81.09,78.48,80.43,14900200,,
2021-02-02,81.26,81.74,79.92,81.62,11386200,,
2021-02-03,81.85,82.53,78.97,79.11,17456000,,
2021-02-04,79.15,81.34,78.96,81.25,11519700,,
2021-02-05,81.77,82.02,80.72,81.10,10958000,,
2021-02-08,81.75,84.06,81.64,84.01,12394800,,
2021-02-09,83.35,84.00,82.40,83.32,10362500,,
2021-02-10,84.00,84.44,81.30,82.35,9869200,,
2021-02-11,84.40,86.64,84.00,86.48,18750400,,
2021-02-12,86.11,88.32,85.46,88.01,14273900,,
2021-02-16,89.22,89.22,87.05,87.74,10312800,,
2021-02-17,86.69,87.32,84.90,86.05,10033500,,
2021-02-18,86.52,88.73,85.96,88.54,19168100,,
2021-02-19,90.25,91.49,88.81,90.96,21886500,,
2021-02-22,89.53,90.52,85.92,86.28,16077000,,
2021-02-23,85.24,89.20,82.44,88.23,23203200,,
2021-02-24,88.30,92.60,87.73,92.52,21281700,,
2021-02-25,91.52,93.10,87.58,88.12,22546200,,
2021-02-26,89.74,92.94,88.23,91.53,22787600,,
2021-03-01,94.54,95.75,92.57,94.76,19908900,,
2021-03-02,93.57,94.90,90.90,91.09,18679600,,
2021-03-03,90.57,93.33,88.39,89.11,26424100,,
2021-03-04,88.81,89.75,81.85,84.33,31971100,,
2021-03-05,87.53,89.32,83.30,88.93,30329100,,
2021-03-08,88.57,89.72,84.87,85.05,22708300,,
2021-03-09,88.00,90.18,86.30,89.30,22301400,,
2021-03-10,90.01,90.01,85.31,85.41,23407800,,
2021-03-11,87.59,90.22,86.85,89.31,20716500,,
2021-03-12,87.57,88.53,86.43,87.77,21916400,,
2021-03-15,87.77,88.91,86.14,88.85,16144400,,
2021-03-16,90.75,94.68,90.11,91.43,28539000,,
2021-03-17,91.33,95.49,90.10,94.76,24616700,,
2021-03-18,92.97,93.48,89.41,89.82,27081000,,
2021-03-19,90.36,92.68,88.89,90.51,24963400,,
2021-03-22,91.83,92.42,89.65,91.28,19365800,,
2021-03-23,91.02,91.27,84.97,85.40,32043800,,
2021-03-24,87.06,87.15,82.92,83.00,24232800,,
2021-03-25,81.14,84.43,80.49,84.09,23630200,,
2021-03-26,84.16,88.14,84.03,87.99,23949100,,
2021-03-29,87.76,88.25,85.77,86.59,21772800,,
2021-03-30,86.26,87.22,85.25,86.54,13897000,,
2021-03-31,87.44,89.08,86.71,88.21,25372300,,
2021-04-01,93.00,94.38,91.25,92.41,39700600,,
2021-04-05,93.93,94.67,92.47,93.75,19795100,,
2021-04-06,93.84,96.10,92.66,93.49,22847000,,
2021-04-07,94.25,95.07,92.54,93.96,17621500,,
2021-04-08,95.00,96.39,93.78,95.29,17815600,,
2021-04-09,94.34,95.38,93.31,95.30,14080200,,
2021-04-12,95.19,96.96,94.75,95.59,18818300,,
2021-04-13,96.29,96.82,91.40,92.15,27102100,,
2021-04-14,91.66,92.53,89.51,90.67,19117400,,
2021-04-15,91.75,91.96,89.45,90.27,16017000,,
2021-04-16,90.44,91.33,90.08,90.66,12358700,,
2021-04-19,90.67,90.68,86.52,88.41,21361600,,
2021-04-20,88.38,88.95,86.53,87.48,17396900,,
2021-04-21,87.06,89.56,86.33,89.49,14781300,,
2021-04-22,88.20,88.36,83.90,84.71,34044100,,
2021-04-23,85.24,86.46,84.57,86.03,18118600,,
2021-04-26,86.47,88.30,86.11,87.84,14757700,,
2021-04-27,89.33,90.19,88.03,89.46,17681000,,
2021-04-28,87.66,87.76,85.35,86.03,19433500,,
2021-04-29,87.72,88.09,85.55,88.06,16463300,,
2021-04-30,86.93,88.48,85.56,86.07,14548100,,
2021-05-03,86.97,87.01,83.87,85.02,16300400,,
2021-05-04,84.14,85.44,82.03,84.41,17850500,,
2021-05-05,85.49,85.95,84.03,85.15,13172100,,
2021-05-06,84.87,85.12,83.28,84.80,13716900,,
2021-05-07,85.91,86.32,84.99,85.98,12746100,,
2021-05-10,84.95,85.00,80.80,80.85,24862900,,
2021-05-11,77.27,80.76,76.82,80.68,23227800,,
2021-05-12,79.14,79.97,76.41,76.80,23472600,,
2021-05-13,77.97,78.86,76.53,77.19,20153800,,
2021-05-14,78.79,80.15,77.08,79.70,18241100,,
2021-05-17,79.10,80.42,77.72,80.39,15011500,,
2021-05-18,80.55,80.92,78.80,78.88,20893800,,
2021-05-19,77.21,80.27,76.16,79.93,27300000,,
2021-05-20,80.50,81.49,79.52,81.13,17123000,,
2021-05-21,81.77,81.99,80.37,80.72,13076900,,
2021-05-24,81.42,83.62,81.36,82.90,15730400,,
2021-05-25,83.57,83.71,79.71,81.23,26272100,,
2021-05-26,81.58,82.44,81.02,82.24,12609800,,
2021-05-27,82.46,84.75,82.33,83.93,22286500,,
2021-05-28,84.22,84.73,83.22,84.14,11330300,,
2021-06-01,84.92,85.76,83.62,84.15,11067200,,
2021-06-02,84.39,84.82,83.45,84.34,10314200,,
2021-06-03,83.68,84.07,81.89,82.03,14742100,,
2021-06-04,82.97,84.37,82.85,83.76,12591100,,
2021-06-07,83.19,84.23,82.65,84.04,9006400,,
2021-06-08,84.97,84.98,80.01,80.53,29666500,,
2021-06-09,80.17,80.56,78.52,78.66,21434900,,
2021-06-10,79.40,80.84,78.53,79.28,22683300,,
2021-06-11,80.07,80.76,79.21,79.34,12675700,,
2021-06-14,79.50,80.94,79.37,80.49,14303000,,
2021-06-15,80.64,82.91,79.92,82.18,22308600,,
2021-06-16,82.73,83.11,80.12,80.49,18116400,,
2021-06-17,79.70,81.44,79.36,80.64,16003900,,
2021-06-18,78.90,79.28,76.13,76.95,39881500,,
2021-06-21,76.85,77.29,75.71,77.07,19810100,,
2021-06-22,77.61,78.28,77.05,77.66,16771800,,
2021-06-23,78.10,79.87,78.07,79.02,16662200,,
2021-06-24,80.43,80.90,79.92,80.58,15721000,,
2021-06-25,81.57,82.84,81.09,82.03,19603800,,
2021-06-28,82.63,83.60,82.16,83.38,18365500,,
2021-06-29,83.54,83.84,81.87,82.93,18530800,,
2021-06-30,84.85,85.40,83.43,84.98,40670800,,
2021-07-01,82.24,82.25,79.91,80.11,53299000,,
2021-07-02,80.61,80.89,78.89,80.33,22685500,,
2021-07-06,80.79,81.54,79.76,81.08,21126500,,
2021-07-07,81.69,81.81,77.95,78.22,23026900,,
2021-07-08,76.25,77.88,75.96,77.11,23114500,,
2021-07-09,77.41,78.95,76.73,78.74,15441100,,
2021-07-12,78.75,79.73,77.71,79.56,12639300,,
2021-07-13,79.28,79.50,78.10,78.45,14263400,,
2021-07-14,79.35,80.76,78.32,78.49,15952300,,
2021-07-15,78.34,78.46,76.34,76.92,16616800,,
2021-07-16,77.16,77.61,74.84,75.01,19132100,,
2021-07-19,73.84,74.68,73.20,74.58,23436900,,
2021-07-20,74.66,75.92,73.77,75.39,14855800,,
2021-07-21,75.35,77.24,75.34,77.19,15945800,,
2021-07-22,76.23,76.25,74.46,75.53,19042200,,
2021-07-23,75.93,76.04,74.90,75.94,12345200,,
2021-07-26,75.81,77.48,75.51,76.30,12023900,,
2021-07-27,74.79,74.79,72.51,74.22,23940500,,
2021-07-28,74.55,76.01,74.38,75.55,14348300,,
2021-07-29,76.08,77.12,75.95,77.08,14529400,,
2021-07-30,76.13,78.11,76.06,77.58,12528900,,
2021-08-02,79.04,79.49,77.47,77.64,14904200,,
2021-08-03,78.87,81.07,77.94,80.86,25807600,,
2021-08-04,80.45,83.09,79.54,81.98,29176900,,
2021-08-05,82.14,83.07,81.16,81.49,14821000,,
2021-08-06,81.20,82.88,81.05,82.00,14612600,,
2021-08-09,81.73,82.04,80.08,80.21,13363300,,
2021-08-10,79.82,79.82,75.77,75.91,40705000,,
2021-08-11,76.04,76.05,73.72,75.03,31624900,,
2021-08-12,72.18,72.20,68.81,70.25,72492400,,
2021-08-13,70.05,71.24,69.88,70.92,25301400,,
2021-08-16,70.20,71.76,69.92,70.93,18135900,,
2021-08-17,70.17,71.45,69.61,70.78,17545800,,
2021-08-18,71.25,71.88,70.58,70.62,14004300,,
2021-08-19,70.14,70.82,69.04,70.28,18022600,,
2021-08-20,70.14,71.03,69.58,70.23,14603100,,
2021-08-23,70.84,71.88,68.90,71.74,22265000,,
2021-08-24,72.14,72.69,71.69,71.98,18092700,,
2021-08-25,72.79,77.03,72.18,74.04,36552100,,
2021-08-26,73.23,73.24,71.70,72.77,20315100,,
2021-08-27,72.46,74.15,72.15,74.00,14994200,,
2021-08-30,74.12,74.75,72.83,73.16,12810700,,
2021-08-31,73.68,74.62,73.32,73.70,14807400,,
2021-09-01,74.32,74.32,73.02,73.72,14007100,,
2021-09-02,73.21,74.01,72.31,73.99,14803300,,
2021-09-03,74.00,74.72,73.60,73.81,9222500,,
2021-09-07,73.76,74.49,73.16,73.64,12028400,,
2021-09-08,73.20,73.24,71.11,72.27,17375500,,
2021-09-09,71.63,73.27,71.42,72.87,14638100,,
2021-09-10,73.77,75.63,73.46,73.50,18240600,,
2021-09-13,74.56,75.22,73.52,74.35,15796700,,
2021-09-14,73.79,74.12,72.91,73.49,13945100,,
2021-09-15,72.95,73.93,71.76,73.82,15258800,,
2021-09-16,73.30,74.96,72.78,74.63,12867700,,
2021-09-17,74.41,74.50,73.32,74.30,20449600,,
2021-09-20,72.60,72.76,71.19,72.37,23228300,,
2021-09-21,72.92,73.13,71.66,72.14,16026800,,
2021-09-22,73.04,74.58,72.64,73.97,16996100,,
2021-09-23,73.61,74.79,73.25,74.04,17304500,,
2021-09-24,73.30,74.50,73.07,74.05,14804300,,
2021-09-27,73.65,75.88,73.51,75.18,18435200,,
2021-09-28,74.50,74.99,73.06,73.10,27311500,,
2021-09-29,71.16,73.32,70.22,71.64,38169200,,
2021-09-30,72.20,72.60,70.86,70.98,16923300,0.1,
2021-10-01,71.34,71.57,70.10,70.99,17813800,,
2021-10-04,70.60,71.57,70.36,70.62,19525700,,
2021-10-05,71.21,71.21,69.61,70.50,14512100,,
2021-10-06,69.80,70.38,69.03,69.94,17899300,,
2021-10-07,70.40,71.67,70.12,70.54,15236100,,
2021-10-08,70.93,70.94,69.70,70.12,13666200,,
2021-10-11,69.90,70.36,69.18,69.22,12700200,,
2021-10-12,69.39,69.43,65.67,66.72,36911700,,
2021-10-13,66.74,67.42,66.23,66.38,17532400,,
2021-10-14,67.28,68.08,66.81,67.80,15541600,,
2021-10-15,68.09,68.46,67.48,67.68,11786100,,
2021-10-18,67.01,67.63,66.29,67.26,11849300,,
2021-10-19,67.37,67.89,66.64,67.57,16930300,,
2021-10-20,67.20,69.20,67.01,68.27,19457800,,
2021-10-21,67.95,68.70,67.67,68.64,11140700,,
2021-10-22,68.51,69.09,67.08,67.51,17892100,,
2021-10-25,69.62,71.12,68.54,68.76,23341300,,
2021-10-26,69.37,69.82,68.47,68.94,14267900,,
2021-10-27,68.52,68.69,67.45,68.24,13541900,,
2021-10-28,69.29,70.35,69.18,69.58,16966000,,
2021-10-29,68.39,69.55,68.04,69.10,11440900,,
2021-11-01,68.97,70.97,68.94,70.70,11988400,,
2021-11-02,70.49,70.85,70.04,70.76,9761100,,
2021-11-03,70.72,71.33,70.26,71.25,10266900,,
2021-11-04,72.37,72.48,71.04,72.24,15936600,,
2021-11-05,73.00,73.74,72.36,72.92,13019300,,
2021-11-08,73.32,75.03,73.12,74.56,18742300,,
2021-11-09,75.10,76.27,74.56,75.59,20127300,,
2021-11-10,74.16,75.15,73.20,73.41,15228300,,
2021-11-11,74.02,74.96,73.62,74.55,12192600,,
2021-11-12,75.02,78.02,74.95,77.30,26553200,,
2021-11-15,77.76,78.28,76.60,76.78,12650700,,
2021-11-16,76.56,77.15,75.78,76.81,11807600,,
2021-11-17,76.48,76.57,75.19,75.46,11600500,,
2021-11-18,76.90,77.50,75.75,77.02,16848200,,
2021-11-19,78.93,83.86,78.93,83.03,47216100,,
2021-11-22,83.66,87.67,83.66,83.86,34775200,,
2021-11-23,85.04,87.71,84.33,85.41,31823300,,
2021-11-24,84.75,87.16,84.61,86.21,21666100,,
2021-11-26,83.13,84.05,81.98,83.42,16487200,,
2021-11-29,84.38,86.27,84.16,86.14,18889800,,
2021-11-30,85.58,86.92,83.95,84.00,27301000,,
2021-12-01,86.55,89.05,85.00,85.15,31633400,,
2021-12-02,82.63,83.59,81.35,82.88,22994500,,
2021-12-03,83.71,84.43,80.64,81.62,19167200,,
2021-12-06,81.83,83.23,80.53,82.45,15094900,,
2021-12-07,84.42,87.04,84.33,85.83,21716900,,
2021-12-08,85.44,86.34,84.03,86.02,12908500,,
2021-12-09,85.30,86.54,84.63,84.93,11964300,,
2021-12-10,84.34,85.68,84.13,85.54,11955900,,
2021-12-13,86.61,87.38,84.20,84.35,13054400,,
2021-12-14,83.22,84.77,82.91,83.29,12082500,,
2021-12-15,83.48,85.79,82.06,85.66,13971500,,
2021-12-16,85.88,86.32,82.13,82.69,16503200,,
2021-12-17,81.62,83.29,80.94,83.00,23165900,,
2021-12-20,82.14,83.25,80.91,82.03,22346800,,
2021-12-21,88.99,91.14,87.35,90.68,58363600,,
2021-12-22,90.00,90.48,88.92,90.34,18593900,,
2021-12-23,90.70,95.00,90.35,94.42,36400100,,
2021-12-27,93.72,94.93,92.73,94.43,17110100,,
2021-12-28,93.75,93.89,92.06,92.94,13683800,,
2021-12-29,94.00,96.75,93.91,96.17,32234600,,
2021-12-30,94.40,95.51,93.43,93.89,19327800,,
2021-12-31,94.00,94.42,93.03,93.15,13660600,0.1,
2022-01-03,93.91,95.84,93.48,95.75,18705500,,
2022-01-04,95.60,96.59,93.54,96.34,19725000,,
2022-01-05,95.38,98.45,94.35,94.40,28613100,,
2022-01-06,95.10,96.71,94.12,95.65,22320300,,
2022-01-07,96.09,97.19,93.94,94.45,14857900,,
2022-01-10,94.26,95.67,91.04,93.89,20290000,,
2022-01-11,92.46,94.27,91.65,94.20,14924900,,
2022-01-12,95.16,96.23,93.78,95.11,13339200,,
2022-01-13,96.50,98.11,95.30,95.62,23679800,,
2022-01-14,94.44,97.43,94.40,97.36,18385000,,
2022-01-18,95.53,95.95,92.54,92.87,19900500,,
2022-01-19,93.72,94.78,89.77,90.00,19043800,,
2022-01-20,90.28,90.33,84.93,85.07,24701300,,
2022-01-21,84.22,85.14,81.52,81.93,29716300,,
2022-01-24,80.27,83.04,77.64,82.95,29757100,,
2022-01-25,80.92,82.42,79.65,80.72,22128400,,
2022-01-26,83.25,84.79,80.61,81.97,21018700,,
2022-01-27,83.51,83.70,78.39,78.72,22694000,,
2022-01-28,77.37,79.28,75.52,79.27,24434600,,
2022-01-31,78.96,82.31,78.02,82.27,21898200,,
2022-02-01,82.20,82.39,80.42,81.45,15237400,,
2022-02-02,82.92,84.70,82.54,84.51,19862800,,
2022-02-03,82.67,85.18,81.71,81.97,19598200,,
2022-02-04,81.22,82.19,79.84,81.17,15657500,,
2022-02-07,81.36,82.04,80.48,80.87,11799800,,
2022-02-08,81.15,84.40,81.00,84.12,18315700,,
2022-02-09,84.60,88.78,83.56,88.12,22386900,,
2022-02-10,89.19,94.64,88.48,91.02,33820700,,
2022-02-11,91.28,94.58,88.95,89.76,31000000,,
2022-02-14,91.99,93.17,88.71,89.86,23499100,,
2022-02-15,91.01,96.50,91.01,96.00,27069700,,
2022-02-16,94.44,96.49,93.57,96.06,15573600,,
2022-02-17,95.04,96.00,93.49,93.73,17943300,,
2022-02-18,94.53,94.68,88.90,90.80,19530500,,
2022-02-22,89.84,93.97,88.67,90.57,24825700,,
2022-02-23,91.47,91.87,87.07,87.31,19135400,,
2022-02-24,84.13,88.94,83.79,88.83,24472300,,
2022-02-25,87.96,90.48,87.28,90.10,15008700,,
2022-02-28,88.45,89.75,87.16,88.86,17269800,,
2022-03-01,88.56,89.84,84.66,86.26,20794800,,
2022-03-02,87.17,94.07,87.03,93.30,28398700,,
2022-03-03,91.62,92.19,88.39,89.18,22099800,,
2022-03-04,87.42,87.42,80.52,81.91,28211500,,
2022-03-07,81.76,82.97,75.63,75.70,26715500,,
2022-03-08,76.25,80.25,73.93,77.16,28343200,,
2022-03-09,79.97,80.49,77.54,79.44,19647900,,
2022-03-10,77.74,77.74,73.81,75.72,21692000,,
2022-03-11,76.66,76.70,72.64,72.82,22786500,,
2022-03-14,71.75,72.48,68.96,69.40,24893400,,
2022-03-15,70.05,73.53,68.34,73.11,22851000,,
2022-03-16,76.47,79.71,76.15,79.67,35742800,,
2022-03-17,78.20,80.58,77.20,80.52,21612200,,
2022-03-18,79.10,81.20,78.06,79.41,28601200,,
2022-03-21,78.99,79.89,75.53,78.35,30878200,,
2022-03-22,77.70,79.73,77.51,79.12,16768000,,
2022-03-23,77.86,78.22,75.08,75.65,28059800,,
2022-03-24,75.90,78.54,75.32,78.21,23348000,,
2022-03-25,78.27,78.30,75.13,78.10,22491000,,
2022-03-28,78.59,80.18,77.27,79.86,26605300,,
2022-03-29,82.10,82.55,79.26,82.05,41290700,,
2022-03-30,84.30,86.24,78.60,79.16,70087000,,
2022-03-31,77.67,79.96,76.83,77.89,34588600,,
2022-04-01,78.43,78.91,74.06,76.18,33536100,,
2022-04-04,76.90,78.18,76.51,77.67,24305700,,
2022-04-05,76.71,78.02,74.30,74.61,21171400,,
2022-04-06,73.18,74.89,71.47,73.78,28080100,,
2022-04-07,73.67,74.68,72.13,73.28,22658600,,
2022-04-08,72.50,72.85,70.83,72.14,20562600,0.1,
2022-04-11,70.55,72.91,70.09,72.03,21127900,,
2022-04-12,72.79,73.59,71.57,71.96,18658500,,
2022-04-13,72.36,73.75,71.86,72.38,18892000,,
2022-04-14,72.56,72.81,70.09,70.13,18543500,,
2022-04-18,70.25,72.10,70.05,71.15,17476700,,
2022-04-19,70.96,73.41,70.77,72.73,15139000,,
2022-04-20,73.81,76.23,72.89,73.20,19042600,,
2022-04-21,73.97,74.49,70.65,70.92,17645300,,
2022-04-22,70.64,70.98,69.31,69.41,18682400,,
2022-04-25,68.42,70.17,67.93,70.12,20072100,,
2022-04-26,68.69,69.16,67.04,67.08,18628700,,
2022-04-27,66.13,68.48,65.86,66.47,17123600,,
2022-04-28,67.65,70.81,67.06,70.18,21058400,,
2022-04-29,69.10,71.33,68.02,68.19,16843500,,
2022-05-02,68.16,70.74,67.58,70.60,15342800,,
2022-05-03,70.47,71.96,70.20,71.26,13539100,,
2022-05-04,71.77,73.90,70.16,73.62,17201900,,
2022-05-05,72.31,72.56,70.36,71.29,16603600,,
2022-05-06,70.55,71.91,68.89,70.35,15159800,,
2022-05-09,69.20,71.40,67.48,67.93,21770900,,
2022-05-10,69.57,70.59,67.61,68.91,17662700,,
2022-05-11,68.66,70.88,66.82,66.96,17237300,,
2022-05-12,66.00,68.90,65.87,67.71,27022900,,
2022-05-13,69.10,72.63,68.02,71.92,22872000,,
2022-05-16,71.51,72.04,70.32,70.47,13394700,,
2022-05-17,72.25,74.73,72.15,74.48,17671500,,
2022-05-18,73.18,74.22,70.09,71.05,20635100,,
2022-05-19,70.76,71.70,69.05,69.40,17558000,,
2022-05-20,70.60,70.69,66.11,68.90,20313300,,
2022-05-23,68.77,70.20,68.52,69.59,12356200,,
2022-05-24,68.36,68.41,66.01,66.62,18764500,,
2022-05-25,65.93,68.85,65.90,67.87,16241200,,
2022-05-26,66.39,71.04,66.35,70.60,14902500,,
2022-05-27,71.76,73.44,71.64,73.32,13078700,,
2022-05-31,73.47,74.48,71.93,73.84,15453000,,
2022-06-01,74.50,75.39,72.55,73.55,13595400,,
2022-06-02,73.13,75.41,73.13,75.37,11373200,,
2022-06-03,71.69,71.69,69.11,69.94,30306600,,
2022-06-06,70.74,72.14,70.01,70.45,13198700,,
2022-06-07,68.65,70.87,68.12,70.76,14328000,,
2022-06-08,69.84,70.40,67.76,68.60,16363000,,
2022-06-09,67.94,68.69,66.00,66.02,15073700,,
2022-06-10,64.84,65.56,62.28,62.62,26626900,,
2022-06-13,60.02,60.96,58.58,58.84,24278600,,
2022-06-14,59.36,59.87,57.72,58.70,17036000,,
2022-06-15,59.33,60.08,57.55,59.12,19726200,,
2022-06-16,57.00,57.00,54.25,55.01,22706200,,
2022-06-17,55.90,56.32,53.60,55.75,24139800,,
2022-06-21,56.82,57.92,56.34,56.80,15502800,,
2022-06-22,55.96,57.14,55.60,56.34,13513800,,
2022-06-23,56.61,56.83,54.96,56.22,13366600,,
2022-06-24,57.15,59.00,57.13,58.44,15647600,,
2022-06-27,59.58,60.05,58.37,58.78,16159900,,
2022-06-28,58.98,60.59,57.81,57.86,19393600,,
2022-06-29,57.23,57.52,55.32,56.02,17351400,,
2022-06-30,54.99,56.41,54.22,55.28,29572400,,
2022-07-01,53.29,53.96,51.40,53.65,43681700,,
2022-07-05,52.18,56.89,52.09,56.73,33745900,,
2022-07-06,56.85,58.12,56.46,57.37,23565000,,
2022-07-07,59.10,59.31,57.84,58.85,22945500,,
2022-07-08,58.22,60.43,58.10,59.14,19283000,0.115,
2022-07-11,58.11,58.61,57.71,57.81,13941800,,
2022-07-12,58.42,60.08,58.10,59.18,21523100,,
2022-07-13,57.38,59.42,57.36,58.86,13987600,,
2022-07-14,57.94,59.66,57.32,59.35,14803800,,
2022-07-15,61.48,61.70,59.40,61.53,20317800,,
2022-07-18,62.09,62.33,60.14,60.45,13233000,,
2022-07-19,61.47,62.76,61.38,62.40,19103700,,
2022-07-20,62.22,63.52,61.85,63.30,15176200,,
2022-07-21,62.60,63.68,61.93,63.64,12924700,,
2022-07-22,61.29,62.92,61.01,61.29,22201700,,
2022-07-25,61.35,61.83,59.70,60.15,14479400,,
2022-07-26,60.31,60.69,59.55,59.66,11044800,,
2022-07-27,60.49,62.39,59.61,61.89,14589800,,
2022-07-28,62.25,62.30,60.19,62.07,10120300,,
2022-07-29,61.35,62.09,60.77,61.86,14199700,,
2022-08-01,62.50,63.99,62.00,62.54,13347200,,
2022-08-02,61.75,63.30,60.88,62.47,11535800,,
2022-08-03,62.50,64.53,62.44,64.25,12290100,,
2022-08-04,64.12,64.99,63.65,64.85,11338400,,
2022-08-05,62.86,63.22,61.80,62.46,15047100,,
2022-08-08,61.99,62.62,60.98,61.45,11454300,,
2022-08-09,59.00,60.54,57.74,59.15,33107200,,
2022-08-10,60.00,61.56,59.39,61.40,17418400,,
2022-08-11,62.00,64.10,62.00,62.32,18298500,,
2022-08-12,62.66,65.42,62.23,65.04,16194000,,
2022-08-15,64.70,65.12,63.89,64.70,9689100,,
2022-08-16,64.12,64.56,63.22,63.86,9275400,,
2022-08-17,62.81,62.81,60.76,61.62,14728400,,
2022-08-18,61.75,63.42,61.25,62.98,11303900,,
2022-08-19,61.84,62.25,60.28,60.51,14050300,,
2022-08-22,59.56,59.61,57.97,58.31,13096800,,
2022-08-23,58.35,59.29,57.76,57.86,12769100,,
2022-08-24,57.88,58.57,57.36,58.31,9961300,,
2022-08-25,58.60,61.27,58.58,61.20,12171600,,
2022-08-26,61.07,61.22,57.61,57.63,15754000,,
2022-08-29,57.31,58.00,56.52,57.01,11607600,,
2022-08-30,57.48,57.80,55.58,56.30,12743700,,
2022-08-31,55.99,57.16,55.81,56.53,14172200,,
2022-09-01,55.26,57.40,54.79,57.31,17594500,,
2022-09-02,58.30,58.80,56.00,56.33,12809700,,
2022-09-06,56.33,56.69,55.13,55.23,12133300,,
2022-09-07,55.31,55.72,54.01,55.00,17030600,,
2022-09-08,54.49,55.92,53.74,55.39,18415300,,
2022-09-09,56.17,57.68,56.17,57.44,13925600,,
2022-09-12,57.46,58.14,57.03,57.94,10711500,,
2022-09-13,55.70,56.24,53.14,53.62,22361800,,
2022-09-14,53.89,54.23,52.46,53.11,19984900,,
2022-09-15,52.70,53.45,51.98,52.69,15620800,,
2022-09-16,51.89,53.01,51.49,52.85,24901700,,
2022-09-19,51.97,52.77,51.88,52.10,19251400,,
2022-09-20,51.53,51.59,50.59,50.80,19373800,,
2022-09-21,49.74,52.51,49.72,50.10,31117300,,
2022-09-22,49.80,50.37,49.35,49.66,21317000,,
2022-09-23,49.28,50.15,48.45,50.10,24591700,,
2022-09-26,49.93,50.46,48.81,48.88,19266800,,
2022-09-27,49.82,50.65,49.40,50.58,17297500,,
2022-09-28,50.11,51.19,50.10,51.00,17784300,,
2022-09-29,50.04,50.30,49.22,50.01,25582100,,
2022-09-30,50.54,52.06,49.81,50.10,38917700,,
2022-10-03,51.01,53.09,50.64,51.72,24632400,,
2022-10-04,53.56,54.81,52.66,53.96,24275500,,
2022-10-05,52.88,55.20,52.17,54.73,20418300,,
2022-10-06,54.40,55.11,53.30,54.62,17149400,,
2022-10-07,53.56,54.65,52.51,52.91,21977700,0.115,
2022-10-10,53.07,53.13,50.77,51.38,17227400,,
2022-10-11,50.64,54.78,50.33,53.71,32813700,,
2022-10-12,53.60,53.77,52.39,52.75,18131900,,
2022-10-13,51.35,55.92,50.74,54.86,27605000,,
2022-10-14,55.24,55.44,52.60,52.72,20403000,,
2022-10-17,54.60,54.99,52.85,53.50,18261700,,
2022-10-18,55.01,55.14,51.66,52.55,19774800,,
2022-10-19,52.09,53.43,52.06,53.03,14786100,,
2022-10-20,53.50,55.10,53.17,53.70,15711800,,
2022-10-21,53.49,56.28,53.34,56.05,20199200,,
2022-10-24,56.23,56.81,55.07,56.24,15293600,,
2022-10-25,56.68,57.03,55.34,55.87,17313000,,
2022-10-26,56.08,57.44,54.96,55.45,23511300,,
2022-10-27,55.37,56.23,52.12,52.21,27335800,,
2022-10-28,51.83,54.44,51.46,54.04,19171100,,
2022-10-31,53.91,54.93,53.17,54.10,15932500,,
2022-11-01,55.09,55.44,54.11,54.86,11729700,,
2022-11-02,54.74,56.27,53.42,53.45,17302700,,
2022-11-03,52.71,54.37,51.91,53.48,12769200,,
2022-11-04,55.26,56.91,54.82,56.16,18882700,,
2022-11-07,56.43,56.82,55.46,56.56,11411300,,
2022-11-08,57.38,57.87,56.48,57.49,14190100,,
2022-11-09,56.22,56.65,55.51,55.97,19952500,,
2022-11-10,58.60,60.38,58.06,60.27,24982500,,
2022-11-11,60.65,63.18,59.88,62.52,17579400,,
2022-11-14,61.94,62.75,60.99,61.78,13988200,,
2022-11-15,63.50,64.44,62.42,63.10,16325000,,
2022-11-16,60.53,61.38,58.12,58.87,25901900,,
2022-11-17,57.30,58.99,56.51,58.74,14212300,,
2022-11-18,59.56,59.66,58.10,58.58,9703700,,
2022-11-21,58.02,58.02,56.82,57.16,9968400,,
2022-11-22,57.55,58.68,56.98,58.62,8955700,,
2022-11-23,58.24,59.06,57.75,58.93,8996800,,
2022-11-25,58.67,59.13,58.39,58.41,4360500,,
2022-11-28,57.32,57.76,55.47,55.75,15512600,,
2022-11-29,55.71,56.52,54.77,55.12,12874200,,
2022-11-30,53.58,57.68,52.61,57.65,31461400,,
2022-12-01,57.83,57.92,55.10,55.49,21764200,,
2022-12-02,54.34,55.42,53.38,54.68,15946500,,
2022-12-05,54.37,55.27,53.70,54.04,13806900,,
2022-12-06,53.86,54.63,53.24,53.68,17988000,,
2022-12-07,53.12,54.24,52.44,53.82,11367300,,
2022-12-08,54.56,55.70,54.05,55.20,13609100,,
2022-12-09,54.68,55.86,54.52,54.87,9932200,,
2022-12-12,53.52,55.38,53.34,55.35,13250600,,
2022-12-13,57.19,57.89,54.65,55.24,14210500,,
2022-12-14,55.24,56.10,54.06,54.59,11235300,,
2022-12-15,53.56,53.72,51.85,52.04,17785000,,
2022-12-16,51.74,52.54,51.62,52.07,22951400,,
2022-12-19,52.17,52.29,51.10,51.72,16470000,,
2022-12-20,51.34,51.97,50.45,50.68,16942000,,
2022-12-21,50.93,51.75,50.75,51.19,20400800,,
2022-12-22,49.50,49.97,48.43,49.43,40959600,,
2022-12-23,49.00,50.55,48.99,50.20,17425700,,
2022-12-27,49.61,50.31,48.52,50.02,15159100,,
2022-12-28,49.84,51.09,48.83,49.12,12518700,,
2022-12-29,49.40,50.93,49.34,50.65,13204300,,
2022-12-30,49.45,50.02,49.13,49.98,11989800,0.115,
2023-01-03,50.56,50.96,49.55,50.37,12422800,,
2023-01-04,53.05,54.52,52.73,54.20,25077300,,
2023-01-05,53.89,55.39,53.89,54.71,18030900,,
2023-01-06,55.43,57.29,54.03,56.77,21069800,,
2023-01-09,56.82,57.52,55.65,56.36,15715900,,
2023-01-10,56.16,57.28,55.86,57.21,10571300,,
2023-01-11,57.35,58.47,56.92,58.06,12143000,,
2023-01-12,58.11,58.24,56.43,57.27,14888100,,
2023-01-13,56.73,56.97,56.12,56.93,12520600,,
2023-01-17,57.16,58.60,56.55,56.85,10962700,,
2023-01-18,57.51,58.05,56.36,56.51,10035300,,
2023-01-19,55.71,57.09,55.28,56.36,12034200,,
2023-01-20,57.47,58.57,56.76,58.46,13826400,,
2023-01-23,58.92,61.91,58.86,61.82,20175400,,
2023-01-24,61.20,61.72,60.87,61.26,10183200,,
2023-01-25,60.67,61.67,60.42,61.54,10787200,,
2023-01-26,62.58,63.05,61.29,62.80,12219500,,
2023-01-27,62.14,64.34,61.96,63.87,15895800,,
2023-01-30,62.76,63.28,61.69,61.71,16169000,,
2023-01-31,59.10,60.34,58.65,60.30,23856300,,
2023-02-01,60.62,63.23,60.39,62.60,20902200,,
2023-02-02,63.56,63.92,61.86,63.17,15877600,,
2023-02-03,62.00,63.79,61.90,62.41,12187100,,
2023-02-06,60.94,61.18,59.74,59.98,11484300,,
2023-02-07,60.09,62.39,59.70,62.13,12713100,,
2023-02-08,61.45,62.33,60.23,60.25,9510500,,
2023-02-09,61.20,61.82,59.69,60.18,10094700,,
2023-02-10,60.50,60.76,59.25,59.82,11429700,,
2023-02-13,59.82,60.28,58.84,60.12,11466200,,
2023-02-14,59.52,62.31,59.03,62.07,12496200,,
2023-02-15,61.33,61.94,60.46,61.84,10457400,,
2023-02-16,60.78,61.35,59.85,60.05,12683400,,
2023-02-17,59.84,60.18,58.51,59.01,10874900,,
2023-02-21,58.34,59.71,57.49,57.60,12667500,,
2023-02-22,57.73,58.57,56.83,56.98,12260300,,
2023-02-23,59.14,59.75,57.44,58.75,16094600,,
2023-02-24,57.70,58.37,57.35,58.18,9867400,,
2023-02-27,59.17,59.56,57.83,57.90,8514000,,
2023-02-28,57.64,58.74,57.40,57.82,10493300,,
2023-03-01,57.86,58.55,57.22,57.34,9141400,,
2023-03-02,55.50,56.70,54.72,56.43,16625500,,
2023-03-03,56.46,56.87,55.44,56.78,13769200,,
2023-03-06,57.28,58.65,56.54,56.83,14472200,,
2023-03-07,56.50,56.73,55.31,55.56,13278300,,
2023-03-08,55.84,56.92,55.35,56.89,11515700,,
2023-03-09,56.64,57.56,55.54,55.60,10200000,,
2023-03-10,55.66,56.51,54.53,54.93,14180700,,
2023-03-13,53.97,54.55,52.76,53.90,17365200,,
2023-03-14,54.97,55.42,53.70,54.27,14657000,,
2023-03-15,53.33,54.27,52.88,54.13,14643600,,
2023-03-16,53.69,56.71,53.61,56.57,14791800,,
2023-03-17,56.80,57.72,56.22,56.66,26655200,,
2023-03-20,56.70,57.87,56.08,57.64,10610200,,
2023-03-21,58.38,59.52,57.60,58.63,14613700,,
2023-03-22,58.40,60.41,58.09,58.17,16949300,,
2023-03-23,59.18,61.78,59.13,61.34,23903100,,
2023-03-24,60.51,61.40,60.50,61.16,18735600,,
2023-03-27,61.19,61.42,59.17,59.79,15901000,,
2023-03-28,59.80,59.87,57.82,59.28,20496300,,
2023-03-29,60.91,64.42,60.87,63.54,51939800,,
2023-03-30,64.03,64.10,62.48,63.09,23038300,,
2023-03-31,60.35,61.66,59.90,60.34,35416500,,
2023-04-03,59.81,59.81,57.87,59.61,23610800,,
2023-04-04,59.68,60.10,56.95,57.27,21303200,,
2023-04-05,56.82,57.11,56.01,57.02,19456200,,
2023-04-06,56.95,59.15,56.80,58.56,21496500,0.115,
2023-04-10,61.18,63.77,61.00,63.27,43280100,,
2023-04-11,63.64,64.29,63.04,63.57,23090200,,
2023-04-12,64.36,64.36,61.84,61.96,16694100,,
2023-04-13,61.51,63.37,60.79,63.00,23286500,,
2023-04-14,63.18,63.22,61.77,62.63,14953000,,
2023-04-17,62.22,62.77,61.98,62.54,11546800,,
2023-04-18,63.33,63.45,61.48,61.93,12175200,,
2023-04-19,60.98,61.21,60.38,60.65,11652600,,
2023-04-20,59.88,61.95,59.87,61.46,14382200,,
2023-04-21,61.15,61.45,60.73,61.13,9606200,,
2023-04-24,60.10,60.88,59.35,59.51,13402600,,
2023-04-25,59.13,59.34,58.03,58.14,15987300,,
2023-04-26,59.58,61.18,59.34,61.02,25385000,,
2023-04-27,60.75,61.96,60.13,61.90,13524600,,
2023-04-28,62.43,64.44,62.30,64.36,18094700,,
2023-05-01,63.89,64.10,62.31,62.35,12823400,,
2023-05-02,62.23,62.58,61.25,61.90,12237600,,
2023-05-03,61.49,62.18,60.82,60.91,10818100,,
2023-05-04,60.55,60.96,59.90,60.51,13357900,,
2023-05-05,60.61,61.74,60.11,61.23,12312700,,
2023-05-08,61.25,61.35,60.31,60.87,11510400,,
2023-05-09,59.88,61.39,59.55,60.93,11895200,,
2023-05-10,61.92,62.31,59.79,59.99,14548700,,
2023-05-11,60.59,61.81,60.07,61.61,15536600,,
2023-05-12,61.99,62.19,60.15,60.92,12131400,,
2023-05-15,62.23,64.87,61.80,64.64,22227200,,
2023-05-16,64.55,65.22,63.30,63.73,15259000,,
2023-05-17,64.58,65.32,63.44,64.92,15947700,,
2023-05-18,65.98,68.59,65.08,67.57,30688000,,
2023-05-19,67.57,68.39,66.43,68.17,16812100,,
2023-05-22,65.75,66.75,64.76,66.23,37491000,,
2023-05-23,65.85,67.56,65.71,66.01,15896200,,
2023-05-24,64.95,66.73,64.88,66.53,15806600,,
2023-05-25,69.75,69.88,67.51,69.61,29021500,,
2023-05-26,69.88,74.59,69.80,73.93,33410000,,
2023-05-30,74.39,74.77,71.58,71.69,24454700,,
2023-05-31,68.90,69.85,67.92,68.20,30403600,,
2023-06-01,68.94,69.79,68.10,69.09,18153000,,
2023-06-02,69.99,70.55,68.29,69.17,13468200,,
2023-06-05,69.50,69.50,67.51,67.77,12441100,,
2023-06-06,67.03,68.84,66.82,67.54,12476600,,
2023-06-07,68.41,68.67,66.94,67.06,14610800,,
2023-06-08,66.50,66.52,64.01,65.32,25856800,,
2023-06-09,65.93,66.40,64.47,65.43,14649300,,
2023-06-12,65.84,67.54,65.79,67.45,14731100,,
2023-06-13,68.56,68.88,67.60,67.87,11911900,,
2023-06-14,67.54,69.21,67.52,69.12,11085800,,
2023-06-15,68.59,69.52,68.36,68.82,11842600,,
2023-06-16,70.15,70.50,66.06,67.66,32259700,,
2023-06-20,67.32,67.62,65.77,66.90,13261600,,
2023-06-21,66.75,67.20,65.34,65.80,10427200,,
2023-06-22,65.53,66.66,65.51,66.25,8639500,,
2023-06-23,65.45,65.96,64.84,65.28,12663600,,
2023-06-26,65.63,66.70,65.41,65.45,13815900,,
2023-06-27,65.27,66.84,63.79,66.79,18305200,,
2023-06-28,65.65,67.73,65.39,67.07,27100100,,
2023-06-29,67.84,67.95,63.55,64.33,51141900,,
2023-06-30,64.50,65.10,62.90,63.11,31549600,,
2023-07-03,63.44,64.32,63.26,63.90,12921300,,
2023-07-05,63.50,63.75,62.02,62.06,16553000,,
2023-07-06,60.99,61.79,60.50,61.23,15607300,,
2023-07-07,61.43,61.49,60.63,60.65,15028100,0.115,
2023-07-10,60.83,62.83,60.58,62.48,16953100,,
2023-07-11,62.60,63.67,62.31,63.60,13454500,,
2023-07-12,64.47,64.70,63.13,63.79,13953600,,
2023-07-13,64.18,64.65,63.55,64.53,11384700,,
2023-07-14,64.30,65.54,63.68,64.08,13860200,,
2023-07-17,63.80,65.67,63.34,65.16,11333600,,
2023-07-18,64.37,65.12,63.75,64.94,10393100,,
2023-07-19,65.63,65.76,64.80,64.96,9463900,,
2023-07-20,64.40,65.55,64.25,64.69,12745100,,
2023-07-21,65.29,66.16,64.34,65.65,24540200,,
2023-07-24,65.36,66.64,65.22,65.48,10272700,,
2023-07-25,65.40,66.00,65.08,65.68,8610900,,
2023-07-26,65.00,67.88,65.00,67.38,14920600,,
2023-07-27,70.48,72.34,69.96,71.07,25068300,,
2023-07-28,71.58,72.13,70.66,71.20,11932900,,
2023-07-31,71.12,71.77,70.87,71.39,11193800,,
2023-08-01,71.00,71.08,69.89,70.76,13141100,,
2023-08-02,69.75,69.85,67.34,68.17,14004400,,
2023-08-03,67.57,69.39,67.16,69.18,11075200,,
2023-08-04,69.50,70.93,69.13,69.91,11255500,,
2023-08-07,69.85,70.23,68.83,69.38,10537500,,
2023-08-08,68.70,68.76,66.96,67.65,14767800,,
2023-08-09,67.78,67.97,66.62,66.70,10043200,,
2023-08-10,67.06,67.46,64.93,65.44,12775300,,
2023-08-11,64.90,65.31,64.07,64.37,11823100,,
2023-08-14,64.37,68.48,64.20,68.28,21954000,,
2023-08-15,67.59,67.63,65.32,65.33,13808500,,
2023-08-16,65.00,65.23,64.09,64.22,9895400,,
2023-08-17,64.49,64.71,63.40,63.56,9933300,,
2023-08-18,62.31,63.86,61.75,63.59,9576500,,
2023-08-21,63.68,64.19,62.86,63.96,11311900,,
2023-08-22,64.30,65.08,63.29,63.41,8876000,,
2023-08-23,63.57,65.62,63.17,65.19,10747400,,
2023-08-24,66.14,66.24,63.37,63.69,12661600,,
2023-08-25,63.46,64.39,62.63,63.72,9409000,,
2023-08-28,65.72,66.11,64.66,65.31,9904900,,
2023-08-29,64.90,67.03,64.87,66.68,9955000,,
2023-08-30,67.19,68.70,66.52,68.09,16892200,,
2023-08-31,67.97,70.54,67.97,69.94,18420900,,
2023-09-01,70.21,70.62,69.55,70.39,10772000,,
2023-09-05,69.91,71.16,69.53,70.29,11144300,,
2023-09-06,70.13,70.66,69.64,70.41,9192800,,
2023-09-07,69.45,70.29,69.10,69.87,12043200,,
2023-09-08,69.77,70.61,69.61,70.18,9805000,,
2023-09-11,70.83,70.86,69.31,70.03,9310400,,
2023-09-12,69.96,71.69,69.79,70.31,11062100,,
2023-09-13,71.05,71.86,70.36,70.85,14525500,,
2023-09-14,71.67,72.23,71.28,71.79,11170300,,
2023-09-15,71.29,71.63,69.64,69.88,16416100,,
2023-09-18,70.65,71.05,69.91,70.50,12735700,,
2023-09-19,70.62,71.06,69.97,70.71,10399000,,
2023-09-20,70.95,72.31,69.65,69.68,15522100,,
2023-09-21,69.00,69.29,67.83,67.90,14978600,,
2023-09-22,68.59,69.75,67.79,68.88,15487200,,
2023-09-25,68.29,69.19,67.61,68.58,14900000,,
2023-09-26,67.97,69.05,67.59,67.94,12752500,,
2023-09-27,68.12,68.85,66.75,68.21,20852300,,
2023-09-28,65.97,67.09,63.83,65.20,46749800,,
2023-09-29,66.36,68.73,66.36,68.03,24315500,,
2023-10-02,68.24,69.28,67.06,67.96,14880500,,
2023-10-03,67.17,69.65,67.11,67.83,12481500,,
2023-10-04,68.31,68.50,67.12,68.11,12912800,,
2023-10-05,68.61,69.54,68.34,69.05,14045000,,
2023-10-06,68.71,70.33,68.00,69.96,15113400,0.115,
2023-10-09,69.61,69.95,68.58,69.48,8588700,,
2023-10-10,69.49,70.11,68.89,69.07,9007600,,
2023-10-11,69.72,70.27,68.93,70.21,11165300,,
2023-10-12,70.39,70.72,69.30,69.75,11408700,,
2023-10-13,69.87,70.06,69.09,69.21,10287900,,
2023-10-16,69.01,70.03,68.14,69.08,11294100,,
2023-10-17,68.07,69.63,67.62,69.00,11843000,,
2023-10-18,68.01,69.55,67.98,69.14,11201000,,
2023-10-19,69.68,69.78,67.18,67.53,18111000,,
2023-10-20,67.56,68.52,67.14,67.22,11506100,,
2023-10-23,66.82,68.16,66.23,66.88,9762000,,
2023-10-24,67.29,68.35,67.13,68.07,8450700,,
2023-10-25,68.49,69.20,65.90,66.50,11924300,,
2023-10-26,66.45,67.44,63.88,64.53,16697900,,
2023-10-27,64.92,66.27,64.88,65.65,9980300,,
2023-10-30,66.36,67.55,65.17,66.07,10667700,,
2023-10-31,66.08,67.07,65.26,66.87,8268400,,
2023-11-01,67.00,69.66,67.00,69.40,16777500,,
2023-11-02,70.32,71.03,69.75,70.44,11926000,,
2023-11-03,71.30,73.19,71.15,72.58,14457900,,
2023-11-06,72.58,72.99,72.02,72.92,10073900,,
2023-11-07,72.48,73.13,71.71,72.80,8248400,,
2023-11-08,72.62,72.78,71.72,72.28,9917600,,
2023-11-09,73.55,76.10,73.50,73.57,22435900,,
2023-11-10,74.44,75.81,73.57,75.36,12306000,,
2023-11-13,74.15,75.20,73.39,74.78,9116000,,
2023-11-14,76.00,77.45,75.91,77.17,12972700,,
2023-11-15,77.50,77.50,76.31,77.14,9954000,,
2023-11-16,76.89,77.48,76.48,76.67,12989000,,
2023-11-17,76.60,77.94,76.47,77.56,9376900,,
2023-11-20,77.34,78.91,77.13,78.62,11424100,,
2023-11-21,77.85,77.93,76.31,76.71,12016700,,
2023-11-22,77.20,78.45,76.85,77.10,8579500,,
2023-11-24,76.68,77.01,76.37,76.87,4349600,,
2023-11-27,76.87,78.29,76.66,77.51,11005600,,
2023-11-28,75.08,76.24,73.99,76.12,19225700,,
2023-11-29,77.45,79.02,76.38,76.69,14062900,,
2023-11-30,76.82,77.00,74.97,76.12,21701600,,
2023-12-01,76.01,76.54,75.09,75.93,14354700,,
2023-12-04,75.42,75.60,73.33,74.29,11659300,,
2023-12-05,73.47,73.97,73.04,73.69,8800500,,
2023-12-06,75.30,75.40,72.93,73.13,8883900,,
2023-12-07,74.02,74.21,72.99,73.65,10641300,,
2023-12-08,73.48,75.35,73.43,74.96,12007100,,
2023-12-11,77.19,78.51,76.97,77.79,18547600,,
2023-12-12,77.42,78.26,77.10,78.16,10262100,,
2023-12-13,78.30,80.27,78.03,79.79,11629900,,
2023-12-14,80.81,82.40,80.79,82.19,17342800,,
2023-12-15,82.89,82.99,81.11,81.41,19547800,,
2023-12-18,81.59,81.86,80.81,81.56,12416600,,
2023-12-19,81.67,82.27,81.17,82.17,14316400,,
2023-12-20,81.46,81.62,78.63,78.69,29085000,,
2023-12-21,85.00,86.02,83.11,85.48,53969700,,
2023-12-22,86.15,87.49,85.62,86.49,22531800,,
2023-12-26,86.70,87.87,86.43,87.06,11203900,,
2023-12-27,87.48,87.49,86.22,86.66,9186300,,
2023-12-28,86.75,86.75,85.84,86.00,9606200,,
2023-12-29,85.84,86.14,85.03,85.34,8549200,0.115,
2024-01-02,84.00,84.08,81.75,82.34,13597100,,
2024-01-03,81.20,82.59,80.58,82.26,12915600,,
2024-01-04,83.47,84.26,82.61,82.71,19134200,,
2024-01-05,81.48,83.53,81.01,83.45,15483700,,
2024-01-08,83.89,85.51,83.83,84.95,16219800,,
2024-01-09,83.13,84.19,82.90,83.33,12138700,,
2024-01-10,82.96,83.02,81.66,82.38,10748600,,
2024-01-11,82.80,83.45,81.82,83.39,10579300,,
2024-01-12,82.75,83.05,81.71,82.39,10187500,,
2024-01-16,82.54,85.22,82.33,84.61,13713500,,
2024-01-17,83.69,83.97,82.63,83.28,10245400,,
2024-01-18,85.22,85.82,84.04,84.82,15077700,,
2024-01-19,86.06,87.79,85.62,87.51,18156800,,
2024-01-22,88.27,89.95,88.01,89.24,14371200,,
2024-01-23,89.00,89.18,86.88,87.53,16850900,,
2024-01-24,88.41,88.57,86.61,88.08,19752800,,
2024-01-25,89.15,90.04,88.50,89.20,15892400,,
2024-01-26,87.24,88.50,86.29,88.05,14934500,,
2024-01-29,88.50,89.57,88.02,89.07,12108100,,
2024-01-30,88.08,88.79,85.76,86.16,12980400,,
2024-01-31,84.96,86.92,84.79,85.75,11396700,,
2024-02-01,86.07,86.19,84.62,85.61,10459000,,
2024-02-02,85.07,86.61,84.94,86.48,10450000,,
2024-02-05,86.74,87.22,85.61,86.98,8409300,,
2024-02-06,86.83,87.19,83.72,84.60,12990300,,
2024-02-07,84.14,85.28,82.47,85.17,16374800,,
2024-02-08,85.51,86.03,84.53,84.88,12524500,,
2024-02-09,85.06,85.62,83.96,85.56,12161500,,
2024-02-12,85.53,86.91,85.39,85.70,10366000,,
2024-02-13,82.47,83.55,80.77,81.53,21207900,,
2024-02-14,82.18,83.18,81.49,81.83,12870900,,
2024-02-15,82.24,82.71,81.51,81.63,11527600,,
2024-02-16,80.96,81.34,79.25,79.50,15553100,,
2024-02-20,79.33,80.77,79.15,80.71,12627200,,
2024-02-21,80.79,81.50,79.94,81.49,9913300,,
2024-02-22,85.00,86.31,83.88,85.91,17510900,,
2024-02-23,86.55,86.82,85.05,86.00,10232800,,
2024-02-26,89.68,92.35,88.90,89.46,28920100,,
2024-02-27,91.89,92.75,90.49,91.85,21422700,,
2024-02-28,90.46,90.79,89.30,89.71,14190700,,
2024-02-29,90.65,90.83,88.82,90.61,17027000,,
2024-03-01,91.92,96.06,91.92,95.15,23446200,,
2024-03-04,96.93,97.38,94.62,95.77,20913200,,
2024-03-05,94.25,95.37,93.28,94.47,12887500,,
2024-03-06,95.05,96.43,94.56,95.56,14232400,,
2024-03-07,98.93,99.69,97.47,98.98,24843300,,
2024-03-08,99.88,101.85,97.32,97.62,22379000,,
2024-03-11,95.90,96.46,93.53,94.51,15673300,,
2024-03-12,95.33,97.50,93.64,97.42,14993700,,
2024-03-13,95.32,95.34,93.10,94.16,16732600,,
2024-03-14,93.30,93.45,90.30,91.43,16718900,,
2024-03-15,92.48,94.70,92.02,93.25,29579500,,
2024-03-18,96.82,97.08,93.69,93.78,23140300,,
2024-03-19,92.58,94.16,91.00,94.00,21054700,,
2024-03-20,94.99,96.68,93.59,96.25,39807400,,
2024-03-21,113.37,113.50,108.78,109.85,89554100,,
2024-03-22,109.31,111.34,107.05,110.21,37281400,,
2024-03-25,110.24,121.41,110.16,117.13,55766100,,
2024-03-26,119.00,122.46,118.17,118.80,44295100,,
2024-03-27,119.30,120.11,117.08,119.25,29320700,,
2024-03-28,119.44,119.63,117.35,117.89,21047800,0.115,
2024-04-01,119.20,127.38,119.00,124.30,44309400,,
2024-04-02,122.71,123.68,120.92,122.75,25026400,,
2024-04-03,122.20,128.28,121.33,128.01,40130100,,
2024-04-04,130.18,130.54,123.65,124.09,36009900,,
2024-04-05,124.40,125.69,121.20,123.58,23326500,,
2024-04-08,129.06,129.70,122.61,122.95,27955800,,
2024-04-09,124.89,126.14,121.27,122.63,19212900,,
2024-04-10,120.00,124.48,119.93,122.20,22242300,,
2024-04-11,122.90,127.56,122.08,127.51,21745300,,
2024-04-12,125.25,125.99,121.83,122.52,24808200,,
2024-04-15,123.63,124.78,120.61,121.37,17732600,,
2024-04-16,119.53,122.55,118.36,121.77,17452400,,
2024-04-17,122.02,124.42,116.20,116.33,25546500,,
2024-04-18,116.00,117.62,111.48,111.93,32146900,,
2024-04-19,109.66,110.88,105.72,106.77,33787500,,
2024-04-22,107.60,110.23,106.63,109.12,19820900,,
2024-04-23,109.71,112.89,108.91,112.46,17887500,,
2024-04-24,112.72,113.95,109.23,111.78,20505900,,
2024-04-25,109.37,113.06,108.07,111.58,18342800,,
2024-04-26,112.00,115.06,111.60,114.84,20630700,,
2024-04-29,113.81,114.75,112.11,114.36,14419100,,
2024-04-30,114.18,116.28,112.93,112.96,14845600,,
2024-05-01,110.52,113.73,108.75,109.70,16686200,,
2024-05-02,111.74,112.41,109.43,112.33,15439200,,
2024-05-03,115.03,115.48,113.45,114.70,15564400,,
2024-05-06,119.78,121.37,118.02,120.13,22538700,,
2024-05-07,120.15,121.41,119.18,119.21,12508300,,
2024-05-08,118.30,120.47,118.22,119.32,10867900,,
2024-05-09,119.32,119.63,117.44,117.81,11524800,,
2024-05-10,120.04,121.85,119.18,121.24,13922400,,
2024-05-13,122.93,124.11,121.65,123.00,16643200,,
2024-05-14,122.99,125.04,121.67,124.81,13887700,,
2024-05-15,126.23,127.95,125.44,127.81,14265100,,
2024-05-16,127.93,130.13,127.05,127.89,15874700,,
2024-05-17,128.36,129.03,124.86,125.29,13774700,,
2024-05-20,127.13,131.02,126.64,129.00,19123200,,
2024-05-21,124.20,128.82,123.28,127.50,15717800,,
2024-05-22,127.79,127.87,125.24,126.28,11190100,,
2024-05-23,131.77,131.95,124.66,126.27,20747400,,
2024-05-24,127.82,130.40,126.60,129.49,14048900,,
2024-05-28,131.76,133.30,129.27,132.67,14143000,,
2024-05-29,130.00,133.10,129.90,131.58,11242500,,
2024-05-30,130.30,131.67,125.70,126.29,12639700,,
2024-05-31,126.35,127.32,121.01,125.00,24153800,,
2024-06-03,128.13,128.84,125.15,128.17,16134300,,
2024-06-04,127.35,127.86,125.42,126.64,12995500,,
2024-06-05,128.80,133.87,127.65,133.71,22301800,,
2024-06-06,133.84,134.13,129.18,130.07,15505000,,
2024-06-07,130.21,132.54,129.62,130.94,12139500,,
2024-06-10,129.71,135.67,129.71,134.82,14652100,,
2024-06-11,135.32,135.85,131.78,135.07,14125000,,
2024-06-12,138.51,141.71,136.83,140.75,16973600,,
2024-06-13,142.79,144.22,140.26,143.14,16312900,,
2024-06-14,141.80,142.49,139.65,141.36,14028500,,
2024-06-17,145.58,148.75,142.14,147.83,23909000,,
2024-06-18,151.74,157.54,151.51,153.45,42192600,,
2024-06-20,157.01,157.41,142.91,144.19,41285000,,
2024-06-21,137.65,142.60,135.70,139.54,49893500,,
2024-06-24,142.44,142.83,137.89,139.01,32410100,,
2024-06-25,140.07,141.13,137.75,141.12,31160600,,
2024-06-26,143.04,144.07,139.54,142.36,55490300,,
2024-06-27,135.79,137.39,131.08,132.23,68172700,,
2024-06-28,132.82,135.42,130.75,131.53,38140600,,
2024-07-01,130.50,132.08,127.27,131.52,24749000,,
2024-07-02,129.91,132.71,129.42,132.59,20776000,,
2024-07-03,132.66,136.82,132.43,136.82,14507100,,
2024-07-05,136.82,137.13,130.91,131.60,30104600,,
2024-07-08,131.29,133.27,130.09,130.69,20500700,0.115,
2024-07-09,131.75,135.21,130.88,131.14,21850900,,
2024-07-10,133.10,136.50,132.70,136.39,22460200,,
2024-07-11,136.36,136.43,130.07,130.23,25401500,,
2024-07-12,131.75,134.43,130.72,133.55,20726900,,
2024-07-15,133.91,135.35,130.03,130.87,20416000,,
2024-07-16,130.42,130.97,127.24,127.49,21312600,,
2024-07-17,122.58,123.03,119.23,119.50,31414100,,
2024-07-18,120.50,121.64,114.09,117.45,30404900,,
2024-07-19,116.69,117.21,113.85,114.26,18038900,,
2024-07-22,115.36,115.58,113.64,115.28,23837800,,
2024-07-23,115.13,116.34,113.83,114.25,14707700,,
2024-07-24,111.47,114.04,110.00,110.28,25261000,,
2024-07-25,106.80,110.70,105.04,107.45,29068400,,
2024-07-26,110.00,110.63,107.78,109.41,18547900,,
2024-07-29,110.54,111.03,107.14,107.85,13517700,,
2024-07-30,109.00,109.25,102.17,102.56,23915100,,
2024-07-31,109.85,111.34,107.75,109.82,26503600,,
2024-08-01,107.18,107.86,99.95,101.51,31643700,,
2024-08-02,97.16,97.69,91.07,92.70,36039400,,
2024-08-05,87.63,92.25,84.91,90.42,36977600,,
2024-08-06,89.20,90.86,87.15,89.00,26460000,,
2024-08-07,93.38,93.58,86.58,86.80,29483800,,
2024-08-08,88.48,92.85,88.03,92.07,24760700,,
2024-08-09,91.79,94.53,91.45,93.08,21627200,,
2024-08-12,93.10,96.53,92.63,94.64,18886600,,
2024-08-13,96.62,97.78,94.91,97.44,23565500,,
2024-08-14,101.00,101.95,98.07,100.41,22459000,,
2024-08-15,103.51,108.05,102.75,106.95,29128000,,
2024-08-16,106.83,109.47,105.35,107.99,18383300,,
2024-08-19,107.25,108.72,104.76,108.63,15744600,,
2024-08-20,108.33,109.19,106.16,107.99,16075500,,
2024-08-21,108.16,108.40,106.21,108.33,13658900,,
2024-08-22,108.95,111.00,103.96,104.26,17967000,,
2024-08-23,103.04,104.41,100.31,102.85,25465100,,
2024-08-26,100.67,102.19,97.61,98.91,26752300,,
2024-08-27,97.09,98.49,96.67,97.86,17234600,,
2024-08-28,97.36,97.68,92.70,94.86,25564300,,
2024-08-29,96.56,97.98,94.99,95.57,18984300,,
2024-08-30,96.92,98.41,94.99,96.24,18819400,,
2024-09-03,93.63,93.88,88.31,88.58,28897200,,
2024-09-04,88.36,90.73,87.81,89.29,16356500,,
2024-09-05,88.10,90.70,87.76,89.39,13890700,,
2024-09-06,89.37,89.65,85.26,86.38,23587100,,
2024-09-09,87.85,87.96,85.01,86.27,20526400,,
2024-09-10,86.97,87.19,84.87,86.85,17019000,,
2024-09-11,88.20,90.83,86.08,90.65,20879600,,
2024-09-12,87.10,88.03,84.12,87.21,30900000,,
2024-09-13,88.09,91.47,87.87,91.22,21267200,,
2024-09-16,87.24,88.24,85.92,87.18,26494300,,
2024-09-17,88.06,89.57,87.54,88.73,17744800,,
2024-09-18,87.99,89.20,86.71,87.35,20130600,,
2024-09-19,89.35,90.39,87.58,89.25,25208900,,
2024-09-20,88.40,90.97,88.33,90.90,28711000,,
2024-09-23,92.68,94.80,92.58,93.57,23394100,,
2024-09-24,94.73,95.00,92.76,94.00,23043200,,
2024-09-25,94.16,96.18,93.93,95.77,54762900,,
2024-09-26,113.10,114.80,107.53,109.88,107965900,,
2024-09-27,110.50,110.97,107.03,107.50,42960200,,
2024-09-30,106.08,106.75,102.26,103.71,39544700,,
2024-10-01,103.40,104.20,98.94,100.31,34309800,,
2024-10-02,100.59,102.12,99.33,99.85,26334900,,
2024-10-03,99.47,102.53,99.40,101.82,22176700,,
2024-10-04,103.65,104.24,101.40,102.25,21911200,,
2024-10-07,102.16,104.59,100.81,102.91,21749300,0.115,
2024-10-08,102.18,102.94,101.26,102.54,18858300,,
2024-10-09,102.25,102.29,100.32,101.70,18442700,,
2024-10-10,101.37,106.58,100.85,105.69,27605600,,
2024-10-11,105.04,107.65,104.99,106.92,19133900,,
2024-10-14,107.81,108.71,106.80,108.34,15021900,,
2024-10-15,107.86,109.49,102.71,104.32,23419100,,
2024-10-16,106.02,109.63,105.61,109.24,20450900,,
2024-10-17,111.34,114.14,111.01,112.05,26584800,,
2024-10-18,111.75,112.90,109.86,111.15,16700400,,
2024-10-21,111.10,111.14,107.69,109.08,14829400,,
2024-10-22,108.24,108.52,106.37,107.82,13758100,,
2024-10-23,106.56,107.10,103.54,105.05,15174700,,
2024-10-24,106.78,107.53,105.55,106.85,13206300,,
2024-10-25,108.34,109.88,107.72,107.91,12265000,,
2024-10-28,106.78,108.18,106.32,106.39,12381000,,
2024-10-29,106.59,108.75,105.60,108.18,15164600,,
2024-10-30,106.26,106.80,103.64,104.08,14321800,,
2024-10-31,102.20,102.49,99.07,99.65,19830300,,
2024-11-01,100.00,100.61,99.37,99.73,13623400,,
2024-11-04,101.50,103.79,101.00,101.73,15765800,,
2024-11-05,102.00,105.62,101.79,105.49,12071900,,
2024-11-06,108.38,112.32,107.00,111.83,20304500,,
2024-11-07,112.56,113.86,111.37,113.41,13569800,,
2024-11-08,112.14,114.30,110.57,111.90,13045700,,
2024-11-11,110.95,111.51,106.77,108.65,14479700,,
2024-11-12,105.00,105.09,102.07,104.10,21859700,,
2024-11-13,102.80,103.34,99.82,99.92,18416200,,
2024-11-14,101.29,102.29,98.56,99.18,18459700,,
2024-11-15,97.55,98.20,95.64,96.34,18518300,,
2024-11-18,96.55,98.07,95.53,97.51,14236400,,
2024-11-19,97.00,98.18,96.51,97.73,14160300,,
2024-11-20,97.98,98.53,96.53,98.37,10490600,,
2024-11-21,100.10,103.29,98.06,102.76,18915200,,
2024-11-22,102.36,103.71,101.65,102.64,12063700,,
2024-11-25,103.85,106.40,103.81,104.48,22837900,,
2024-11-26,104.00,104.72,100.31,101.80,19275700,,
2024-11-27,100.94,101.04,96.64,98.20,17046400,,
2024-11-29,97.24,98.20,96.10,97.95,13729400,,
2024-12-02,97.60,100.09,97.53,98.55,16525600,,
2024-12-03,101.12,103.68,99.63,99.84,23479700,,
2024-12-04,100.77,103.41,99.80,103.20,16306200,,
2024-12-05,103.88,104.25,100.61,100.87,13448900,,
2024-12-06,100.88,102.19,100.03,101.17,12381000,,
2024-12-09,100.65,104.50,100.37,102.82,14141900,,
2024-12-10,104.96,105.00,97.27,98.10,23548500,,
2024-12-11,99.50,102.66,98.30,102.06,15248400,,
2024-12-12,101.40,101.98,97.76,98.24,19334900,,
2024-12-13,100.77,103.20,99.67,102.50,23926000,,
2024-12-16,105.61,111.13,104.54,108.26,42741200,,
2024-12-17,109.75,110.49,107.68,108.60,35811500,,
2024-12-18,110.25,112.04,102.73,103.90,63024300,,
2024-12-19,90.08,91.00,84.61,87.09,91396800,,
2024-12-20,85.41,90.25,83.54,90.12,49578400,,
2024-12-23,90.00,91.10,88.40,89.72,26041500,,
2024-12-24,89.58,89.70,88.23,89.28,13021300,,
2024-12-26,88.50,90.63,88.10,89.82,14468200,,
2024-12-27,89.00,89.49,87.58,88.63,19422600,,
2024-12-30,86.99,87.05,84.58,85.31,22022900,0.115,
2024-12-31,85.44,86.40,84.09,84.16,18691500,,
2025-01-02,84.98,87.65,84.74,87.33,18860000,,
2025-01-03,87.95,90.20,87.51,89.87,17484600,,
2025-01-06,95.57,101.52,95.48,99.26,42903300,,
2025-01-07,103.41,106.74,101.16,101.91,53570000,,
2025-01-08,102.82,103.48,98.30,99.41,33516900,,
2025-01-10,98.12,100.78,96.87,99.34,20512600,,
2025-01-13,95.84,96.00,92.88,95.06,22699100,,
2025-01-14,97.05,97.41,95.38,97.36,18613400,,
2025-01-15,99.44,103.93,99.35,103.19,27568100,,
2025-01-16,104.32,104.80,101.87,102.60,16243800,,
2025-01-17,104.64,105.88,102.50,105.75,18908900,,
2025-01-21,105.43,110.24,105.23,109.38,23533600,,
2025-01-22,109.17,110.67,107.76,109.23,20004300,,
2025-01-23,104.79,106.18,103.35,104.84,22677600,,
2025-01-24,105.50,105.72,102.72,103.19,19743800,,
2025-01-27,94.86,96.10,88.36,91.11,50696200,,
2025-01-28,92.61,93.45,88.04,88.25,34793600,,
2025-01-29,89.88,90.45,87.76,89.01,25342800,,
2025-01-30,90.66,93.16,90.30,92.50,22497100,,
2025-01-31,91.65,94.27,91.14,91.24,20492100,,
2025-02-03,88.65,91.40,88.02,89.92,18607900,,
2025-02-04,89.05,91.45,88.80,90.66,12827500,,
2025-02-05,90.39,93.65,90.22,93.60,15660000,,
2025-02-06,94.88,96.61,93.58,94.54,16141100,,
2025-02-07,95.59,95.93,91.59,92.30,15602800,,
2025-02-10,93.19,96.26,93.17,95.93,16217900,,
2025-02-11,94.25,95.84,93.56,94.08,12124000,,
2025-02-12,89.60,92.64,87.35,91.68,22874700,,
2025-02-13,92.06,96.07,92.02,95.66,16579900,,
2025-02-14,98.41,100.70,98.00,99.52,21284500,,
2025-02-18,102.64,107.88,102.05,106.79,29641900,,
2025-02-19,105.76,107.19,103.62,104.36,17875900,,
2025-02-20,103.98,104.85,102.34,103.18,14488000,,
2025-02-21,103.64,103.66,97.75,98.84,18650800,,
2025-02-24,100.22,100.70,95.28,95.41,14883700,,
2025-02-25,95.50,95.93,92.76,93.22,18608200,,
2025-02-26,96.00,99.72,95.50,97.71,21335200,,
2025-02-27,97.84,99.89,91.49,91.82,22386300,,
2025-02-28,91.00,94.46,89.87,93.63,23359100,,
2025-03-03,95.81,96.20,89.39,90.54,20281800,,
2025-03-04,90.20,93.59,86.80,91.20,23611500,,
2025-03-05,92.15,95.05,90.43,94.34,14010300,,
2025-03-06,90.93,93.29,89.03,89.27,18708100,,
2025-03-07,90.29,93.34,89.49,92.96,19133900,,
2025-03-10,89.59,91.37,85.76,87.08,21897900,,
2025-03-11,87.90,91.10,86.07,89.05,21962100,,
2025-03-12,92.47,96.99,92.24,95.64,23584700,,
2025-03-13,94.25,98.12,94.00,94.88,18824700,,
2025-03-14,98.75,102.78,98.75,100.79,24623600,,
2025-03-17,101.06,104.45,100.96,103.11,17095100,,
2025-03-18,101.90,103.31,100.29,101.72,18434100,,
2025-03-19,100.82,103.60,100.49,102.06,16633100,,
2025-03-20,101.58,104.69,101.35,103.00,29204400,,
2025-03-21,98.20,98.50,93.70,94.72,63239600,,
2025-03-24,96.10,98.42,95.33,96.94,35406600,,
2025-03-25,96.18,96.38,93.25,94.18,22191700,,
2025-03-26,96.00,96.64,90.97,92.13,27107200,,
2025-03-27,91.09,92.21,89.61,91.16,15658700,,
2025-03-28,90.47,90.89,87.60,88.44,17118000,,
2025-03-31,86.00,87.09,84.10,86.89,21089500,0.115,
2025-04-01,88.53,88.89,86.25,88.71,15337100,,
2025-04-02,87.13,89.93,86.70,88.60,14520400,,
2025-04-03,82.92,83.35,74.21,74.34,44839500,,
2025-04-04,70.65,71.34,63.86,64.72,50737700,,
2025-04-07,63.94,72.46,61.54,68.37,50181800,,
2025-04-08,71.60,72.97,63.52,65.54,40822100,,
2025-04-09,66.20,78.56,63.70,77.87,63132600,,
2025-04-10,72.50,73.05,67.50,70.05,44882300,,
2025-04-11,69.04,70.17,66.83,69.55,30807800,,
2025-04-14,74.67,74.78,69.97,71.02,32634700,,
2025-04-15,71.12,72.80,70.55,71.04,19132700,,
2025-04-16,67.93,70.45,67.17,69.33,28475000,,
2025-04-17,70.44,70.48,67.00,68.80,20694100,,
2025-04-21,67.76,68.00,65.65,66.74,19826100,,
2025-04-22,67.54,70.40,67.44,70.21,20351200,,
2025-04-23,73.69,75.40,72.50,72.93,26385500,,
2025-04-24,74.57,77.59,73.60,77.42,23875600,,
2025-04-25,77.55,80.30,76.90,79.78,19746200,,
2025-04-28,78.77,79.61,76.92,78.56,16882400,,
2025-04-29,77.94,78.19,76.47,76.88,17098000,,
2025-04-30,73.62,77.15,73.50,76.95,19779300,,
2025-05-01,79.40,79.89,77.64,77.77,15349200,,
2025-05-02,79.58,81.67,79.10,80.72,18899700,,
2025-05-05,79.41,81.15,79.05,80.42,12513600,,
2025-05-06,79.04,81.22,78.54,80.51,13173800,,
2025-05-07,80.99,82.87,80.20,82.62,14889700,,
2025-05-08,84.25,86.21,83.36,85.15,17580500,,
2025-05-09,85.57,86.27,84.68,85.86,13017600,,
2025-05-12,92.81,94.20,91.95,92.29,27765300,,
2025-05-13,92.55,97.41,92.55,96.93,28009100,,
2025-05-14,96.30,97.65,94.32,95.32,28044400,,
2025-05-15,94.01,95.61,92.17,95.45,24196100,,
2025-05-16,95.90,98.19,95.70,98.00,22609300,,
2025-05-19,95.71,99.02,95.70,98.65,14380100,,
2025-05-20,97.92,98.63,96.97,98.10,12331300,,
2025-05-21,97.16,98.82,95.26,95.84,15764300,,
2025-05-22,95.41,97.22,94.37,94.83,13245200,,
2025-05-23,92.26,93.84,90.93,93.37,16545000,,
2025-05-27,95.18,96.70,94.19,96.38,17612600,,
2025-05-28,96.70,97.21,95.60,96.18,10500300,,
2025-05-29,98.59,99.63,96.11,96.80,14628700,,
2025-05-30,96.04,96.61,92.22,94.46,23758200,,
2025-06-02,94.58,99.24,94.40,98.18,16850300,,
2025-06-03,98.36,102.93,96.96,102.25,22757600,,
2025-06-04,102.38,103.91,101.70,103.25,14595900,,
2025-06-05,106.30,109.03,105.53,106.29,28833700,,
2025-06-06,108.08,111.05,108.04,108.56,20710100,,
2025-06-09,109.51,112.53,108.58,110.95,20159700,,
2025-06-10,111.53,114.92,111.23,114.14,22949400,,
2025-06-11,115.60,117.26,114.73,116.03,21614100,,
2025-06-12,114.11,116.48,113.52,116.18,17076500,,
2025-06-13,113.80,117.10,113.66,115.60,17453000,,
2025-06-16,117.81,120.96,117.32,119.84,21374100,,
2025-06-17,119.60,123.51,119.35,120.34,20837700,,
2025-06-18,120.46,122.98,120.18,121.82,20180000,,
2025-06-20,122.77,124.16,120.38,123.60,29290400,,
2025-06-23,123.67,124.51,119.81,122.08,23399200,,
2025-06-24,125.11,128.10,124.96,127.91,26420600,,
2025-06-25,126.61,127.50,125.62,127.25,39407000,,
2025-06-26,129.53,129.85,123.79,126.00,62678100,,
2025-06-27,125.14,127.54,123.39,124.76,36888600,,
2025-06-30,124.90,125.08,121.85,123.25,22799700,,
2025-07-01,122.35,123.99,119.08,120.89,24825800,,
2025-07-02,120.50,123.00,118.06,121.74,29303800,,
2025-07-03,122.33,123.63,121.83,122.29,13247900,,
2025-07-07,121.18,121.51,118.91,119.92,19148400,0.115,
2025-07-08,122.45,125.45,121.95,124.42,26238200,,
2025-07-09,124.82,126.15,121.28,122.24,20464000,,
2025-07-10,124.28,124.35,122.02,123.11,15378400,,
2025-07-11,122.13,124.81,121.24,124.53,15820600,,
2025-07-14,120.38,120.44,117.02,118.61,32117700,,
2025-07-15,120.94,121.39,119.12,120.11,24958900,,
2025-07-16,119.03,119.09,114.81,116.43,30614800,,
2025-07-17,113.93,114.20,110.95,113.26,34702400,,
2025-07-18,114.24,114.80,113.28,114.39,19349900,,
2025-07-21,113.59,115.92,112.67,113.23,22189800,,
2025-07-22,112.86,113.00,108.13,109.22,27917600,,
2025-07-23,109.44,110.29,108.88,109.83,17810000,,
2025-07-24,111.06,112.73,110.25,111.73,20293100,,
2025-07-25,110.99,111.50,108.83,111.26,16372300,,
2025-07-28,111.72,112.00,109.86,111.25,12932300,,
2025-07-29,112.05,113.54,110.67,111.96,16653300,,
2025-07-30,112.60,114.89,112.41,114.74,16378800,,
2025-07-31,112.19,112.27,106.94,109.14,29224300,,
2025-08-01,105.49,106.50,103.38,104.88,24003300,,
2025-08-04,106.02,107.88,105.46,107.77,14780600,,
2025-08-05,109.30,110.64,106.83,109.06,17836000,,
2025-08-06,107.90,108.96,106.75,108.78,13021900,,
2025-08-07,114.14,115.28,110.79,111.87,18986500,,
2025-08-08,112.17,119.33,111.67,118.89,28962200,,
2025-08-11,124.97,127.28,121.65,123.72,35065800,,
2025-08-12,124.70,128.55,123.04,127.75,25961200,,
2025-08-13,127.58,128.60,123.35,124.27,18438200,,
2025-08-14,123.20,125.74,121.40,125.29,12235900,,
2025-08-15,123.17,123.38,119.44,120.87,18986700,,
2025-08-18,121.35,123.68,120.66,123.55,12208800,,
2025-08-19,122.94,124.24,121.31,122.05,11491200,,
2025-08-20,118.70,118.91,113.46,117.21,25795000,,
2025-08-21,117.00,117.73,115.61,115.79,13174900,,
2025-08-22,117.65,120.70,116.51,117.68,17038300,,
2025-08-25,117.68,118.08,116.10,116.42,8674800,,
2025-08-26,116.09,118.36,115.81,116.50,12584300,,
2025-08-27,116.85,118.73,116.44,117.75,15349300,,
2025-08-28,118.88,122.57,118.73,122.00,17295500,,
2025-08-29,122.60,122.77,118.06,119.01,16774000,,
2025-09-02,115.86,118.56,114.25,118.48,13771900,,
2025-09-03,119.36,119.44,117.30,118.72,14101300,,
2025-09-04,118.85,124.41,118.52,124.21,18589100,,
2025-09-05,127.77,131.41,125.66,131.37,28416000,,
2025-09-08,130.55,132.26,128.40,131.46,19492600,,
2025-09-09,131.76,138.00,131.56,135.24,20705000,,
2025-09-10,140.02,142.24,138.34,140.00,25791300,,
2025-09-11,147.72,156.26,147.61,150.57,52446400,,
2025-09-12,153.55,158.28,153.21,157.23,32288300,,
2025-09-15,156.96,160.34,156.55,157.77,20101400,,
2025-09-16,157.98,159.56,157.17,158.82,16911600,,
2025-09-17,157.41,160.59,155.26,159.99,18843600,,
2025-09-18,162.99,170.45,162.60,168.89,28212800,,
2025-09-19,162.75,163.70,159.38,162.73,37309900,,
2025-09-22,164.38,167.26,161.59,164.62,25851200,,
2025-09-23,165.68,168.99,165.23,166.41,43316500,,
2025-09-24,165.08,166.00,158.30,161.71,57096400,,
2025-09-25,157.39,158.95,154.65,156.83,32209200,,
2025-09-26,158.52,158.92,155.18,157.27,24045000,,
2025-09-29,160.00,165.80,159.97,163.90,26506500,,
2025-09-30,164.11,168.95,163.96,167.32,20092500,,
2025-10-01,165.60,182.39,165.50,182.15,41674800,,
2025-10-02,184.96,186.18,181.21,183.75,25122200,,
2025-10-03,185.21,191.85,184.92,187.83,29399300,0.115,
2025-10-06,195.01,201.00,189.43,190.96,36392300,,
2025-10-07,194.85,195.30,183.24,185.69,27828200,,
2025-10-08,188.99,196.95,188.80,196.54,26833900,,
2025-10-09,192.97,196.62,189.50,192.33,19721500,,
2025-10-10,192.96,193.44,179.61,181.60,26990300,,
2025-10-13,190.79,193.40,187.99,192.77,20928400,,
2025-10-14,186.96,192.46,186.25,187.06,15912400,,
2025-10-15,192.48,192.88,187.42,191.94,17793100,,
2025-10-16,199.96,206.34,195.20,202.53,42041300,,
2025-10-17,199.28,203.39,195.55,202.38,23283100,,
2025-10-20,209.66,214.75,205.50,206.77,23268400,,
2025-10-21,204.30,205.87,200.84,202.29,13717300,,
2025-10-22,202.25,205.58,192.40,198.47,21949800,,
2025-10-23,196.70,209.00,195.20,206.71,19397900,,
2025-10-24,212.39,219.82,209.98,219.02,25821800,,
2025-10-27,224.81,224.98,215.74,220.10,23873100,,
2025-10-28,218.93,222.90,217.56,221.91,14957500,,
2025-10-29,229.06,232.40,226.10,226.63,23217300,,
2025-10-30,226.10,227.40,220.74,224.01,14795100,,
2025-10-31,227.75,231.25,218.82,223.77,16320000,,
2025-11-03,233.88,237.62,231.80,234.70,21199300,,
2025-11-04,222.14,228.67,217.40,218.03,23696200,,
2025-11-05,225.67,239.88,224.73,237.50,28617400,,
2025-11-06,237.84,246.41,234.88,238.33,32016800,,
2025-11-07,234.03,242.55,226.40,237.92,30613800,,
2025-11-10,247.96,257.07,247.81,253.30,27870600,,
2025-11-11,248.34,249.99,238.79,241.11,22622500,,
2025-11-12,244.90,249.19,240.84,244.90,17263100,,
2025-11-13,243.60,249.50,230.16,236.95,32324600,,
2025-11-14,231.45,255.17,231.23,246.83,36171100,,
2025-11-17,246.92,260.58,239.46,241.95,30304400,,
2025-11-18,235.48,238.93,225.52,228.50,33843900,,
2025-11-19,226.91,234.35,216.36,225.92,35256600,,
2025-11-20,230.24,230.60,199.60,201.37,47420700,,
2025-11-21,204.53,212.00,192.59,207.37,36679700,,
2025-11-24,213.41,226.11,212.36,223.93,33052800,,
2025-11-25,219.22,226.19,216.00,224.53,17441600,,
2025-11-26,229.62,233.83,226.00,230.26,17817600,,
2025-11-28,235.62,238.10,233.47,236.48,12914700,,
2025-12-01,232.29,242.36,231.50,240.46,18238200,,
2025-12-02,238.75,244.37,234.33,239.49,18166200,,
2025-12-03,236.39,237.80,228.09,234.16,19188200,,
2025-12-04,230.28,234.16,223.33,226.65,23513900,,
2025-12-05,228.95,240.57,226.69,237.22,21161000,,
2025-12-08,243.49,249.23,241.61,246.92,20495400,,
2025-12-09,244.49,255.51,242.83,252.42,17067100,,
2025-12-10,255.13,264.75,250.58,263.71,21960700,,
2025-12-11,261.53,262.85,251.55,258.46,18867000,,
2025-12-12,255.67,255.82,239.32,241.14,25936900,,
2025-12-15,247.11,250.11,236.00,237.50,27483600,,
2025-12-16,235.80,239.40,230.58,232.51,22577300,,
2025-12-17,236.56,237.45,221.69,225.52,41957100,,
2025-12-18,256.53,263.65,245.00,248.55,65006100,,
2025-12-19,251.75,268.38,251.75,265.92,62312100,,
2025-12-22,277.15,279.99,268.29,276.59,30961900,,
2025-12-23,275.92,281.86,272.32,276.27,20767600,,
2025-12-24,278.00,289.30,277.25,286.68,18592600,,
2025-12-26,290.84,290.87,283.42,284.79,17878500,,
2025-12-29,280.33,294.50,278.50,294.37,26642900,0.115,
2025-12-30,294.70,298.83,292.01,292.63,23056400,,
2025-12-31,293.17,293.17,284.18,285.41,17573800,,
2026-01-02,295.13,315.60,294.86,315.42,42604300,,
2026-01-05,325.13,325.53,309.55,312.15,34608600,,
2026-01-06,318.28,344.55,318.06,343.43,48732400,,
2026-01-07,340.71,346.30,337.18,339.55,32781100,,
2026-01-08,342.90,343.66,321.36,327.02,33897700,,
2026-01-09,332.75,345.80,326.19,345.09,33387500,,
2026-01-12,340.55,348.47,339.32,345.87,23152600,,
2026-01-13,346.27,351.23,335.22,338.13,23881300,,
2026-01-14,334.84,339.10,328.20,333.35,20277200,,
2026-01-15,345.33,347.77,336.27,336.63,25370200,,
2026-01-16,353.10,365.81,352.04,362.75,47901900,,
2026-01-20,364.68,381.56,361.35,365.00,49744900,,
2026-01-21,372.85,394.20,366.73,389.11,56712800,,
2026-01-22,396.64,397.78,376.92,397.58,39607600,,
2026-01-23,397.16,412.43,390.74,399.65,35404200,,
2026-01-26,395.50,398.00,384.30,389.09,29193900,,
2026-01-27,404.61,416.45,399.60,410.24,36212100,,
2026-01-28,422.44,438.94,417.00,435.28,42725700,,
2026-01-29,439.37,444.71,417.70,435.79,42675700,,
2026-01-30,446.47,455.50,407.13,414.88,51022900,,
2026-02-02,412.18,442.43,410.00,437.80,37771200,,
2026-02-03,442.16,442.30,407.53,419.44,42763300,,
2026-02-04,410.59,413.00,363.90,379.40,58074900,,
2026-02-05,369.62,390.93,366.00,382.89,38899500,,
2026-02-06,377.97,396.65,372.87,394.69,37196000,,
2026-02-09,380.69,391.81,370.68,383.50,31009600,,
2026-02-10,375.99,382.79,366.06,373.25,35433800,,
2026-02-11,395.39,414.16,386.57,410.34,48475000,,
2026-02-12,422.25,438.77,411.16,413.97,45639100,,
2026-02-13,405.19,420.88,392.71,411.66,33807600,,
2026-02-17,400.95,413.66,395.30,399.78,28549500,,
2026-02-18,399.50,427.85,394.60,420.95,32306600,,
2026-02-19,415.81,420.32,407.74,417.35,21651300,,
2026-02-20,415.18,430.57,415.15,428.17,29894900,,
2026-02-23,422.31,431.70,415.30,420.97,25426600,,
2026-02-24,429.22,436.27,411.28,418.01,33389200,,
2026-02-25,426.50,436.89,423.00,429.00,27296300,,
2026-02-26,424.84,434.00,401.96,415.56,35433500,,
2026-02-27,401.81,417.96,401.18,412.37,28653900,,
2026-03-02,401.47,417.61,397.00,412.67,30049200,,
2026-03-03,386.55,390.09,374.55,379.68,39010900,,
2026-03-04,393.64,407.88,387.61,400.77,32644900,,
2026-03-05,398.60,404.53,380.30,397.05,29960100,,
2026-03-06,380.14,391.18,367.45,370.30,34458800,,
2026-03-09,363.96,390.00,357.67,389.32,35547200,,
2026-03-10,394.01,415.31,393.64,403.11,33745400,,
2026-03-11,410.77,422.75,405.79,418.69,30191400,,
2026-03-12,410.00,413.73,396.67,405.35,31720900,,
2026-03-13,413.75,429.35,413.00,426.13,39261000,,
2026-03-16,446.16,454.86,437.75,441.80,43067600,,
2026-03-17,452.54,462.73,445.14,461.69,43017900,,
2026-03-18,464.76,471.34,458.30,461.73,58973700,,
2026-03-19,424.97,457.22,421.11,444.27,74591900,,
2026-03-20,443.92,449.10,415.36,422.90,64224900,,
2026-03-23,426.15,444.27,401.52,404.35,54807300,,
2026-03-24,401.28,404.98,388.91,395.53,44975100,,
2026-03-25,383.00,388.92,371.38,382.09,55328700,,
2026-03-26,370.02,374.25,350.00,355.46,54515900,,
2026-03-27,359.86,368.70,354.06,357.22,45806700,,
2026-03-30,362.66,362.81,318.40,321.80,73833200,0.15,
2026-03-31,321.67,337.84,311.49,337.84,73551800,,
2026-04-01,348.91,377.89,343.00,367.85,74429800,,
2026-04-02,341.34,366.94,340.20,366.24,51498700,,
2026-04-06,373.80,385.08,370.61,377.76,41414900,,
2026-04-07,374.13,379.25,364.10,377.58,40224100,,
2026-04-08,415.13,416.00,398.88,406.73,49216600,,
2026-04-09,407.61,423.94,398.44,421.51,43101000,,
2026-04-10,420.29,423.86,410.05,420.59,36377600,,
2026-04-13,416.47,426.88,408.50,426.56,37015800,,
2026-04-14,434.35,465.78,424.86,465.66,52534900,,
2026-04-15,457.63,463.95,439.32,456.23,40370100,,
2026-04-16,452.96,462.34,444.38,457.23,33626400,,
2026-04-17,466.85,470.97,452.20,455.07,33405000,,
2026-04-20,458.25,464.56,435.90,448.42,32013600,,
2026-04-21,451.32,457.82,441.30,449.38,27734000,,
2026-04-22,462.93,491.98,458.56,487.48,45998100,,
2026-04-23,482.28,493.62,471.80,481.72,38178000,,
2026-04-24,495.92,506.99,489.36,496.72,35379600,,
2026-04-27,510.56,531.36,510.02,524.56,41298800,,
2026-04-28,503.54,518.83,488.23,504.29,44816600,,
2026-04-29,526.00,531.02,508.80,518.46,36248500,,
2026-04-30,529.74,535.50,502.58,517.16,36554400,,
2026-05-01,511.78,545.91,510.21,542.21,40215300,,
2026-05-04,560.60,592.80,557.76,576.45,46043700,,
2026-05-05,609.78,651.74,605.47,640.20,64268500,,
2026-05-06,660.37,667.67,627.58,666.59,55725800,,
2026-05-07,649.83,683.09,635.42,646.63,47527500,,
2026-05-08,676.45,747.21,676.21,746.81,65130900,,
2026-05-11,792.98,818.67,768.00,795.33,70972900,,
2026-05-12,774.70,782.76,706.60,766.58,73743000,,
2026-05-13,813.16,814.95,779.47,803.63,54875100,,
2026-05-14,787.62,812.00,775.63,776.01,42142700,,
2026-05-15,732.57,749.59,719.00,724.66,48519000,,
2026-05-18,750.46,757.00,663.25,681.54,60042500,,
2026-05-19,665.58,725.95,652.21,698.74,61792100,,
2026-05-20,734.96,735.68,700.66,731.99,48827400,,
2026-05-21,736.36,764.90,732.20,762.10,42461500,,
2026-05-22,756.82,780.20,747.20,751.00,36002900,,
2026-05-26,820.50,916.80,820.30,895.88,76560800,,
2026-05-27,955.66,956.16,888.15,928.41,72295700,,
2026-05-28,929.83,949.49,904.78,923.52,49694300,,
2026-05-29,957.00,981.00,940.51,971.00,60498600,,
2026-06-01,1009.72,1046.97,1009.50,1035.50,46552100,,
2026-06-02,1050.00,1076.56,1017.20,1064.10,47555400,,
2026-06-03,1079.01,1089.29,1038.50,1079.57,40324200,,
2026-06-04,1007.10,1036.37,971.68,996.00,54917200,,
2026-06-05,944.40,961.89,864.01,864.01,77250500,,
2026-06-08,938.27,962.95,916.50,949.28,54097800,,
2026-06-09,988.18,989.15,854.35,935.89,73448600,,
2026-06-10,905.13,957.48,883.25,891.88,55712600,,
2026-06-11,904.37,996.77,895.50,995.87,59418900,,
2026-06-12,971.81,1012.62,960.19,981.61,40785200,,
2026-06-15,1055.89,1097.47,1051.50,1087.99,44994600,,
2026-06-16,1099.70,1110.40,1020.00,1020.76,45499800,,
2026-06-17,1061.30,1093.67,1014.14,1043.19,46149200,,
2026-06-18,1108.07,1149.43,1092.79,1133.99,64642500,,
2026-06-22,1196.22,1213.56,1168.57,1211.38,53140800,,
2026-06-23,1080.00,1125.00,1038.50,1051.77,60243300,,
2026-06-24,1082.22,1083.32,991.10,1048.51,68935700,,
2026-06-25,1233.00,1255.00,1136.31,1213.56,82143900,,
2026-06-26,1139.08,1198.71,1121.36,1132.33,86405300,,
2026-06-29,1128.70,1148.79,1023.65,1145.28,60694100,,
2026-06-30,1144.73,1168.68,1124.66,1154.29,42152600,,
2026-07-01,1082.01,1097.00,1032.20,1032.28,51328100,,
2026-07-02,1041.50,1064.64,950.28,975.56,61316900,,
2026-07-06,1007.00,1019.00,980.85,984.75,37115800,0.15,
2026-07-07,923.01,942.02,891.66,938.38,52367500,,
2026-07-08,902.64,959.00,900.41,948.80,42979000,,
2026-07-09,1016.51,1035.50,987.13,991.64,41110700,,
2026-07-10,964.98,998.00,954.13,979.30,31768100,,
2026-07-13,929.00,943.50,902.60,937.00,35536200,,
2026-07-14,988.38,994.80,950.07,983.12,30835200,,
2026-07-15,975.81,978.40,873.63,904.28,54779200,,
2026-07-16,866.77,887.71,840.51,853.20,46718000,,
2026-07-17,822.53,903.96,804.00,848.95,63346300,,
2026-07-20,885.57,901.00,858.90,865.46,37705200,,
2026-07-21,925.35,982.88,916.57,970.82,49369000,,
2026-07-22,938.25,982.62,936.06,959.48,31588600,,
2026-07-23,975.13,1011.77,964.40,990.21,40196300,,
2026-07-24,959.03,967.14,904.00,920.95,40803100,,
2026-07-27,932.45,935.00,854.79,900.20,47591200,,
2026-07-28,839.61,848.36,789.09,820.53,61039300,,
2026-07-29,833.00,841.80,737.88,739.00,69846000,,
2026-07-30,793.14,882.50,789.00,874.66,63075300,,
2026-07-31,919.65,930.88,818.00,823.03,54538600,,
2026-08-03,786.36,836.62,770.10,829.50,42607100,,
2026-08-04,866.82,902.43,858.50,892.67,37478600,,
2026-08-05,885.30,928.98,881.20,893.19,34288700,,
