date,open,high,low,close,volume,div,split
2016-08-04,1.41,1.44,1.41,1.43,272712000,,
2016-08-05,1.45,1.46,1.44,1.46,371588000,,
2016-08-08,1.48,1.48,1.45,1.47,305064000,,
2016-08-09,1.48,1.49,1.47,1.47,372344000,,
2016-08-10,1.49,1.49,1.46,1.46,375740000,,
2016-08-11,1.47,1.50,1.47,1.49,681064000,,
2016-08-12,1.55,1.58,1.52,1.58,1425744000,,
2016-08-15,1.58,1.59,1.55,1.57,573304000,,
2016-08-16,1.57,1.57,1.56,1.56,287652000,,
2016-08-17,1.56,1.57,1.52,1.53,595212000,,
2016-08-18,1.53,1.55,1.52,1.55,331684000,,
2016-08-19,1.55,1.57,1.54,1.56,291560000,,
2016-08-22,1.56,1.57,1.54,1.56,244748000,,
2016-08-23,1.58,1.58,1.57,1.57,339764000,0.002875,
2016-08-24,1.58,1.58,1.54,1.55,298448000,,
2016-08-25,1.55,1.55,1.52,1.54,406032000,,
2016-08-26,1.54,1.56,1.53,1.55,300024000,,
2016-08-29,1.56,1.56,1.55,1.55,274652000,,
2016-08-30,1.55,1.56,1.54,1.54,285544000,,
2016-08-31,1.54,1.55,1.53,1.53,388544000,,
2016-09-01,1.53,1.58,1.53,1.58,428492000,,
2016-09-02,1.58,1.58,1.55,1.56,323148000,,
2016-09-06,1.57,1.58,1.56,1.58,306812000,,
2016-09-07,1.57,1.58,1.55,1.55,397988000,,
2016-09-08,1.55,1.57,1.54,1.57,315808000,,
2016-09-09,1.55,1.56,1.48,1.49,697760000,,
2016-09-12,1.47,1.52,1.43,1.52,598260000,,
2016-09-13,1.51,1.53,1.49,1.50,471768000,,
2016-09-14,1.50,1.51,1.49,1.51,319048000,,
2016-09-15,1.51,1.57,1.51,1.57,515212000,,
2016-09-16,1.57,1.58,1.55,1.57,902444000,,
2016-09-19,1.59,1.63,1.58,1.59,417128000,,
2016-09-20,1.61,1.61,1.57,1.58,331112000,,
2016-09-21,1.58,1.62,1.58,1.62,336212000,,
2016-09-22,1.63,1.64,1.62,1.63,308732000,,
2016-09-23,1.63,1.63,1.62,1.62,276132000,,
2016-09-26,1.61,1.61,1.59,1.61,230040000,,
2016-09-27,1.60,1.67,1.60,1.66,402752000,,
2016-09-28,1.67,1.67,1.65,1.67,319788000,,
2016-09-29,1.67,1.69,1.65,1.69,336684000,,
2016-09-30,1.69,1.73,1.68,1.71,429932000,,
2016-10-03,1.71,1.74,1.71,1.71,242596000,,
2016-10-04,1.71,1.74,1.69,1.71,281624000,,
2016-10-05,1.72,1.74,1.70,1.71,305440000,,
2016-10-06,1.69,1.70,1.66,1.68,360212000,,
2016-10-07,1.69,1.70,1.67,1.67,286260000,,
2016-10-10,1.68,1.69,1.66,1.68,287876000,,
2016-10-11,1.67,1.67,1.64,1.65,388540000,,
2016-10-12,1.65,1.67,1.63,1.66,419920000,,
2016-10-13,1.64,1.65,1.59,1.63,390116000,,
2016-10-14,1.65,1.67,1.64,1.65,330636000,,
2016-10-17,1.65,1.67,1.64,1.64,195328000,,
2016-10-18,1.66,1.67,1.66,1.67,269372000,,
2016-10-19,1.65,1.67,1.65,1.66,199060000,,
2016-10-20,1.68,1.70,1.66,1.69,312084000,,
2016-10-21,1.69,1.69,1.67,1.69,279508000,,
2016-10-24,1.70,1.77,1.70,1.77,339836000,,
2016-10-25,1.76,1.81,1.76,1.80,397460000,,
2016-10-26,1.78,1.82,1.78,1.80,333792000,,
2016-10-27,1.82,1.82,1.76,1.77,388664000,,
2016-10-28,1.78,1.80,1.76,1.76,290856000,,
2016-10-31,1.77,1.79,1.77,1.78,252388000,,
2016-11-01,1.79,1.80,1.71,1.73,473224000,,
2016-11-02,1.74,1.76,1.72,1.72,295848000,,
2016-11-03,1.73,1.73,1.67,1.70,309664000,,
2016-11-04,1.69,1.72,1.66,1.69,328780000,,
2016-11-07,1.74,1.79,1.74,1.78,487580000,,
2016-11-08,1.79,1.79,1.76,1.78,429884000,,
2016-11-09,1.73,1.77,1.72,1.75,456532000,,
2016-11-10,1.79,1.79,1.67,1.69,869280000,,
2016-11-11,1.99,2.22,1.96,2.20,2175344000,,
2016-11-14,2.20,2.20,2.09,2.09,1348796000,,
2016-11-15,2.11,2.19,2.10,2.15,626092000,,
2016-11-16,2.18,2.31,2.16,2.29,987984000,,
2016-11-17,2.31,2.37,2.27,2.31,832988000,,
2016-11-18,2.31,2.36,2.29,2.33,576060000,,
2016-11-21,2.35,2.36,2.31,2.32,436436000,,
2016-11-22,2.33,2.34,2.31,2.34,330368000,,
2016-11-23,2.34,2.38,2.32,2.35,443236000,0.0035,
2016-11-25,2.36,2.38,2.34,2.35,195564000,,
2016-11-28,2.35,2.37,2.34,2.35,278736000,,
2016-11-29,2.35,2.36,2.31,2.33,444568000,,
2016-11-30,2.34,2.35,2.30,2.31,440500000,,
2016-12-01,2.30,2.30,2.12,2.19,1035524000,,
2016-12-02,2.16,2.22,2.13,2.21,478292000,,
2016-12-05,2.25,2.32,2.23,2.30,602284000,,
2016-12-06,2.31,2.34,2.29,2.33,498796000,,
2016-12-07,2.32,2.38,2.30,2.38,480804000,,
2016-12-08,2.38,2.42,2.33,2.34,381544000,,
2016-12-09,2.35,2.36,2.27,2.30,382312000,,
2016-12-12,2.25,2.25,2.19,2.24,601332000,,
2016-12-13,2.25,2.31,2.25,2.28,387796000,,
2016-12-14,2.31,2.43,2.29,2.41,983980000,,
2016-12-15,2.42,2.50,2.42,2.47,746548000,,
2016-12-16,2.50,2.52,2.44,2.51,1089528000,,
2016-12-19,2.49,2.56,2.48,2.54,744656000,,
2016-12-20,2.61,2.65,2.60,2.63,848056000,,
2016-12-21,2.64,2.65,2.59,2.65,576136000,,
2016-12-22,2.67,2.72,2.66,2.68,718612000,,
2016-12-23,2.66,2.75,2.66,2.74,647692000,,
2016-12-27,2.80,2.93,2.78,2.93,1194272000,,
2016-12-28,2.99,3.00,2.72,2.73,2295764000,,
2016-12-29,2.62,2.79,2.57,2.79,2175368000,,
2016-12-30,2.78,2.80,2.66,2.67,1212932000,,
2017-01-03,2.61,2.66,2.48,2.55,1501996000,,
2017-01-04,2.58,2.64,2.54,2.61,1199220000,,
2017-01-05,2.61,2.65,2.53,2.54,984296000,,
2017-01-06,2.57,2.61,2.53,2.58,822856000,,
2017-01-09,2.59,2.70,2.59,2.68,916248000,,
2017-01-10,2.70,2.73,2.64,2.66,880920000,,
2017-01-11,2.65,2.65,2.60,2.63,525664000,,
2017-01-12,2.61,2.62,2.54,2.59,625616000,,
2017-01-13,2.59,2.62,2.58,2.59,457820000,,
2017-01-17,2.58,2.58,2.51,2.53,580612000,,
2017-01-18,2.51,2.58,2.48,2.57,654424000,,
2017-01-19,2.58,2.66,2.57,2.63,644872000,,
2017-01-20,2.65,2.67,2.58,2.60,492024000,,
2017-01-23,2.60,2.65,2.59,2.63,369904000,,
2017-01-24,2.64,2.69,2.62,2.68,428052000,,
2017-01-25,2.73,2.73,2.66,2.69,522760000,,
2017-01-26,2.70,2.75,2.67,2.74,458800000,,
2017-01-27,2.75,2.80,2.72,2.79,471996000,,
2017-01-30,2.77,2.78,2.70,2.75,496004000,,
2017-01-31,2.72,2.75,2.71,2.73,362756000,,
2017-02-01,2.76,2.85,2.75,2.85,590004000,,
2017-02-02,2.83,2.89,2.80,2.88,483240000,,
2017-02-03,2.89,2.90,2.85,2.86,372744000,,
2017-02-06,2.85,2.93,2.85,2.93,506768000,,
2017-02-07,2.97,3.02,2.95,2.98,746224000,,
2017-02-08,2.96,2.98,2.91,2.97,449580000,,
2017-02-09,2.97,2.98,2.89,2.91,842568000,,
2017-02-10,3.00,3.02,2.81,2.84,1651092000,,
2017-02-13,2.83,2.85,2.71,2.71,1180724000,,
2017-02-14,2.70,2.75,2.66,2.72,850632000,,
2017-02-15,2.72,2.75,2.69,2.73,373020000,,
2017-02-16,2.73,2.74,2.64,2.68,647176000,,
2017-02-17,2.67,2.69,2.62,2.68,563740000,,
2017-02-21,2.71,2.78,2.71,2.78,551952000,,
2017-02-22,2.79,2.79,2.75,2.77,433772000,0.0035,
2017-02-23,2.64,2.66,2.49,2.51,1592888000,,
2017-02-24,2.43,2.55,2.39,2.54,1029904000,,
2017-02-27,2.56,2.63,2.54,2.61,715400000,,
2017-02-28,2.62,2.63,2.52,2.54,625360000,,
2017-03-01,2.59,2.61,2.53,2.57,504804000,,
2017-03-02,2.56,2.57,2.47,2.48,754332000,,
2017-03-03,2.46,2.47,2.41,2.46,864692000,,
2017-03-06,2.42,2.45,2.38,2.44,883568000,,
2017-03-07,2.44,2.49,2.43,2.47,603400000,,
2017-03-08,2.52,2.53,2.46,2.46,638712000,,
2017-03-09,2.45,2.49,2.44,2.46,478060000,,
2017-03-10,2.49,2.50,2.46,2.48,499740000,,
2017-03-13,2.49,2.56,2.49,2.55,774136000,,
2017-03-14,2.56,2.57,2.51,2.54,522016000,,
2017-03-15,2.56,2.57,2.51,2.56,615036000,,
2017-03-16,2.57,2.60,2.56,2.60,523100000,,
2017-03-17,2.61,2.65,2.60,2.65,1119688000,,
2017-03-20,2.67,2.74,2.65,2.74,748568000,,
2017-03-21,2.72,2.75,2.64,2.65,913484000,,
2017-03-22,2.64,2.71,2.63,2.70,616764000,,
2017-03-23,2.69,2.71,2.67,2.68,533940000,,
2017-03-24,2.72,2.73,2.66,2.69,439500000,,
2017-03-27,2.64,2.71,2.59,2.71,506644000,,
2017-03-28,2.71,2.72,2.68,2.69,432444000,,
2017-03-29,2.70,2.71,2.68,2.68,349992000,,
2017-03-30,2.69,2.75,2.69,2.73,525532000,,
2017-03-31,2.73,2.75,2.71,2.72,440808000,,
2017-04-03,2.72,2.74,2.69,2.71,445232000,,
2017-04-04,2.58,2.61,2.51,2.52,1271280000,,
2017-04-05,2.50,2.56,2.49,2.50,747048000,,
2017-04-06,2.51,2.53,2.46,2.52,635120000,,
2017-04-07,2.53,2.54,2.49,2.51,429068000,,
2017-04-10,2.51,2.52,2.44,2.44,756332000,,
2017-04-11,2.41,2.47,2.41,2.45,618148000,,
2017-04-12,2.45,2.47,2.43,2.43,414092000,,
2017-04-13,2.41,2.43,2.39,2.39,506892000,,
2017-04-17,2.40,2.48,2.40,2.48,497292000,,
2017-04-18,2.47,2.49,2.44,2.48,370116000,,
2017-04-19,2.50,2.52,2.49,2.49,380828000,,
2017-04-20,2.51,2.54,2.49,2.53,404016000,,
2017-04-21,2.52,2.54,2.51,2.54,341896000,,
2017-04-24,2.57,2.59,2.55,2.57,371820000,,
2017-04-25,2.59,2.63,2.57,2.62,388440000,,
2017-04-26,2.63,2.63,2.60,2.60,327004000,,
2017-04-27,2.61,2.65,2.59,2.64,319700000,,
2017-04-28,2.63,2.64,2.60,2.61,348248000,,
2017-05-01,2.62,2.67,2.61,2.67,307732000,,
2017-05-02,2.64,2.64,2.56,2.59,629972000,,
2017-05-03,2.58,2.62,2.56,2.61,336904000,,
2017-05-04,2.61,2.62,2.59,2.60,209788000,,
2017-05-05,2.58,2.60,2.57,2.60,228428000,,
2017-05-08,2.61,2.61,2.56,2.57,365240000,,
2017-05-09,2.58,2.62,2.57,2.57,847672000,,
2017-05-10,2.86,3.05,2.85,3.03,2129096000,,
2017-05-11,3.00,3.26,3.00,3.16,1939792000,,
2017-05-12,3.17,3.24,3.14,3.20,962620000,,
2017-05-15,3.24,3.36,3.23,3.36,1087540000,,
2017-05-16,3.41,3.44,3.33,3.42,1120700000,,
2017-05-17,3.35,3.37,3.19,3.19,1271368000,,
2017-05-18,3.24,3.34,3.18,3.33,1156032000,,
2017-05-19,3.43,3.46,3.38,3.40,1018372000,0.0035,
2017-05-22,3.44,3.49,3.43,3.47,836608000,,
2017-05-23,3.49,3.49,3.39,3.43,681248000,,
2017-05-24,3.52,3.53,3.45,3.46,815996000,,
2017-05-25,3.50,3.50,3.41,3.46,608228000,,
2017-05-26,3.45,3.63,3.43,3.55,779140000,,
2017-05-30,3.59,3.66,3.58,3.62,989652000,,
2017-05-31,3.67,3.67,3.55,3.61,887316000,,
2017-06-01,3.62,3.63,3.56,3.61,503340000,,
2017-06-02,3.61,3.63,3.58,3.59,487456000,,
2017-06-05,3.57,3.71,3.56,3.70,817376000,,
2017-06-06,3.70,3.74,3.67,3.68,758728000,,
2017-06-07,3.71,3.75,3.69,3.73,612612000,,
2017-06-08,3.84,4.00,3.79,4.00,1161744000,,
2017-06-09,4.12,4.21,3.57,3.74,3692928000,,
2017-06-12,3.65,3.79,3.55,3.75,1697532000,,
2017-06-13,3.86,3.87,3.64,3.79,1672504000,,
2017-06-14,3.79,3.85,3.71,3.79,1184640000,,
2017-06-15,3.67,3.84,3.66,3.81,963824000,,
2017-06-16,3.82,3.87,3.76,3.79,924960000,,
2017-06-19,3.84,3.94,3.83,3.93,778176000,,
2017-06-20,3.98,4.04,3.92,3.93,1095444000,,
2017-06-21,3.96,3.99,3.89,3.99,682652000,,
2017-06-22,4.00,4.01,3.94,3.96,469132000,,
2017-06-23,3.97,3.98,3.83,3.85,1088588000,,
2017-06-26,3.88,3.92,3.71,3.80,1063960000,,
2017-06-27,3.79,3.79,3.66,3.66,999492000,,
2017-06-28,3.73,3.80,3.64,3.79,994948000,,
2017-06-29,3.77,3.77,3.60,3.67,1064424000,,
2017-06-30,3.68,3.70,3.59,3.61,731060000,,
2017-07-03,3.63,3.64,3.46,3.48,709072000,,
2017-07-05,3.55,3.61,3.53,3.58,820188000,,
2017-07-06,3.55,3.63,3.49,3.59,746284000,,
2017-07-07,3.64,3.69,3.62,3.67,654972000,,
2017-07-10,3.74,3.85,3.72,3.84,958492000,,
2017-07-11,3.85,3.90,3.80,3.90,757956000,,
2017-07-12,3.96,4.08,3.91,4.06,1145208000,,
2017-07-13,4.08,4.16,3.97,4.02,1369132000,,
2017-07-14,4.03,4.13,4.03,4.12,941948000,,
2017-07-17,4.16,4.19,4.04,4.11,930792000,,
2017-07-18,4.04,4.16,4.03,4.15,776640000,,
2017-07-19,4.16,4.18,4.12,4.13,687044000,,
2017-07-20,4.15,4.19,4.10,4.19,699596000,,
2017-07-21,4.17,4.23,4.15,4.20,648332000,,
2017-07-24,4.21,4.22,4.14,4.15,652524000,,
2017-07-25,4.13,4.15,4.09,4.13,496556000,,
2017-07-26,4.19,4.25,4.15,4.18,640404000,,
2017-07-27,4.21,4.22,3.94,4.04,782856000,,
2017-07-28,4.01,4.13,3.98,4.11,513348000,,
2017-07-31,4.12,4.16,4.02,4.06,559672000,,
2017-08-01,4.05,4.11,4.03,4.11,431384000,,
2017-08-02,4.14,4.15,4.03,4.11,478444000,,
2017-08-03,4.11,4.17,4.09,4.16,442420000,,
2017-08-04,4.18,4.25,4.16,4.18,589096000,,
2017-08-07,4.21,4.31,4.20,4.31,717412000,,
2017-08-08,4.35,4.36,4.22,4.26,755336000,,
2017-08-09,4.21,4.31,4.19,4.30,530784000,,
2017-08-10,4.30,4.32,4.11,4.12,1328088000,,
2017-08-11,3.93,3.98,3.82,3.90,1497196000,,
2017-08-14,3.99,4.21,3.98,4.21,1279020000,,
2017-08-15,4.22,4.24,4.14,4.17,764532000,,
2017-08-16,4.19,4.21,4.10,4.13,596632000,,
2017-08-17,4.12,4.14,4.03,4.04,525444000,,
2017-08-18,4.09,4.11,3.99,4.04,601204000,,
2017-08-21,4.06,4.07,3.93,3.98,623672000,,
2017-08-22,4.01,4.07,3.99,4.06,450456000,0.0035,
2017-08-23,4.03,4.16,4.02,4.14,579520000,,
2017-08-24,4.18,4.18,4.10,4.13,469700000,,
2017-08-25,4.15,4.16,4.09,4.10,357200000,,
2017-08-28,4.11,4.13,4.06,4.12,389496000,,
2017-08-29,4.06,4.14,4.06,4.12,324096000,,
2017-08-30,4.14,4.15,4.11,4.14,384400000,,
2017-08-31,4.16,4.24,4.16,4.24,612684000,,
2017-09-01,4.25,4.30,4.24,4.26,445432000,,
2017-09-05,4.21,4.21,4.09,4.15,695364000,,
2017-09-06,4.18,4.20,4.11,4.15,397672000,,
2017-09-07,4.16,4.20,4.12,4.16,352868000,,
2017-09-08,4.15,4.17,4.07,4.09,498856000,,
2017-09-11,4.14,4.24,4.13,4.22,567444000,,
2017-09-12,4.25,4.25,4.17,4.24,411488000,,
2017-09-13,4.21,4.29,4.18,4.26,580960000,,
2017-09-14,4.22,4.31,4.20,4.24,513712000,,
2017-09-15,4.32,4.50,4.32,4.50,1364792000,,
2017-09-18,4.63,4.78,4.62,4.69,1684460000,,
2017-09-19,4.64,4.75,4.62,4.68,874280000,,
2017-09-20,4.69,4.74,4.61,4.65,724920000,,
2017-09-21,4.54,4.57,4.44,4.52,1075600000,,
2017-09-22,4.51,4.56,4.46,4.47,491232000,,
2017-09-25,4.44,4.45,4.25,4.28,874580000,,
2017-09-26,4.41,4.47,4.26,4.30,1125620000,,
2017-09-27,4.39,4.41,4.32,4.39,713720000,,
2017-09-28,4.40,4.40,4.34,4.39,435244000,,
2017-09-29,4.48,4.49,4.43,4.47,619092000,,
2017-10-02,4.52,4.55,4.42,4.47,503480000,,
2017-10-03,4.48,4.51,4.44,4.48,390332000,,
2017-10-04,4.49,4.54,4.45,4.52,427848000,,
2017-10-05,4.55,4.55,4.49,4.52,437364000,,
2017-10-06,4.49,4.55,4.47,4.53,318800000,,
2017-10-09,4.57,4.67,4.55,4.63,563492000,,
2017-10-10,4.79,4.82,4.68,4.72,974876000,,
2017-10-11,4.74,4.78,4.69,4.77,529508000,,
2017-10-12,4.78,4.83,4.75,4.78,528292000,,
2017-10-13,4.84,4.88,4.79,4.86,628728000,,
2017-10-16,4.89,4.95,4.83,4.95,576640000,,
2017-10-17,4.93,4.97,4.91,4.94,478596000,,
2017-10-18,4.95,4.95,4.83,4.94,567316000,,
2017-10-19,4.86,4.95,4.81,4.95,570772000,,
2017-10-20,4.96,4.99,4.91,4.92,451620000,,
2017-10-23,4.94,4.97,4.89,4.92,428696000,,
2017-10-24,4.92,4.97,4.90,4.97,407244000,,
2017-10-25,4.93,4.98,4.78,4.84,828160000,,
2017-10-26,4.87,4.90,4.85,4.89,322744000,,
2017-10-27,4.95,5.05,4.92,5.05,572192000,,
2017-10-30,5.05,5.15,5.03,5.10,504056000,,
2017-10-31,5.13,5.20,5.12,5.17,411908000,,
2017-11-01,5.23,5.25,5.12,5.18,502576000,,
2017-11-02,5.15,5.20,5.09,5.15,342308000,,
2017-11-03,5.18,5.22,5.13,5.22,353640000,,
2017-11-06,5.18,5.25,5.17,5.24,389944000,,
2017-11-07,5.26,5.32,5.25,5.30,427700000,,
2017-11-08,5.30,5.30,5.18,5.23,522988000,,
2017-11-09,5.13,5.16,5.01,5.13,978564000,,
2017-11-10,5.33,5.47,5.29,5.40,1253256000,,
2017-11-13,5.40,5.43,5.30,5.32,582376000,,
2017-11-14,5.33,5.37,5.28,5.35,529292000,,
2017-11-15,5.30,5.30,5.20,5.25,501948000,,
2017-11-16,5.32,5.36,5.28,5.29,441768000,,
2017-11-17,5.35,5.38,5.27,5.28,515664000,,
2017-11-20,5.30,5.36,5.26,5.35,396100000,,
2017-11-21,5.39,5.41,5.36,5.40,399176000,,
2017-11-22,5.42,5.42,5.34,5.37,356640000,0.00375,
2017-11-24,5.39,5.42,5.37,5.42,180752000,,
2017-11-27,5.43,5.43,5.35,5.35,422896000,,
2017-11-28,5.36,5.37,5.21,5.27,512752000,,
2017-11-29,5.25,5.25,4.78,4.91,1396788000,,
2017-11-30,4.98,5.07,4.92,5.02,823768000,,
2017-12-01,4.98,5.00,4.81,4.94,811548000,,
2017-12-04,5.00,5.01,4.61,4.67,1240844000,,
2017-12-05,4.56,4.82,4.51,4.69,981488000,,
2017-12-06,4.64,4.75,4.62,4.73,467032000,,
2017-12-07,4.80,4.84,4.75,4.80,542600000,,
2017-12-08,4.85,4.87,4.78,4.79,466876000,,
2017-12-11,4.80,4.87,4.79,4.87,372748000,,
2017-12-12,4.82,4.85,4.75,4.77,455016000,,
2017-12-13,4.81,4.81,4.65,4.65,554280000,,
2017-12-14,4.65,4.73,4.62,4.66,438164000,,
2017-12-15,4.71,4.81,4.64,4.79,670036000,,
2017-12-18,4.83,4.95,4.80,4.95,477704000,,
2017-12-19,4.94,4.94,4.87,4.90,373100000,,
2017-12-20,4.94,4.95,4.86,4.92,288820000,,
2017-12-21,4.92,4.95,4.89,4.90,300904000,,
2017-12-22,4.86,4.89,4.78,4.88,466276000,,
2017-12-26,4.83,4.94,4.80,4.94,355080000,,
2017-12-27,4.92,5.00,4.91,4.93,329488000,,
2017-12-28,4.95,4.98,4.93,4.93,240248000,,
2017-12-29,4.96,4.96,4.84,4.84,279964000,,
2018-01-02,4.89,4.99,4.86,4.98,355616000,,
2018-01-03,5.10,5.34,5.09,5.31,914704000,,
2018-01-04,5.39,5.45,5.32,5.34,583268000,,
2018-01-05,5.35,5.42,5.28,5.38,580124000,,
2018-01-08,5.51,5.62,5.46,5.55,881216000,,
2018-01-09,5.56,5.60,5.47,5.55,497000000,,
2018-01-10,5.46,5.60,5.40,5.59,582664000,,
2018-01-11,5.62,5.66,5.58,5.60,406032000,,
2018-01-12,5.59,5.62,5.53,5.57,359916000,,
2018-01-16,5.60,5.69,5.42,5.50,702348000,,
2018-01-17,5.52,5.63,5.42,5.62,538408000,,
2018-01-18,5.60,5.67,5.57,5.61,408632000,,
2018-01-19,5.70,5.78,5.67,5.75,609380000,,
2018-01-22,5.76,5.84,5.70,5.84,550944000,,
2018-01-23,5.90,6.00,5.88,5.97,475228000,,
2018-01-24,5.98,6.01,5.84,5.89,579972000,,
2018-01-25,5.95,5.99,5.89,5.91,409884000,,
2018-01-26,5.95,6.08,5.94,6.08,516356000,,
2018-01-29,6.07,6.20,6.02,6.17,455116000,,
2018-01-30,6.03,6.16,5.96,6.07,570832000,,
2018-01-31,6.14,6.23,6.11,6.14,478576000,,
2018-02-01,5.96,6.17,5.95,6.01,519224000,,
2018-02-02,5.92,5.95,5.78,5.84,718464000,,
2018-02-05,5.67,5.83,5.12,5.34,1165204000,,
2018-02-06,5.11,5.64,5.10,5.64,1114800000,,
2018-02-07,5.74,5.87,5.67,5.72,802932000,,
2018-02-08,5.85,5.88,5.44,5.44,1144000000,,
2018-02-09,5.96,5.97,5.44,5.80,1674604000,,
2018-02-12,5.88,5.89,5.63,5.70,1093172000,,
2018-02-13,5.66,5.86,5.63,5.82,625524000,,
2018-02-14,5.78,6.06,5.76,6.04,744988000,,
2018-02-15,6.12,6.21,6.04,6.16,698900000,,
2018-02-16,6.13,6.25,6.09,6.10,637656000,,
2018-02-20,6.12,6.30,6.12,6.23,686240000,,
2018-02-21,6.29,6.30,6.03,6.04,892292000,,
2018-02-22,6.07,6.14,5.99,6.05,534364000,0.00375,
2018-02-23,6.11,6.15,6.06,6.15,415300000,,
2018-02-26,6.20,6.20,6.10,6.16,469312000,,
2018-02-27,6.14,6.22,6.13,6.15,455436000,,
2018-02-28,6.16,6.20,6.04,6.05,523116000,,
2018-03-01,6.05,6.10,5.70,5.81,1040120000,,
2018-03-02,5.70,5.92,5.55,5.91,913428000,,
2018-03-05,5.86,5.93,5.74,5.89,620776000,,
2018-03-06,5.98,6.07,5.93,6.05,636808000,,
2018-03-07,5.95,6.10,5.95,6.05,581208000,,
2018-03-08,6.07,6.07,5.98,6.03,411912000,,
2018-03-09,6.08,6.15,6.06,6.13,505524000,,
2018-03-12,6.17,6.33,6.17,6.24,605060000,,
2018-03-13,6.29,6.36,6.15,6.19,619772000,,
2018-03-14,6.24,6.26,6.16,6.22,505496000,,
2018-03-15,6.23,6.32,6.19,6.23,401952000,,
2018-03-16,6.25,6.28,6.21,6.26,399456000,,
2018-03-19,6.20,6.23,5.92,6.03,713772000,,
2018-03-20,6.03,6.28,6.03,6.24,554696000,,
2018-03-21,6.23,6.30,6.18,6.21,438688000,,
2018-03-22,6.15,6.20,6.01,6.05,551196000,,
2018-03-23,6.06,6.06,5.81,5.82,735620000,,
2018-03-26,5.95,6.11,5.90,6.11,611424000,,
2018-03-27,6.19,6.25,5.50,5.64,1409000000,,
2018-03-28,5.60,5.73,5.42,5.53,945904000,,
2018-03-29,5.60,5.89,5.52,5.79,916628000,,
2018-04-02,5.72,5.87,5.44,5.53,922092000,,
2018-04-03,5.70,5.76,5.53,5.63,667432000,,
2018-04-04,5.38,5.67,5.35,5.66,789168000,,
2018-04-05,5.71,5.73,5.46,5.53,701240000,,
2018-04-06,5.43,5.54,5.33,5.36,662988000,,
2018-04-09,5.42,5.55,5.37,5.39,499524000,,
2018-04-10,5.62,5.72,5.56,5.70,761676000,,
2018-04-11,5.68,5.72,5.62,5.66,460244000,,
2018-04-12,5.75,5.88,5.71,5.87,593920000,,
2018-04-13,5.93,5.94,5.74,5.79,503036000,,
2018-04-16,5.79,5.82,5.69,5.79,350792000,,
2018-04-17,5.84,5.96,5.78,5.94,447224000,,
2018-04-18,5.89,5.98,5.82,5.91,391364000,,
2018-04-19,5.79,5.83,5.67,5.73,471996000,,
2018-04-20,5.72,5.80,5.69,5.72,386200000,,
2018-04-23,5.74,5.79,5.57,5.60,427508000,,
2018-04-24,5.62,5.72,5.46,5.53,414596000,,
2018-04-25,5.50,5.54,5.26,5.42,588492000,,
2018-04-26,5.58,5.64,5.51,5.63,375824000,,
2018-04-27,5.74,5.76,5.62,5.66,400848000,,
2018-04-30,5.67,5.72,5.60,5.62,327844000,,
2018-05-01,5.61,5.68,5.55,5.68,253788000,,
2018-05-02,5.67,5.72,5.63,5.66,268248000,,
2018-05-03,5.69,5.85,5.64,5.82,443144000,,
2018-05-04,5.80,5.98,5.78,5.98,400660000,,
2018-05-07,6.08,6.27,6.07,6.22,687616000,,
2018-05-08,6.22,6.26,6.17,6.26,506616000,,
2018-05-09,6.28,6.40,6.25,6.39,596760000,,
2018-05-10,6.45,6.51,6.43,6.50,994080000,,
2018-05-11,6.32,6.49,6.26,6.36,1214456000,,
2018-05-14,6.40,6.46,6.36,6.38,523140000,,
2018-05-15,6.32,6.32,6.04,6.14,963528000,,
2018-05-16,6.10,6.21,6.06,6.15,553828000,,
2018-05-17,6.15,6.29,6.14,6.19,519784000,,
2018-05-18,6.25,6.31,6.14,6.15,483716000,,
2018-05-21,6.25,6.25,6.01,6.11,640624000,,
2018-05-22,6.12,6.14,6.01,6.07,518264000,,
2018-05-23,6.01,6.19,6.01,6.19,442956000,0.00375,
2018-05-24,6.18,6.24,6.13,6.19,437372000,,
2018-05-25,6.21,6.25,6.17,6.23,292112000,,
2018-05-29,6.21,6.28,6.17,6.21,352684000,,
2018-05-30,6.25,6.33,6.22,6.32,390996000,,
2018-05-31,6.29,6.38,6.28,6.30,493868000,,
2018-06-01,6.35,6.45,6.34,6.44,421968000,,
2018-06-04,6.47,6.64,6.44,6.62,642024000,,
2018-06-05,6.62,6.66,6.58,6.63,391712000,,
2018-06-06,6.54,6.63,6.52,6.63,371356000,,
2018-06-07,6.62,6.64,6.48,6.57,369448000,,
2018-06-08,6.50,6.60,6.48,6.56,360456000,,
2018-06-11,6.54,6.59,6.50,6.52,265372000,,
2018-06-12,6.54,6.58,6.49,6.56,319160000,,
2018-06-13,6.57,6.64,6.55,6.56,338208000,,
2018-06-14,6.61,6.73,6.59,6.67,430016000,,
2018-06-15,6.62,6.69,6.58,6.63,432260000,,
2018-06-18,6.59,6.64,6.56,6.63,356268000,,
2018-06-19,6.52,6.59,6.38,6.50,594932000,,
2018-06-20,6.55,6.61,6.51,6.56,369780000,,
2018-06-21,6.59,6.61,6.42,6.43,359516000,,
2018-06-22,6.45,6.46,6.26,6.27,434160000,,
2018-06-25,6.17,6.17,5.89,5.98,665816000,,
2018-06-26,6.09,6.14,6.00,6.05,478884000,,
2018-06-27,6.09,6.16,5.89,5.89,453892000,,
2018-06-28,5.88,6.03,5.88,6.02,338012000,,
2018-06-29,6.09,6.10,5.92,5.92,392300000,,
2018-07-02,5.85,6.06,5.83,6.06,357572000,,
2018-07-03,6.09,6.10,5.91,5.92,222732000,,
2018-07-05,5.98,6.07,5.94,6.07,306216000,,
2018-07-06,6.04,6.19,6.02,6.18,296352000,,
2018-07-09,6.26,6.27,6.15,6.23,303880000,,
2018-07-10,6.24,6.35,6.20,6.33,360016000,,
2018-07-11,6.24,6.27,6.18,6.19,367508000,,
2018-07-12,6.23,6.33,6.22,6.28,345508000,,
2018-07-13,6.30,6.30,6.19,6.23,246988000,,
2018-07-16,6.21,6.26,6.19,6.21,197036000,,
2018-07-17,6.16,6.36,6.13,6.34,362136000,,
2018-07-18,6.33,6.35,6.24,6.29,277640000,,
2018-07-19,6.27,6.33,6.26,6.30,235752000,,
2018-07-20,6.30,6.34,6.26,6.27,222352000,,
2018-07-23,6.25,6.25,6.08,6.24,301584000,,
2018-07-24,6.28,6.37,6.20,6.22,354620000,,
2018-07-25,6.23,6.31,6.17,6.30,319112000,,
2018-07-26,6.28,6.41,6.26,6.37,325124000,,
2018-07-27,6.41,6.42,6.25,6.30,295420000,,
2018-07-30,6.31,6.32,6.07,6.10,340340000,,
2018-07-31,6.09,6.20,6.05,6.12,283988000,,
2018-08-01,6.15,6.21,6.10,6.16,283556000,,
2018-08-02,6.09,6.27,6.03,6.27,269668000,,
2018-08-03,6.29,6.33,6.27,6.30,214288000,,
2018-08-06,6.29,6.35,6.24,6.35,207508000,,
2018-08-07,6.40,6.44,6.37,6.42,258132000,,
2018-08-08,6.42,6.51,6.39,6.46,262100000,,
2018-08-09,6.48,6.48,6.40,6.41,204280000,,
2018-08-10,6.33,6.40,6.32,6.37,256396000,,
2018-08-13,6.38,6.53,6.38,6.40,375208000,,
2018-08-14,6.51,6.55,6.43,6.54,466220000,,
2018-08-15,6.56,6.59,6.40,6.48,591136000,,
2018-08-16,6.55,6.55,6.38,6.44,801260000,,
2018-08-17,6.32,6.32,6.09,6.12,1143188000,,
2018-08-20,6.08,6.33,5.97,6.20,854388000,,
2018-08-21,6.21,6.34,6.19,6.33,673988000,,
2018-08-22,6.30,6.58,6.30,6.57,749856000,,
2018-08-23,6.53,6.74,6.52,6.67,720684000,,
2018-08-24,6.68,6.82,6.67,6.81,531512000,,
2018-08-27,6.84,6.97,6.80,6.90,505776000,,
2018-08-28,6.89,6.91,6.74,6.86,475384000,,
2018-08-29,6.85,6.99,6.83,6.96,420108000,0.00375,
2018-08-30,6.93,7.04,6.91,6.95,346608000,,
2018-08-31,6.92,7.03,6.92,7.02,306592000,,
2018-09-04,7.00,7.13,6.97,7.09,391720000,,
2018-09-05,7.07,7.11,6.88,6.96,393156000,,
2018-09-06,6.94,6.95,6.78,6.82,322796000,,
2018-09-07,6.72,6.92,6.68,6.80,295420000,,
2018-09-10,6.82,6.90,6.78,6.87,220140000,,
2018-09-11,6.82,6.91,6.80,6.82,243112000,,
2018-09-12,6.78,6.80,6.55,6.71,419092000,,
2018-09-13,6.77,6.88,6.75,6.78,305536000,,
2018-09-14,6.87,6.98,6.84,6.91,386936000,,
2018-09-17,6.88,6.93,6.83,6.85,205528000,,
2018-09-18,6.85,6.96,6.77,6.78,299520000,,
2018-09-19,6.76,6.82,6.71,6.80,224860000,,
2018-09-20,6.68,6.72,6.60,6.66,430584000,,
2018-09-21,6.67,6.71,6.55,6.59,435128000,,
2018-09-24,6.55,6.65,6.47,6.64,293912000,,
2018-09-25,6.71,6.74,6.62,6.71,280388000,,
2018-09-26,6.72,6.76,6.66,6.67,268548000,,
2018-09-27,6.71,6.73,6.65,6.68,214428000,,
2018-09-28,6.82,7.05,6.79,7.03,709396000,,
2018-10-01,7.10,7.30,7.07,7.23,622060000,,
2018-10-02,7.21,7.32,7.14,7.16,383964000,,
2018-10-03,7.23,7.24,7.06,7.17,320552000,,
2018-10-04,7.13,7.16,6.90,6.98,391220000,,
2018-10-05,6.96,7.02,6.69,6.75,426636000,,
2018-10-08,6.66,6.78,6.50,6.64,408612000,,
2018-10-09,6.62,6.72,6.57,6.64,273500000,,
2018-10-10,6.53,6.58,6.14,6.14,684940000,,
2018-10-11,6.05,6.19,5.86,5.88,725436000,,
2018-10-12,6.14,6.24,5.99,6.16,608236000,,
2018-10-15,6.15,6.15,5.88,5.88,449760000,,
2018-10-16,6.00,6.16,5.95,6.15,408712000,,
2018-10-17,6.21,6.25,6.03,6.08,329668000,,
2018-10-18,6.15,6.19,5.93,5.99,524020000,,
2018-10-19,6.04,6.06,5.69,5.73,613608000,,
2018-10-22,5.78,5.88,5.68,5.78,368844000,,
2018-10-23,5.51,5.60,5.42,5.53,626436000,,
2018-10-24,5.49,5.53,4.97,4.99,884288000,,
2018-10-25,4.89,5.24,4.84,5.20,951720000,,
2018-10-26,4.96,5.12,4.83,4.96,664784000,,
2018-10-29,5.10,5.10,4.40,4.64,758016000,,
2018-10-30,4.66,5.08,4.64,5.08,807192000,,
2018-10-31,5.24,5.31,5.10,5.27,745772000,,
2018-11-01,5.31,5.46,5.18,5.45,566528000,,
2018-11-02,5.44,5.55,5.26,5.37,452960000,,
2018-11-05,5.36,5.38,5.13,5.29,379332000,,
2018-11-06,5.29,5.37,5.24,5.28,299012000,,
2018-11-07,5.34,5.44,5.28,5.34,483812000,,
2018-11-08,5.29,5.29,5.10,5.15,511352000,,
2018-11-09,5.06,5.23,5.03,5.14,413240000,,
2018-11-12,5.05,5.07,4.72,4.74,617116000,,
2018-11-13,4.84,5.11,4.83,4.98,644712000,,
2018-11-14,5.16,5.17,4.82,4.93,526580000,,
2018-11-15,4.92,5.13,4.89,5.06,840708000,,
2018-11-16,4.08,4.27,4.04,4.11,1963520000,,
2018-11-19,4.04,4.05,3.62,3.62,1697820000,,
2018-11-20,3.35,3.86,3.33,3.73,1692032000,,
2018-11-21,3.87,3.88,3.59,3.62,1025496000,,
2018-11-23,3.58,3.74,3.57,3.62,411968000,,
2018-11-26,3.75,3.84,3.66,3.83,814832000,,
2018-11-27,3.80,3.93,3.76,3.84,738060000,,
2018-11-28,3.96,4.01,3.83,4.00,804524000,,
2018-11-29,4.00,4.04,3.90,3.93,549172000,0.004,
2018-11-30,3.94,4.10,3.89,4.09,729564000,,
2018-12-03,4.32,4.37,4.18,4.25,890804000,,
2018-12-04,4.21,4.21,3.91,3.93,812112000,,
2018-12-06,3.79,3.96,3.77,3.96,692308000,,
2018-12-07,3.96,3.97,3.64,3.69,681676000,,
2018-12-10,3.65,3.82,3.64,3.80,629472000,,
2018-12-11,3.89,3.90,3.62,3.70,671912000,,
2018-12-12,3.71,3.82,3.62,3.72,654136000,,
2018-12-13,3.77,3.83,3.69,3.72,471384000,,
2018-12-14,3.68,3.76,3.64,3.66,471820000,,
2018-12-17,3.63,3.70,3.53,3.59,662868000,,
2018-12-18,3.63,3.76,3.61,3.67,564372000,,
2018-12-19,3.64,3.69,3.41,3.46,745364000,,
2018-12-20,3.45,3.54,3.32,3.38,749588000,,
2018-12-21,3.40,3.44,3.21,3.24,863740000,,
2018-12-24,3.16,3.25,3.11,3.18,463840000,,
2018-12-26,3.22,3.33,3.11,3.33,695100000,,
2018-12-27,3.27,3.31,3.13,3.28,637044000,,
2018-12-28,3.30,3.43,3.26,3.34,628728000,,
2018-12-31,3.38,3.42,3.31,3.34,465140000,,
2019-01-02,3.27,3.46,3.25,3.41,508752000,,
2019-01-03,3.34,3.38,3.19,3.20,705552000,,
2019-01-04,3.27,3.44,3.24,3.40,585620000,,
2019-01-07,3.46,3.62,3.41,3.58,709160000,,
2019-01-08,3.67,3.67,3.42,3.50,786016000,,
2019-01-09,3.55,3.61,3.50,3.56,617260000,,
2019-01-10,3.54,3.64,3.48,3.63,523156000,,
2019-01-11,3.61,3.74,3.58,3.72,874764000,,
2019-01-14,3.67,3.79,3.64,3.76,730168000,,
2019-01-15,3.79,3.83,3.73,3.75,617012000,,
2019-01-16,3.77,3.81,3.72,3.72,470104000,,
2019-01-17,3.69,3.83,3.66,3.79,493436000,,
2019-01-18,3.84,3.95,3.79,3.92,651336000,,
2019-01-22,3.89,3.90,3.69,3.72,661552000,,
2019-01-23,3.77,3.86,3.70,3.73,591020000,,
2019-01-24,3.82,3.96,3.81,3.95,708972000,,
2019-01-25,3.89,4.02,3.78,4.00,1154572000,,
2019-01-28,3.41,3.54,3.27,3.45,2511528000,,
2019-01-29,3.40,3.45,3.28,3.29,1153932000,,
2019-01-30,3.37,3.45,3.29,3.43,974228000,,
2019-01-31,3.43,3.63,3.41,3.59,842852000,,
2019-02-01,3.61,3.67,3.56,3.62,625048000,,
2019-02-04,3.63,3.77,3.61,3.73,528592000,,
2019-02-05,3.74,3.79,3.71,3.75,542424000,,
2019-02-06,3.78,3.89,3.78,3.83,702464000,,
2019-02-07,3.78,3.78,3.64,3.69,637120000,,
2019-02-08,3.62,3.71,3.60,3.70,461604000,,
2019-02-11,3.66,3.71,3.61,3.66,495180000,,
2019-02-12,3.70,3.79,3.69,3.78,591060000,,
2019-02-13,3.81,3.90,3.80,3.82,605372000,,
2019-02-14,3.82,3.89,3.78,3.86,827264000,,
2019-02-15,4.07,4.10,3.91,3.93,1516748000,,
2019-02-19,3.92,4.00,3.90,3.92,551892000,,
2019-02-20,3.95,4.03,3.93,3.96,540988000,,
2019-02-21,3.98,4.00,3.88,3.89,448548000,,
2019-02-22,3.95,4.00,3.93,3.98,401740000,,
2019-02-25,4.06,4.13,3.96,3.97,656020000,,
2019-02-26,3.96,4.02,3.89,3.93,488464000,,
2019-02-27,3.91,3.94,3.83,3.89,500256000,,
2019-02-28,3.88,3.90,3.83,3.86,324944000,0.004,
2019-03-01,3.91,3.95,3.85,3.91,357188000,,
2019-03-04,3.95,3.97,3.86,3.92,409992000,,
2019-03-05,3.90,3.95,3.85,3.91,362924000,,
2019-03-06,3.90,3.91,3.80,3.80,403524000,,
2019-03-07,3.78,3.79,3.69,3.73,450104000,,
2019-03-08,3.64,3.78,3.62,3.77,422416000,,
2019-03-11,3.79,4.05,3.74,4.03,859728000,,
2019-03-12,4.06,4.11,3.98,4.06,579576000,,
2019-03-13,4.10,4.25,4.09,4.22,768900000,,
2019-03-14,4.22,4.24,4.13,4.14,519384000,,
2019-03-15,4.18,4.29,4.18,4.25,661484000,,
2019-03-18,4.28,4.33,4.20,4.22,486992000,,
2019-03-19,4.32,4.44,4.30,4.39,854972000,,
2019-03-20,4.42,4.48,4.33,4.36,719148000,,
2019-03-21,4.38,4.62,4.38,4.60,824312000,,
2019-03-22,4.57,4.62,4.42,4.44,747644000,,
2019-03-25,4.40,4.46,4.28,4.34,525212000,,
2019-03-26,4.49,4.54,4.37,4.42,703508000,,
2019-03-27,4.45,4.49,4.34,4.41,474372000,,
2019-03-28,4.44,4.50,4.38,4.43,480264000,,
2019-03-29,4.50,4.51,4.45,4.49,456896000,,
2019-04-01,4.58,4.59,4.51,4.56,483824000,,
2019-04-02,4.58,4.62,4.54,4.58,440920000,,
2019-04-03,4.62,4.78,4.62,4.72,783504000,,
2019-04-04,4.70,4.75,4.64,4.71,457376000,,
2019-04-05,4.75,4.79,4.71,4.77,481744000,,
2019-04-08,4.74,4.82,4.72,4.79,424192000,,
2019-04-09,4.76,4.77,4.69,4.73,439972000,,
2019-04-10,4.73,4.83,4.73,4.80,444772000,,
2019-04-11,4.80,4.84,4.74,4.79,374600000,,
2019-04-12,4.83,4.83,4.74,4.75,471708000,,
2019-04-15,4.74,4.75,4.58,4.62,440092000,,
2019-04-16,4.66,4.72,4.62,4.71,394964000,,
2019-04-17,4.74,4.76,4.66,4.68,351004000,,
2019-04-18,4.69,4.72,4.63,4.66,380988000,,
2019-04-22,4.63,4.73,4.60,4.71,279936000,,
2019-04-23,4.72,4.80,4.72,4.77,346856000,,
2019-04-24,4.78,4.82,4.72,4.78,318204000,,
2019-04-25,4.74,4.76,4.59,4.67,499296000,,
2019-04-26,4.52,4.52,4.33,4.45,868988000,,
2019-04-29,4.46,4.51,4.39,4.48,391920000,,
2019-04-30,4.45,4.55,4.43,4.53,362920000,,
2019-05-01,4.58,4.62,4.51,4.51,354280000,,
2019-05-02,4.52,4.62,4.48,4.58,394684000,,
2019-05-03,4.59,4.60,4.51,4.58,336824000,,
2019-05-06,4.39,4.51,4.35,4.50,422176000,,
2019-05-07,4.45,4.45,4.28,4.33,555220000,,
2019-05-08,4.30,4.43,4.29,4.35,419168000,,
2019-05-09,4.28,4.29,4.13,4.25,660248000,,
2019-05-10,4.22,4.29,4.10,4.22,569500000,,
2019-05-13,4.09,4.11,3.95,3.96,656912000,,
2019-05-14,4.00,4.09,3.96,4.05,524880000,,
2019-05-15,4.00,4.03,3.94,3.99,502320000,,
2019-05-16,3.98,4.05,3.94,4.00,781088000,,
2019-05-17,3.96,4.09,3.87,3.91,1022068000,,
2019-05-20,3.81,3.87,3.77,3.79,572064000,,
2019-05-21,3.85,3.89,3.82,3.88,361848000,,
2019-05-22,3.84,3.86,3.79,3.81,325868000,,
2019-05-23,3.74,3.74,3.62,3.68,591844000,,
2019-05-24,3.70,3.74,3.62,3.63,357584000,,
2019-05-28,3.65,3.68,3.58,3.58,428356000,,
2019-05-29,3.54,3.57,3.47,3.51,559800000,,
2019-05-30,3.51,3.54,3.44,3.48,394300000,0.004,
2019-05-31,3.43,3.50,3.38,3.39,389720000,,
2019-06-03,3.40,3.44,3.31,3.34,478644000,,
2019-06-04,3.41,3.58,3.39,3.58,641836000,,
2019-06-05,3.65,3.65,3.50,3.53,511616000,,
2019-06-06,3.54,3.62,3.53,3.59,408140000,,
2019-06-07,3.60,3.67,3.58,3.64,348856000,,
2019-06-10,3.69,3.78,3.69,3.71,402780000,,
2019-06-11,3.77,3.81,3.73,3.77,383872000,,
2019-06-12,3.73,3.73,3.64,3.65,358892000,,
2019-06-13,3.68,3.73,3.66,3.71,308080000,,
2019-06-14,3.61,3.64,3.57,3.62,394428000,,
2019-06-17,3.61,3.66,3.59,3.63,276040000,,
2019-06-18,3.69,3.88,3.68,3.82,581920000,,
2019-06-19,3.86,3.87,3.80,3.83,331644000,,
2019-06-20,3.92,3.93,3.84,3.85,350168000,,
2019-06-21,3.84,3.89,3.79,3.79,434428000,,
2019-06-24,3.82,3.85,3.77,3.82,282948000,,
2019-06-25,3.82,3.90,3.78,3.79,311868000,,
2019-06-26,3.92,4.04,3.90,3.98,584072000,,
2019-06-27,4.07,4.10,4.03,4.08,445440000,,
2019-06-28,4.12,4.13,4.06,4.11,397668000,,
2019-07-01,4.31,4.35,4.12,4.15,709756000,,
2019-07-02,4.14,4.16,4.04,4.06,400228000,,
2019-07-03,4.08,4.08,4.01,4.07,246636000,,
2019-07-05,4.01,4.01,3.94,4.01,396552000,,
2019-07-08,3.95,3.96,3.90,3.93,329788000,,
2019-07-09,3.89,3.96,3.88,3.93,342860000,,
2019-07-10,3.98,4.06,3.96,4.00,452076000,,
2019-07-11,4.08,4.20,4.04,4.16,682560000,,
2019-07-12,4.18,4.26,4.18,4.19,506392000,,
2019-07-15,4.21,4.23,4.15,4.18,289840000,,
2019-07-16,4.17,4.20,4.12,4.18,341444000,,
2019-07-17,4.18,4.25,4.15,4.24,348204000,,
2019-07-18,4.25,4.32,4.20,4.25,442192000,,
2019-07-19,4.29,4.30,4.21,4.21,344896000,,
2019-07-22,4.23,4.30,4.22,4.28,315940000,,
2019-07-23,4.32,4.39,4.31,4.39,428176000,,
2019-07-24,4.43,4.47,4.36,4.47,366236000,,
2019-07-25,4.42,4.44,4.31,4.33,392700000,,
2019-07-26,4.36,4.42,4.36,4.38,274160000,,
2019-07-29,4.37,4.39,4.28,4.37,248160000,,
2019-07-30,4.32,4.40,4.31,4.39,197772000,,
2019-07-31,4.35,4.36,4.18,4.22,359416000,,
2019-08-01,4.23,4.32,4.07,4.12,421212000,,
2019-08-02,4.03,4.10,3.98,4.03,428348000,,
2019-08-05,3.85,3.85,3.72,3.77,589156000,,
2019-08-06,3.85,3.89,3.76,3.81,361272000,,
2019-08-07,3.75,3.86,3.73,3.85,372560000,,
2019-08-08,3.91,3.96,3.85,3.96,309300000,,
2019-08-09,3.92,3.92,3.80,3.85,341816000,,
2019-08-12,3.80,3.85,3.76,3.79,279200000,,
2019-08-13,3.78,3.95,3.75,3.90,351956000,,
2019-08-14,3.81,3.82,3.71,3.75,419880000,,
2019-08-15,3.77,3.79,3.68,3.72,477200000,,
2019-08-16,3.98,4.04,3.92,3.99,1007960000,,
2019-08-19,4.10,4.29,4.09,4.27,815112000,,
2019-08-20,4.26,4.26,4.18,4.20,463188000,,
2019-08-21,4.26,4.34,4.24,4.28,427244000,,
2019-08-22,4.29,4.33,4.25,4.29,303488000,,
2019-08-23,4.21,4.26,4.04,4.06,568056000,,
2019-08-26,4.14,4.16,4.10,4.14,318208000,,
2019-08-27,4.17,4.18,4.02,4.04,290968000,,
2019-08-28,4.01,4.08,3.98,4.03,255612000,0.004,
2019-08-29,4.12,4.21,4.12,4.17,357976000,,
2019-08-30,4.22,4.27,4.17,4.19,290616000,,
2019-09-03,4.11,4.15,4.08,4.10,296140000,,
2019-09-04,4.17,4.23,4.17,4.22,227728000,,
2019-09-05,4.32,4.50,4.32,4.49,695676000,,
2019-09-06,4.47,4.53,4.43,4.47,376976000,,
2019-09-09,4.50,4.60,4.50,4.51,417524000,,
2019-09-10,4.48,4.61,4.47,4.58,352812000,,
2019-09-11,4.59,4.66,4.57,4.61,361512000,,
2019-09-12,4.66,4.71,4.60,4.61,327840000,,
2019-09-13,4.54,4.58,4.50,4.55,324592000,,
2019-09-16,4.47,4.54,4.46,4.51,231832000,,
2019-09-17,4.51,4.53,4.47,4.53,223048000,,
2019-09-18,4.52,4.54,4.41,4.50,258152000,,
2019-09-19,4.51,4.52,4.41,4.42,245476000,,
2019-09-20,4.42,4.45,4.31,4.32,350244000,,
2019-09-23,4.32,4.42,4.31,4.37,249712000,,
2019-09-24,4.40,4.43,4.28,4.31,317268000,,
2019-09-25,4.31,4.48,4.27,4.46,308432000,,
2019-09-26,4.45,4.45,4.38,4.43,234564000,,
2019-09-27,4.39,4.44,4.23,4.29,362056000,,
2019-09-30,4.32,4.36,4.29,4.35,186184000,,
2019-10-01,4.38,4.53,4.35,4.35,366008000,,
2019-10-02,4.33,4.34,4.25,4.33,293372000,,
2019-10-03,4.33,4.54,4.30,4.53,450588000,,
2019-10-04,4.54,4.58,4.47,4.55,265524000,,
2019-10-07,4.61,4.71,4.61,4.61,480984000,,
2019-10-08,4.52,4.52,4.41,4.43,444436000,,
2019-10-09,4.51,4.57,4.48,4.52,292412000,,
2019-10-10,4.52,4.63,4.51,4.58,309124000,,
2019-10-11,4.66,4.73,4.64,4.65,446404000,,
2019-10-14,4.64,4.68,4.61,4.66,200040000,,
2019-10-15,4.75,4.98,4.74,4.91,664124000,,
2019-10-16,4.88,4.98,4.84,4.86,428944000,,
2019-10-17,4.90,4.95,4.80,4.86,263436000,,
2019-10-18,4.86,4.89,4.69,4.76,307440000,,
2019-10-21,4.82,4.91,4.80,4.90,261868000,,
2019-10-22,4.96,5.06,4.88,4.89,328720000,,
2019-10-23,4.81,4.89,4.78,4.88,279916000,,
2019-10-24,4.92,4.96,4.88,4.92,232020000,,
2019-10-25,5.00,5.13,4.99,5.11,423092000,,
2019-10-28,5.16,5.22,5.13,5.17,330792000,,
2019-10-29,5.16,5.16,5.05,5.07,211236000,,
2019-10-30,5.10,5.11,5.01,5.08,205960000,,
2019-10-31,5.05,5.08,4.95,5.03,209732000,,
2019-11-01,4.99,5.10,4.96,5.06,283640000,,
2019-11-04,5.15,5.28,5.12,5.26,376716000,,
2019-11-05,5.26,5.29,5.19,5.24,300868000,,
2019-11-06,5.22,5.24,5.10,5.19,269012000,,
2019-11-07,5.28,5.29,5.16,5.21,280340000,,
2019-11-08,5.19,5.23,5.15,5.19,189100000,,
2019-11-11,5.19,5.23,5.11,5.20,243436000,,
2019-11-12,5.24,5.30,5.21,5.24,283504000,,
2019-11-13,5.21,5.24,5.15,5.21,300188000,,
2019-11-14,5.22,5.25,5.16,5.24,518080000,,
2019-11-15,5.24,5.29,5.02,5.10,1053628000,,
2019-11-18,5.10,5.33,5.09,5.31,574588000,,
2019-11-19,5.28,5.30,5.14,5.20,414564000,,
2019-11-20,5.18,5.36,5.16,5.28,472588000,,
2019-11-21,5.28,5.33,5.23,5.25,288388000,,
2019-11-22,5.28,5.32,5.25,5.27,224100000,,
2019-11-25,5.40,5.54,5.39,5.53,506476000,,
2019-11-26,5.51,5.52,5.42,5.42,385244000,,
2019-11-27,5.47,5.50,5.43,5.46,215784000,0.004,
2019-11-29,5.42,5.45,5.39,5.42,141556000,,
2019-12-02,5.41,5.42,5.22,5.23,372036000,,
2019-12-03,5.05,5.20,5.01,5.19,465232000,,
2019-12-04,5.28,5.30,5.21,5.24,273424000,,
2019-12-05,5.26,5.27,5.19,5.22,184884000,,
2019-12-06,5.29,5.34,5.28,5.30,232236000,,
2019-12-09,5.28,5.36,5.27,5.30,211880000,,
2019-12-10,5.33,5.40,5.28,5.35,256388000,,
2019-12-11,5.36,5.44,5.36,5.43,233796000,,
2019-12-12,5.40,5.62,5.40,5.60,404348000,,
2019-12-13,5.60,5.72,5.55,5.60,454704000,,
2019-12-16,5.65,5.70,5.62,5.63,320976000,,
2019-12-17,5.65,5.73,5.64,5.71,321196000,,
2019-12-18,5.74,5.80,5.73,5.74,343548000,,
2019-12-19,5.77,5.90,5.77,5.89,445360000,,
2019-12-20,5.95,6.01,5.93,5.98,603044000,,
2019-12-23,6.01,6.05,5.96,5.97,355060000,,
2019-12-24,5.96,5.98,5.92,5.97,138864000,,
2019-12-26,5.97,6.01,5.95,5.98,182852000,,
2019-12-27,6.00,6.01,5.90,5.92,254644000,,
2019-12-30,5.90,5.91,5.78,5.81,258056000,,
2019-12-31,5.77,5.89,5.75,5.88,231004000,,
2020-01-02,5.97,6.00,5.92,6.00,237536000,,
2020-01-03,5.88,5.95,5.85,5.90,205384000,,
2020-01-06,5.81,5.93,5.78,5.93,262636000,,
2020-01-07,5.96,6.04,5.91,6.00,314856000,,
2020-01-08,5.99,6.05,5.95,6.01,277108000,,
2020-01-09,6.10,6.15,6.02,6.08,255112000,,
2020-01-10,6.18,6.21,6.09,6.11,316296000,,
2020-01-13,6.19,6.32,6.17,6.30,319840000,,
2020-01-14,6.26,6.28,6.17,6.18,359088000,,
2020-01-15,6.19,6.22,6.11,6.14,263104000,,
2020-01-16,6.19,6.23,6.17,6.22,284192000,,
2020-01-17,6.24,6.25,6.18,6.23,253792000,,
2020-01-21,6.20,6.23,6.16,6.20,217916000,,
2020-01-22,6.24,6.34,6.22,6.25,239240000,,
2020-01-23,6.29,6.33,6.20,6.32,244516000,,
2020-01-24,6.44,6.49,6.21,6.26,373512000,,
2020-01-27,5.96,6.06,5.81,6.00,470536000,,
2020-01-28,6.07,6.23,6.02,6.20,310976000,,
2020-01-29,6.18,6.22,6.10,6.14,258848000,,
2020-01-30,6.04,6.16,5.99,6.15,290504000,,
2020-01-31,6.10,6.11,5.87,5.91,370420000,,
2020-02-03,5.89,6.03,5.89,6.01,255564000,,
2020-02-04,6.15,6.20,6.10,6.18,271544000,,
2020-02-05,6.30,6.31,6.19,6.27,208220000,,
2020-02-06,6.30,6.36,6.22,6.36,218284000,,
2020-02-07,6.32,6.34,6.26,6.29,189752000,,
2020-02-10,6.31,6.58,6.31,6.57,529608000,,
2020-02-11,6.68,6.81,6.62,6.70,638556000,,
2020-02-12,6.75,6.82,6.71,6.81,374644000,,
2020-02-13,6.76,6.84,6.73,6.77,528016000,,
2020-02-14,7.18,7.37,7.15,7.24,1041924000,,
2020-02-18,7.14,7.43,7.12,7.41,620164000,,
2020-02-19,7.54,7.89,7.54,7.87,694332000,,
2020-02-20,7.82,7.91,7.41,7.72,810052000,,
2020-02-21,7.60,7.63,7.27,7.35,768180000,,
2020-02-24,6.75,7.05,6.70,6.83,856916000,,
2020-02-25,6.91,6.97,6.45,6.55,1055496000,,
2020-02-26,6.55,6.89,6.55,6.69,747732000,,
2020-02-27,6.37,6.67,6.22,6.32,906416000,0.004,
2020-02-28,6.06,6.81,6.04,6.75,1133252000,,
2020-03-02,6.92,6.94,6.53,6.91,890744000,,
2020-03-03,6.97,7.03,6.56,6.65,652792000,,
2020-03-04,6.75,7.12,6.68,7.11,597408000,,
2020-03-05,6.91,7.08,6.79,6.83,540328000,,
2020-03-06,6.65,6.71,6.45,6.65,515412000,,
2020-03-09,6.00,6.49,5.95,6.14,614160000,,
2020-03-10,6.41,6.53,6.15,6.53,580648000,,
2020-03-11,6.39,6.42,6.06,6.16,499964000,,
2020-03-12,5.64,5.90,5.39,5.41,816540000,,
2020-03-13,5.76,6.03,5.49,6.02,634836000,,
2020-03-16,5.31,5.65,4.85,4.91,726972000,,
2020-03-17,5.02,5.52,4.78,5.43,833632000,,
2020-03-18,5.00,5.25,4.52,5.07,874268000,,
2020-03-19,5.05,5.42,4.83,5.32,765512000,,
2020-03-20,5.47,5.76,5.13,5.14,804636000,,
2020-03-23,5.14,5.41,4.96,5.32,643876000,,
2020-03-24,5.72,6.32,5.70,6.23,1101644000,,
2020-03-25,6.34,6.55,6.09,6.14,793432000,,
2020-03-26,6.35,6.56,6.25,6.43,696108000,,
2020-03-27,6.25,6.58,6.22,6.32,638828000,,
2020-03-30,6.38,6.65,6.34,6.64,602252000,,
2020-03-31,6.68,6.88,6.44,6.59,949960000,,
2020-04-01,6.39,6.54,6.03,6.08,656912000,,
2020-04-02,6.11,6.40,6.06,6.39,675764000,,
2020-04-03,6.35,6.39,5.96,6.10,663212000,,
2020-04-06,6.38,6.75,6.32,6.71,727884000,,
2020-04-07,6.93,6.96,6.43,6.48,784520000,,
2020-04-08,6.59,6.70,6.51,6.67,542444000,,
2020-04-09,6.80,6.82,6.51,6.57,525564000,,
2020-04-13,6.51,6.75,6.42,6.75,398408000,,
2020-04-14,6.88,7.13,6.85,7.10,530948000,,
2020-04-15,6.93,7.10,6.88,7.02,366148000,,
2020-04-16,7.18,7.47,7.16,7.37,745620000,,
2020-04-17,7.45,7.47,7.17,7.31,539120000,,
2020-04-20,7.18,7.34,7.13,7.18,449388000,,
2020-04-21,7.06,7.12,6.68,6.74,735160000,,
2020-04-22,6.93,7.20,6.88,7.15,483356000,,
2020-04-23,7.20,7.33,7.08,7.10,424160000,,
2020-04-24,7.09,7.24,7.01,7.24,352328000,,
2020-04-27,7.37,7.59,7.35,7.43,479388000,,
2020-04-28,7.58,7.61,7.28,7.28,442904000,,
2020-04-29,7.42,7.51,7.34,7.46,379160000,,
2020-04-30,7.41,7.46,7.29,7.31,375916000,,
2020-05-01,7.11,7.22,7.02,7.07,342096000,,
2020-05-04,7.02,7.30,7.02,7.28,317556000,,
2020-05-05,7.39,7.51,7.28,7.34,368896000,,
2020-05-06,7.42,7.55,7.39,7.44,323464000,,
2020-05-07,7.58,7.69,7.53,7.62,373732000,,
2020-05-08,7.69,7.82,7.66,7.81,339216000,,
2020-05-11,7.81,8.11,7.78,8.07,469060000,,
2020-05-12,8.12,8.17,7.79,7.80,493060000,,
2020-05-13,7.92,8.08,7.59,7.78,625852000,,
2020-05-14,7.84,8.04,7.69,8.03,602312000,,
2020-05-15,7.89,8.50,7.87,8.49,987660000,,
2020-05-18,8.76,8.92,8.68,8.75,774460000,,
2020-05-19,8.79,9.09,8.76,8.81,717320000,,
2020-05-20,8.99,9.04,8.89,8.97,587536000,,
2020-05-21,9.05,9.05,8.74,8.78,761068000,,
2020-05-22,8.83,9.09,8.71,9.03,1038764000,,
2020-05-26,9.16,9.18,8.67,8.72,770780000,,
2020-05-27,8.62,8.63,8.00,8.53,1175892000,,
2020-05-28,8.41,8.76,8.38,8.49,734896000,,
2020-05-29,8.55,8.88,8.48,8.88,745256000,,
2020-06-01,8.83,8.84,8.69,8.81,389876000,,
2020-06-02,8.80,8.84,8.66,8.83,391320000,,
2020-06-03,8.82,8.87,8.70,8.77,365440000,,
2020-06-04,8.73,8.94,8.68,8.77,424280000,0.004,
2020-06-05,8.79,9.00,8.71,8.92,481748000,,
2020-06-08,8.88,8.89,8.69,8.80,387736000,,
2020-06-09,8.80,9.11,8.75,9.05,468488000,,
2020-06-10,9.17,9.50,9.15,9.37,632180000,,
2020-06-11,9.15,9.26,8.79,8.80,583652000,,
2020-06-12,9.16,9.19,8.70,8.93,570908000,,
2020-06-15,8.82,9.18,8.74,9.17,400004000,,
2020-06-16,9.22,9.27,8.84,9.07,535716000,,
2020-06-17,9.11,9.30,9.07,9.24,408304000,,
2020-06-18,9.23,9.28,9.11,9.22,254408000,,
2020-06-19,9.24,9.45,9.23,9.26,524160000,,
2020-06-22,9.30,9.53,9.27,9.53,398468000,,
2020-06-23,9.55,9.64,9.41,9.45,375108000,,
2020-06-24,9.48,9.56,9.14,9.24,449372000,,
2020-06-25,9.36,9.51,9.18,9.49,376072000,,
2020-06-26,9.50,9.50,9.12,9.15,592084000,,
2020-06-29,9.17,9.20,8.90,9.20,342248000,,
2020-06-30,9.31,9.53,9.27,9.50,367892000,,
2020-07-01,9.52,9.58,9.41,9.53,326648000,,
2020-07-02,9.64,9.74,9.58,9.61,364056000,,
2020-07-06,9.74,9.91,9.71,9.84,315892000,,
2020-07-07,9.95,10.07,9.85,9.87,357800000,,
2020-07-08,9.99,10.22,9.97,10.22,365480000,,
2020-07-09,10.38,10.57,10.23,10.51,494548000,,
2020-07-10,10.59,10.66,10.38,10.48,497676000,,
2020-07-13,10.60,10.79,10.03,10.05,457076000,,
2020-07-14,10.07,10.40,9.79,10.38,542676000,,
2020-07-15,10.41,10.43,10.06,10.23,403984000,,
2020-07-16,10.02,10.21,9.90,10.13,344964000,,
2020-07-17,10.23,10.25,10.09,10.20,266284000,,
2020-07-20,10.27,10.53,10.16,10.51,284852000,,
2020-07-21,10.51,10.56,10.29,10.33,277036000,,
2020-07-22,10.37,10.60,10.29,10.44,367292000,,
2020-07-23,10.45,10.55,10.03,10.13,411660000,,
2020-07-24,9.88,10.36,9.78,10.19,473292000,,
2020-07-27,10.23,10.44,10.22,10.42,292132000,,
2020-07-28,10.37,10.38,10.21,10.22,271636000,,
2020-07-29,10.39,10.52,10.35,10.47,284508000,,
2020-07-30,10.38,10.62,10.30,10.61,308880000,,
2020-07-31,10.56,10.77,10.43,10.61,386080000,,
2020-08-03,10.73,11.10,10.72,11.01,412720000,,
2020-08-04,11.05,11.23,10.91,11.23,310336000,,
2020-08-05,11.24,11.37,11.17,11.29,249924000,,
2020-08-06,11.35,11.36,11.18,11.34,244316000,,
2020-08-07,11.31,11.50,11.04,11.20,342516000,,
2020-08-10,11.33,11.41,10.86,11.16,427796000,,
2020-08-11,11.07,11.14,10.80,10.85,354512000,,
2020-08-12,10.99,11.47,10.96,11.44,464412000,,
2020-08-13,11.55,11.72,11.36,11.44,374460000,,
2020-08-14,11.53,11.70,11.44,11.56,366436000,,
2020-08-17,11.85,12.41,11.82,12.34,621300000,,
2020-08-18,12.45,12.50,12.09,12.26,503448000,,
2020-08-19,12.30,12.31,12.10,12.14,622624000,,
2020-08-20,11.97,12.38,11.88,12.14,921388000,,
2020-08-21,12.20,12.81,12.20,12.68,999868000,,
2020-08-24,12.88,12.91,12.51,12.72,490564000,,
2020-08-25,12.63,12.76,12.57,12.75,289076000,,
2020-08-26,12.80,12.87,12.68,12.77,321244000,,
2020-08-27,12.78,12.85,12.57,12.63,317604000,,
2020-08-28,12.68,13.15,12.64,13.15,537160000,,
2020-08-31,13.18,13.57,13.04,13.37,500840000,,
2020-09-01,13.48,13.99,13.44,13.82,511316000,0.004,
2020-09-02,14.70,14.73,13.90,14.35,874012000,,
2020-09-03,13.83,13.88,12.88,13.02,945128000,,
2020-09-04,12.78,13.18,11.70,12.62,1463684000,,
2020-09-08,11.73,12.55,11.70,11.91,795728000,,
2020-09-09,12.40,12.81,12.23,12.71,736200000,,
2020-09-10,12.99,13.07,12.17,12.31,698684000,,
2020-09-11,12.49,12.65,11.90,12.16,636928000,,
2020-09-14,13.08,13.31,12.63,12.87,1201744000,,
2020-09-15,13.28,13.30,12.83,12.99,727556000,,
2020-09-16,12.96,13.09,12.51,12.51,556384000,,
2020-09-17,12.13,12.59,12.03,12.46,792512000,,
2020-09-18,12.59,12.63,11.99,12.19,698460000,,
2020-09-21,11.93,12.52,11.90,12.52,721044000,,
2020-09-22,12.57,12.65,12.16,12.64,646452000,,
2020-09-23,12.58,12.73,12.08,12.12,647012000,,
2020-09-24,12.07,12.57,12.01,12.35,731240000,,
2020-09-25,12.45,12.88,12.25,12.87,588016000,,
2020-09-28,13.04,13.05,12.75,13.04,573808000,,
2020-09-29,12.94,13.44,12.93,13.23,621460000,,
2020-09-30,13.16,13.62,13.15,13.53,689184000,,
2020-10-01,13.76,13.76,13.46,13.61,525004000,,
2020-10-02,13.22,13.52,13.05,13.06,552496000,,
2020-10-05,13.24,13.64,13.22,13.64,479820000,,
2020-10-06,13.83,14.14,13.66,13.74,784420000,,
2020-10-07,14.00,14.12,13.86,13.96,418084000,,
2020-10-08,14.07,14.08,13.76,13.84,378900000,,
2020-10-09,13.77,13.82,13.66,13.76,346892000,,
2020-10-12,13.99,14.35,13.91,14.23,434744000,,
2020-10-13,14.30,14.35,14.02,14.25,344604000,,
2020-10-14,14.29,14.34,13.96,14.10,276100000,,
2020-10-15,13.81,14.01,13.77,13.97,267224000,,
2020-10-16,14.04,14.12,13.79,13.81,242392000,,
2020-10-19,13.90,13.98,13.41,13.50,298068000,,
2020-10-20,13.58,13.80,13.51,13.65,229212000,,
2020-10-21,13.62,13.79,13.48,13.52,219596000,,
2020-10-22,13.52,13.61,13.23,13.36,290480000,,
2020-10-23,13.45,13.59,13.29,13.59,233484000,,
2020-10-26,13.43,13.69,13.04,13.14,336896000,,
2020-10-27,13.31,13.44,13.19,13.40,250520000,,
2020-10-28,13.20,13.26,12.61,12.63,376520000,,
2020-10-29,12.84,13.19,12.75,13.02,320080000,,
2020-10-30,12.85,12.94,12.30,12.53,416820000,,
2020-11-02,12.66,12.84,12.39,12.58,299652000,,
2020-11-03,12.71,13.11,12.60,13.02,272900000,,
2020-11-04,13.39,13.83,13.34,13.79,410228000,,
2020-11-05,14.16,14.34,13.99,14.16,319028000,,
2020-11-06,14.11,14.59,13.89,14.56,383348000,,
2020-11-09,14.55,14.69,13.61,13.63,582976000,,
2020-11-10,13.61,13.61,12.63,12.77,644068000,,
2020-11-11,13.05,13.44,12.95,13.42,404744000,,
2020-11-12,13.48,13.77,13.32,13.46,365812000,,
2020-11-13,13.63,13.67,13.06,13.30,346312000,,
2020-11-16,13.17,13.65,13.16,13.52,413776000,,
2020-11-17,13.55,13.60,13.30,13.42,312028000,,
2020-11-18,13.47,13.61,13.19,13.43,510924000,,
2020-11-19,13.21,13.49,13.10,13.44,565936000,,
2020-11-20,13.45,13.49,13.06,13.09,341088000,,
2020-11-23,13.17,13.38,13.02,13.14,361356000,,
2020-11-24,13.14,13.16,12.88,12.96,346500000,,
2020-11-25,13.03,13.27,13.02,13.23,259916000,,
2020-11-27,13.38,13.41,13.17,13.26,167276000,,
2020-11-30,13.27,13.41,12.97,13.40,286952000,,
2020-12-01,13.49,13.53,13.23,13.39,296948000,,
2020-12-02,13.35,13.67,13.23,13.54,283360000,,
2020-12-03,13.59,13.66,13.33,13.40,199520000,0.004,
2020-12-04,13.45,13.56,13.39,13.56,202244000,,
2020-12-07,13.60,13.73,13.50,13.61,223244000,,
2020-12-08,13.59,13.60,13.28,13.35,271920000,,
2020-12-09,13.30,13.41,12.87,12.93,401300000,,
2020-12-10,12.87,13.07,12.85,12.97,207764000,,
2020-12-11,12.97,13.02,12.82,13.01,209264000,,
2020-12-14,13.09,13.39,13.08,13.31,270156000,,
2020-12-15,13.44,13.46,13.19,13.36,193016000,,
2020-12-16,13.42,13.44,13.21,13.24,223116000,,
2020-12-17,13.37,13.38,13.18,13.34,231384000,,
2020-12-18,13.38,13.40,13.07,13.27,342064000,,
2020-12-21,13.07,13.37,12.97,13.33,302332000,,
2020-12-22,13.32,13.34,13.05,13.28,185580000,,
2020-12-23,13.26,13.28,13.01,13.01,179144000,,
2020-12-24,13.04,13.13,12.94,12.99,97884000,,
2020-12-28,13.06,13.06,12.76,12.90,212564000,,
2020-12-29,12.93,13.07,12.84,12.94,170372000,,
2020-12-30,12.99,13.21,12.90,13.15,225396000,,
2020-12-31,13.14,13.15,12.91,13.05,192424000,,
2021-01-04,13.10,13.65,12.96,13.11,560640000,,
2021-01-05,13.10,13.44,13.09,13.40,322760000,,
2021-01-06,13.22,13.24,12.59,12.61,580424000,,
2021-01-07,12.97,13.38,12.89,13.34,461480000,,
2021-01-08,13.36,13.42,13.04,13.28,292528000,,
2021-01-11,13.42,13.96,13.36,13.62,518344000,,
2021-01-12,13.75,13.75,13.35,13.48,291476000,,
2021-01-13,13.49,13.62,13.38,13.53,210028000,,
2021-01-14,13.57,13.60,13.18,13.20,283120000,,
2021-01-15,13.23,13.33,12.85,12.86,277780000,,
2021-01-19,13.02,13.09,12.84,13.03,226188000,,
2021-01-20,13.11,13.43,13.06,13.37,258572000,,
2021-01-21,13.42,14.00,13.25,13.87,337780000,,
2021-01-22,13.74,13.84,13.63,13.71,246820000,,
2021-01-25,13.78,13.83,13.24,13.65,251112000,,
2021-01-26,13.58,13.64,13.39,13.44,163980000,,
2021-01-27,13.23,13.23,12.79,12.92,371272000,,
2021-01-28,13.00,13.34,12.96,13.05,228316000,,
2021-01-29,13.07,13.33,12.91,12.99,271552000,,
2021-02-01,13.05,13.27,12.90,13.24,217204000,,
2021-02-02,13.40,13.57,13.29,13.56,220440000,,
2021-02-03,13.64,13.93,13.52,13.53,245408000,,
2021-02-04,13.53,13.67,13.34,13.66,201340000,,
2021-02-05,13.72,13.74,13.55,13.59,169152000,,
2021-02-08,13.73,14.47,13.73,14.44,434624000,,
2021-02-09,14.34,14.58,14.22,14.26,287560000,,
2021-02-10,14.46,14.90,14.34,14.76,485352000,,
2021-02-11,14.98,15.27,14.93,15.25,450828000,,
2021-02-12,15.05,15.29,14.78,14.96,374756000,,
2021-02-16,15.06,15.37,14.95,15.33,321960000,,
2021-02-17,15.17,15.22,14.78,14.91,274756000,,
2021-02-18,14.73,14.87,14.57,14.83,233868000,,
2021-02-19,15.02,15.18,14.85,14.93,271724000,,
2021-02-22,14.77,15.13,14.32,14.36,325884000,,
2021-02-23,14.08,14.24,13.39,14.14,391780000,,
2021-02-24,14.12,14.51,13.76,14.50,448320000,,
2021-02-25,14.05,14.37,13.22,13.31,824436000,,
2021-02-26,13.75,13.85,13.36,13.71,500932000,,
2021-03-01,13.88,13.93,13.55,13.84,353184000,,
2021-03-02,13.90,13.92,13.40,13.41,264116000,,
2021-03-03,13.43,13.45,12.80,12.80,377592000,,
2021-03-04,12.80,12.97,12.08,12.37,573344000,,
2021-03-05,12.55,12.55,11.68,12.46,542840000,,
2021-03-08,12.45,12.47,11.57,11.59,543112000,,
2021-03-09,12.13,12.62,12.06,12.52,521824000,0.004,
2021-03-10,12.84,12.98,12.46,12.47,384376000,,
2021-03-11,12.95,13.05,12.73,12.99,299916000,,
2021-03-12,12.65,12.89,12.59,12.86,243964000,,
2021-03-15,12.86,13.21,12.77,13.19,221988000,,
2021-03-16,13.36,13.51,13.12,13.29,272128000,,
2021-03-17,13.04,13.45,12.99,13.34,243864000,,
2021-03-18,13.14,13.18,12.72,12.72,293896000,,
2021-03-19,12.75,12.92,12.61,12.85,299208000,,
2021-03-22,12.91,13.39,12.91,13.19,297804000,,
2021-03-23,13.25,13.34,13.02,13.07,222048000,,
2021-03-24,13.15,13.16,12.64,12.64,245840000,,
2021-03-25,12.50,12.71,12.27,12.54,295144000,,
2021-03-26,12.55,12.86,12.37,12.84,363968000,,
2021-03-29,12.82,13.06,12.70,12.95,273520000,,
2021-03-30,12.84,12.98,12.71,12.87,200204000,,
2021-03-31,13.02,13.47,12.98,13.35,314776000,,
2021-04-01,13.57,13.87,13.51,13.81,308276000,,
2021-04-05,13.87,14.01,13.73,13.99,255672000,,
2021-04-06,14.00,14.05,13.77,13.86,191744000,,
2021-04-07,13.88,14.24,13.71,14.14,251284000,,
2021-04-08,14.25,14.47,14.25,14.32,244416000,,
2021-04-09,14.21,14.41,14.18,14.40,195172000,,
2021-04-12,14.29,15.35,14.14,15.21,869324000,,
2021-04-13,15.23,15.70,15.13,15.68,676212000,,
2021-04-14,15.62,15.72,15.23,15.28,385500000,,
2021-04-15,15.66,16.21,15.63,16.14,598480000,,
2021-04-16,16.05,16.17,15.87,15.91,335208000,,
2021-04-19,15.54,15.81,15.23,15.36,404420000,,
2021-04-20,15.32,15.50,14.96,15.17,334132000,,
2021-04-21,15.12,15.36,15.10,15.36,216776000,,
2021-04-22,15.38,15.44,14.78,14.85,277788000,,
2021-04-23,14.93,15.34,14.90,15.27,227500000,,
2021-04-26,15.19,15.48,15.12,15.48,197796000,,
2021-04-27,15.58,15.67,15.35,15.38,164572000,,
2021-04-28,15.36,15.53,15.22,15.28,209416000,,
2021-04-29,15.40,15.44,15.07,15.32,173196000,,
2021-04-30,15.17,15.37,15.00,15.01,201912000,,
2021-05-03,15.12,15.25,14.79,14.84,203912000,,
2021-05-04,14.64,14.64,14.01,14.35,405324000,,
2021-05-05,14.71,14.81,14.39,14.46,292024000,,
2021-05-06,14.50,14.57,14.22,14.52,193380000,,
2021-05-07,14.81,14.97,14.67,14.81,229328000,,
2021-05-10,14.79,14.81,14.25,14.27,268904000,,
2021-05-11,13.82,14.35,13.75,14.31,285584000,,
2021-05-12,14.01,14.26,13.71,13.76,303408000,,
2021-05-13,14.03,14.08,13.46,13.67,285404000,,
2021-05-14,13.89,14.33,13.75,14.24,258616000,,
2021-05-17,14.16,14.17,13.85,14.17,216980000,,
2021-05-18,14.27,14.40,14.00,14.02,186256000,,
2021-05-19,13.57,14.08,13.54,14.07,344000000,,
2021-05-20,14.30,14.68,14.27,14.61,321592000,,
2021-05-21,15.16,15.22,14.87,14.99,672992000,,
2021-05-24,15.21,15.74,15.18,15.61,554816000,,
2021-05-25,15.77,15.82,15.48,15.65,435408000,,
2021-05-26,15.73,15.79,15.59,15.70,370440000,,
2021-05-27,15.70,15.75,15.46,15.49,581476000,,
2021-05-28,15.50,16.28,15.50,16.24,644536000,,
2021-06-01,16.27,16.39,15.90,16.26,472804000,,
2021-06-02,16.25,16.92,16.24,16.78,594168000,,
2021-06-03,16.70,17.26,16.58,16.97,580008000,,
2021-06-04,17.11,17.66,17.10,17.58,617120000,,
2021-06-07,17.57,17.81,17.19,17.62,575756000,,
2021-06-08,17.53,17.62,17.25,17.46,323848000,,
2021-06-09,17.52,17.57,17.26,17.36,381656000,0.004,
2021-06-10,17.35,17.49,17.18,17.43,287772000,,
2021-06-11,17.48,17.94,17.44,17.83,416308000,,
2021-06-14,17.91,18.04,17.66,18.02,321376000,,
2021-06-15,17.91,18.02,17.73,17.79,243032000,,
2021-06-16,17.79,17.95,17.58,17.81,307124000,,
2021-06-17,17.77,18.84,17.76,18.66,809656000,,
2021-06-18,18.78,19.38,18.58,18.64,968856000,,
2021-06-21,18.44,18.54,17.82,18.43,672384000,,
2021-06-22,18.47,18.96,18.39,18.89,580144000,,
2021-06-23,19.01,19.15,18.91,19.06,332356000,,
2021-06-24,19.23,19.42,19.09,19.21,320924000,,
2021-06-25,19.28,19.35,18.89,19.03,278364000,,
2021-06-28,19.36,20.08,19.32,19.98,495436000,,
2021-06-29,19.88,20.10,19.66,20.03,367632000,,
2021-06-30,20.00,20.16,19.86,20.00,326568000,,
2021-07-01,20.12,20.46,20.02,20.21,480136000,,
2021-07-02,20.44,20.51,20.29,20.49,342764000,,
2021-07-06,20.74,20.84,20.35,20.70,446708000,,
2021-07-07,20.85,20.88,20.33,20.37,418428000,,
2021-07-08,19.86,20.13,19.70,19.90,503300000,,
2021-07-09,19.96,20.08,19.75,20.05,296624000,,
2021-07-12,20.24,20.53,20.19,20.51,321984000,,
2021-07-13,20.40,20.46,20.11,20.25,290708000,,
2021-07-14,20.36,20.42,19.75,19.84,380100000,,
2021-07-15,19.81,19.85,18.86,18.97,550564000,,
2021-07-16,19.03,19.16,18.07,18.16,688224000,,
2021-07-19,17.92,19.04,17.87,18.78,749060000,,
2021-07-20,18.73,18.84,18.16,18.61,434687000,,4
2021-07-21,18.88,19.53,18.74,19.41,371017000,,
2021-07-22,19.64,19.89,19.28,19.59,323826000,,
2021-07-23,19.66,19.70,19.25,19.56,195672000,,
2021-07-26,19.31,19.44,18.91,19.29,203943000,,
2021-07-27,19.27,19.62,18.74,19.21,248863000,,
2021-07-28,19.32,19.65,19.00,19.50,202191000,,
2021-07-29,19.52,19.85,19.33,19.66,190781000,,
2021-07-30,19.42,19.63,19.26,19.50,183497000,,
2021-08-02,19.70,19.96,19.36,19.75,217444000,,
2021-08-03,19.74,20.22,19.22,19.82,301811000,,
2021-08-04,19.99,20.32,19.83,20.27,231309000,,
2021-08-05,20.50,20.73,20.34,20.64,211435000,,
2021-08-06,20.52,20.57,20.21,20.37,178497000,,
2021-08-09,20.45,20.51,20.14,20.30,146443000,,
2021-08-10,20.32,20.43,19.84,19.94,179238000,,
2021-08-11,20.04,20.05,19.43,19.70,185925000,,
2021-08-12,19.87,20.03,19.62,19.91,151652000,,
2021-08-13,19.91,20.21,19.85,20.19,183063000,,
2021-08-16,20.14,20.29,19.45,19.95,210876000,,
2021-08-17,19.68,19.77,19.27,19.46,204585000,,
2021-08-18,19.50,19.63,19.00,19.04,285913000,,
2021-08-19,19.49,20.50,18.76,19.80,766555000,,
2021-08-20,19.99,20.86,19.93,20.82,675741000,,
2021-08-23,20.97,22.00,20.95,21.96,575807000,,
2021-08-24,21.75,21.96,21.54,21.79,297299000,,
2021-08-25,21.74,22.47,21.72,22.21,347701000,,
2021-08-26,22.20,22.34,21.79,22.07,237940000,,
2021-08-27,22.18,22.72,22.17,22.64,304722000,,
2021-08-30,22.83,23.04,22.55,22.69,262580000,,
2021-08-31,22.70,22.70,22.12,22.39,259850000,0.004,
2021-09-01,22.48,22.70,22.36,22.44,201767000,,
2021-09-02,22.52,22.59,22.30,22.40,187834000,,
2021-09-03,22.32,22.99,22.20,22.84,280532000,,
2021-09-07,22.83,22.90,22.52,22.66,198107000,,
2021-09-08,22.51,22.61,21.98,22.34,254434000,,
2021-09-09,22.31,22.54,22.13,22.18,196856000,,
2021-09-10,22.35,22.63,22.27,22.48,248376000,,
2021-09-13,22.68,22.96,21.86,22.15,297500000,,
2021-09-14,22.27,22.41,22.09,22.24,199755000,,
2021-09-15,22.31,22.37,21.97,22.34,166538000,,
2021-09-16,22.18,22.28,21.93,22.24,156033000,,
2021-09-17,22.30,22.32,21.83,21.90,294503000,,
2021-09-20,21.15,21.43,20.66,21.11,349440000,,
2021-09-21,21.42,21.43,20.95,21.25,204688000,,
2021-09-22,21.37,21.96,21.20,21.94,268726000,,
2021-09-23,22.14,22.54,21.89,22.48,248555000,,
2021-09-24,22.07,22.15,21.86,22.08,217655000,,
2021-09-27,21.71,21.80,21.32,21.66,245215000,,
2021-09-28,21.21,21.42,20.65,20.70,343069000,,
2021-09-29,20.94,21.02,20.47,20.52,218394000,,
2021-09-30,20.77,21.07,20.69,20.72,221009000,,
2021-10-01,20.75,20.86,20.20,20.74,240978000,,
2021-10-04,20.50,20.54,19.55,19.73,345635000,,
2021-10-05,19.95,20.65,19.85,20.45,279282000,,
2021-10-06,20.12,20.72,20.08,20.70,297202000,,
2021-10-07,21.09,21.32,20.97,21.07,256919000,,
2021-10-08,21.10,21.21,20.77,20.83,151258000,,
2021-10-11,20.57,21.06,20.51,20.70,163388000,,
2021-10-12,20.83,21.06,20.53,20.67,162134000,,
2021-10-13,20.92,20.99,20.71,20.94,180652000,,
2021-10-14,21.29,21.75,21.12,21.75,243589000,,
2021-10-15,21.81,21.93,21.66,21.86,226994000,,
2021-10-18,21.75,22.29,21.64,22.22,189494000,,
2021-10-19,22.28,22.38,22.04,22.29,161473000,,
2021-10-20,22.30,22.43,21.98,22.10,146276000,,
2021-10-21,22.10,22.71,22.08,22.69,187590000,,
2021-10-22,22.82,23.13,22.56,22.73,249384000,,
2021-10-25,22.97,23.36,22.77,23.17,230235000,,
2021-10-26,23.99,25.26,23.92,24.72,485898000,,
2021-10-27,24.47,25.09,24.28,24.45,245990000,,
2021-10-28,24.88,24.95,24.52,24.94,234204000,,
2021-10-29,25.00,25.71,25.00,25.57,292503000,,
2021-11-01,25.65,25.89,25.23,25.83,265740000,,
2021-11-02,25.82,26.68,25.80,26.40,294112000,,
2021-11-03,26.67,26.78,26.23,26.60,239910000,,
2021-11-04,27.23,31.36,27.12,29.80,1153631000,,
2021-11-05,30.19,31.40,29.41,29.75,851260000,,
2021-11-08,30.15,31.10,29.91,30.80,503101000,,
2021-11-09,32.28,32.31,29.96,30.66,646746000,,
2021-11-10,29.36,30.85,28.78,29.46,636206000,,
2021-11-11,30.47,30.59,29.78,30.39,332172000,,
2021-11-12,30.01,30.68,29.63,30.39,413054000,,
2021-11-15,30.55,30.64,29.25,30.02,384909000,,
2021-11-16,29.76,30.39,29.71,30.20,264484000,,
2021-11-17,30.42,30.51,28.80,29.26,428508000,,
2021-11-18,32.37,32.76,31.32,31.68,781711000,,
2021-11-19,32.24,33.09,31.91,32.98,533867000,,
2021-11-22,33.52,34.65,31.90,31.96,754335000,,
2021-11-23,31.54,32.36,30.88,31.75,532163000,,
2021-11-24,31.46,32.85,30.93,32.67,435162000,,
2021-11-26,32.60,32.71,31.35,31.50,283069000,,
2021-11-29,32.37,33.41,32.04,33.38,454964000,,
2021-11-30,33.17,33.35,31.86,32.68,622066000,,
2021-12-01,33.22,33.29,31.38,31.43,484368000,0.004,
2021-12-02,31.21,32.48,31.02,32.13,472890000,,
2021-12-03,32.00,32.13,30.13,30.69,544325000,,
2021-12-06,29.88,30.24,28.04,30.04,658938000,,
2021-12-07,30.96,32.45,30.65,32.43,593053000,,
2021-12-08,32.00,32.29,31.42,31.83,475551000,,
2021-12-09,31.73,32.20,30.43,30.49,488507000,,
2021-12-10,31.15,31.30,29.86,30.20,488825000,,
2021-12-13,30.25,30.29,28.12,28.16,598344000,,
2021-12-14,27.70,28.68,27.25,28.34,667035000,,
2021-12-15,28.40,30.50,27.84,30.46,698297000,,
2021-12-16,31.15,31.16,28.09,28.39,707366000,,
2021-12-17,27.98,28.92,27.76,27.80,713758000,,
2021-12-20,27.30,28.14,27.14,27.72,461847000,,
2021-12-21,28.37,29.12,27.40,29.07,524385000,,
2021-12-22,28.89,29.55,28.45,29.40,395184000,,
2021-12-23,29.75,30.06,29.43,29.64,343022000,,
2021-12-27,29.66,31.09,29.64,30.95,403686000,,
2021-12-28,31.31,31.33,30.01,30.32,420591000,,
2021-12-29,30.27,30.55,29.37,30.00,343139000,,
2021-12-30,29.83,30.46,29.54,29.59,308864000,,
2021-12-31,29.67,30.03,29.33,29.41,266530000,,
2022-01-03,29.82,30.71,29.79,30.12,391547000,,
2022-01-04,30.28,30.47,28.35,29.29,527154000,,
2022-01-05,28.95,29.42,27.53,27.60,498064000,,
2022-01-06,27.64,28.44,27.07,28.18,454186000,,
2022-01-07,28.14,28.42,27.06,27.25,409939000,,
2022-01-10,26.58,27.47,25.64,27.40,594681000,,
2022-01-11,27.32,28.07,26.84,27.82,404089000,,
2022-01-12,28.07,28.59,27.61,28.00,383413000,,
2022-01-13,28.38,28.48,26.50,26.57,540171000,,
2022-01-14,26.30,27.20,26.21,26.94,395832000,,
2022-01-18,26.26,26.64,25.77,25.90,424270000,,
2022-01-19,26.08,26.54,25.05,25.07,488315000,,
2022-01-20,25.30,25.58,24.08,24.15,435181000,,
2022-01-21,23.51,24.82,23.26,23.37,718958000,,
2022-01-24,22.33,23.38,20.89,23.37,913982000,,
2022-01-25,22.55,22.94,22.00,22.32,664616000,,
2022-01-26,23.24,24.06,22.30,22.77,755959000,,
2022-01-27,23.57,24.00,21.68,21.94,573353000,,
2022-01-28,22.01,22.86,21.30,22.84,543774000,,
2022-01-31,23.18,24.51,23.05,24.49,564680000,,
2022-02-01,25.10,25.14,23.89,24.64,518925000,,
2022-02-02,25.79,25.82,24.55,25.24,543419000,,
2022-02-03,24.46,25.08,23.78,23.95,410178000,,
2022-02-04,23.97,24.64,23.63,24.32,354829000,,
2022-02-07,24.37,25.18,24.20,24.73,376868000,,
2022-02-08,24.36,25.23,23.98,25.11,410359000,,
2022-02-09,25.62,26.73,25.35,26.70,524282000,,
2022-02-10,26.00,26.93,25.60,25.82,513200000,,
2022-02-11,25.92,26.15,23.77,23.95,605472000,,
2022-02-14,23.93,24.88,23.75,24.27,440424000,,
2022-02-15,24.95,26.55,24.78,26.50,699869000,,
2022-02-16,26.26,26.58,25.55,26.51,732676000,,
2022-02-17,25.63,25.79,24.16,24.51,810595000,,
2022-02-18,24.67,24.99,23.10,23.64,761255000,,
2022-02-22,23.04,24.06,23.00,23.39,633422000,,
2022-02-23,23.80,24.16,22.30,22.39,566511000,,
2022-02-24,21.02,23.80,20.89,23.75,735801000,,
2022-02-25,23.72,24.22,23.38,24.16,528866000,,
2022-02-28,23.99,24.66,23.71,24.39,477319000,,
2022-03-01,24.29,24.38,23.13,23.48,412056000,,
2022-03-02,23.76,24.41,23.41,24.22,389642000,0.004,
2022-03-03,24.26,24.33,23.47,23.71,365095000,,
2022-03-04,23.38,23.68,22.48,22.94,431415000,,
2022-03-07,22.82,23.03,21.33,21.35,450821000,,
2022-03-08,21.31,22.37,20.65,21.51,557467000,,
2022-03-09,22.39,23.22,22.25,23.01,492742000,,
2022-03-10,22.53,22.79,21.88,22.66,428066000,,
2022-03-11,23.02,23.14,22.05,22.10,367209000,,
2022-03-14,21.87,22.26,21.16,21.33,385354000,,
2022-03-15,21.52,23.04,21.32,22.97,491996000,,
2022-03-16,23.50,24.60,23.17,24.50,671422000,,
2022-03-17,24.12,24.84,23.91,24.77,471941000,,
2022-03-18,24.80,26.57,24.62,26.45,730719000,,
2022-03-21,26.51,27.15,25.97,26.73,591727000,,
2022-03-22,26.73,27.24,26.07,26.52,547007000,,
2022-03-23,26.13,26.61,25.57,25.63,502120000,,
2022-03-24,26.17,28.32,25.91,28.15,877379000,,
2022-03-25,27.89,28.36,27.27,27.69,579016000,,
2022-03-28,27.76,28.25,27.21,28.22,425494000,,
2022-03-29,28.70,28.95,27.98,28.66,488984000,,
2022-03-30,28.30,28.50,27.50,27.69,463487000,,
2022-03-31,27.78,28.25,27.27,27.29,523440000,,
2022-04-01,27.38,27.50,26.27,26.71,517235000,,
2022-04-04,26.73,27.56,26.61,27.36,397120000,,
2022-04-05,27.25,27.32,25.82,25.93,436615000,,
2022-04-06,24.93,25.30,24.00,24.41,703833000,,
2022-04-07,24.44,24.72,23.48,24.21,557992000,,
2022-04-08,23.92,23.92,23.06,23.12,524781000,,
2022-04-11,22.21,22.32,21.66,21.92,575207000,,
2022-04-12,22.54,22.73,21.28,21.50,662258000,,
2022-04-13,21.73,22.50,21.45,22.20,516943000,,
2022-04-14,22.50,22.78,21.16,21.26,569097000,,
2022-04-18,21.20,22.09,21.08,21.78,525701000,,
2022-04-19,21.72,22.37,21.31,22.20,512781000,,
2022-04-20,22.52,22.67,21.20,21.48,468974000,,
2022-04-21,21.71,22.39,20.00,20.18,656209000,,
2022-04-22,20.30,20.49,19.50,19.52,624713000,,
2022-04-25,19.20,19.95,19.10,19.90,641566000,,
2022-04-26,19.72,19.79,18.67,18.79,653143000,,
2022-04-27,18.60,19.17,18.29,18.41,499460000,,
2022-04-28,18.97,20.04,18.49,19.78,570327000,,
2022-04-29,19.40,20.13,18.52,18.55,500435000,,
2022-05-02,18.54,19.57,18.39,19.53,572049000,,
2022-05-03,19.40,19.82,19.13,19.60,475751000,,
2022-05-04,19.92,20.40,18.75,20.33,648855000,,
2022-05-05,19.87,19.93,18.50,18.84,626331000,,
2022-05-06,18.74,19.51,17.99,18.68,633297000,,
2022-05-09,18.03,18.25,16.83,16.95,644455000,,
2022-05-10,17.69,18.20,17.02,17.59,761474000,,
2022-05-11,17.35,17.75,16.57,16.63,670167000,,
2022-05-12,16.22,16.79,15.57,16.18,708728000,,
2022-05-13,16.79,17.93,16.59,17.71,670437000,,
2022-05-16,17.51,17.79,17.11,17.26,521446000,,
2022-05-17,18.07,18.37,17.63,18.18,585830000,,
2022-05-18,17.70,18.12,16.86,16.94,545161000,,
2022-05-19,16.94,17.69,16.73,17.12,621310000,,
2022-05-20,17.33,17.41,15.76,16.69,739105000,,
2022-05-23,16.27,16.91,16.18,16.90,639889000,,
2022-05-24,16.51,16.60,15.78,16.15,588550000,,
2022-05-25,16.02,17.11,16.00,16.98,781132000,,
2022-05-26,16.04,18.09,16.02,17.85,996575000,,
2022-05-27,18.19,18.88,18.10,18.81,738379000,,
2022-05-31,18.98,19.20,18.35,18.67,664100000,,
2022-06-01,18.72,19.05,18.12,18.32,544514000,,
2022-06-02,18.29,19.62,18.20,19.59,648656000,,
2022-06-03,19.08,19.33,18.52,18.72,598779000,,
2022-06-06,19.14,19.34,18.56,18.79,422406000,,
2022-06-07,18.47,19.00,18.19,18.93,388914000,,
2022-06-08,18.80,19.18,18.54,18.65,363252000,0.004,
2022-06-09,18.48,18.93,18.04,18.05,395574000,,
2022-06-10,17.60,17.70,16.87,16.97,465248000,,
2022-06-13,16.00,16.31,15.61,15.65,604153000,,
2022-06-14,15.73,16.07,15.41,15.84,469680000,,
2022-06-15,16.09,16.87,15.93,16.53,563936000,,
2022-06-16,15.86,15.94,15.40,15.60,545749000,,
2022-06-17,15.65,15.99,15.33,15.88,630334000,,
2022-06-21,16.48,17.01,16.41,16.57,483089000,,
2022-06-22,16.23,16.66,16.18,16.36,437135000,,
2022-06-23,16.52,16.59,15.85,16.23,463680000,,
2022-06-24,16.50,17.14,16.31,17.13,472153000,,
2022-06-27,17.31,17.33,16.63,16.87,427968000,,
2022-06-28,16.90,17.20,15.95,15.98,461149000,,
2022-06-29,15.81,15.82,15.17,15.54,482352000,,
2022-06-30,15.36,15.57,14.86,15.16,686070000,,
2022-07-01,14.90,15.06,14.39,14.52,577610000,,
2022-07-05,14.18,14.97,14.05,14.96,651397000,,
2022-07-06,15.01,15.32,14.79,15.13,529066000,,
2022-07-07,15.46,15.95,15.39,15.86,492903000,,
2022-07-08,15.43,16.04,15.39,15.84,467972000,,
2022-07-11,15.53,15.53,15.04,15.15,437321000,,
2022-07-12,15.27,15.43,14.88,15.08,458483000,,
2022-07-13,14.59,15.38,14.46,15.16,521918000,,
2022-07-14,15.11,15.47,14.73,15.37,456235000,,
2022-07-15,15.66,15.78,15.45,15.76,385935000,,
2022-07-18,16.30,16.90,16.00,16.10,670517000,,
2022-07-19,16.49,17.11,16.17,16.99,702366000,,
2022-07-20,16.95,17.93,16.80,17.81,760538000,,
2022-07-21,17.89,18.14,17.55,18.05,557049000,,
2022-07-22,17.89,17.97,17.14,17.32,536671000,,
2022-07-25,17.02,17.12,16.65,17.02,480748000,,
2022-07-26,16.89,16.92,16.48,16.53,397865000,,
2022-07-27,17.03,17.94,16.91,17.79,569776000,,
2022-07-28,17.98,18.14,17.44,17.98,474646000,,
2022-07-29,17.81,18.24,17.69,18.16,435460000,,
2022-08-01,18.18,18.85,17.99,18.44,476469000,,
2022-08-02,18.12,18.94,18.09,18.53,489527000,,
2022-08-03,18.18,18.97,18.14,18.89,418146000,,
2022-08-04,18.85,19.27,18.76,19.21,409652000,,
2022-08-05,18.81,19.23,18.67,18.99,386068000,,
2022-08-08,17.50,18.24,17.24,17.79,981859000,,
2022-08-09,17.25,17.45,16.72,17.09,668263000,,
2022-08-10,17.70,18.12,17.32,18.10,597422000,,
2022-08-11,18.13,18.71,17.88,17.94,509327000,,
2022-08-12,18.16,18.72,17.95,18.71,478094000,,
2022-08-15,18.70,19.16,18.61,19.03,457666000,,
2022-08-16,18.92,19.14,18.50,18.88,451240000,,
2022-08-17,18.52,18.69,18.14,18.34,446799000,,
2022-08-18,18.30,18.86,18.18,18.77,415447000,,
2022-08-19,18.41,18.52,17.77,17.85,441588000,,
2022-08-22,17.49,17.56,16.97,17.03,409593000,,
2022-08-23,16.99,17.46,16.97,17.18,369986000,,
2022-08-24,17.01,17.41,16.89,17.22,522661000,,
2022-08-25,16.84,17.95,16.83,17.91,770691000,,
2022-08-26,17.86,17.92,16.24,16.26,769127000,,
2022-08-29,16.02,16.34,15.77,15.80,496132000,,
2022-08-30,15.96,16.04,15.18,15.47,530181000,,
2022-08-31,15.38,15.54,14.96,15.09,573710000,,
2022-09-01,14.21,14.38,13.27,13.94,1178865000,,
2022-09-02,14.10,14.17,13.59,13.65,743157000,,
2022-09-06,13.73,13.78,13.35,13.46,535751000,,
2022-09-07,13.56,13.84,13.35,13.71,512657000,0.004,
2022-09-08,13.46,14.01,13.37,13.99,624873000,,
2022-09-09,14.16,14.47,14.13,14.39,486612000,,
2022-09-12,14.37,14.55,14.20,14.51,484159000,,
2022-09-13,13.80,13.92,13.10,13.13,714956000,,
2022-09-14,13.25,13.29,12.91,13.13,588507000,,
2022-09-15,13.02,13.23,12.79,12.93,523625000,,
2022-09-16,12.74,13.21,12.62,13.20,670751000,,
2022-09-19,13.01,13.46,13.01,13.38,569685000,,
2022-09-20,13.21,13.48,13.06,13.18,524818000,,
2022-09-21,13.21,14.03,13.11,13.26,807679000,,
2022-09-22,13.07,13.15,12.43,12.56,759162000,,
2022-09-23,12.42,12.61,12.26,12.52,663309000,,
2022-09-26,12.49,12.66,12.21,12.23,547343000,,
2022-09-27,12.51,12.74,12.26,12.41,553854000,,
2022-09-28,12.41,12.82,12.35,12.74,542414000,,
2022-09-29,12.45,12.50,11.95,12.22,532763000,,
2022-09-30,12.09,12.63,12.07,12.14,565638000,,
2022-10-03,12.35,12.68,12.11,12.51,547478000,,
2022-10-04,12.88,13.22,12.88,13.17,584182000,,
2022-10-05,12.91,13.32,12.62,13.21,507131000,,
2022-10-06,13.22,13.66,13.10,13.13,644157000,,
2022-10-07,12.51,12.67,12.02,12.08,672478000,,
2022-10-10,12.04,12.12,11.41,11.67,698699000,,
2022-10-11,11.56,11.85,11.28,11.59,667482000,,
2022-10-12,11.58,11.73,11.35,11.50,492590000,,
2022-10-13,10.97,12.08,10.81,11.96,850103000,,
2022-10-14,12.06,12.11,11.20,11.23,713432000,,
2022-10-17,11.52,11.95,11.52,11.89,580774000,,
2022-10-18,12.34,12.49,11.62,11.97,659362000,,
2022-10-19,11.88,12.35,11.83,12.05,523131000,,
2022-10-20,12.11,12.77,12.11,12.19,652398000,,
2022-10-21,12.10,12.50,11.89,12.47,609494000,,
2022-10-24,12.51,12.71,12.06,12.60,517457000,,
2022-10-25,12.69,13.30,12.66,13.26,505482000,,
2022-10-26,12.87,13.39,12.71,12.90,532953000,,
2022-10-27,13.63,13.84,13.12,13.18,583113000,,
2022-10-28,13.10,13.85,13.06,13.83,521040000,,
2022-10-31,13.78,13.84,13.30,13.50,486341000,,
2022-11-01,13.81,13.93,13.52,13.54,432817000,,
2022-11-02,13.85,14.21,13.21,13.22,672628000,,
2022-11-03,13.04,13.78,12.96,13.42,500065000,,
2022-11-04,13.99,14.23,13.70,14.16,612576000,,
2022-11-07,14.23,14.41,13.95,14.30,410061000,,
2022-11-08,14.80,14.89,14.22,14.60,595292000,,
2022-11-09,14.16,14.21,13.76,13.78,454414000,,
2022-11-10,14.80,15.77,14.55,15.75,700819000,,
2022-11-11,15.81,16.39,15.48,16.33,655487000,,
2022-11-14,16.22,16.54,15.92,16.30,527852000,,
2022-11-15,16.72,17.00,16.38,16.67,545876000,,
2022-11-16,16.16,16.36,15.87,15.91,649547000,,
2022-11-17,15.71,16.27,15.54,15.68,710894000,,
2022-11-18,15.97,16.00,15.12,15.41,492072000,,
2022-11-21,15.15,15.48,15.08,15.32,404739000,,
2022-11-22,15.33,16.06,15.12,16.04,472866000,,
2022-11-23,16.10,16.53,16.05,16.52,427241000,,
2022-11-25,16.32,16.49,16.17,16.27,167934000,,
2022-11-28,16.03,16.36,15.72,15.83,303741000,,
2022-11-29,15.83,15.93,15.52,15.64,298384000,,
2022-11-30,15.70,16.93,15.60,16.92,565298000,0.004,
2022-12-01,17.00,17.27,16.64,17.14,470977000,,
2022-12-02,16.66,16.93,16.45,16.88,371389000,,
2022-12-05,16.68,17.00,16.47,16.61,352255000,,
2022-12-06,16.53,16.57,15.82,15.99,352694000,,
2022-12-07,15.77,16.19,15.67,16.12,372388000,,
2022-12-08,16.27,17.18,15.96,17.17,515456000,,
2022-12-09,17.16,17.58,16.98,17.00,465338000,,
2022-12-12,17.04,17.54,16.80,17.54,457328000,,
2022-12-13,18.53,18.79,17.71,18.07,656589000,,
2022-12-14,17.99,18.25,17.42,17.67,496888000,,
2022-12-15,17.15,17.32,16.70,16.95,478542000,,
2022-12-16,16.86,17.04,16.41,16.57,478232000,,
2022-12-19,16.57,16.61,16.14,16.25,354039000,,
2022-12-20,16.06,16.31,15.85,16.09,403260000,,
2022-12-21,16.11,16.63,16.10,16.50,325025000,,
2022-12-22,16.09,16.14,14.88,15.34,565045000,,
2022-12-23,15.20,15.34,14.88,15.21,349326000,,
2022-12-27,15.07,15.10,14.06,14.12,464902000,,
2022-12-28,13.93,14.26,13.88,14.04,351066000,,
2022-12-29,14.40,14.68,14.23,14.60,354923000,,
2022-12-30,14.33,14.63,14.23,14.61,310490000,,
2023-01-03,14.85,15.00,14.10,14.31,401277000,,
2023-01-04,14.57,14.85,14.24,14.75,431324000,,
2023-01-05,14.49,14.56,14.15,14.27,389168000,,
2023-01-06,14.47,15.01,14.03,14.86,405044000,,
2023-01-09,15.28,16.06,15.14,15.63,504231000,,
2023-01-10,15.51,15.96,15.47,15.91,384101000,,
2023-01-11,15.84,16.03,15.56,16.00,353285000,,
2023-01-12,16.10,16.64,15.49,16.51,551409000,,
2023-01-13,16.28,16.92,16.16,16.90,447287000,,
2023-01-17,16.90,17.73,16.90,17.70,511102000,,
2023-01-18,17.67,17.87,17.28,17.38,439624000,,
2023-01-19,17.04,17.20,16.73,16.77,452932000,,
2023-01-20,17.01,17.86,16.82,17.84,564967000,,
2023-01-23,18.06,19.25,17.82,19.19,655163000,,
2023-01-24,18.83,19.50,18.82,19.27,496204000,,
2023-01-25,18.91,19.37,18.58,19.32,449537000,,
2023-01-26,19.70,20.17,19.28,19.80,489535000,,
2023-01-27,19.46,20.63,19.41,20.36,542142000,,
2023-01-30,19.95,20.14,19.15,19.16,488611000,,
2023-01-31,19.17,19.69,18.95,19.54,498017000,,
2023-02-01,19.69,21.19,19.61,20.94,660477000,,
2023-02-02,21.00,21.95,20.70,21.71,564276000,,
2023-02-03,21.00,21.75,20.79,21.10,429366000,,
2023-02-06,20.81,21.57,20.79,21.09,452197000,,
2023-02-07,21.38,22.26,21.15,22.17,664150000,,
2023-02-08,22.39,22.88,22.01,22.20,559651000,,
2023-02-09,22.61,23.02,22.12,22.34,523876000,,
2023-02-10,21.69,22.08,20.81,21.27,550737000,,
2023-02-13,21.54,22.05,20.96,21.79,474919000,,
2023-02-14,21.58,23.05,21.37,22.97,675474000,,
2023-02-15,22.55,22.86,22.11,22.76,420575000,,
2023-02-16,22.13,22.55,21.93,22.00,412026000,,
2023-02-17,21.63,21.74,20.98,21.39,465888000,,
2023-02-21,21.00,21.49,20.62,20.66,410015000,,
2023-02-22,20.71,21.10,20.42,20.75,513184000,,
2023-02-23,23.44,23.89,23.02,23.66,1117995000,,
2023-02-24,23.23,23.47,22.95,23.29,589716000,,
2023-02-27,23.67,23.88,23.45,23.50,452994000,,
2023-02-28,23.37,23.82,23.21,23.22,455963000,,
2023-03-01,23.19,23.26,22.51,22.70,460026000,,
2023-03-02,22.49,23.38,22.43,23.31,389415000,,
2023-03-03,23.32,23.90,23.13,23.89,412393000,,
2023-03-06,23.89,24.25,23.49,23.55,437429000,,
2023-03-07,23.60,24.12,23.24,23.29,515154000,0.004,
2023-03-08,23.49,24.20,23.42,24.18,513573000,,
2023-03-09,24.18,24.45,23.38,23.44,501257000,,
2023-03-10,23.41,23.63,22.73,22.96,474866000,,
2023-03-13,22.75,23.30,22.30,22.97,421890000,,
2023-03-14,23.50,24.22,23.46,24.06,474910000,,
2023-03-15,23.76,24.29,23.36,24.23,524486000,,
2023-03-16,24.03,25.59,23.89,25.54,583253000,,
2023-03-17,25.98,26.40,25.67,25.73,848547000,,
2023-03-20,25.61,26.02,25.13,25.90,432747000,,
2023-03-21,26.18,26.39,25.38,26.20,547408000,,
2023-03-22,26.43,27.59,26.24,26.47,797295000,,
2023-03-23,27.11,27.50,26.69,27.19,564889000,,
2023-03-24,27.03,27.17,26.36,26.78,454920000,,
2023-03-27,26.84,27.00,26.36,26.53,361026000,,
2023-03-28,26.45,26.51,25.85,26.41,356104000,,
2023-03-29,26.82,27.08,26.60,26.98,393694000,,
2023-03-30,27.23,27.50,27.10,27.38,364516000,,
2023-03-31,27.14,27.83,27.11,27.78,433933000,,
2023-04-03,27.51,28.00,27.34,27.96,398716000,,
2023-04-04,27.97,28.00,27.31,27.45,368592000,,
2023-04-05,26.83,27.00,26.39,26.88,515015000,,
2023-04-06,26.58,27.08,26.43,27.04,397654000,,
2023-04-10,26.82,27.62,26.67,27.58,395279000,,
2023-04-11,27.72,27.79,27.13,27.17,314378000,,
2023-04-12,27.37,27.47,26.45,26.50,446259000,,
2023-04-13,26.73,26.89,26.33,26.46,353615000,,
2023-04-14,26.50,26.88,26.22,26.76,395660000,,
2023-04-17,26.57,27.01,26.43,27.00,321471000,,
2023-04-18,27.53,28.11,27.36,27.67,604812000,,
2023-04-19,27.36,28.00,27.23,27.93,358660000,,
2023-04-20,27.67,28.03,27.00,27.10,427713000,,
2023-04-21,26.95,27.18,26.72,27.12,345103000,,
2023-04-24,27.01,27.37,26.67,27.04,339282000,,
2023-04-25,27.08,27.25,26.23,26.24,378527000,,
2023-04-26,27.00,27.33,26.70,26.96,406337000,,
2023-04-27,27.36,27.50,26.62,27.23,377161000,,
2023-04-28,27.23,27.76,27.07,27.75,292216000,,
2023-05-01,27.84,29.06,27.78,28.91,570329000,,
2023-05-02,28.68,28.84,28.08,28.21,402730000,,
2023-05-03,27.84,28.37,27.47,27.80,383387000,,
2023-05-04,27.65,27.86,27.24,27.56,321850000,,
2023-05-05,27.83,28.75,27.73,28.68,361494000,,
2023-05-08,28.52,29.22,28.35,29.15,344979000,,
2023-05-09,28.90,28.97,28.45,28.57,314869000,,
2023-05-10,29.00,29.11,28.46,28.89,369350000,,
2023-05-11,28.90,28.95,28.25,28.58,322149000,,
2023-05-12,28.53,28.78,28.05,28.34,274222000,,
2023-05-15,28.51,28.97,28.15,28.95,293926000,,
2023-05-16,28.84,29.87,28.83,29.21,449405000,,
2023-05-17,29.58,30.20,29.43,30.18,432535000,,
2023-05-18,30.41,31.83,30.32,31.68,748725000,,
2023-05-19,31.54,31.58,30.92,31.26,473908000,,
2023-05-22,30.90,31.52,30.68,31.18,372000000,,
2023-05-23,31.00,31.29,30.63,30.69,356253000,,
2023-05-24,30.21,30.61,29.81,30.54,721419000,,
2023-05-25,38.52,39.48,36.63,37.98,1543911000,,
2023-05-26,37.89,39.17,37.55,38.95,714397000,,
2023-05-30,40.59,41.94,39.95,40.11,923401000,,
2023-05-31,39.49,40.30,37.82,37.83,1002580000,,
2023-06-01,38.49,40.05,38.34,39.77,635873000,,
2023-06-02,40.10,40.50,39.06,39.33,482731000,,
2023-06-05,38.91,39.56,38.71,39.17,396094000,,
2023-06-06,38.83,39.16,38.15,38.65,388729000,,
2023-06-07,38.91,39.50,37.36,37.48,511998000,0.004,
2023-06-08,37.72,38.86,37.51,38.51,417772000,,
2023-06-09,39.04,39.71,38.57,38.77,427717000,,
2023-06-12,39.20,39.53,38.62,39.48,388701000,,
2023-06-13,40.19,41.10,39.74,41.02,613208000,,
2023-06-14,40.82,43.00,40.55,43.00,740465000,,
2023-06-15,42.60,43.29,42.15,42.65,568622000,,
2023-06-16,43.45,43.72,42.66,42.69,655709000,,
2023-06-20,43.00,43.99,42.67,43.81,451153000,,
2023-06-21,43.50,43.62,42.08,43.05,551603000,,
2023-06-22,42.25,43.43,42.23,43.02,417737000,,
2023-06-23,42.46,42.81,42.02,42.21,358140000,,
2023-06-26,42.46,42.76,40.10,40.63,594322000,,
2023-06-27,40.80,41.94,40.45,41.88,462175000,,
2023-06-28,40.66,41.84,40.52,41.12,582639000,,
2023-06-29,41.56,41.60,40.60,40.82,380514000,,
2023-06-30,41.68,42.55,41.50,42.30,501148000,,
2023-07-03,42.52,42.90,42.20,42.41,198209000,,
2023-07-05,42.13,43.18,42.09,42.32,323618000,,
2023-07-06,41.84,42.18,41.35,42.10,303582000,,
2023-07-07,42.32,43.21,42.18,42.50,355881000,,
2023-07-10,42.66,42.81,41.65,42.18,353908000,,
2023-07-11,42.48,42.76,42.07,42.41,298244000,,
2023-07-12,43.03,43.94,42.78,43.90,481277000,,
2023-07-13,44.52,46.16,44.49,45.98,478204000,,
2023-07-14,46.58,48.09,45.06,45.47,772075000,,
2023-07-17,46.29,46.50,45.26,46.46,510488000,,
2023-07-18,46.70,47.90,45.73,47.49,569164000,,
2023-07-19,47.46,47.82,46.74,47.08,427502000,,
2023-07-20,46.51,47.09,45.06,45.52,537865000,,
2023-07-21,45.79,45.87,44.10,44.31,963769000,,
2023-07-24,44.73,45.11,44.04,44.61,382516000,,
2023-07-25,44.94,46.18,44.92,45.68,348081000,,
2023-07-26,46.02,46.05,44.63,45.45,364237000,,
2023-07-27,46.52,47.40,45.75,45.90,455976000,,
2023-07-28,46.67,47.03,46.38,46.75,331194000,,
2023-07-31,46.75,47.13,46.51,46.73,251055000,,
2023-08-01,46.46,46.90,46.03,46.51,237858000,,
2023-08-02,45.83,45.84,43.39,44.27,530142000,,
2023-08-03,43.80,45.12,43.80,44.52,324176000,,
2023-08-04,44.98,45.64,44.39,44.68,362666000,,
2023-08-07,45.11,45.54,44.56,45.42,322154000,,
2023-08-08,44.85,45.24,44.06,44.66,353843000,,
2023-08-09,44.27,44.31,42.13,42.55,586449000,,
2023-08-10,42.16,43.57,41.84,42.39,492705000,,
2023-08-11,41.75,42.02,40.64,40.85,533085000,,
2023-08-14,40.49,43.80,40.31,43.75,690286000,,
2023-08-15,44.56,45.27,43.71,43.94,676512000,,
2023-08-16,44.52,44.67,43.41,43.49,527451000,,
2023-08-17,43.97,44.06,43.00,43.34,452395000,,
2023-08-18,42.63,43.58,41.66,43.30,583768000,,
2023-08-21,44.49,47.06,44.22,46.97,692573000,,
2023-08-22,48.13,48.19,45.33,45.67,755293000,,
2023-08-23,45.87,47.20,45.21,47.12,779046000,,
2023-08-24,50.22,50.27,47.16,47.16,1156044000,,
2023-08-25,47.01,47.80,45.02,46.02,925341000,,
2023-08-28,46.48,46.98,44.89,46.84,685192000,,
2023-08-29,46.67,49.08,46.39,48.78,701397000,,
2023-08-30,49.04,49.93,48.42,49.26,735206000,,
2023-08-31,49.38,49.74,48.96,49.35,528570000,,
2023-09-01,49.76,49.80,48.14,48.51,463830000,,
2023-09-05,48.22,48.85,47.86,48.55,382653000,,
2023-09-06,48.44,48.55,46.58,47.06,468670000,0.004,
2023-09-07,45.52,46.34,45.15,46.24,433330000,,
2023-09-08,45.94,46.61,45.27,45.57,473069000,,
2023-09-11,46.15,46.16,44.31,45.18,473966000,,
2023-09-12,44.74,45.67,44.53,44.87,349256000,,
2023-09-13,44.60,45.93,44.50,45.48,398355000,,
2023-09-14,45.95,45.99,45.13,45.58,370097000,,
2023-09-15,45.34,45.60,43.81,43.90,506831000,,
2023-09-18,42.75,44.24,42.00,43.97,500271000,,
2023-09-19,43.83,43.97,43.00,43.52,373064000,,
2023-09-20,43.60,43.90,42.22,42.24,367108000,,
2023-09-21,41.58,42.10,40.98,41.02,450736000,,
2023-09-22,41.57,42.12,41.23,41.61,479236000,,
2023-09-25,41.59,42.54,41.18,42.22,419091000,,
2023-09-26,42.00,42.82,41.66,41.91,402282000,,
2023-09-27,42.33,42.87,41.63,42.47,444935000,,
2023-09-28,42.46,43.45,42.12,43.09,424663000,,
2023-09-29,43.83,44.14,43.31,43.50,397830000,,
2023-10-02,44.03,45.17,43.86,44.78,433298000,,
2023-10-03,44.81,45.13,43.25,43.52,470850000,,
2023-10-04,43.74,44.14,43.29,44.04,361821000,,
2023-10-05,44.05,44.90,43.89,44.69,393483000,,
2023-10-06,44.19,45.79,44.03,45.76,434436000,,
2023-10-09,44.84,45.60,44.37,45.27,409675000,,
2023-10-10,45.31,46.26,45.09,45.80,368582000,,
2023-10-11,46.20,46.86,46.05,46.81,378137000,,
2023-10-12,46.78,47.61,46.33,46.95,481325000,,
2023-10-13,46.96,47.12,45.28,45.46,474115000,,
2023-10-16,45.06,46.23,44.91,46.09,375099000,,
2023-10-17,44.00,44.75,42.48,43.94,812333000,,
2023-10-18,42.59,43.22,41.83,42.20,627294000,,
2023-10-19,42.81,43.30,41.88,42.10,501233000,,
2023-10-20,41.89,42.47,41.08,41.39,477266000,,
2023-10-23,41.23,43.25,40.95,42.98,478530000,,
2023-10-24,43.08,43.70,42.69,43.66,401463000,,
2023-10-25,43.40,43.65,41.55,41.78,398379000,,
2023-10-26,41.85,42.26,39.88,40.33,541001000,,
2023-10-27,41.13,41.21,40.02,40.50,416784000,,
2023-10-30,41.09,41.77,40.48,41.16,388028000,,
2023-10-31,40.45,40.88,39.23,40.78,517969000,,
2023-11-01,40.88,42.38,40.87,42.33,437593000,,
2023-11-02,43.33,43.88,42.89,43.51,409172000,,
2023-11-03,44.02,45.31,43.72,45.01,424610000,,
2023-11-06,45.28,45.94,44.90,45.75,400733000,,
2023-11-07,45.72,46.22,45.16,45.95,343165000,,
2023-11-08,46.10,46.87,45.97,46.57,346719000,,
2023-11-09,47.47,48.23,46.75,46.95,540496000,,
2023-11-10,47.50,48.47,47.28,48.34,421245000,,
2023-11-13,48.32,49.12,48.10,48.62,384136000,,
2023-11-14,49.68,49.83,49.04,49.66,416954000,,
2023-11-15,49.94,49.96,48.20,48.89,475497000,,
2023-11-16,48.68,49.52,48.33,49.48,339756000,,
2023-11-17,49.52,49.72,49.01,49.30,325205000,,
2023-11-20,49.31,50.55,49.18,50.41,414120000,,
2023-11-21,50.13,50.52,49.22,49.94,565747000,,
2023-11-22,49.85,50.34,47.69,48.72,899420000,,
2023-11-24,48.47,48.92,47.74,47.78,294645000,,
2023-11-27,47.80,48.53,47.65,48.24,395662000,,
2023-11-28,48.24,48.32,47.47,47.82,401491000,,
2023-11-29,48.38,48.76,47.86,48.14,382005000,,
2023-11-30,48.02,48.11,46.42,46.77,526247000,,
2023-12-01,46.52,47.20,46.19,46.77,369317000,,
2023-12-04,46.08,46.08,45.01,45.51,437543000,,
2023-12-05,45.47,46.60,45.27,46.57,371718000,0.004,
2023-12-06,47.22,47.39,45.41,45.50,380590000,,
2023-12-07,45.70,46.63,45.60,46.60,350823000,,
2023-12-08,46.59,47.74,46.55,47.51,359224000,,
2023-12-11,47.49,47.53,45.83,46.63,509728000,,
2023-12-12,46.05,47.67,46.05,47.66,372387000,,
2023-12-13,47.63,48.59,47.61,48.09,447792000,,
2023-12-14,48.39,48.67,47.42,48.35,391232000,,
2023-12-15,48.19,49.40,48.12,48.89,479948000,,
2023-12-18,49.40,50.43,49.15,50.08,412587000,,
2023-12-19,49.42,49.70,48.90,49.60,464444000,,
2023-12-20,49.66,50.00,48.10,48.11,397894000,,
2023-12-21,48.81,49.09,48.42,48.99,300425000,,
2023-12-22,49.20,49.38,48.47,48.83,252507000,,
2023-12-26,48.97,49.60,48.96,49.28,244200000,,
2023-12-27,49.51,49.68,49.09,49.42,233648000,,
2023-12-28,49.64,49.88,49.41,49.52,246587000,,
2023-12-29,49.81,50.00,48.75,49.52,389293000,,
2024-01-02,49.24,49.30,47.59,48.17,411254000,,
2024-01-03,47.48,48.18,47.32,47.57,320896000,,
2024-01-04,47.77,48.50,47.51,48.00,306535000,,
2024-01-05,48.46,49.55,48.31,49.10,415039000,,
2024-01-08,49.51,52.27,49.48,52.25,642510000,,
2024-01-09,52.40,54.33,51.69,53.14,773100000,,
2024-01-10,53.62,54.60,53.49,54.35,533796000,,
2024-01-11,55.00,55.35,53.56,54.82,596759000,,
2024-01-12,54.62,54.97,54.33,54.71,352994000,,
2024-01-16,55.02,56.84,54.90,56.38,449580000,,
2024-01-17,56.35,56.47,54.74,56.05,474394000,,
2024-01-18,57.26,57.60,56.11,57.11,491650000,,
2024-01-19,57.99,59.50,57.23,59.49,543501000,,
2024-01-22,60.05,60.33,59.07,59.65,452955000,,
2024-01-23,59.57,59.91,58.59,59.87,294654000,,
2024-01-24,60.30,62.85,59.94,61.36,560271000,,
2024-01-25,62.35,62.72,60.85,61.62,482777000,,
2024-01-26,60.96,61.78,60.57,61.03,390309000,,
2024-01-29,61.23,62.49,60.91,62.47,348733000,,
2024-01-30,62.90,63.49,62.26,62.77,410735000,,
2024-01-31,61.44,62.27,60.70,61.53,453795000,,
2024-02-01,62.10,63.19,61.65,63.03,369146000,,
2024-02-02,63.97,66.60,63.69,66.16,476578000,,
2024-02-05,68.22,69.50,67.20,69.33,680078000,,
2024-02-06,69.63,69.75,66.30,68.22,683111000,,
2024-02-07,68.32,70.22,67.60,70.10,495575000,,
2024-02-08,70.07,70.79,69.45,69.64,414422000,,
2024-02-09,70.53,72.19,70.21,72.13,436637000,,
2024-02-12,72.60,74.61,71.25,72.25,613710000,,
2024-02-13,70.40,73.45,69.62,72.13,602580000,,
2024-02-14,73.20,74.24,71.94,73.90,504917000,,
2024-02-15,73.87,73.97,72.40,72.66,420122000,,
2024-02-16,74.10,74.40,72.50,72.61,495327000,,
2024-02-20,71.95,71.96,67.73,69.45,704833000,,
2024-02-21,68.01,68.89,66.25,67.47,673755000,,
2024-02-22,75.03,78.58,74.22,78.54,865100000,,
2024-02-23,80.79,82.39,77.57,78.82,829388000,,
2024-02-26,79.70,80.65,78.50,79.09,503973000,,
2024-02-27,79.38,79.48,77.16,78.70,391705000,,
2024-02-28,77.62,78.93,77.12,77.66,393110000,,
2024-02-29,79.09,79.99,78.35,79.11,507289000,,
2024-03-01,80.00,82.30,79.44,82.28,479135000,,
2024-03-04,84.13,87.69,83.72,85.24,615616000,,
2024-03-05,85.27,86.10,83.42,85.96,520639000,0.004,
2024-03-06,88.02,89.72,87.03,88.70,582520000,,
2024-03-07,90.16,92.77,89.60,92.67,608119000,,
2024-03-08,95.14,97.40,86.51,87.53,1142269000,,
2024-03-11,86.43,88.80,84.17,85.77,678364000,,
2024-03-12,88.05,91.96,86.15,91.91,668075000,,
2024-03-13,91.06,91.50,88.44,90.89,635713000,,
2024-03-14,89.58,90.65,86.60,87.94,602318000,,
2024-03-15,86.93,89.55,86.26,87.84,642086000,,
2024-03-18,90.39,92.41,87.08,88.45,668976000,,
2024-03-19,86.70,90.54,85.01,89.40,672171000,,
2024-03-20,89.80,90.41,88.22,90.37,479063000,,
2024-03-21,92.30,92.65,90.41,91.44,480372000,,
2024-03-22,91.14,94.78,90.83,94.29,586719000,,
2024-03-25,93.94,96.77,93.51,95.00,552136000,,
2024-03-26,95.85,96.38,92.50,92.56,513648000,,
2024-03-27,93.11,93.24,89.12,90.25,586067000,,
2024-03-28,90.00,91.30,89.19,90.36,435212000,,
2024-04-01,90.30,92.22,89.20,90.36,452441000,,
2024-04-02,88.45,90.09,87.62,89.45,433064000,,
2024-04-03,88.48,90.37,88.40,88.96,370067000,,
2024-04-04,90.41,90.63,85.88,85.91,434965000,,
2024-04-05,86.87,88.48,85.93,88.01,399678000,,
2024-04-08,88.70,88.83,86.73,87.13,283220000,,
2024-04-09,87.44,87.64,83.02,85.35,501700000,,
2024-04-10,83.93,87.40,83.71,87.04,431929000,,
2024-04-11,87.42,90.74,86.93,90.62,431637000,,
2024-04-12,89.70,90.17,87.53,88.19,426805000,,
2024-04-15,89.10,90.61,85.93,86.00,443077000,,
2024-04-16,86.43,88.12,86.06,87.42,370453000,,
2024-04-17,88.34,88.78,83.95,84.03,495400000,,
2024-04-18,84.97,86.19,82.40,84.67,447260000,,
2024-04-19,83.15,84.32,75.61,76.20,875198000,,
2024-04-22,78.10,80.07,76.40,79.52,596341000,,
2024-04-23,80.77,82.77,80.26,82.42,438559000,,
2024-04-24,83.95,84.08,79.18,79.68,512208000,,
2024-04-25,78.87,83.32,78.22,82.63,424641000,,
2024-04-26,83.82,88.33,83.39,87.73,551011000,,
2024-04-29,87.59,87.99,85.27,87.76,388971000,,
2024-04-30,87.24,88.82,86.30,86.40,363709000,,
2024-05-01,85.08,86.00,81.25,83.04,559863000,,
2024-05-02,84.45,86.24,83.20,85.82,377898000,,
2024-05-03,87.79,89.28,87.04,88.79,398341000,,
2024-05-06,89.39,92.22,89.06,92.14,376203000,,
2024-05-07,91.10,91.78,89.01,90.55,437342000,,
2024-05-08,89.48,91.19,89.42,90.41,325721000,,
2024-05-09,90.53,91.07,88.23,88.75,378013000,,
2024-05-10,90.31,91.40,89.23,89.88,335325000,,
2024-05-13,90.48,91.00,88.53,90.40,289680000,,
2024-05-14,89.60,91.65,88.93,91.36,296507000,,
2024-05-15,92.47,94.86,91.60,94.63,417735000,,
2024-05-16,94.91,95.82,94.10,94.36,323952000,,
2024-05-17,94.37,94.74,91.81,92.48,359691000,,
2024-05-20,93.75,95.20,93.44,94.78,318764000,,
2024-05-21,93.60,95.40,93.18,95.39,328946000,,
2024-05-22,95.46,96.02,93.25,94.95,548648000,,
2024-05-23,102.03,106.32,101.52,103.80,835065000,,
2024-05-24,104.45,106.47,103.00,106.47,429494000,,
2024-05-28,110.24,114.94,109.88,113.90,652728000,,
2024-05-29,113.05,115.49,110.90,114.83,557442000,,
2024-05-30,114.65,115.82,109.66,110.50,484553000,,
2024-05-31,112.52,112.72,106.94,109.63,613263000,,
2024-06-03,113.62,115.00,112.00,115.00,438392000,,
2024-06-04,115.72,116.60,114.05,116.44,403324000,,
2024-06-05,118.37,122.45,117.47,122.44,528402000,,
2024-06-06,124.05,125.59,118.32,121.00,664696000,,
2024-06-07,119.77,121.69,118.02,120.89,412386000,,
2024-06-10,120.37,123.10,117.01,121.79,313434100,,10
2024-06-11,121.77,122.87,118.74,120.91,222551200,0.01,
2024-06-12,123.06,126.88,122.57,125.20,299595000,,
2024-06-13,129.39,129.80,127.16,129.61,260704500,,
2024-06-14,129.96,132.84,128.32,131.88,309320400,,
2024-06-17,132.99,133.73,129.58,130.98,288504400,,
2024-06-18,131.14,136.33,130.69,135.58,294335100,,
2024-06-20,139.80,140.76,129.52,130.78,517768400,,
2024-06-21,127.12,130.63,124.30,126.57,649445800,,
2024-06-24,123.24,124.46,118.04,118.11,476060900,,
2024-06-25,121.20,126.50,119.32,126.09,414192600,,
2024-06-26,126.13,128.12,122.60,126.40,362975900,,
2024-06-27,124.10,126.41,122.92,123.99,252571700,,
2024-06-28,124.58,127.71,122.75,123.54,315516700,,
2024-07-01,123.47,124.84,118.83,124.30,284885500,,
2024-07-02,121.13,123.41,121.03,122.67,218374000,,
2024-07-03,121.66,128.28,121.36,128.28,215749000,,
2024-07-05,127.38,128.85,125.68,125.83,214176700,,
2024-07-08,127.49,130.77,127.04,128.20,237677300,,
2024-07-09,130.35,133.82,128.65,131.38,285366600,,
2024-07-10,134.03,135.10,132.42,134.91,248978600,,
2024-07-11,135.75,136.15,127.05,127.40,374782700,,
2024-07-12,128.26,131.92,127.22,129.24,252680500,,
2024-07-15,130.56,131.39,127.18,128.44,208326200,,
2024-07-16,128.44,129.04,124.58,126.36,214769500,,
2024-07-17,121.35,121.85,116.72,117.99,390086200,,
2024-07-18,121.85,122.40,116.56,121.09,320979500,,
2024-07-19,120.35,121.60,117.37,117.93,217223800,,
2024-07-22,120.35,124.07,119.86,123.54,258068900,,
2024-07-23,122.78,124.69,122.10,122.59,173911000,,
2024-07-24,119.17,119.95,113.44,114.25,327776900,,
2024-07-25,113.04,116.63,106.30,112.28,460067000,,
2024-07-26,116.19,116.20,111.58,113.06,293399100,,
2024-07-29,113.69,116.28,111.30,111.59,248152100,,
2024-07-30,111.52,111.99,102.54,103.73,486833300,,
2024-07-31,112.90,118.34,110.88,117.02,473174200,,
2024-08-01,117.53,120.16,106.81,109.21,523462300,,
2024-08-02,103.76,108.72,101.37,107.27,482027500,,
2024-08-05,92.06,103.41,90.69,100.45,552842400,,
2024-08-06,103.84,107.71,100.55,104.25,409012100,,
2024-08-07,107.81,108.80,98.69,98.91,411440400,,
2024-08-08,102.00,105.50,97.52,104.97,391910000,,
2024-08-09,105.64,106.60,103.43,104.75,290844200,,
2024-08-12,106.32,111.07,106.26,109.02,325559900,,
2024-08-13,112.44,116.23,111.58,116.14,312646700,,
2024-08-14,118.53,118.60,114.07,118.08,339246400,,
2024-08-15,118.76,123.24,117.47,122.86,318086700,,
2024-08-16,121.94,125.00,121.18,124.58,302589900,,
2024-08-19,124.28,130.00,123.42,130.00,318333600,,
2024-08-20,128.40,129.88,125.89,127.25,300087400,,
2024-08-21,127.32,129.35,126.66,128.50,257883600,,
2024-08-22,130.02,130.75,123.10,123.74,376189100,,
2024-08-23,125.86,129.60,125.22,129.37,323230300,,
2024-08-26,129.57,131.26,124.37,126.46,331964700,,
2024-08-27,125.05,129.20,123.88,128.30,303134600,,
2024-08-28,128.12,128.33,122.64,125.61,448101100,,
2024-08-29,121.36,124.43,116.71,117.59,453023300,,
2024-08-30,119.53,121.75,117.22,119.37,333751600,,
2024-09-03,116.01,116.21,107.29,108.00,477155100,,
2024-09-04,105.41,113.27,104.12,106.21,372470300,,
2024-09-05,104.99,109.65,104.76,107.21,306850700,,
2024-09-06,108.04,108.15,100.95,102.83,413638100,,
2024-09-09,104.88,106.55,103.69,106.47,273912000,,
2024-09-10,107.81,109.40,104.95,108.10,268283700,,
2024-09-11,109.39,117.19,107.42,116.91,441422400,,
2024-09-12,116.84,120.79,115.38,119.14,366052700,0.01,
2024-09-13,119.08,119.96,117.60,119.10,238358300,,
2024-09-16,116.79,118.18,114.36,116.78,248772300,,
2024-09-17,118.17,118.80,114.83,115.59,231925900,,
2024-09-18,115.89,117.70,113.22,113.37,310318900,,
2024-09-19,117.35,119.66,117.25,117.87,293506400,,
2024-09-20,117.06,118.62,115.39,116.00,382462400,,
2024-09-23,116.55,116.99,114.86,116.26,206228500,,
2024-09-24,116.52,121.80,115.38,120.87,354966800,,
2024-09-25,122.02,124.94,121.61,123.51,284692900,,
2024-09-26,126.80,127.67,121.80,124.04,302582900,,
2024-09-27,123.97,124.03,119.26,121.40,271009200,,
2024-09-30,118.31,121.50,118.15,121.44,226553700,,
2024-10-01,121.77,122.44,115.79,117.00,302094500,,
2024-10-02,116.44,119.38,115.14,118.85,221845900,,
2024-10-03,120.92,124.36,120.34,122.85,277118000,,
2024-10-04,124.94,125.04,121.83,124.92,243678100,,
2024-10-07,124.99,130.64,124.95,127.72,346250200,,
2024-10-08,130.26,133.48,129.42,132.89,285722500,,
2024-10-09,134.11,134.52,131.38,132.65,246191600,,
2024-10-10,131.91,135.00,131.00,134.81,242311300,,
2024-10-11,134.01,135.78,133.66,134.80,170209500,,
2024-10-14,136.47,139.60,136.30,138.07,232347700,,
2024-10-15,137.87,138.57,128.74,131.60,377831000,,
2024-10-16,133.98,136.62,131.58,135.72,264879700,,
2024-10-17,139.34,140.89,136.87,136.93,306435900,,
2024-10-18,138.67,138.90,137.28,138.00,176090200,,
2024-10-21,138.13,143.71,138.00,143.71,264554500,,
2024-10-22,142.91,144.42,141.78,143.59,226311600,,
2024-10-23,142.03,142.43,137.46,139.56,285930000,,
2024-10-24,140.82,141.35,138.46,140.41,172354900,,
2024-10-25,140.93,144.13,140.80,141.54,205122100,,
2024-10-28,143.00,143.14,140.05,140.52,173586700,,
2024-10-29,140.29,142.26,138.90,141.25,157593600,,
2024-10-30,139.54,140.33,136.81,139.34,179418100,,
2024-10-31,137.60,137.61,132.11,132.76,270039600,,
2024-11-01,134.70,137.31,134.57,135.40,207127800,,
2024-11-04,137.21,138.96,135.57,136.05,187528200,,
2024-11-05,137.45,140.37,137.33,139.91,160537400,,
2024-11-06,142.96,146.49,141.96,145.61,242043900,,
2024-11-07,146.39,148.93,146.17,148.88,207323300,,
2024-11-08,148.77,149.77,146.26,147.63,175665800,,
2024-11-11,148.68,148.85,143.57,145.26,182325600,,
2024-11-12,146.78,149.65,146.01,148.29,198634700,,
2024-11-13,149.07,149.33,145.90,146.27,191903300,,
2024-11-14,147.64,149.00,145.55,146.76,194463300,,
2024-11-15,144.87,145.24,140.08,141.98,250132900,,
2024-11-18,139.50,141.55,137.15,140.15,221205300,,
2024-11-19,141.32,147.13,140.99,147.01,227834900,,
2024-11-20,147.41,147.56,142.73,145.89,309871700,,
2024-11-21,149.35,152.89,140.70,146.67,400946600,,
2024-11-22,145.93,147.16,141.10,141.95,236406200,,
2024-11-25,141.99,142.05,135.82,136.02,344941900,,
2024-11-26,137.70,139.30,135.67,136.92,190287700,,
2024-11-27,135.01,137.22,131.80,135.34,226370900,,
2024-11-29,136.78,139.35,136.05,138.25,141863200,,
2024-12-02,138.83,140.45,137.82,138.63,171682800,,
2024-12-03,138.26,140.54,137.95,140.26,164414000,,
2024-12-04,142.00,145.79,140.29,145.14,231224300,,
2024-12-05,145.11,146.54,143.95,145.06,172621200,0.01,
2024-12-06,144.60,145.70,141.31,142.44,188505600,,
2024-12-09,138.97,139.95,137.13,138.81,189308600,,
2024-12-10,139.01,141.82,133.79,135.07,210020900,,
2024-12-11,137.36,140.17,135.21,139.31,184905200,,
2024-12-12,137.08,138.44,135.80,137.34,159211400,,
2024-12-13,138.94,139.60,132.54,134.25,231514900,,
2024-12-16,134.18,134.40,130.42,132.00,237951100,,
2024-12-17,129.09,131.59,126.86,130.39,259410300,,
2024-12-18,133.86,136.70,128.28,128.91,277444500,,
2024-12-19,131.76,134.03,129.55,130.68,209719200,,
2024-12-20,129.81,135.28,128.22,134.70,306528600,,
2024-12-23,136.28,139.79,135.12,139.67,176053500,,
2024-12-24,140.00,141.90,138.65,140.22,105157000,,
2024-12-26,139.70,140.85,137.73,139.93,116205600,,
2024-12-27,138.55,139.02,134.71,137.01,170582600,,
2024-12-30,134.83,140.27,134.02,137.49,167734700,,
2024-12-31,138.03,138.07,133.83,134.29,155659200,,
2025-01-02,136.00,138.88,134.63,138.31,198247200,,
2025-01-03,140.01,144.90,139.73,144.47,229322500,,
2025-01-06,148.59,152.16,147.82,149.43,265377400,,
2025-01-07,153.03,153.13,140.01,140.14,351782200,,
2025-01-08,142.58,143.95,137.56,140.11,227349900,,
2025-01-10,137.45,139.92,134.22,135.91,207602500,,
2025-01-13,129.99,133.49,129.51,133.23,204808900,,
2025-01-14,136.05,136.38,130.05,131.76,195590500,,
2025-01-15,133.65,136.45,131.29,136.24,185217300,,
2025-01-16,138.64,138.75,133.49,133.57,209235600,,
2025-01-17,136.69,138.50,135.46,137.71,201188800,,
2025-01-21,139.16,141.83,137.09,140.83,197749000,,
2025-01-22,144.66,147.79,143.67,147.07,237651400,,
2025-01-23,145.05,147.23,143.72,147.22,155915500,,
2025-01-24,148.37,148.97,141.88,142.62,234657600,,
2025-01-27,124.80,128.40,116.70,118.42,818830900,,
2025-01-28,121.81,129.00,116.25,128.99,579666400,,
2025-01-29,126.50,126.89,120.05,123.70,467120600,,
2025-01-30,123.10,125.00,118.10,124.65,392925500,,
2025-01-31,123.78,127.85,119.19,120.07,388161100,,
2025-02-03,114.75,118.57,113.01,116.66,371235700,,
2025-02-04,116.96,121.20,116.70,118.65,256550000,,
2025-02-05,121.76,125.00,120.76,124.83,262230800,,
2025-02-06,127.42,128.77,125.21,128.68,251483600,,
2025-02-07,129.22,130.37,125.00,129.84,228186300,,
2025-02-10,130.09,135.00,129.96,133.57,216989100,,
2025-02-11,132.58,134.48,131.02,132.80,178902400,,
2025-02-12,130.02,132.24,129.08,131.14,160278600,,
2025-02-13,131.56,136.50,131.17,135.29,197430000,,
2025-02-14,136.48,139.25,135.50,138.85,195479600,,
2025-02-18,141.27,143.44,137.93,139.40,219176600,,
2025-02-19,139.51,141.36,137.22,139.23,167536000,,
2025-02-20,140.03,140.66,136.79,140.11,143903600,,
2025-02-21,140.04,141.46,134.03,134.43,228217600,,
2025-02-24,136.56,138.59,130.08,130.28,251381100,,
2025-02-25,129.98,130.20,124.44,126.63,271428700,,
2025-02-26,129.99,133.73,128.49,131.28,322553800,,
2025-02-27,135.00,135.01,120.01,120.15,443175800,,
2025-02-28,118.02,125.09,116.40,124.92,389091100,,
2025-03-03,123.51,123.70,112.28,114.06,411381400,,
2025-03-04,110.65,119.31,110.11,115.99,398163300,,
2025-03-05,117.58,118.28,114.51,117.30,284337900,,
2025-03-06,113.53,115.35,110.22,110.57,321181900,,
2025-03-07,111.25,113.48,107.56,112.69,341755500,,
2025-03-10,109.90,111.85,105.46,106.98,366487400,,
2025-03-11,106.99,112.24,104.77,108.76,354865700,,
2025-03-12,114.12,116.76,112.88,115.74,323857500,0.01,
2025-03-13,117.03,117.76,113.79,115.58,299033100,,
2025-03-14,118.61,121.88,118.15,121.67,277593500,,
2025-03-17,122.74,122.89,118.03,119.53,255501500,,
2025-03-18,118.00,119.02,114.54,115.43,299686900,,
2025-03-19,117.27,120.45,115.68,117.52,273426200,,
2025-03-20,116.55,120.20,116.47,118.53,248829700,,
2025-03-21,116.94,117.99,115.42,117.70,266498500,,
2025-03-24,119.88,122.22,119.34,121.41,228452500,,
2025-03-25,120.55,121.29,118.92,120.69,167447200,,
2025-03-26,118.73,118.84,112.71,113.76,293463300,,
2025-03-27,111.35,114.45,110.66,111.43,236902100,,
2025-03-28,111.49,112.87,109.07,109.67,229872500,,
2025-03-31,105.13,110.96,103.65,108.38,299212700,,
2025-04-01,108.52,110.20,106.47,110.15,222614000,,
2025-04-02,107.29,111.98,106.79,110.42,220601200,,
2025-04-03,103.51,105.63,101.60,101.80,338769400,,
2025-04-04,98.91,100.13,92.11,94.31,532273800,,
2025-04-07,87.46,101.75,86.62,97.64,611041300,,
2025-04-08,103.81,105.85,94.46,96.30,476243400,,
2025-04-09,98.89,115.10,97.53,114.33,612918300,,
2025-04-10,109.37,110.86,99.15,107.57,437812400,,
2025-04-11,108.50,111.55,107.48,110.93,313417300,,
2025-04-14,114.11,114.29,109.07,110.71,264705000,,
2025-04-15,110.97,113.62,110.50,112.20,228966900,,
2025-04-16,104.55,106.79,100.45,104.49,397016900,,
2025-04-17,104.45,104.47,100.05,101.49,292517500,,
2025-04-21,98.77,99.44,95.04,96.91,288501100,,
2025-04-22,98.78,99.81,97.28,98.89,241004800,,
2025-04-23,104.52,104.80,102.02,102.71,247526000,,
2025-04-24,103.48,106.54,103.11,106.43,220815000,,
2025-04-25,106.85,111.92,105.73,111.01,251064700,,
2025-04-28,109.69,110.37,106.02,108.73,207708500,,
2025-04-29,107.67,110.20,107.44,109.02,170444300,,
2025-04-30,104.47,108.92,104.08,108.92,235044600,,
2025-05-01,113.08,114.94,111.30,111.61,236121500,,
2025-05-02,114.18,115.40,113.37,114.50,190194800,,
2025-05-05,112.91,114.67,112.66,113.82,133163200,,
2025-05-06,111.48,114.74,110.82,113.54,158525600,,
2025-05-07,113.05,117.68,112.28,117.06,206758800,,
2025-05-08,118.25,118.68,115.85,117.37,198428100,,
2025-05-09,117.35,118.23,115.21,116.65,132972200,,
2025-05-12,121.97,123.00,120.28,123.00,225023300,,
2025-05-13,124.98,131.22,124.47,129.93,330430100,,
2025-05-14,133.20,135.44,131.68,135.34,281180800,,
2025-05-15,134.29,136.30,132.66,134.83,226632600,,
2025-05-16,136.22,136.35,133.46,135.40,226542500,,
2025-05-19,132.39,135.87,132.39,135.57,193154600,,
2025-05-20,134.29,134.58,132.62,134.38,161514200,,
2025-05-21,133.06,137.40,130.59,131.80,270608700,,
2025-05-22,132.23,134.25,131.55,132.83,187344000,,
2025-05-23,130.00,132.68,129.16,131.29,198821300,,
2025-05-27,134.15,135.66,133.31,135.50,192953600,,
2025-05-28,136.03,137.25,134.79,134.81,304021100,,
2025-05-29,142.25,143.49,137.91,139.19,369241900,,
2025-05-30,138.72,139.62,132.92,135.13,333170900,,
2025-06-02,135.49,138.12,135.40,137.38,197663100,,
2025-06-03,138.78,142.00,137.95,141.22,225578800,,
2025-06-04,142.19,142.39,139.54,141.92,167120800,,
2025-06-05,142.17,144.00,138.83,139.99,231397900,,
2025-06-06,142.51,143.27,141.51,141.72,153986200,,
2025-06-09,143.19,145.00,141.94,142.63,185114500,,
2025-06-10,142.69,144.29,141.53,143.96,155881900,,
2025-06-11,144.61,144.99,141.87,142.83,167694000,0.01,
2025-06-12,141.97,145.00,141.85,145.00,162365000,,
2025-06-13,142.48,143.58,140.85,141.97,180820600,,
2025-06-16,143.35,146.18,143.20,144.69,183133700,,
2025-06-17,144.49,145.22,143.78,144.12,139108000,,
2025-06-18,144.01,145.65,143.12,145.48,161494100,,
2025-06-20,145.45,146.20,142.65,143.85,242956200,,
2025-06-23,142.50,144.78,142.03,144.17,154308900,,
2025-06-24,145.56,147.96,145.50,147.90,187566100,,
2025-06-25,149.27,154.45,149.26,154.31,269146500,,
2025-06-26,155.98,156.72,154.00,155.02,198145700,,
2025-06-27,156.04,158.71,155.26,157.75,263234500,,
2025-06-30,158.40,158.66,155.96,157.99,194580300,,
2025-07-01,156.29,157.20,151.49,153.30,213143600,,
2025-07-02,152.98,157.60,152.97,157.25,171224100,,
2025-07-03,158.37,160.98,157.77,159.34,143716100,,
2025-07-07,158.20,159.31,157.34,158.24,140139000,,
2025-07-08,159.33,160.22,158.39,160.00,138133000,,
2025-07-09,161.22,164.42,161.16,162.88,183656400,,
2025-07-10,164.32,164.50,161.61,164.10,167704100,,
2025-07-11,163.72,167.89,163.47,164.92,193633300,,
2025-07-14,165.37,165.49,162.02,164.07,136975800,,
2025-07-15,171.19,172.40,169.20,170.70,230627400,,
2025-07-16,171.06,171.75,168.90,171.37,158831500,,
2025-07-17,172.02,174.16,170.83,173.00,160841100,,
2025-07-18,173.64,174.25,171.26,172.41,146456400,,
2025-07-21,172.75,173.38,171.00,171.38,123126100,,
2025-07-22,171.34,171.39,164.58,167.03,193114300,,
2025-07-23,169.53,171.26,167.97,170.78,154082200,,
2025-07-24,172.44,173.83,171.30,173.74,128984600,,
2025-07-25,173.61,174.72,172.96,173.50,122316800,,
2025-07-28,174.02,177.00,173.97,176.75,140023500,,
2025-07-29,177.96,179.38,175.02,175.51,154077500,,
2025-07-30,176.51,179.89,176.04,179.27,174312200,,
2025-07-31,182.90,183.30,175.93,177.87,221685400,,
2025-08-01,174.09,176.54,170.89,173.72,204529000,,
2025-08-04,175.16,180.20,174.52,180.00,148174600,,
2025-08-05,179.62,180.26,175.90,178.26,156407600,,
2025-08-06,176.33,179.90,176.25,179.42,137192300,,
2025-08-07,181.57,183.88,178.80,180.77,151878400,,
2025-08-08,181.55,183.30,180.40,182.70,123396700,,
2025-08-11,182.05,183.84,180.25,182.06,138323200,,
2025-08-12,182.96,184.48,179.46,183.16,145485700,,
2025-08-13,182.62,183.97,179.35,181.59,179871700,,
2025-08-14,179.75,183.02,179.46,182.02,129554000,,
2025-08-15,181.88,181.90,178.04,180.45,156602200,,
2025-08-18,180.60,182.94,180.59,182.01,132008000,,
2025-08-19,182.43,182.50,175.49,175.64,185229200,,
2025-08-20,175.17,176.00,168.80,175.40,215142700,,
2025-08-21,174.85,176.90,173.81,174.98,140040900,,
2025-08-22,172.61,178.59,171.20,177.99,172789400,,
2025-08-25,178.35,181.91,176.57,179.81,163012800,,
2025-08-26,180.06,182.39,178.81,181.77,168688200,,
2025-08-27,181.98,182.49,179.10,181.60,235518900,,
2025-08-28,180.82,184.47,176.41,180.17,281787800,,
2025-08-29,178.11,178.15,173.15,174.18,243257900,,
2025-09-02,170.00,172.38,167.22,170.78,231164900,,
2025-09-03,171.06,172.41,168.88,170.62,164424900,,
2025-09-04,170.57,171.86,169.41,171.66,141670100,,
2025-09-05,168.03,169.03,164.07,167.02,224441400,,
2025-09-08,167.55,170.96,167.35,168.31,163769100,,
2025-09-09,169.09,170.98,166.74,170.76,157548400,,
2025-09-10,176.64,179.29,175.47,177.33,226852000,,
2025-09-11,179.68,180.28,176.48,177.17,151159300,0.01,
2025-09-12,177.77,178.60,176.45,177.82,124911000,,
2025-09-15,175.67,178.85,174.51,177.75,147061600,,
2025-09-16,177.00,177.50,174.38,174.88,140737800,,
2025-09-17,172.64,173.20,168.41,170.29,211843800,,
2025-09-18,173.98,177.10,172.96,176.24,191763300,,
2025-09-19,175.77,178.08,175.18,176.67,237182100,,
2025-09-22,175.30,184.55,174.71,183.61,269637000,,
2025-09-23,181.97,182.42,176.21,178.43,192559600,,
2025-09-24,179.77,179.78,175.40,176.97,143564100,,
2025-09-25,174.48,180.26,173.13,177.69,191586700,,
2025-09-26,178.17,179.77,174.93,178.19,148573700,,
2025-09-29,180.43,184.00,180.32,181.85,193063500,,
2025-09-30,182.08,187.35,181.48,186.58,236981000,,
2025-10-01,185.24,188.14,183.90,187.24,173844900,,
2025-10-02,189.60,191.05,188.06,188.89,136805800,,
2025-10-03,189.19,190.36,185.38,187.62,137596900,,
2025-10-06,185.50,187.23,183.33,185.54,157678100,,
2025-10-07,186.23,189.06,184.00,185.04,140088000,,
2025-10-08,186.57,189.60,186.54,189.11,130168900,,
2025-10-09,192.23,195.30,191.06,192.57,182997200,,
2025-10-10,193.51,195.62,182.05,183.16,268774400,,
2025-10-13,187.97,190.11,185.96,188.32,153482800,,
2025-10-14,184.77,184.80,179.70,180.03,205641400,,
2025-10-15,184.80,184.87,177.29,179.83,214450500,,
2025-10-16,182.23,183.28,179.77,181.81,179723300,,
2025-10-17,180.18,184.10,179.75,183.22,173135200,,
2025-10-20,183.13,185.20,181.73,182.64,128544700,,
2025-10-21,182.79,182.79,179.80,181.16,124240200,,
2025-10-22,181.14,183.44,176.76,180.28,162249600,,
2025-10-23,180.42,183.03,179.79,182.16,111363700,,
2025-10-24,183.84,187.47,183.50,186.26,131296700,,
2025-10-27,189.99,192.00,188.43,191.49,153452700,,
2025-10-28,193.05,203.15,191.91,201.03,297986200,,
2025-10-29,207.98,212.19,204.78,207.04,308829600,,
2025-10-30,205.15,206.16,201.41,202.89,178864400,,
2025-10-31,206.45,207.97,202.07,202.49,179802200,,
2025-11-03,208.08,211.34,205.56,206.88,180267300,,
2025-11-04,203.00,203.97,197.93,198.69,188919300,,
2025-11-05,198.77,202.92,194.65,195.21,171350300,,
2025-11-06,196.42,197.62,186.38,188.08,223029800,,
2025-11-07,184.90,188.32,178.91,188.15,264942300,,
2025-11-10,195.11,199.94,193.79,199.05,198897100,,
2025-11-11,195.16,195.42,191.30,193.16,176483300,,
2025-11-12,195.72,195.89,191.13,193.80,154935300,,
2025-11-13,191.05,191.44,183.85,186.86,207423100,,
2025-11-14,182.86,191.01,180.58,190.17,186591900,,
2025-11-17,185.97,189.00,184.32,186.60,173628900,,
2025-11-18,183.38,184.80,179.65,181.36,213598900,,
2025-11-19,184.79,187.86,182.83,186.52,247246400,,
2025-11-20,195.95,196.00,179.85,180.64,343504800,,
2025-11-21,181.24,184.56,172.93,178.88,346926200,,
2025-11-24,179.49,183.50,176.48,182.55,256618300,,
2025-11-25,174.91,178.16,169.55,177.82,320600300,,
2025-11-26,181.63,182.91,178.24,180.26,183852000,,
2025-11-28,179.01,179.29,176.50,177.00,121332800,,
2025-12-01,174.76,180.30,173.68,179.92,188131000,,
2025-12-02,181.76,185.66,180.00,181.46,182632200,,
2025-12-03,181.08,182.45,179.11,179.59,165138000,,
2025-12-04,181.62,184.52,179.96,183.38,167364900,0.01,
2025-12-05,183.89,184.66,180.91,182.41,143971100,,
2025-12-08,182.64,188.00,182.40,185.55,204378100,,
2025-12-09,185.56,185.72,183.32,184.97,144719700,,
2025-12-10,184.97,185.48,182.04,183.78,162785400,,
2025-12-11,180.28,181.32,176.62,180.93,182136600,,
2025-12-12,181.11,182.82,174.62,175.02,204274900,,
2025-12-15,177.94,178.42,175.03,176.29,164775600,,
2025-12-16,176.26,178.49,174.90,177.72,148588100,,
2025-12-17,176.10,176.13,170.31,170.94,222775500,,
2025-12-18,174.53,176.15,171.82,174.14,176096000,,
2025-12-19,176.67,181.45,176.34,180.99,324925900,,
2025-12-22,183.92,184.16,182.35,183.69,129064400,,
2025-12-23,182.97,189.33,182.90,189.21,174873600,,
2025-12-24,187.94,188.91,186.59,188.61,65528500,,
2025-12-26,189.92,192.69,188.00,190.53,139740300,,
2025-12-29,187.71,188.76,185.91,188.22,120006100,,
2025-12-30,188.24,188.99,186.93,187.54,97687300,,
2025-12-31,189.57,190.56,186.49,186.50,120100500,,
2026-01-02,189.84,192.93,188.26,188.85,148240500,,
2026-01-05,191.76,193.63,186.15,188.12,183529700,,
2026-01-06,190.52,192.17,186.82,187.24,176862600,,
2026-01-07,188.57,191.37,186.56,189.11,153543200,,
2026-01-08,189.11,189.55,183.71,185.04,172457000,,
2026-01-09,185.08,186.34,183.67,184.86,131327500,,
2026-01-12,183.22,187.12,183.02,184.94,137968500,,
2026-01-13,185.00,188.11,183.40,185.81,160128900,,
2026-01-14,184.32,184.46,180.80,183.14,159586100,,
2026-01-15,186.50,189.70,186.33,187.05,206188600,,
2026-01-16,189.08,190.44,186.08,186.23,187967200,,
2026-01-20,181.90,182.38,177.61,178.07,223345300,,
2026-01-21,179.05,185.38,178.40,183.32,200381000,,
2026-01-22,184.75,186.17,183.93,184.84,139636600,,
2026-01-23,187.50,189.60,186.82,187.67,142748100,,
2026-01-26,187.16,189.12,185.99,186.47,124799600,,
2026-01-27,187.24,190.00,185.70,188.52,143711600,,
2026-01-28,191.27,192.35,189.84,191.52,148552700,,
2026-01-29,191.34,193.48,186.06,192.51,171764400,,
2026-01-30,191.21,194.49,189.47,191.13,179489500,,
2026-02-02,187.20,190.30,184.88,185.61,165794100,,
2026-02-03,186.24,186.27,176.23,180.34,204019600,,
2026-02-04,179.46,179.58,171.91,174.19,207014100,,
2026-02-05,174.93,176.82,171.03,171.88,206312900,,
2026-02-06,176.69,187.00,174.60,185.41,231346200,,
2026-02-09,184.26,193.66,183.95,190.04,196387400,,
2026-02-10,191.38,192.48,188.12,188.54,136764800,,
2026-02-11,192.45,193.26,188.77,190.05,144192700,,
2026-02-12,193.03,193.61,186.51,186.94,189932500,,
2026-02-13,187.48,187.50,181.59,182.81,161888000,,
2026-02-17,181.75,187.15,179.18,184.97,162276900,,
2026-02-18,188.75,190.37,186.76,187.98,164749100,,
2026-02-19,187.06,188.43,185.66,187.90,126554500,,
2026-02-20,186.57,190.33,185.94,189.82,178422300,,
2026-02-23,191.40,193.95,189.58,191.55,171584800,,
2026-02-24,191.49,193.77,187.40,192.85,175123600,,
2026-02-25,194.45,197.63,193.79,195.56,250637100,,
2026-02-26,194.27,194.29,184.32,184.89,360807900,,
2026-02-27,181.25,182.59,176.38,177.19,311636500,,
2026-03-02,175.01,183.46,174.64,182.48,209095300,,
2026-03-03,178.49,180.90,176.92,180.05,178099400,,
2026-03-04,180.44,184.70,180.06,183.04,177731200,,
2026-03-05,181.17,184.06,177.88,183.34,198779700,,
2026-03-06,179.84,182.76,176.82,177.82,189021900,,
2026-03-09,176.83,182.91,175.56,182.65,177213600,,
2026-03-10,182.40,186.44,182.01,184.77,179118500,,
2026-03-11,185.91,187.62,184.45,186.03,145280400,0.01,
2026-03-12,184.05,184.94,181.75,183.14,155762700,,
2026-03-13,184.92,186.09,179.94,180.25,160988400,,
2026-03-16,182.97,188.88,181.41,183.22,217307400,,
2026-03-17,185.06,185.40,181.68,181.93,182497800,,
2026-03-18,182.48,183.38,180.33,180.40,156683100,,
2026-03-19,178.01,179.98,175.79,178.56,170968500,,
2026-03-20,178.00,178.26,171.72,172.70,241323500,,
2026-03-23,177.26,178.37,174.76,175.64,182836300,,
2026-03-24,174.83,176.22,173.98,175.20,147667800,,
2026-03-25,177.10,181.22,176.85,178.68,162602100,,
2026-03-26,176.07,176.51,171.14,171.24,186152200,,
2026-03-27,170.00,170.97,167.01,167.52,196212700,,
2026-03-30,168.78,169.45,164.27,165.17,185627000,,
2026-03-31,166.97,174.62,166.96,174.40,226181300,,
2026-04-01,176.00,177.37,174.75,175.75,168132000,,
2026-04-02,172.18,177.49,171.37,177.39,143143200,,
2026-04-06,177.16,177.79,175.76,177.64,107564300,,
2026-04-07,175.73,178.23,173.66,178.10,132534900,,
2026-04-08,184.50,185.26,180.30,182.08,147732700,,
2026-04-09,181.84,184.08,180.62,183.91,116428500,,
2026-04-10,184.31,190.00,184.30,188.63,160459500,,
2026-04-13,186.03,189.66,185.74,189.31,133648200,,
2026-04-14,190.84,196.51,190.77,196.51,161307000,,
2026-04-15,196.54,200.40,195.74,198.87,185338400,,
2026-04-16,197.43,199.85,195.81,198.35,134012900,,
2026-04-17,199.90,201.70,199.27,201.68,160324400,,
2026-04-20,199.98,202.17,197.84,202.06,119381400,,
2026-04-21,202.13,202.75,199.00,199.88,107945300,,
2026-04-22,200.99,202.50,199.00,202.50,107501000,,
2026-04-23,202.46,203.83,197.22,199.64,113561800,,
2026-04-24,199.96,210.95,199.81,208.27,214134400,,
2026-04-27,209.65,216.83,207.38,216.61,187172400,,
2026-04-28,209.49,214.73,208.20,213.17,180275400,,
2026-04-29,212.70,212.72,207.58,209.25,123711800,,
2026-04-30,209.93,210.30,198.70,199.57,225239200,,
2026-05-01,201.28,203.00,197.12,198.45,128647000,,
2026-05-04,199.50,201.73,194.74,198.48,125368100,,
2026-05-05,199.30,200.24,196.03,196.50,113406600,,
2026-05-06,199.89,208.27,198.61,207.83,188362800,,
2026-05-07,208.34,214.20,206.50,211.50,168307900,,
2026-05-08,213.03,217.80,212.89,215.20,136421400,,
2026-05-11,214.04,222.30,213.89,219.44,160685800,,
2026-05-12,218.55,223.75,214.92,220.78,159176600,,
2026-05-13,224.93,227.84,221.57,225.83,150405400,,
2026-05-14,229.85,236.54,229.30,235.74,180782900,,
2026-05-15,229.76,231.50,224.24,225.32,180977600,,
2026-05-18,229.87,230.00,218.37,222.32,146280900,,
2026-05-19,219.62,224.48,217.91,220.61,140948200,,
2026-05-20,223.18,226.13,220.50,223.47,184201600,,
2026-05-21,222.29,227.40,217.93,219.51,203381800,,
2026-05-22,220.90,221.01,214.80,215.33,169275700,,
2026-05-26,216.54,218.18,212.00,214.86,187202600,,
2026-05-27,214.12,214.15,208.78,212.60,167601200,,
2026-05-28,211.28,215.52,211.22,214.25,143996000,,
2026-05-29,214.58,217.86,211.13,211.14,289410600,,
2026-06-01,215.73,224.87,215.70,224.36,212850700,,
2026-06-02,227.18,232.28,221.35,222.82,193362900,,
2026-06-03,221.72,222.82,214.51,214.75,160907000,,
2026-06-04,213.91,221.60,210.97,218.66,169022200,0.25,
2026-06-05,214.53,214.87,204.33,205.10,219655500,,
2026-06-08,210.18,210.47,206.00,208.64,138372800,,
2026-06-09,210.62,211.40,199.34,208.19,180962500,,
2026-06-10,204.43,207.22,199.92,200.42,161746600,,
2026-06-11,201.49,205.66,199.54,204.87,158643200,,
2026-06-12,204.86,207.07,203.44,205.19,112001800,,
2026-06-15,208.92,212.71,208.34,212.45,149936700,,
2026-06-16,211.18,211.49,207.29,207.41,125694100,,
2026-06-17,208.53,209.21,203.08,204.65,128363500,,
2026-06-18,207.33,211.39,206.50,210.69,241272000,,
2026-06-22,211.44,213.99,207.72,208.65,122041400,,
2026-06-23,202.17,203.77,200.00,200.04,153496200,,
2026-06-24,200.12,201.67,196.58,199.00,151810700,,
2026-06-25,200.08,200.80,192.13,195.74,149550000,,
2026-06-26,193.12,195.55,191.22,192.53,179304100,,
2026-06-29,193.85,196.18,189.80,194.97,148835700,,
2026-06-30,197.24,200.63,195.11,200.09,166476700,,
2026-07-01,196.20,199.85,193.45,197.58,146147600,,
2026-07-02,197.14,200.06,192.35,194.83,142068700,,
2026-07-06,194.42,197.55,193.99,195.55,108999000,,
2026-07-07,192.37,198.41,191.14,196.93,124154600,,
2026-07-08,195.18,205.16,195.06,204.12,147419100,,
2026-07-09,204.46,204.59,198.96,202.78,132037400,,
2026-07-10,202.00,211.00,201.92,210.96,148421000,,
2026-07-13,208.54,210.57,203.00,203.53,121411000,,
2026-07-14,208.20,212.55,203.80,211.80,124379600,,
2026-07-15,211.96,213.81,206.04,212.50,124797200,,
2026-07-16,210.17,211.08,205.85,207.40,122986100,,
2026-07-17,202.64,206.65,197.97,202.81,144281900,,
2026-07-20,205.87,207.74,202.28,203.28,88701500,,
2026-07-21,207.54,208.65,204.01,207.29,108685600,,
2026-07-22,205.81,214.39,204.95,212.06,137645600,,
2026-07-23,209.46,210.87,205.96,208.76,110505300,,
2026-07-24,207.45,211.91,204.81,206.84,114836800,,
2026-07-27,208.20,208.75,195.44,196.51,154353700,,
2026-07-28,195.00,198.70,192.74,197.01,134111500,,
2026-07-29,195.85,197.07,190.01,190.01,147680800,,
2026-07-30,193.45,197.25,191.52,195.04,129010200,,
2026-07-31,198.44,202.00,194.95,200.75,139961200,,
2026-08-03,197.69,208.74,196.85,206.64,128406900,,
2026-08-04,211.30,213.06,209.05,211.94,133610200,,
