date,open,high,low,close,volume,div,split
2016-08-04,40.61,40.95,40.61,40.90,9142100,,
2016-08-05,41.07,41.22,40.96,41.13,9615300,,
2016-08-08,41.18,41.40,41.12,41.16,11427800,,
2016-08-09,41.09,41.27,41.05,41.10,9533700,,
2016-08-10,41.13,41.25,40.86,41.09,11077400,,
2016-08-11,41.13,41.41,41.13,41.28,9473700,,
2016-08-12,41.13,41.20,41.00,41.09,6301200,,
2016-08-15,41.00,41.64,41.00,41.39,12774900,,
2016-08-16,41.30,41.45,41.24,41.32,8109100,,
2016-08-17,41.38,41.38,41.07,41.21,9876400,,
2016-08-18,40.95,41.33,40.95,41.14,8544600,,
2016-08-19,41.04,41.34,41.01,41.32,9109900,,
2016-08-22,41.11,41.39,41.11,41.22,9834700,,
2016-08-23,41.37,41.64,41.36,41.50,10631800,,
2016-08-24,41.35,41.47,40.98,41.07,9830300,,
2016-08-25,41.12,41.20,41.00,41.10,7567200,,
2016-08-26,41.11,41.58,41.07,41.26,9228200,,
2016-08-29,41.48,41.53,41.26,41.31,9168500,,
2016-08-30,41.39,41.40,41.15,41.31,6840300,,
2016-08-31,41.27,41.32,41.09,41.22,9694700,,
2016-09-01,40.98,41.26,40.78,41.16,10652500,,
2016-09-02,41.26,41.42,41.03,41.25,9020200,,
2016-09-06,41.37,41.37,41.07,41.25,8308300,,
2016-09-07,41.14,41.31,40.95,41.25,10415300,,
2016-09-08,40.93,41.00,40.60,40.72,16732100,,
2016-09-09,40.33,40.74,40.03,40.03,14477500,,
2016-09-12,39.96,40.75,39.68,40.68,14927200,,
2016-09-13,40.37,40.53,39.97,40.18,13395200,,
2016-09-14,40.02,40.56,40.02,40.25,11626900,,
2016-09-15,40.18,41.03,40.09,40.86,18403700,,
2016-09-16,39.61,39.95,38.71,38.92,50703500,,
2016-09-19,39.13,39.55,39.05,39.23,19801900,,
2016-09-20,39.55,39.60,39.06,39.07,12121300,,
2016-09-21,39.19,39.58,39.19,39.51,10994000,,
2016-09-22,39.68,39.80,39.48,39.51,9679300,,
2016-09-23,39.39,39.42,39.03,39.23,14017300,,
2016-09-26,39.00,39.10,38.76,39.03,9840900,,
2016-09-27,38.90,39.49,38.86,39.30,10644600,,
2016-09-28,39.23,39.50,39.16,39.44,8103500,,
2016-09-29,39.25,39.62,39.08,39.12,8795200,,
2016-09-30,39.25,39.44,39.09,39.28,12861900,,
2016-10-03,39.20,39.26,38.86,38.99,10403500,,
2016-10-04,39.04,39.20,38.76,38.87,9199300,,
2016-10-05,39.11,39.34,38.89,39.15,8269200,,
2016-10-06,39.11,39.24,38.63,38.87,9789100,,
2016-10-07,38.84,39.00,38.61,38.71,11442000,0.15,
2016-10-10,38.86,39.00,38.59,38.62,9475400,,
2016-10-11,38.56,38.65,37.81,38.01,14964000,,
2016-10-12,37.93,38.15,37.64,38.05,8944900,,
2016-10-13,37.86,38.19,37.62,38.03,14117600,,
2016-10-14,38.26,38.59,38.19,38.41,11601200,,
2016-10-17,38.54,38.54,38.21,38.29,9419000,,
2016-10-18,38.60,38.69,38.36,38.42,7121900,,
2016-10-19,38.52,38.64,38.31,38.35,8310900,,
2016-10-20,38.12,38.35,38.01,38.09,11197000,,
2016-10-21,37.99,38.12,37.77,37.93,13413400,,
2016-10-24,38.12,38.42,38.12,38.27,13550500,,
2016-10-25,38.27,38.43,38.10,38.36,11627100,,
2016-10-26,38.15,38.64,38.15,38.31,9723100,,
2016-10-27,38.41,38.56,38.15,38.22,7588900,,
2016-10-28,38.30,38.45,38.03,38.17,7803300,,
2016-10-31,38.31,38.51,38.20,38.42,10485300,,
2016-11-01,38.58,38.58,38.23,38.46,12018200,,
2016-11-02,38.46,38.49,37.98,38.03,9488400,,
2016-11-03,37.99,38.38,37.99,38.31,12393100,,
2016-11-04,38.31,38.58,38.17,38.28,14288900,,
2016-11-07,38.73,39.15,38.72,39.09,9506900,,
2016-11-08,39.16,39.35,38.98,39.13,7574700,,
2016-11-09,38.56,39.74,38.39,39.55,19497300,,
2016-11-10,39.65,40.06,39.30,39.58,26707200,,
2016-11-11,39.54,39.81,39.18,39.45,12217700,,
2016-11-14,39.39,39.67,39.11,39.30,15417100,,
2016-11-15,38.89,39.22,38.68,39.17,13594300,,
2016-11-16,39.10,39.80,38.92,39.70,12597000,,
2016-11-17,39.80,40.29,39.67,40.25,13316600,,
2016-11-18,40.28,40.49,39.67,39.86,12890600,,
2016-11-21,39.97,40.03,39.67,39.89,8073100,,
2016-11-22,40.09,40.12,39.81,40.09,10993100,,
2016-11-23,40.05,40.10,39.84,40.10,11070100,,
2016-11-25,40.04,40.35,40.04,40.27,4013100,,
2016-11-28,40.13,40.53,40.05,40.30,12118300,,
2016-11-29,40.34,40.74,40.13,40.55,10157400,,
2016-11-30,40.66,40.70,40.19,40.19,14374600,,
2016-12-01,40.11,40.18,38.46,38.70,22740200,,
2016-12-02,38.46,38.83,37.64,38.50,19120300,,
2016-12-05,38.60,39.11,38.54,38.97,13681500,,
2016-12-06,39.01,39.48,38.88,39.47,13524700,,
2016-12-07,39.50,40.37,39.49,40.32,15170600,,
2016-12-08,40.32,40.49,40.08,40.35,10109700,,
2016-12-09,40.41,40.77,40.28,40.52,11219100,,
2016-12-12,40.35,40.70,40.35,40.51,10891400,,
2016-12-13,40.47,41.00,40.47,40.76,12493100,,
2016-12-14,40.87,41.09,40.62,40.88,25102400,,
2016-12-15,40.95,41.14,40.74,40.86,17783500,,
2016-12-16,40.22,40.22,38.76,39.10,46224200,,
2016-12-19,39.03,39.19,38.59,38.90,15135100,,
2016-12-20,38.96,39.11,38.80,39.00,14006400,,
2016-12-21,39.06,39.06,38.61,38.83,11966400,,
2016-12-22,38.93,39.24,38.60,38.96,11226300,,
2016-12-23,38.79,39.02,38.63,38.78,8143600,,
2016-12-27,38.77,39.04,38.76,38.82,5073700,,
2016-12-28,38.87,38.92,38.63,38.68,8264100,,
2016-12-29,38.61,38.84,38.61,38.69,5711800,,
2016-12-30,38.75,38.86,38.34,38.45,10820200,,
2017-01-03,38.45,38.69,38.30,38.55,11051300,0.15,
2017-01-04,38.55,38.92,38.55,38.74,9545500,,
2017-01-05,38.67,38.95,38.41,38.64,12064700,,
2017-01-06,38.75,38.75,38.38,38.45,14829700,,
2017-01-09,38.53,39.45,38.47,39.03,15587900,,
2017-01-10,39.00,39.07,38.66,38.66,11316600,,
2017-01-11,38.64,39.13,38.64,39.11,10403100,,
2017-01-12,39.03,39.32,38.59,39.20,11526900,,
2017-01-13,39.16,39.33,39.03,39.26,9455300,,
2017-01-17,39.07,39.28,38.89,39.10,11081400,,
2017-01-18,39.28,39.34,39.03,39.19,10394000,,
2017-01-19,39.12,39.38,39.10,39.21,12232400,,
2017-01-20,39.46,40.03,39.45,39.87,25439100,,
2017-01-23,39.76,40.09,39.43,39.68,13251200,,
2017-01-24,39.85,40.20,39.75,40.10,12216500,,
2017-01-25,40.32,40.38,39.95,40.15,13164800,,
2017-01-26,40.21,40.25,39.95,40.13,10556500,,
2017-01-27,40.20,40.39,40.13,40.23,9232700,,
2017-01-30,40.11,40.25,39.81,40.23,10589600,,
2017-01-31,40.21,40.25,39.67,40.11,10766700,,
2017-02-01,40.22,40.22,39.71,39.84,11837000,,
2017-02-02,39.77,40.00,39.68,39.98,10120300,,
2017-02-03,40.07,40.43,39.95,40.43,12941200,,
2017-02-06,40.44,40.44,40.08,40.10,7871300,,
2017-02-07,40.16,40.30,40.04,40.07,8848700,,
2017-02-08,40.06,40.35,40.01,40.02,8883300,,
2017-02-09,40.02,40.45,40.02,40.23,10977100,,
2017-02-10,40.33,40.92,40.21,40.79,13168700,,
2017-02-13,40.89,41.19,40.80,41.09,12779800,,
2017-02-14,40.92,41.17,40.75,41.10,9623000,,
2017-02-15,40.96,41.48,40.89,41.41,9243600,,
2017-02-16,41.46,41.74,41.37,41.59,10132700,,
2017-02-17,41.54,42.06,41.50,42.06,18545300,,
2017-02-21,41.99,42.38,41.93,42.27,12394700,,
2017-02-22,42.26,42.52,42.13,42.51,11602800,,
2017-02-23,42.56,42.99,42.50,42.96,15484000,,
2017-02-24,42.74,43.19,42.68,43.17,11426700,,
2017-02-27,43.26,43.26,42.52,42.70,13876500,,
2017-02-28,42.62,42.75,42.42,42.59,14450300,,
2017-03-01,42.75,43.00,42.69,42.92,11402200,,
2017-03-02,42.83,42.93,42.63,42.89,9431600,,
2017-03-03,42.77,42.89,42.59,42.69,8917100,,
2017-03-06,42.46,42.74,42.30,42.57,9196000,,
2017-03-07,42.58,42.75,42.52,42.60,9492900,,
2017-03-08,42.68,42.79,42.51,42.61,9217100,,
2017-03-09,42.63,42.63,42.25,42.44,10308400,,
2017-03-10,42.62,42.69,42.35,42.68,12244500,,
2017-03-13,42.75,42.78,42.53,42.58,12440800,,
2017-03-14,42.58,42.84,42.41,42.79,10291000,,
2017-03-15,42.90,43.20,42.64,43.05,18393200,,
2017-03-16,46.39,46.99,45.65,45.73,67535400,,
2017-03-17,45.25,45.98,45.11,45.66,31688700,,
2017-03-20,45.67,45.95,45.16,45.23,21452600,,
2017-03-21,45.31,45.40,44.71,44.84,21974500,,
2017-03-22,45.13,45.45,44.63,44.79,14339700,,
2017-03-23,44.68,45.06,44.67,44.95,16190500,,
2017-03-24,44.92,45.09,44.58,44.65,13110200,,
2017-03-27,44.51,44.93,44.36,44.84,8933100,,
2017-03-28,44.83,45.03,44.66,44.69,14008800,,
2017-03-29,44.52,44.73,44.47,44.52,10636200,,
2017-03-30,44.45,44.75,44.37,44.68,7792500,,
2017-03-31,44.50,44.85,44.46,44.61,10652800,,
2017-04-03,44.68,45.05,44.40,44.61,16044300,,
2017-04-04,44.61,44.74,44.38,44.59,9161300,,
2017-04-05,44.74,44.97,44.41,44.49,9445100,,
2017-04-06,44.53,44.53,44.14,44.18,11557800,,
2017-04-07,44.09,44.39,43.99,44.29,13446600,,
2017-04-10,44.21,44.45,43.96,44.00,11668600,0.19,
2017-04-11,43.89,44.45,43.76,44.17,15422400,,
2017-04-12,44.33,44.41,44.03,44.18,8457000,,
2017-04-13,44.19,44.45,43.98,44.00,11838300,,
2017-04-17,44.12,44.36,44.00,44.29,10999300,,
2017-04-18,44.21,44.58,44.14,44.52,10446700,,
2017-04-19,44.44,44.54,44.08,44.19,10712000,,
2017-04-20,44.26,44.63,44.17,44.53,10880900,,
2017-04-21,44.59,44.74,44.40,44.43,11556000,,
2017-04-24,44.97,44.99,44.62,44.84,10848900,,
2017-04-25,44.98,44.98,44.60,44.72,12436800,,
2017-04-26,44.75,45.04,44.64,44.69,10122400,,
2017-04-27,44.88,44.94,44.65,44.77,8221000,,
2017-04-28,44.74,44.96,44.52,44.96,12962700,,
2017-05-01,45.01,45.18,44.87,45.05,9118300,,
2017-05-02,45.00,45.35,44.97,45.13,11649600,,
2017-05-03,45.05,45.16,44.77,44.89,10695900,,
2017-05-04,44.96,45.78,44.95,45.47,15505200,,
2017-05-05,45.71,45.78,45.36,45.58,8443400,,
2017-05-08,45.48,45.71,45.42,45.56,7559600,,
2017-05-09,45.50,45.68,45.38,45.48,6530600,,
2017-05-10,45.52,45.56,45.29,45.53,6906100,,
2017-05-11,45.41,45.41,44.97,45.16,8996400,,
2017-05-12,45.01,45.15,44.92,45.08,7965100,,
2017-05-15,45.24,45.36,45.09,45.32,9694000,,
2017-05-16,45.36,45.37,45.15,45.29,7944500,,
2017-05-17,45.29,45.29,44.20,44.23,18489200,,
2017-05-18,44.06,44.41,43.60,44.17,12777600,,
2017-05-19,44.21,44.52,44.17,44.31,11519200,,
2017-05-22,44.33,44.65,44.28,44.63,9805800,,
2017-05-23,44.68,44.84,44.52,44.56,6873700,,
2017-05-24,44.65,44.88,44.50,44.83,7653600,,
2017-05-25,44.99,45.30,44.83,45.20,7597600,,
2017-05-26,45.21,45.45,45.06,45.26,6899700,,
2017-05-30,45.11,45.46,45.11,45.42,10769800,,
2017-05-31,45.42,45.55,45.26,45.39,14757600,,
2017-06-01,45.52,45.80,45.36,45.79,8138900,,
2017-06-02,45.88,46.07,45.48,45.66,11794600,,
2017-06-05,45.69,46.00,45.67,45.92,8617300,,
2017-06-06,45.73,45.84,45.60,45.61,7449500,,
2017-06-07,45.62,45.65,45.14,45.40,7688700,,
2017-06-08,45.40,45.86,45.31,45.42,12889500,,
2017-06-09,45.40,45.67,44.68,45.03,12188400,,
2017-06-12,44.65,44.85,43.74,44.85,16189900,,
2017-06-13,45.07,45.24,44.62,44.98,10705800,,
2017-06-14,45.16,45.28,44.49,44.81,12024600,,
2017-06-15,44.55,44.82,44.37,44.68,10394600,,
2017-06-16,44.75,45.10,44.53,45.09,15930900,,
2017-06-19,45.27,45.75,45.21,45.73,12787700,,
2017-06-20,45.76,46.32,45.60,45.84,15299600,,
2017-06-21,46.15,46.54,46.08,46.33,30757300,,
2017-06-22,46.33,51.85,46.33,50.30,63193900,,
2017-06-23,50.24,51.84,50.07,50.95,42812500,,
2017-06-26,50.99,51.70,50.77,50.86,29453400,,
2017-06-27,50.75,51.45,50.52,50.75,17876400,,
2017-06-28,51.07,51.09,50.81,50.87,15981600,,
2017-06-29,50.76,50.89,49.98,50.20,13929100,,
2017-06-30,50.18,50.52,50.08,50.14,13146400,,
2017-07-03,50.05,50.13,49.32,49.36,10883200,,
2017-07-05,49.80,50.03,49.41,49.46,15775300,,
2017-07-06,49.25,49.42,48.77,48.85,14411900,,
2017-07-07,48.83,49.44,48.83,49.35,10889400,,
2017-07-10,49.27,49.83,49.22,49.62,10098500,,
2017-07-11,49.53,49.89,49.41,49.88,9751100,,
2017-07-12,50.02,50.48,49.96,50.45,14461400,,
2017-07-13,50.55,50.68,50.25,50.35,11959900,,
2017-07-14,50.27,50.65,50.27,50.56,9875900,,
2017-07-17,50.31,50.58,50.24,50.44,8093600,0.19,
2017-07-18,50.34,50.70,50.16,50.45,14104800,,
2017-07-19,50.46,51.10,50.36,51.00,13312800,,
2017-07-20,51.14,51.26,50.84,51.13,8772500,,
2017-07-21,50.87,51.15,50.65,50.80,8791900,,
2017-07-24,50.80,50.90,50.61,50.76,7639100,,
2017-07-25,50.91,51.23,50.79,51.17,10536200,,
2017-07-26,51.15,51.19,51.02,51.17,5724500,,
2017-07-27,51.30,51.36,50.19,50.45,16508800,,
2017-07-28,50.19,50.49,50.04,50.30,8996400,,
2017-07-31,50.48,50.50,49.90,49.93,10066600,,
2017-08-01,50.15,50.22,49.82,50.16,6066200,,
2017-08-02,50.26,50.31,49.58,49.77,8720700,,
2017-08-03,49.92,50.41,49.73,50.23,9490100,,
2017-08-04,50.18,50.21,49.87,49.96,7025300,,
2017-08-07,50.00,50.09,49.53,49.64,8280300,,
2017-08-08,49.54,49.83,48.97,49.10,14684300,,
2017-08-09,48.98,49.39,48.86,49.06,15872400,,
2017-08-10,48.96,48.96,48.05,48.10,13391100,,
2017-08-11,48.18,48.44,47.98,48.24,11704600,,
2017-08-14,48.48,48.96,48.47,48.85,9229100,,
2017-08-15,48.89,49.06,48.77,48.83,10663500,,
2017-08-16,48.97,49.32,48.76,49.25,9881200,,
2017-08-17,49.17,49.31,48.55,48.55,9661600,,
2017-08-18,48.45,48.88,48.31,48.62,10248400,,
2017-08-21,48.65,48.96,48.54,48.90,7293400,,
2017-08-22,49.12,49.35,48.99,49.26,9233000,,
2017-08-23,49.06,49.43,48.94,49.07,6895400,,
2017-08-24,49.07,49.26,48.88,49.19,7365500,,
2017-08-25,49.44,49.44,49.15,49.24,7853300,,
2017-08-28,49.39,49.39,49.04,49.24,6211300,,
2017-08-29,48.88,49.57,48.75,49.45,7245900,,
2017-08-30,49.50,49.95,49.36,49.80,6957400,,
2017-08-31,49.88,50.52,49.84,50.33,12958100,,
2017-09-01,50.35,50.88,50.35,50.62,8716800,,
2017-09-05,50.53,51.08,50.47,50.93,15610700,,
2017-09-06,51.08,51.23,50.80,51.01,15615600,,
2017-09-07,51.19,51.78,51.03,51.73,11516800,,
2017-09-08,51.80,51.88,51.38,51.58,10356500,,
2017-09-11,51.88,52.61,51.81,52.49,16526300,,
2017-09-12,52.64,52.89,52.47,52.77,13352400,,
2017-09-13,52.52,52.98,52.45,52.80,14463000,,
2017-09-14,52.76,53.14,52.32,52.79,21901600,,
2017-09-15,50.65,50.70,48.48,48.74,66367900,,
2017-09-18,48.88,49.06,48.09,48.33,29434700,,
2017-09-19,48.49,48.50,47.88,48.04,23070700,,
2017-09-20,48.00,48.19,47.69,47.97,21257300,,
2017-09-21,47.82,48.19,47.82,47.97,15656300,,
2017-09-22,47.92,48.43,47.92,48.16,15341900,,
2017-09-25,48.52,48.54,47.64,47.97,15663600,,
2017-09-26,48.10,48.21,47.89,47.92,18679900,,
2017-09-27,48.05,48.36,47.95,48.16,14499200,,
2017-09-28,48.20,48.25,48.01,48.08,12997700,,
2017-09-29,48.19,48.75,47.96,48.35,44896600,,
2017-10-02,48.72,49.00,48.57,48.80,26097300,,
2017-10-03,48.95,48.96,48.54,48.69,12710800,,
2017-10-04,48.99,49.19,48.76,48.90,15204500,,
2017-10-05,48.96,49.03,48.50,48.91,13886100,,
2017-10-06,48.64,48.70,48.22,48.40,16340400,,
2017-10-09,48.36,48.58,48.17,48.36,10173000,,
2017-10-10,48.16,48.46,48.00,48.21,15630500,0.19,
2017-10-11,48.16,48.47,48.16,48.28,12588300,,
2017-10-12,48.27,48.48,48.11,48.23,11715600,,
2017-10-13,48.37,48.71,48.33,48.61,10142300,,
2017-10-16,48.61,48.91,48.49,48.86,9378100,,
2017-10-17,48.82,49.30,48.71,49.19,14191300,,
2017-10-18,49.50,49.76,49.16,49.58,12064100,,
2017-10-19,49.44,49.67,49.19,49.35,10048600,,
2017-10-20,49.54,49.79,49.16,49.25,15501500,,
2017-10-23,49.28,49.66,49.22,49.31,14633400,,
2017-10-24,49.33,50.14,49.25,49.98,17562400,,
2017-10-25,49.89,50.65,49.64,49.70,20635800,,
2017-10-26,50.11,50.30,49.77,50.15,16952900,,
2017-10-27,50.29,50.97,50.03,50.88,15099500,,
2017-10-30,50.63,50.75,50.24,50.68,9049800,,
2017-10-31,50.73,51.28,50.45,50.90,14453100,,
2017-11-01,51.10,51.17,50.57,50.64,10128000,,
2017-11-02,50.54,50.70,50.12,50.28,10389800,,
2017-11-03,50.36,50.44,50.16,50.18,15814500,,
2017-11-06,50.10,50.55,50.02,50.40,9678000,,
2017-11-07,50.43,50.58,50.08,50.49,6796500,,
2017-11-08,50.33,50.74,50.20,50.54,7977900,,
2017-11-09,50.14,50.22,48.54,49.24,16195400,,
2017-11-10,49.00,49.37,48.75,49.32,9944200,,
2017-11-13,49.10,49.43,49.06,49.40,6566700,,
2017-11-14,49.32,49.33,48.90,49.20,8498900,,
2017-11-15,48.88,49.08,48.73,48.82,9425100,,
2017-11-16,49.11,49.62,49.01,49.20,11738500,,
2017-11-17,49.00,49.23,48.85,48.94,10035100,,
2017-11-20,49.04,49.16,48.92,49.02,11525100,,
2017-11-21,49.00,49.10,48.50,48.63,18313300,,
2017-11-22,48.56,48.83,48.42,48.58,10618900,,
2017-11-24,48.88,49.13,48.69,49.01,6008300,,
2017-11-27,48.94,49.22,48.75,48.88,13395600,,
2017-11-28,48.88,49.20,48.85,49.01,13930600,,
2017-11-29,48.85,48.86,48.20,48.52,14377600,,
2017-11-30,48.89,49.33,48.89,49.06,24701100,,
2017-12-01,49.05,50.00,48.90,49.61,15899500,,
2017-12-04,49.82,49.82,48.36,48.40,13473900,,
2017-12-05,48.44,48.65,47.97,47.99,17858900,,
2017-12-06,48.26,48.59,47.63,48.42,12974500,,
2017-12-07,48.62,48.81,48.30,48.52,13482800,,
2017-12-08,48.90,49.69,48.70,49.60,14732300,,
2017-12-11,49.61,50.50,49.56,50.47,15852800,,
2017-12-12,50.00,50.71,49.95,50.39,17464000,,
2017-12-13,50.33,50.51,50.01,50.05,17196900,,
2017-12-14,50.14,50.40,49.94,50.19,22259300,,
2017-12-15,48.48,48.48,47.00,48.30,75176000,,
2017-12-18,48.43,48.85,47.68,47.71,25156800,,
2017-12-19,47.96,48.35,47.74,47.82,28664300,,
2017-12-20,47.88,48.05,47.79,47.90,11432200,,
2017-12-21,48.11,48.11,47.23,47.28,18396800,,
2017-12-22,47.17,47.40,47.10,47.36,11197300,,
2017-12-26,47.37,47.58,47.25,47.43,7650200,,
2017-12-27,47.25,47.47,47.15,47.38,8132200,,
2017-12-28,47.30,47.55,47.30,47.52,7777600,,
2017-12-29,47.53,47.88,47.28,47.28,9750000,,
2018-01-02,47.57,47.80,46.17,46.63,25380000,,
2018-01-03,47.53,48.07,47.44,47.71,24165000,,
2018-01-04,47.99,48.19,47.72,48.18,19815100,,
2018-01-05,48.42,48.63,48.28,48.47,14496400,,
2018-01-08,48.30,49.07,47.94,48.98,15075000,,
2018-01-09,49.25,49.36,48.92,49.06,14153700,0.19,
2018-01-10,48.86,49.27,48.58,48.80,13476600,,
2018-01-11,48.87,49.02,48.44,48.95,11687800,,
2018-01-12,49.18,49.83,49.06,49.51,15978200,,
2018-01-16,49.85,50.06,49.44,49.59,17152600,,
2018-01-17,49.91,50.29,49.85,50.27,23183100,,
2018-01-18,50.19,50.68,50.10,50.23,17119200,,
2018-01-19,50.50,50.60,50.27,50.58,14011500,,
2018-01-22,50.43,50.74,50.27,50.71,16840000,,
2018-01-23,50.75,51.27,50.57,51.12,14141400,,
2018-01-24,51.36,52.00,51.21,51.45,17205600,,
2018-01-25,51.54,52.05,51.54,51.60,13904300,,
2018-01-26,51.86,52.75,51.76,52.75,14909200,,
2018-01-29,52.67,52.79,51.88,51.94,12234900,,
2018-01-30,51.74,51.99,50.75,50.96,16863500,,
2018-01-31,50.86,51.85,50.86,51.59,16806800,,
2018-02-01,51.36,51.98,51.26,51.63,11674100,,
2018-02-02,51.25,51.41,50.04,50.13,17562200,,
2018-02-05,50.04,50.70,48.06,48.09,19725800,,
2018-02-06,47.33,49.51,46.81,49.40,25921200,,
2018-02-07,49.20,49.85,48.82,48.87,15138000,,
2018-02-08,49.09,49.12,46.81,46.84,21255400,,
2018-02-09,47.58,48.15,45.92,47.73,23191000,,
2018-02-12,48.22,48.49,47.72,48.15,16261600,,
2018-02-13,48.01,48.68,47.77,48.49,12633100,,
2018-02-14,48.19,49.52,48.14,49.45,14271400,,
2018-02-15,49.70,50.69,49.43,50.64,14132500,,
2018-02-16,50.55,51.14,50.49,50.71,11098800,,
2018-02-20,50.20,50.31,49.66,49.89,14144900,,
2018-02-21,49.87,50.34,49.43,49.43,13050800,,
2018-02-22,49.59,50.06,49.41,49.59,9513200,,
2018-02-23,49.79,50.57,49.62,50.50,8866800,,
2018-02-26,50.59,51.26,50.50,51.17,12956000,,
2018-02-27,51.07,51.40,50.54,50.73,14339600,,
2018-02-28,51.06,51.50,50.67,50.67,14947900,,
2018-03-01,50.96,50.96,49.42,49.71,16539800,,
2018-03-02,49.33,50.40,49.16,50.32,17291000,,
2018-03-05,49.90,51.49,49.85,51.29,18771500,,
2018-03-06,51.56,51.79,51.22,51.50,13907100,,
2018-03-07,51.06,51.81,51.03,51.72,11727300,,
2018-03-08,51.94,52.16,51.47,52.13,15864400,,
2018-03-09,52.35,53.00,52.20,52.97,16218600,,
2018-03-12,52.98,53.44,52.67,52.90,14108400,,
2018-03-13,53.24,53.48,52.34,52.58,12864400,,
2018-03-14,52.88,53.15,52.18,52.32,10885500,,
2018-03-15,52.22,52.67,52.11,52.37,14155200,,
2018-03-16,52.40,52.69,52.25,52.27,21011500,,
2018-03-19,52.43,52.58,51.51,51.95,25777400,,
2018-03-20,46.80,47.75,46.43,47.05,68601000,,
2018-03-21,47.29,48.06,47.01,47.02,34597700,,
2018-03-22,46.72,47.02,45.73,45.89,25610100,,
2018-03-23,45.98,46.28,44.76,44.79,21398900,,
2018-03-26,45.55,46.64,45.39,46.48,20754800,,
2018-03-27,46.63,46.82,45.00,45.38,18925300,,
2018-03-28,45.28,45.36,44.51,44.98,22156900,,
2018-03-29,45.31,46.29,45.01,45.75,14256400,,
2018-04-02,45.65,45.85,44.42,45.01,15343300,,
2018-04-03,45.33,45.33,44.29,44.89,15734600,,
2018-04-04,44.07,45.62,44.04,45.51,18505900,,
2018-04-05,45.73,46.18,45.55,45.96,12313000,,
2018-04-06,45.51,45.75,44.60,44.83,13893600,,
2018-04-09,45.11,45.65,44.88,44.90,15200000,,
2018-04-10,45.55,46.07,45.46,45.82,14868900,,
2018-04-11,45.40,45.99,45.36,45.61,14911400,,
2018-04-12,45.69,46.17,45.65,45.88,13970300,,
2018-04-13,46.31,46.53,45.61,46.08,12493600,,
2018-04-16,46.03,46.39,45.60,46.05,11639000,0.19,
2018-04-17,46.41,46.93,46.39,46.66,10762700,,
2018-04-18,46.68,47.29,46.68,47.08,11312900,,
2018-04-19,46.99,47.11,46.70,46.82,8563200,,
2018-04-20,46.47,46.62,45.98,46.23,15675600,,
2018-04-23,46.38,46.47,45.72,45.80,14904400,,
2018-04-24,45.93,46.37,45.28,45.53,13357000,,
2018-04-25,45.42,45.84,45.05,45.75,12637500,,
2018-04-26,46.09,46.21,45.90,45.96,12175800,,
2018-04-27,46.12,46.12,45.47,45.53,14420800,,
2018-04-30,45.66,46.02,45.56,45.67,13896600,,
2018-05-01,45.39,45.95,45.39,45.95,8838000,,
2018-05-02,45.89,46.08,45.47,45.51,10715200,,
2018-05-03,45.36,45.39,44.49,45.06,15370200,,
2018-05-04,44.93,45.92,44.80,45.71,10571800,,
2018-05-07,45.94,46.24,45.78,46.07,9006000,,
2018-05-08,45.88,45.99,45.55,45.94,9830600,,
2018-05-09,46.23,46.68,45.98,46.58,11822400,,
2018-05-10,46.80,47.10,46.61,46.93,10974200,,
2018-05-11,47.11,47.15,46.64,46.82,9498100,,
2018-05-14,46.81,47.26,46.69,46.82,9689500,,
2018-05-15,46.51,46.82,46.25,46.81,11304900,,
2018-05-16,46.93,46.93,46.45,46.73,9874200,,
2018-05-17,46.69,47.06,46.42,46.54,10162300,,
2018-05-18,46.69,46.79,46.24,46.32,13517300,,
2018-05-21,46.53,47.29,46.49,47.21,13416300,,
2018-05-22,47.24,47.54,46.31,46.37,18505100,,
2018-05-23,46.08,46.97,46.02,46.90,9204400,,
2018-05-24,46.66,46.94,46.14,46.46,12497700,,
2018-05-25,46.49,47.17,46.48,47.00,11354300,,
2018-05-29,46.55,46.80,46.04,46.26,12427800,,
2018-05-30,46.63,47.23,46.43,47.05,11906500,,
2018-05-31,46.93,47.17,46.71,46.72,13062400,,
2018-06-01,47.08,47.36,46.90,47.35,10863200,,
2018-06-04,47.48,47.57,47.23,47.32,12178400,,
2018-06-05,47.33,47.42,46.81,47.13,13430900,,
2018-06-06,47.42,47.81,47.10,47.75,13299100,,
2018-06-07,47.93,48.03,47.42,47.68,13714100,,
2018-06-08,47.41,48.38,47.41,48.18,14515400,,
2018-06-11,48.15,48.39,47.97,48.19,12521100,,
2018-06-12,48.21,48.59,48.16,48.45,14713600,,
2018-06-13,48.11,48.67,48.09,48.27,18053300,,
2018-06-14,47.01,47.02,45.66,45.90,37001300,,
2018-06-15,45.87,46.49,45.19,46.28,28120400,,
2018-06-18,45.82,46.60,45.46,46.52,21474100,,
2018-06-19,45.84,46.41,45.77,46.27,22764900,,
2018-06-20,43.51,44.79,42.57,42.82,59129000,,
2018-06-21,43.18,43.84,42.98,43.10,32635100,,
2018-06-22,43.20,44.30,43.16,44.10,29735100,,
2018-06-25,43.57,44.47,43.49,44.28,24640500,,
2018-06-26,44.46,44.85,44.37,44.41,20717500,,
2018-06-27,44.57,44.74,43.44,43.45,26360100,,
2018-06-28,43.51,44.02,43.36,43.84,20918400,,
2018-06-29,44.04,44.53,43.75,44.06,22144900,,
2018-07-02,43.96,44.97,43.77,44.95,20655500,,
2018-07-03,44.99,44.99,44.52,44.72,16783300,,
2018-07-05,45.15,45.47,44.99,45.41,21916200,,
2018-07-06,45.46,46.19,45.27,46.00,20764300,,
2018-07-09,46.13,46.79,46.06,46.73,25125700,,
2018-07-10,46.83,47.36,46.68,46.99,27422000,,
2018-07-11,46.82,47.76,46.71,47.64,22802600,,
2018-07-12,47.79,48.20,47.75,48.15,24857900,,
2018-07-13,47.97,48.81,47.83,48.63,25771400,,
2018-07-16,48.62,48.62,47.95,48.46,22949600,0.19,
2018-07-17,48.29,48.99,48.15,48.90,18823100,,
2018-07-18,48.79,49.00,48.40,48.64,19234700,,
2018-07-19,48.40,48.72,48.21,48.44,16656500,,
2018-07-20,48.49,48.71,48.36,48.52,17232900,,
2018-07-23,48.62,48.67,48.05,48.67,17990200,,
2018-07-24,48.75,49.10,48.56,48.67,19885500,,
2018-07-25,48.52,48.97,48.50,48.95,16354900,,
2018-07-26,48.85,49.17,48.76,48.87,15229900,,
2018-07-27,48.99,49.12,48.38,48.63,14856100,,
2018-07-30,48.58,48.58,47.46,47.73,20167300,,
2018-07-31,47.90,48.08,47.39,47.68,18808100,,
2018-08-01,47.91,48.22,47.15,47.35,22933600,,
2018-08-02,47.04,48.07,46.63,47.90,14227400,,
2018-08-03,47.92,48.48,47.90,48.47,14295800,,
2018-08-06,48.29,48.76,48.22,48.67,13529300,,
2018-08-07,48.94,48.95,48.47,48.48,11608000,,
2018-08-08,48.42,48.62,48.26,48.39,10849400,,
2018-08-09,48.27,48.71,48.27,48.54,14708000,,
2018-08-10,48.37,48.72,48.23,48.32,10502200,,
2018-08-13,48.34,48.59,47.97,48.01,12152100,,
2018-08-14,48.12,48.35,47.94,48.23,11513700,,
2018-08-15,48.10,48.26,47.53,47.84,14091000,,
2018-08-16,48.14,48.45,48.04,48.10,11874300,,
2018-08-17,48.21,48.50,47.99,48.36,11412000,,
2018-08-20,48.40,48.60,48.26,48.42,11936700,,
2018-08-21,48.58,48.64,48.37,48.41,10187600,,
2018-08-22,48.34,48.91,48.24,48.80,11639400,,
2018-08-23,48.80,49.34,48.68,48.96,11026700,,
2018-08-24,49.00,49.39,48.97,49.26,14011700,,
2018-08-27,49.41,49.70,49.29,49.33,12253300,,
2018-08-28,49.39,49.43,48.60,48.64,15475700,,
2018-08-29,48.64,49.10,48.64,48.89,17307700,,
2018-08-30,48.89,48.89,48.31,48.38,15154900,,
2018-08-31,48.38,48.63,48.35,48.58,17844100,,
2018-09-04,48.36,48.83,48.16,48.58,17289000,,
2018-09-05,48.41,48.49,47.79,48.04,16437700,,
2018-09-06,47.95,48.22,47.52,47.71,18456100,,
2018-09-07,47.46,47.99,47.33,47.81,20513900,,
2018-09-10,48.00,49.05,48.00,48.86,20390600,,
2018-09-11,48.52,49.05,48.52,48.92,14877200,,
2018-09-12,48.75,49.47,48.62,49.34,17058700,,
2018-09-13,49.28,49.75,48.88,48.96,22124400,,
2018-09-14,48.94,49.45,48.94,49.25,20066100,,
2018-09-17,49.31,49.94,49.11,49.18,29225000,,
2018-09-18,47.51,49.54,47.36,49.03,33451100,,
2018-09-19,48.92,49.54,48.66,49.43,20904800,,
2018-09-20,49.66,51.08,49.56,50.43,26973500,,
2018-09-21,50.83,51.12,50.35,51.10,50751900,,
2018-09-24,50.81,51.60,50.71,51.24,23906100,,
2018-09-25,51.39,51.93,50.97,51.72,18665800,,
2018-09-26,51.75,52.11,51.56,51.63,18131000,,
2018-09-27,51.56,52.02,51.33,51.69,17993500,,
2018-09-28,51.54,52.01,51.49,51.56,16234200,,
2018-10-01,51.22,51.99,51.14,51.80,19217800,,
2018-10-02,51.65,51.80,50.13,50.23,22406800,,
2018-10-03,49.59,50.10,49.59,49.75,21207600,,
2018-10-04,49.68,49.78,49.17,49.47,19034000,,
2018-10-05,49.42,49.77,49.12,49.35,16900200,,
2018-10-08,49.27,49.64,48.90,49.36,16295800,,
2018-10-09,49.11,49.40,48.83,48.87,19009800,,
2018-10-10,48.81,48.98,47.37,47.40,20885400,,
2018-10-11,47.33,47.89,46.49,46.78,26387600,,
2018-10-12,47.40,47.75,46.66,47.38,23152800,,
2018-10-15,46.96,47.62,46.87,47.12,15693400,0.19,
2018-10-16,47.57,48.42,47.47,48.23,13600200,,
2018-10-17,47.43,48.24,47.43,47.86,15071100,,
2018-10-18,47.57,48.14,47.13,47.38,15084800,,
2018-10-19,47.50,48.24,47.35,47.59,17768400,,
2018-10-22,47.85,48.49,47.71,47.94,16480200,,
2018-10-23,47.16,48.32,47.12,47.99,18921500,,
2018-10-24,47.88,48.30,46.70,46.76,20028200,,
2018-10-25,47.42,48.29,47.28,47.96,19349300,,
2018-10-26,47.24,48.07,46.71,47.32,23088700,,
2018-10-29,47.81,48.09,46.34,47.02,19248700,,
2018-10-30,47.08,48.62,46.92,48.57,24438200,,
2018-10-31,49.05,49.45,48.59,48.84,21082900,,
2018-11-01,48.96,49.24,48.34,48.59,17764900,,
2018-11-02,48.93,49.02,48.24,48.83,17289300,,
2018-11-05,49.00,49.13,48.50,49.02,13125800,,
2018-11-06,49.10,49.47,48.83,49.25,12362700,,
2018-11-07,49.58,50.50,49.47,50.26,14329800,,
2018-11-08,50.22,50.50,50.07,50.43,11966600,,
2018-11-09,50.42,50.82,50.31,50.61,15316100,,
2018-11-12,50.17,50.38,49.11,49.22,14374400,,
2018-11-13,49.47,50.00,49.24,49.51,13550600,,
2018-11-14,49.97,49.97,48.74,48.84,16094000,,
2018-11-15,50.04,50.69,49.05,50.63,24922800,,
2018-11-16,50.53,51.45,50.42,51.17,20929600,,
2018-11-19,51.05,51.10,49.40,49.55,19520500,,
2018-11-20,48.67,49.07,47.96,48.33,19389600,,
2018-11-21,48.76,49.18,48.53,48.62,13859500,,
2018-11-23,48.04,49.12,48.04,48.70,7807300,,
2018-11-26,49.16,49.16,48.10,48.26,21603800,,
2018-11-27,47.92,47.98,46.79,47.44,28054600,,
2018-11-28,47.73,48.25,47.37,48.19,29352900,,
2018-11-29,48.38,48.38,47.44,47.90,17052100,,
2018-11-30,48.09,48.84,47.71,48.76,22884500,,
2018-12-03,49.44,50.12,49.21,49.83,21966600,,
2018-12-04,49.52,50.22,48.71,48.75,24643500,,
2018-12-06,47.75,47.77,45.65,46.68,39877000,,
2018-12-07,46.76,47.04,45.81,46.00,23978000,,
2018-12-10,46.01,47.08,45.34,46.67,26375500,,
2018-12-11,46.98,47.13,46.06,46.46,22680200,,
2018-12-12,47.11,48.11,47.01,47.32,21404000,,
2018-12-13,47.48,47.55,46.75,47.23,23295400,,
2018-12-14,46.78,47.03,46.41,46.60,21434300,,
2018-12-17,46.42,47.23,45.53,45.73,30441100,,
2018-12-18,48.10,48.34,45.44,45.85,42855600,,
2018-12-19,46.06,47.44,45.75,46.45,34397300,,
2018-12-20,46.05,46.95,45.48,46.24,35165200,,
2018-12-21,46.08,46.21,43.86,44.00,58768400,,
2018-12-24,43.77,43.82,42.68,42.69,17230400,,
2018-12-26,43.00,44.61,42.40,44.59,21428900,,
2018-12-27,43.95,45.09,43.46,44.97,19048700,,
2018-12-28,45.14,45.77,44.74,44.82,39141200,,
2018-12-31,45.19,45.50,44.84,45.15,14932600,,
2019-01-02,44.48,45.34,44.45,45.22,14320400,,
2019-01-03,44.75,45.50,44.41,44.78,19868700,,
2019-01-04,45.37,46.95,45.25,46.71,20984000,,
2019-01-07,46.93,48.11,46.47,47.45,17967900,,
2019-01-08,47.93,48.36,47.20,47.88,16255700,,
2019-01-09,46.64,48.23,46.61,47.78,19100200,,
2019-01-10,47.38,47.98,46.88,47.82,16652700,,
2019-01-11,47.67,48.62,47.37,48.29,16397400,,
2019-01-14,47.85,48.34,47.62,48.18,14869400,,
2019-01-15,47.47,48.53,47.41,48.38,12142100,0.19,
2019-01-16,48.58,48.79,48.05,48.06,14114000,,
2019-01-17,48.01,48.91,47.81,48.58,12711200,,
2019-01-18,48.94,49.57,48.87,49.27,15930600,,
2019-01-22,48.84,49.17,48.66,48.94,13318700,,
2019-01-23,49.19,49.48,48.83,49.24,15551200,,
2019-01-24,49.26,49.43,48.87,49.20,11442200,,
2019-01-25,49.60,49.90,49.45,49.80,16656600,,
2019-01-28,49.45,49.73,49.21,49.52,11799100,,
2019-01-29,49.39,49.92,49.19,49.61,10838600,,
2019-01-30,49.86,50.50,49.60,50.36,13483800,,
2019-01-31,50.24,50.50,50.07,50.23,20403600,,
2019-02-01,50.52,51.10,50.29,50.81,14849600,,
2019-02-04,50.38,51.25,50.38,51.03,12221200,,
2019-02-05,51.17,51.37,50.89,51.24,13345500,,
2019-02-06,51.19,51.49,50.97,51.26,9220900,,
2019-02-07,50.79,50.99,50.17,50.22,14905000,,
2019-02-08,50.09,51.03,49.82,51.03,11535600,,
2019-02-11,50.96,51.48,50.95,51.23,9714500,,
2019-02-12,51.46,51.55,51.19,51.22,14188500,,
2019-02-13,51.25,51.55,50.95,51.42,11342600,,
2019-02-14,51.24,51.75,51.09,51.48,11155300,,
2019-02-15,51.13,51.72,51.07,51.72,13822200,,
2019-02-19,51.48,52.18,51.24,52.02,12357500,,
2019-02-20,52.00,52.21,51.50,51.77,13440900,,
2019-02-21,51.63,52.35,51.51,52.11,14759500,,
2019-02-22,52.39,52.60,52.20,52.48,11689700,,
2019-02-25,52.75,53.03,52.46,52.56,14722200,,
2019-02-26,52.46,52.88,52.24,52.60,12041300,,
2019-02-27,52.52,52.64,52.26,52.38,10674200,,
2019-02-28,52.20,52.51,52.05,52.13,31856900,,
2019-03-01,52.50,52.73,52.37,52.51,15757700,,
2019-03-04,52.67,52.85,51.57,52.04,14850100,,
2019-03-05,52.04,52.59,52.02,52.36,16291900,,
2019-03-06,52.31,52.75,52.13,52.35,12389300,,
2019-03-07,52.20,53.13,52.19,52.58,16624100,,
2019-03-08,52.35,52.78,52.13,52.77,15071100,,
2019-03-11,51.94,53.18,51.91,52.66,20027700,,
2019-03-12,52.67,53.29,52.58,52.80,18048500,,
2019-03-13,53.06,53.47,52.74,53.06,19490800,,
2019-03-14,52.98,53.40,52.85,53.05,24000300,,
2019-03-15,51.40,53.39,51.00,52.94,43340200,,
2019-03-18,52.87,53.96,52.78,53.46,21953600,,
2019-03-19,53.80,54.38,53.75,54.04,19214000,,
2019-03-20,53.89,54.19,52.51,52.64,24111600,,
2019-03-21,52.63,54.05,52.35,54.04,16686300,,
2019-03-22,53.62,53.88,52.74,52.77,16201500,,
2019-03-25,52.56,52.94,52.23,52.74,11755900,,
2019-03-26,53.29,53.54,53.06,53.28,11657600,,
2019-03-27,53.28,53.65,52.31,52.81,12636000,,
2019-03-28,53.00,53.30,52.79,53.19,9103100,,
2019-03-29,53.47,53.74,53.25,53.71,11485700,,
2019-04-01,53.88,54.65,53.85,54.58,15191700,,
2019-04-02,54.41,54.50,53.88,54.15,10812100,,
2019-04-03,54.16,54.39,53.86,54.06,12853400,,
2019-04-04,53.86,54.15,53.41,53.82,9978800,,
2019-04-05,53.74,54.19,53.74,53.93,10016300,,
2019-04-08,53.73,53.93,53.33,53.72,10126700,,
2019-04-09,53.50,54.10,53.47,53.83,9789000,,
2019-04-10,53.62,54.16,53.60,53.97,8477300,0.24,
2019-04-11,54.05,54.19,53.52,53.79,8147600,,
2019-04-12,54.10,54.50,53.87,54.50,9014000,,
2019-04-15,54.50,54.75,54.31,54.63,7694900,,
2019-04-16,54.67,54.91,54.33,54.59,7265200,,
2019-04-17,54.68,54.83,54.39,54.48,7792200,,
2019-04-18,54.44,54.67,54.23,54.52,8233000,,
2019-04-22,54.40,54.68,54.20,54.62,6088100,,
2019-04-23,54.75,55.14,54.72,54.94,10923400,,
2019-04-24,55.00,55.53,54.96,55.18,8769800,,
2019-04-25,55.15,55.22,54.58,55.01,8226100,,
2019-04-26,55.22,55.49,55.01,55.41,7101600,,
2019-04-29,55.29,55.49,55.08,55.08,6443000,,
2019-04-30,55.06,55.38,54.84,55.33,10562300,,
2019-05-01,55.32,55.42,54.80,54.88,7792700,,
2019-05-02,54.81,55.05,54.46,54.60,9652200,,
2019-05-03,54.80,55.02,54.67,54.79,11066500,,
2019-05-06,53.90,55.00,53.83,54.85,9305400,,
2019-05-07,54.20,54.64,53.65,54.00,11712400,,
2019-05-08,54.35,54.43,53.81,53.99,10729800,,
2019-05-09,53.46,54.35,53.08,54.25,10711800,,
2019-05-10,53.77,54.97,53.51,54.65,11200300,,
2019-05-13,53.72,53.95,53.39,53.43,10664700,,
2019-05-14,53.64,54.62,53.36,54.13,11520800,,
2019-05-15,53.91,54.81,53.84,54.56,8573000,,
2019-05-16,54.91,55.15,54.55,54.64,10013800,,
2019-05-17,54.19,54.92,54.19,54.50,9057100,,
2019-05-20,53.95,54.36,53.53,53.66,9820200,,
2019-05-21,54.21,54.27,54.03,54.17,8482000,,
2019-05-22,54.23,54.55,54.04,54.20,8389700,,
2019-05-23,53.72,53.72,52.51,53.08,11213900,,
2019-05-24,53.38,53.47,52.59,52.77,9090700,,
2019-05-28,53.08,53.28,51.75,51.75,28230400,,
2019-05-29,51.43,51.81,51.05,51.69,12448700,,
2019-05-30,51.93,52.03,51.46,51.72,8569500,,
2019-05-31,51.24,51.36,50.51,50.60,11847100,,
2019-06-03,50.56,51.08,49.89,50.24,17434400,,
2019-06-04,50.79,52.24,50.63,52.02,17073200,,
2019-06-05,52.78,53.24,51.85,52.10,15855300,,
2019-06-06,52.09,52.74,51.86,52.59,10266900,,
2019-06-07,52.80,53.42,52.78,53.26,11591800,,
2019-06-10,53.68,54.41,53.57,54.01,12984600,,
2019-06-11,54.50,54.61,53.84,53.94,11288400,,
2019-06-12,53.68,54.05,53.43,53.62,10235400,,
2019-06-13,53.98,53.98,53.44,53.84,11289100,,
2019-06-14,53.61,53.83,53.28,53.28,12973000,,
2019-06-17,53.34,53.55,52.95,53.13,15207900,,
2019-06-18,52.86,53.60,52.41,52.90,20999700,,
2019-06-19,52.75,53.13,52.25,52.68,35449500,,
2019-06-20,55.98,57.47,55.53,56.99,54173900,,
2019-06-21,57.14,57.15,56.06,56.12,45169000,,
2019-06-24,56.25,57.30,55.90,56.74,19544200,,
2019-06-25,56.87,57.18,56.06,56.07,25462100,,
2019-06-26,56.43,56.85,56.24,56.66,15045200,,
2019-06-27,57.00,57.39,56.76,56.77,12605800,,
2019-06-28,56.90,57.08,56.36,56.97,42570500,,
2019-07-01,57.15,58.09,57.03,58.01,20413000,,
2019-07-02,57.88,58.56,57.77,58.46,17569600,,
2019-07-03,58.45,58.95,58.38,58.86,9989100,,
2019-07-05,58.53,59.52,58.34,59.28,13838900,,
2019-07-08,59.19,59.67,59.01,59.53,16105600,,
2019-07-09,59.20,59.63,59.01,59.60,14348600,,
2019-07-10,59.94,60.50,59.75,60.15,16059100,,
2019-07-11,60.18,60.21,59.40,59.99,11150200,,
2019-07-12,60.09,60.09,59.30,59.81,11234300,,
2019-07-15,59.85,59.85,59.25,59.53,10721600,,
2019-07-16,59.17,59.48,58.59,58.61,9698900,0.24,
2019-07-17,58.80,58.95,57.99,57.99,9090900,,
2019-07-18,57.69,58.14,57.60,58.12,11882300,,
2019-07-19,58.31,58.53,57.52,57.54,11663500,,
2019-07-22,57.88,58.08,57.55,57.60,8761700,,
2019-07-23,58.06,58.14,57.45,57.45,8141100,,
2019-07-24,57.45,58.22,57.38,58.11,10778700,,
2019-07-25,58.37,58.63,58.08,58.29,8175900,,
2019-07-26,58.34,58.65,58.20,58.50,6057200,,
2019-07-29,58.79,58.79,57.80,58.06,7439300,,
2019-07-30,57.76,58.15,57.43,57.49,6367200,,
2019-07-31,57.88,57.88,55.62,56.30,11966700,,
2019-08-01,56.30,56.85,55.52,55.88,10215200,,
2019-08-02,56.19,56.19,55.00,55.84,12644400,,
2019-08-05,55.10,55.10,53.69,53.76,16204600,,
2019-08-06,54.20,54.45,53.61,53.96,13149500,,
2019-08-07,53.13,54.07,52.97,53.34,16344100,,
2019-08-08,53.72,54.75,53.72,54.65,12460700,,
2019-08-09,54.24,54.47,53.52,53.90,8471300,,
2019-08-12,53.68,53.79,53.00,53.25,6580100,,
2019-08-13,53.14,54.24,53.00,53.97,11014800,,
2019-08-14,53.35,53.37,52.24,52.32,12489200,,
2019-08-15,52.65,52.72,51.96,52.59,11257000,,
2019-08-16,53.18,53.70,53.01,53.59,9913100,,
2019-08-19,54.22,54.37,53.76,53.87,8273100,,
2019-08-20,53.52,53.84,52.90,52.98,7577800,,
2019-08-21,53.53,53.93,53.17,53.24,6113100,,
2019-08-22,53.58,53.72,52.89,53.19,6744900,,
2019-08-23,53.06,53.32,51.25,51.58,11374500,,
2019-08-26,52.14,52.32,51.83,52.13,8582300,,
2019-08-27,52.44,52.62,52.22,52.39,13853100,,
2019-08-28,52.20,52.20,51.62,51.95,7499000,,
2019-08-29,52.65,52.81,52.09,52.16,6858000,,
2019-08-30,52.50,52.55,51.75,52.06,7920000,,
2019-09-03,51.94,52.00,51.55,51.89,10128000,,
2019-09-04,52.35,53.13,52.22,52.97,10558300,,
2019-09-05,53.73,54.33,53.63,53.84,10414500,,
2019-09-06,54.10,54.14,53.14,53.16,11636100,,
2019-09-09,53.62,54.68,53.45,54.54,17803800,,
2019-09-10,54.54,55.47,54.14,55.47,19976400,,
2019-09-11,55.27,56.29,55.16,56.29,16749400,,
2019-09-12,54.34,54.88,52.90,53.89,28184400,,
2019-09-13,54.00,54.72,53.33,53.75,14736700,,
2019-09-16,53.40,53.57,52.79,53.14,15204200,,
2019-09-17,53.18,53.20,52.35,52.87,11111400,,
2019-09-18,52.82,52.84,51.86,52.56,8911800,,
2019-09-19,52.39,53.67,52.39,53.37,14855000,,
2019-09-20,53.71,54.25,53.42,53.47,59517000,,
2019-09-23,53.17,54.17,53.06,54.02,13863100,,
2019-09-24,54.14,54.49,53.12,53.35,15354800,,
2019-09-25,53.31,53.95,52.89,53.84,11607200,,
2019-09-26,54.11,54.33,53.47,53.96,13324300,,
2019-09-27,54.19,54.60,53.62,54.09,12391100,,
2019-09-30,54.25,55.28,54.05,55.03,17445100,,
2019-10-01,55.04,55.64,53.75,53.80,16443200,,
2019-10-02,53.50,53.56,52.68,53.15,15923700,,
2019-10-03,53.06,53.88,52.94,53.86,11268500,,
2019-10-04,54.00,55.18,53.84,55.14,13659500,,
2019-10-07,55.07,55.36,54.75,54.80,12352100,,
2019-10-08,54.29,54.71,53.77,54.05,14771500,,
2019-10-09,54.15,54.99,54.06,54.53,12803100,0.24,
2019-10-10,54.45,55.60,54.35,55.49,13789000,,
2019-10-11,55.92,57.33,55.71,56.89,18675200,,
2019-10-14,56.83,57.21,56.41,56.46,11079600,,
2019-10-15,56.63,56.82,56.35,56.35,9150100,,
2019-10-16,55.79,56.01,55.55,55.88,8912300,,
2019-10-17,56.01,56.24,54.99,55.06,9917700,,
2019-10-18,54.95,55.26,54.18,54.55,12562900,,
2019-10-21,55.06,55.30,54.82,55.13,8256600,,
2019-10-22,55.22,55.43,54.02,54.11,7777100,,
2019-10-23,54.00,54.63,53.87,54.13,10491000,,
2019-10-24,54.47,54.65,53.94,54.26,6449200,,
2019-10-25,54.04,54.42,54.01,54.17,6307000,,
2019-10-28,54.35,54.68,54.27,54.64,7280200,,
2019-10-29,54.72,55.31,54.56,54.80,8333900,,
2019-10-30,55.18,55.18,54.45,54.85,6284900,,
2019-10-31,54.72,54.85,54.24,54.49,8260600,,
2019-11-01,54.81,55.15,54.55,55.00,7313600,,
2019-11-04,55.26,55.75,55.26,55.45,8757000,,
2019-11-05,55.76,55.84,55.51,55.67,10759300,,
2019-11-06,55.71,55.89,55.60,55.70,10572100,,
2019-11-07,55.96,56.63,55.86,55.98,9677700,,
2019-11-08,55.98,56.49,55.77,56.49,5869600,,
2019-11-11,56.20,56.61,56.18,56.43,5018000,,
2019-11-12,56.53,56.85,56.42,56.59,6184900,,
2019-11-13,56.21,56.56,56.17,56.21,6802300,,
2019-11-14,55.81,56.33,55.64,56.09,9056100,,
2019-11-15,56.40,56.56,56.27,56.42,7216900,,
2019-11-18,56.56,56.56,55.96,56.19,6923300,,
2019-11-19,56.47,56.95,56.26,56.27,7199500,,
2019-11-20,56.22,56.62,55.81,56.24,9117000,,
2019-11-21,56.22,56.59,56.12,56.23,8067100,,
2019-11-22,56.42,57.06,56.25,56.39,6346900,,
2019-11-25,56.46,56.68,56.28,56.56,7977700,,
2019-11-26,56.75,56.86,56.42,56.51,12076900,,
2019-11-27,56.90,56.91,56.38,56.61,5790000,,
2019-11-29,56.33,56.49,56.09,56.14,6479400,,
2019-12-02,56.23,56.46,55.38,55.43,14314000,,
2019-12-03,54.62,54.99,54.46,54.59,11963700,,
2019-12-04,54.90,54.90,54.18,54.41,11436800,,
2019-12-05,54.50,54.83,54.30,54.68,10557400,,
2019-12-06,55.03,55.13,54.61,54.83,9088600,,
2019-12-09,54.84,55.48,54.76,55.31,11996700,,
2019-12-10,55.40,55.91,55.23,55.82,10719700,,
2019-12-11,55.80,56.50,55.65,56.31,12159600,,
2019-12-12,56.30,56.66,55.76,56.47,15413200,,
2019-12-13,55.00,55.40,54.42,54.51,21427700,,
2019-12-16,54.60,54.98,53.70,53.99,19951000,,
2019-12-17,53.89,54.06,52.83,52.84,19778400,,
2019-12-18,53.06,53.61,52.95,53.39,14123100,,
2019-12-19,53.30,53.60,53.04,53.24,11910100,,
2019-12-20,53.91,53.95,53.35,53.60,27423700,,
2019-12-23,53.65,54.07,53.61,53.71,10591500,,
2019-12-24,53.78,53.96,53.36,53.44,3331700,,
2019-12-26,53.45,53.66,53.28,53.57,6702000,,
2019-12-27,53.66,53.80,53.34,53.46,7262000,,
2019-12-30,53.40,53.49,52.62,52.70,5936100,,
2019-12-31,52.57,53.00,52.55,52.98,7094500,,
2020-01-02,53.27,53.96,53.23,53.95,13899600,,
2020-01-03,52.99,54.05,52.95,53.76,11026700,,
2020-01-06,53.36,54.20,53.35,54.04,10982400,,
2020-01-07,53.89,54.33,53.61,54.16,12015400,,
2020-01-08,53.94,54.60,53.70,54.13,11856700,0.24,
2020-01-09,54.25,54.80,54.03,54.38,10671000,,
2020-01-10,54.55,54.65,54.22,54.45,9734800,,
2020-01-13,54.46,54.79,54.36,54.58,10858900,,
2020-01-14,54.52,55.18,54.50,54.88,12627200,,
2020-01-15,54.88,55.18,54.68,54.76,9090800,,
2020-01-16,54.98,55.45,54.93,55.43,9866000,,
2020-01-17,55.63,55.69,54.85,55.13,11166600,,
2020-01-21,54.98,55.36,54.92,55.22,8773000,,
2020-01-22,55.41,55.65,54.60,54.72,6380500,,
2020-01-23,54.41,55.00,54.28,54.98,6583200,,
2020-01-24,55.06,55.20,53.88,54.07,6426000,,
2020-01-27,53.18,53.52,52.63,52.69,8259100,,
2020-01-28,52.86,53.68,52.66,53.46,8620300,,
2020-01-29,53.78,53.94,53.18,53.20,6332500,,
2020-01-30,52.82,53.33,52.28,53.31,7176200,,
2020-01-31,53.34,53.49,52.29,52.45,8884700,,
2020-02-03,52.73,53.41,52.69,53.09,8892500,,
2020-02-04,53.75,54.56,53.75,54.04,9769800,,
2020-02-05,54.67,55.03,54.58,54.74,9612900,,
2020-02-06,55.00,55.35,54.71,54.71,8832000,,
2020-02-07,54.27,54.97,54.19,54.72,7864800,,
2020-02-10,54.72,55.07,54.45,54.99,7198200,,
2020-02-11,55.17,55.54,55.11,55.15,8466600,,
2020-02-12,55.55,55.89,55.25,55.73,7541100,,
2020-02-13,55.31,55.64,55.01,55.31,8480100,,
2020-02-14,55.38,55.84,55.24,55.47,7496800,,
2020-02-18,55.42,55.76,55.10,55.45,7185700,,
2020-02-19,55.59,55.77,55.39,55.44,6819200,,
2020-02-20,55.40,55.87,54.88,55.51,6114600,,
2020-02-21,55.08,55.34,54.44,54.68,9078600,,
2020-02-24,53.10,53.53,52.51,52.65,10992500,,
2020-02-25,53.07,53.22,50.80,50.96,12202600,,
2020-02-26,51.31,53.14,51.24,52.05,16413100,,
2020-02-27,50.88,53.46,50.76,50.78,16161100,,
2020-02-28,49.24,49.89,47.90,49.46,24426000,,
2020-03-02,49.73,50.90,48.67,50.90,17328500,,
2020-03-03,50.62,51.84,48.25,48.85,21830500,,
2020-03-04,49.85,50.59,48.83,50.54,14813700,,
2020-03-05,49.23,49.68,47.75,48.00,15843000,,
2020-03-06,46.57,48.30,46.46,47.37,24581400,,
2020-03-09,44.95,47.57,44.66,46.01,25949300,,
2020-03-10,47.45,48.91,46.16,48.58,27067700,,
2020-03-11,46.81,47.48,44.27,44.72,24139200,,
2020-03-12,41.12,43.40,39.71,39.80,24123800,,
2020-03-13,44.45,47.99,43.42,47.93,28339400,,
2020-03-16,42.51,47.57,41.26,42.72,27493700,,
2020-03-17,43.62,47.71,41.66,46.86,25588900,,
2020-03-18,43.67,47.80,42.56,47.27,29557000,,
2020-03-19,46.47,47.97,44.87,45.07,20159100,,
2020-03-20,45.02,46.70,44.51,45.65,26340800,,
2020-03-23,45.00,46.49,43.89,44.19,23063700,,
2020-03-24,45.33,48.01,45.30,47.84,19323700,,
2020-03-25,47.10,48.74,45.48,45.94,25625800,,
2020-03-26,46.38,50.74,46.19,50.48,22417900,,
2020-03-27,49.09,51.60,48.56,49.83,20025300,,
2020-03-30,50.40,51.59,49.59,50.36,20611900,,
2020-03-31,51.12,51.18,48.00,48.33,15802000,,
2020-04-01,46.55,48.99,46.04,48.71,17918200,,
2020-04-02,48.18,49.89,48.10,49.80,16434400,,
2020-04-03,49.30,50.05,48.95,49.40,13362500,,
2020-04-06,50.40,51.88,50.35,51.49,13845800,,
2020-04-07,52.15,52.33,50.71,50.76,14063000,,
2020-04-08,50.98,52.68,50.88,52.13,15710700,0.24,
2020-04-09,52.24,53.62,52.03,53.18,15521200,,
2020-04-13,52.70,53.14,52.40,52.97,12694800,,
2020-04-14,53.71,54.10,53.45,54.00,11674600,,
2020-04-15,53.21,53.45,52.81,53.16,10398100,,
2020-04-16,53.15,53.87,53.07,53.70,14098300,,
2020-04-17,54.52,54.72,53.97,54.62,13608800,,
2020-04-20,54.05,54.58,53.80,53.91,10358900,,
2020-04-21,53.23,53.34,51.12,51.31,14111700,,
2020-04-22,52.03,52.58,51.77,52.27,9668300,,
2020-04-23,52.23,52.99,51.45,51.97,10330200,,
2020-04-24,52.41,53.05,51.96,53.01,9403500,,
2020-04-27,53.36,53.64,53.06,53.37,9123200,,
2020-04-28,53.90,54.15,53.13,53.20,8350500,,
2020-04-29,53.95,54.28,53.69,53.88,9064100,,
2020-04-30,53.47,53.60,52.80,52.97,11808800,,
2020-05-01,52.38,52.44,51.31,51.79,8702400,,
2020-05-04,51.71,51.79,51.10,51.75,7567900,,
2020-05-05,52.22,52.86,51.99,52.05,7271800,,
2020-05-06,52.43,52.50,51.70,51.86,7050000,,
2020-05-07,52.40,52.92,52.27,52.60,7154700,,
2020-05-08,53.19,53.78,52.77,53.57,8130800,,
2020-05-11,53.13,53.83,53.06,53.53,8138600,,
2020-05-12,53.80,53.83,52.25,52.27,8598800,,
2020-05-13,52.43,52.49,51.28,51.65,10274300,,
2020-05-14,51.14,53.03,50.86,52.91,13794000,,
2020-05-15,52.70,53.99,52.52,52.92,39055700,,
2020-05-18,53.91,53.95,53.07,53.15,9901900,,
2020-05-19,53.18,53.25,52.32,52.34,9805100,,
2020-05-20,53.09,53.27,52.65,52.90,9115900,,
2020-05-21,52.76,52.94,52.12,52.22,7464000,,
2020-05-22,52.34,52.64,52.08,52.62,7211700,,
2020-05-26,53.65,53.68,52.65,52.78,11200600,,
2020-05-27,53.00,53.25,52.57,53.20,9228100,,
2020-05-28,53.76,54.15,53.22,53.62,9465400,,
2020-05-29,53.62,53.94,52.99,53.77,14734800,,
2020-06-01,53.28,53.39,52.79,53.06,7363200,,
2020-06-02,53.24,53.29,52.64,53.28,8756300,,
2020-06-03,53.33,53.62,52.99,53.49,9188700,,
2020-06-04,53.23,53.69,52.63,52.85,9696000,,
2020-06-05,53.09,54.27,52.74,53.98,12210100,,
2020-06-08,53.35,55.12,53.28,55.10,11519500,,
2020-06-09,55.00,55.06,53.88,54.18,8852500,,
2020-06-10,54.50,54.66,53.90,54.11,7436700,,
2020-06-11,53.25,53.56,51.23,51.31,12805700,,
2020-06-12,52.45,53.00,50.98,51.86,11537200,,
2020-06-15,50.96,53.43,50.91,53.25,16038100,,
2020-06-16,54.46,55.00,53.78,54.59,19380200,,
2020-06-17,53.03,53.74,51.50,51.52,28692600,,
2020-06-18,51.60,54.00,51.32,53.69,19259500,,
2020-06-19,54.21,54.46,52.98,54.40,33051200,,
2020-06-22,54.09,55.39,53.88,55.12,16705900,,
2020-06-23,55.30,55.97,55.13,55.19,18695000,,
2020-06-24,55.12,55.68,54.33,54.44,18287400,,
2020-06-25,54.40,54.59,53.54,54.53,16008700,,
2020-06-26,54.35,54.59,53.63,54.18,17969400,,
2020-06-29,54.23,54.96,53.85,54.76,14366900,,
2020-06-30,54.80,55.44,54.50,55.27,18885900,,
2020-07-01,54.69,55.88,54.68,55.49,17856800,,
2020-07-02,55.79,56.43,55.65,55.94,15478900,,
2020-07-06,56.20,56.83,56.16,56.60,15309700,,
2020-07-07,56.35,56.95,56.22,56.31,13232100,,
2020-07-08,56.63,56.68,55.99,56.66,12582200,,
2020-07-09,56.99,57.80,56.82,57.53,15692600,,
2020-07-10,57.47,57.52,56.69,57.39,12615800,,
2020-07-13,57.40,57.84,56.97,57.01,15965600,,
2020-07-14,56.67,57.29,56.48,57.20,15510300,0.24,
2020-07-15,57.42,57.84,56.38,56.62,10570800,,
2020-07-16,56.42,56.49,55.58,55.82,8779300,,
2020-07-17,56.08,56.12,54.76,54.90,14344800,,
2020-07-20,54.88,55.52,54.69,55.40,11469300,,
2020-07-21,55.80,56.34,55.58,55.91,11875100,,
2020-07-22,55.70,56.18,55.70,56.01,13842400,,
2020-07-23,56.00,56.36,55.60,55.76,12576000,,
2020-07-24,55.47,56.04,55.26,55.65,8939700,,
2020-07-27,55.66,55.95,55.32,55.34,10319600,,
2020-07-28,55.25,55.74,55.20,55.35,13030100,,
2020-07-29,55.56,55.90,55.35,55.70,7242700,,
2020-07-30,55.00,55.48,54.89,55.25,7633200,,
2020-07-31,55.00,55.47,54.33,55.45,9355800,,
2020-08-03,55.78,56.09,55.49,55.98,9164900,,
2020-08-04,55.78,56.01,55.53,56.00,6364300,,
2020-08-05,56.32,56.32,55.38,55.50,6629000,,
2020-08-06,55.49,55.60,54.94,55.28,8169600,,
2020-08-07,55.01,55.24,54.76,55.23,8772300,,
2020-08-10,55.24,55.62,54.88,54.94,10046900,,
2020-08-11,55.24,55.46,54.14,54.27,8075100,,
2020-08-12,54.52,54.70,53.97,54.17,9068200,,
2020-08-13,53.91,54.20,53.68,54.02,8260300,,
2020-08-14,54.03,54.56,53.77,54.20,5454400,,
2020-08-17,54.20,54.39,53.66,53.99,9523700,,
2020-08-18,55.62,56.93,54.87,55.18,21102600,,
2020-08-19,55.58,56.80,55.46,56.20,16751500,,
2020-08-20,55.59,55.81,55.09,55.26,10974800,,
2020-08-21,55.38,55.45,54.73,55.19,9552000,,
2020-08-24,55.76,56.11,55.44,56.01,7892100,,
2020-08-25,56.15,56.75,56.02,56.09,7427000,,
2020-08-26,56.34,57.49,56.06,57.49,11597600,,
2020-08-27,57.45,58.45,56.58,57.18,15834700,,
2020-08-28,57.33,58.16,57.21,57.88,8613800,,
2020-08-31,57.13,57.76,57.04,57.22,18683500,,
2020-09-01,57.37,58.01,57.08,57.66,10169500,,
2020-09-02,57.72,59.32,57.72,59.03,14342800,,
2020-09-03,58.72,58.99,56.65,57.10,15387400,,
2020-09-04,56.88,57.27,55.16,55.73,14697200,,
2020-09-08,55.35,55.79,54.87,55.32,16472800,,
2020-09-09,56.16,57.40,55.86,56.95,13993200,,
2020-09-10,57.44,58.18,56.75,57.33,20500900,,
2020-09-11,60.71,61.86,56.87,57.00,40220600,,
2020-09-14,60.86,61.50,59.35,59.46,50107400,,
2020-09-15,60.01,61.68,59.39,60.94,30385600,,
2020-09-16,61.12,61.39,59.65,60.43,21223300,,
2020-09-17,59.42,60.61,59.00,60.18,22831200,,
2020-09-18,59.98,60.29,59.43,59.75,49311700,,
2020-09-21,62.46,62.60,60.03,60.82,32560400,,
2020-09-22,60.38,60.75,59.46,60.62,13306000,,
2020-09-23,60.11,60.49,58.90,58.96,15513500,,
2020-09-24,58.74,59.90,58.29,59.30,9560500,,
2020-09-25,59.27,59.99,58.96,59.80,9371900,,
2020-09-28,60.03,60.54,59.47,59.58,9356300,,
2020-09-29,59.58,60.16,59.40,59.47,6340600,,
2020-09-30,59.52,60.39,59.37,59.70,11001500,,
2020-10-01,60.17,60.27,59.45,59.68,7357700,,
2020-10-02,58.71,59.52,58.51,58.83,7329800,,
2020-10-05,59.44,59.67,59.09,59.56,6899200,,
2020-10-06,59.51,60.53,59.41,59.51,9743600,,
2020-10-07,59.77,60.90,59.64,60.59,8690900,0.24,
2020-10-08,60.79,61.30,60.63,60.89,7202800,,
2020-10-09,61.15,61.38,60.86,61.15,7355700,,
2020-10-12,61.24,61.83,61.07,61.46,8275000,,
2020-10-13,61.57,61.78,60.88,60.97,8896300,,
2020-10-14,61.35,61.53,60.85,60.96,6651100,,
2020-10-15,60.27,60.74,60.08,60.52,6251600,,
2020-10-16,60.71,61.11,60.26,60.29,6070800,,
2020-10-19,60.39,60.75,59.39,59.62,8311000,,
2020-10-20,59.92,60.33,59.63,59.75,9241200,,
2020-10-21,59.34,60.12,59.22,59.67,10114900,,
2020-10-22,59.44,59.87,58.69,59.69,11900600,,
2020-10-23,59.90,60.16,59.71,59.90,9739300,,
2020-10-26,58.10,58.48,56.53,57.49,18876900,,
2020-10-27,57.64,57.98,57.02,57.08,10806500,,
2020-10-28,56.27,56.60,55.53,55.59,13910600,,
2020-10-29,55.20,56.76,55.14,56.02,13573700,,
2020-10-30,55.75,56.64,55.45,56.11,12602300,,
2020-11-02,56.44,57.47,56.12,56.45,11413200,,
2020-11-03,57.00,57.50,56.57,56.80,8911200,,
2020-11-04,58.00,58.09,56.35,56.49,12054900,,
2020-11-05,57.46,57.65,56.42,56.66,9017100,,
2020-11-06,56.77,56.98,56.15,56.80,7510400,,
2020-11-09,58.19,59.08,56.77,56.84,11486600,,
2020-11-10,56.91,57.24,56.20,56.67,9015900,,
2020-11-11,57.06,57.63,56.80,57.20,7724400,,
2020-11-12,57.26,57.49,56.10,56.45,7324000,,
2020-11-13,56.88,57.09,56.55,56.91,5870300,,
2020-11-16,57.02,57.61,56.88,57.15,6309200,,
2020-11-17,57.00,57.39,56.81,57.12,5569700,,
2020-11-18,57.12,57.29,56.24,56.25,8998800,,
2020-11-19,56.09,56.48,55.56,56.45,9643100,,
2020-11-20,56.36,56.44,55.68,55.70,8395800,,
2020-11-23,55.85,56.57,55.77,56.08,8235900,,
2020-11-24,56.60,57.90,56.36,57.57,10427200,,
2020-11-25,57.72,57.76,57.26,57.41,6848900,,
2020-11-27,57.40,57.87,57.15,57.76,5627000,,
2020-11-30,57.61,58.20,57.20,57.72,26676900,,
2020-12-01,58.20,59.28,58.01,58.74,11855300,,
2020-12-02,58.29,59.27,58.14,59.08,9330400,,
2020-12-03,59.22,59.98,59.06,59.27,9783900,,
2020-12-04,59.31,60.55,59.27,59.96,10872700,,
2020-12-07,59.96,60.20,59.63,59.80,14922900,,
2020-12-08,58.99,59.71,58.22,59.03,15237800,,
2020-12-09,58.89,59.91,58.80,59.73,12204100,,
2020-12-10,59.51,59.81,59.04,59.48,14219900,,
2020-12-11,60.94,61.00,59.42,60.61,16209900,,
2020-12-14,60.83,61.66,60.69,60.76,16193600,,
2020-12-15,61.09,62.19,60.90,61.86,15506700,,
2020-12-16,61.87,63.19,61.85,62.78,16119900,,
2020-12-17,62.99,64.05,62.73,63.61,15320500,,
2020-12-18,63.48,65.33,63.43,65.06,33728700,,
2020-12-21,63.89,65.19,63.88,64.48,18210200,,
2020-12-22,64.56,66.00,64.43,65.15,17136000,,
2020-12-23,65.26,66.20,65.15,65.30,13075200,,
2020-12-24,65.05,65.59,64.78,64.96,3796500,,
2020-12-28,65.41,65.69,64.75,64.87,6463500,,
2020-12-29,65.25,65.27,64.22,64.46,7770200,,
2020-12-30,64.80,64.91,64.35,64.40,6192000,,
2020-12-31,64.34,64.77,64.01,64.69,6928600,,
2021-01-04,64.69,64.70,63.17,63.75,11249900,,
2021-01-05,63.68,63.79,62.48,62.96,11005700,,
2021-01-06,62.27,63.35,61.91,62.57,8685400,0.24,
2021-01-07,62.85,63.74,62.85,63.07,7382800,,
2021-01-08,63.18,63.54,62.91,63.38,7751700,,
2021-01-11,62.95,63.57,62.84,63.03,6284700,,
2021-01-12,63.00,63.02,62.18,62.42,7758200,,
2021-01-13,62.32,62.59,61.97,62.06,8298000,,
2021-01-14,62.07,62.17,61.51,61.60,10258600,,
2021-01-15,61.60,62.00,61.21,61.78,7532600,,
2021-01-19,62.10,62.29,61.10,61.29,8903400,,
2021-01-20,61.37,62.03,61.15,61.56,7025000,,
2021-01-21,61.65,61.85,60.92,61.21,6943600,,
2021-01-22,60.94,61.15,59.74,60.36,9896700,,
2021-01-25,60.38,60.95,59.77,60.90,8524700,,
2021-01-26,61.06,62.04,60.84,61.80,8186500,,
2021-01-27,61.40,63.18,61.37,62.55,14789000,,
2021-01-28,62.55,63.24,61.17,61.22,11166400,,
2021-01-29,61.16,61.50,60.21,60.43,11451800,,
2021-02-01,60.92,62.01,60.74,61.51,10553500,,
2021-02-02,61.88,62.92,61.80,62.37,10528000,,
2021-02-03,62.18,62.75,61.98,62.17,9933500,,
2021-02-04,62.48,63.39,62.25,63.35,9928700,,
2021-02-05,63.50,64.07,63.28,63.60,9170200,,
2021-02-08,63.79,63.87,62.84,63.11,7003400,,
2021-02-09,63.08,63.85,62.91,63.67,5437400,,
2021-02-10,63.84,63.90,62.93,63.27,9577500,,
2021-02-11,63.56,63.97,62.28,62.70,7690800,,
2021-02-12,62.32,63.12,62.31,63.08,6663400,,
2021-02-16,63.11,63.26,62.10,62.14,7526000,,
2021-02-17,61.83,62.15,61.36,62.09,6244500,,
2021-02-18,61.81,62.21,61.66,62.07,6262400,,
2021-02-19,62.26,62.36,61.08,61.13,10905100,,
2021-02-22,62.85,64.97,62.28,64.45,20940300,,
2021-02-23,64.42,65.22,64.05,64.50,18175400,,
2021-02-24,64.49,65.15,64.08,64.70,10609300,,
2021-02-25,64.64,66.36,64.58,65.30,15356100,,
2021-02-26,65.54,66.28,64.50,64.51,20512600,,
2021-03-01,64.95,66.73,64.77,66.17,11758900,,
2021-03-02,66.15,67.42,66.00,66.66,13282000,,
2021-03-03,66.25,67.54,66.20,66.91,15827600,,
2021-03-04,66.68,67.31,65.31,65.61,19951100,,
2021-03-05,67.31,71.72,67.31,69.97,34211500,,
2021-03-08,70.47,72.94,70.10,72.16,23300500,,
2021-03-09,72.40,73.22,72.00,72.64,17296400,,
2021-03-10,73.50,73.62,71.50,72.12,21378600,,
2021-03-11,67.65,68.10,65.43,67.41,38095400,,
2021-03-12,66.96,67.87,66.45,67.16,11606300,,
2021-03-15,66.95,67.78,66.90,67.73,8919600,,
2021-03-16,68.00,68.07,66.68,66.85,14512500,,
2021-03-17,66.80,66.85,66.16,66.22,11892400,,
2021-03-18,66.47,67.01,66.09,66.74,13750300,,
2021-03-19,66.79,66.83,65.96,66.26,30963600,,
2021-03-22,66.22,66.52,65.86,66.32,10263700,,
2021-03-23,66.33,67.94,66.33,67.27,12390100,,
2021-03-24,67.11,67.41,66.74,66.83,11391100,,
2021-03-25,66.96,68.73,66.76,68.63,14844700,,
2021-03-26,68.57,70.37,68.28,70.25,12617000,,
2021-03-29,70.21,72.33,70.17,71.13,15183700,,
2021-03-30,70.83,71.05,69.95,70.55,12000200,,
2021-03-31,70.70,71.10,69.91,70.17,9971700,,
2021-04-01,70.46,71.83,70.33,71.81,13228700,,
2021-04-05,72.19,74.90,72.06,74.16,25010200,,
2021-04-06,73.62,74.65,73.16,74.28,14699800,,
2021-04-07,73.60,74.18,73.45,74.07,12356800,0.32,
2021-04-08,74.27,75.53,74.15,75.28,13507700,,
2021-04-09,75.35,75.69,74.90,75.58,13285700,,
2021-04-12,75.25,76.19,75.20,76.12,10634900,,
2021-04-13,76.16,77.01,75.90,76.67,13142400,,
2021-04-14,77.04,77.36,76.51,76.82,12730700,,
2021-04-15,77.00,78.55,76.83,78.29,13604200,,
2021-04-16,78.31,79.34,77.86,78.95,13334100,,
2021-04-19,78.81,80.21,78.34,78.75,19967200,,
2021-04-20,78.70,79.42,78.65,79.24,12562300,,
2021-04-21,78.79,79.34,76.53,76.66,18672800,,
2021-04-22,76.11,76.48,74.75,74.87,16769300,,
2021-04-23,74.29,75.00,73.85,74.97,10664700,,
2021-04-26,74.97,75.04,74.20,74.50,9402200,,
2021-04-27,74.39,75.43,74.22,75.22,9300200,,
2021-04-28,75.16,75.27,74.66,74.77,6107800,,
2021-04-29,75.38,75.90,74.64,75.87,7940400,,
2021-04-30,75.56,75.92,75.19,75.79,7825300,,
2021-05-03,76.28,77.48,76.08,77.33,15319600,,
2021-05-04,77.07,78.70,76.93,78.53,15316500,,
2021-05-05,78.97,79.83,78.42,79.19,12271900,,
2021-05-06,79.18,79.96,78.56,79.74,14089700,,
2021-05-07,79.81,80.54,78.58,80.40,14073400,,
2021-05-10,78.77,80.72,78.60,80.15,17356700,,
2021-05-11,79.75,79.90,77.25,77.69,12980400,,
2021-05-12,77.57,78.19,76.53,76.75,12302600,,
2021-05-13,77.53,78.44,76.88,78.14,11399300,,
2021-05-14,78.12,79.05,78.12,78.89,9033400,,
2021-05-17,78.88,79.53,78.85,79.08,6637900,,
2021-05-18,78.99,79.47,78.39,78.69,6643100,,
2021-05-19,77.81,78.77,77.55,78.74,8165000,,
2021-05-20,78.95,79.32,78.68,78.72,8802700,,
2021-05-21,79.19,79.85,78.98,79.03,8629000,,
2021-05-24,79.49,79.88,79.14,79.38,7044700,,
2021-05-25,79.61,79.68,78.65,78.83,7160600,,
2021-05-26,78.59,79.37,78.55,79.26,12851100,,
2021-05-27,79.50,80.05,78.84,78.98,12867800,,
2021-05-28,78.95,79.36,78.67,78.74,6929700,,
2021-06-01,79.58,79.83,78.48,79.57,10485300,,
2021-06-02,79.70,80.93,79.51,80.27,12249300,,
2021-06-03,79.80,81.46,79.65,81.09,12038700,,
2021-06-04,81.42,83.96,81.37,82.89,14502900,,
2021-06-07,82.94,84.25,82.85,83.94,10445600,,
2021-06-08,84.03,85.03,84.00,84.61,10726800,,
2021-06-09,84.60,84.83,84.03,84.52,9720300,,
2021-06-10,84.16,84.46,81.71,82.30,16680800,,
2021-06-11,81.98,83.24,81.84,82.90,11066500,,
2021-06-14,83.00,83.10,82.13,82.62,10173200,,
2021-06-15,82.00,82.51,81.35,81.64,17298000,,
2021-06-16,77.99,78.55,75.90,77.08,36560600,,
2021-06-17,76.99,77.74,76.56,77.56,14836100,,
2021-06-18,76.90,76.91,75.97,76.23,22521200,,
2021-06-21,76.61,78.10,76.55,77.99,8924300,,
2021-06-22,78.06,79.19,77.66,78.68,9845800,,
2021-06-23,78.76,78.87,78.06,78.10,7295900,,
2021-06-24,78.65,78.96,77.61,77.74,9624000,,
2021-06-25,78.03,78.61,77.56,78.46,12845000,,
2021-06-28,78.49,78.97,78.33,78.50,5605400,,
2021-06-29,78.54,78.59,77.82,78.10,5392900,,
2021-06-30,77.59,78.21,77.58,77.84,7899800,,
2021-07-01,77.98,79.62,77.91,79.54,13108000,,
2021-07-02,79.45,82.26,79.35,81.82,15258100,,
2021-07-06,81.60,83.63,81.36,83.08,14200400,,
2021-07-07,83.17,87.17,82.96,86.09,20976600,,
2021-07-08,85.02,86.89,84.66,85.59,16383300,,
2021-07-09,85.88,88.40,85.78,87.76,15685300,,
2021-07-12,87.53,88.85,86.97,87.08,16076800,,
2021-07-13,86.70,87.93,86.53,87.07,12789300,,
2021-07-14,87.08,88.67,86.66,88.28,13330500,0.32,
2021-07-15,88.10,88.77,85.51,86.24,18306300,,
2021-07-16,86.75,88.48,86.52,87.49,14617500,,
2021-07-19,86.91,87.87,86.19,86.98,15619900,,
2021-07-20,87.10,89.05,87.02,88.66,12813900,,
2021-07-21,88.89,90.25,88.46,89.69,13108100,,
2021-07-22,90.00,91.14,89.68,90.69,13638900,,
2021-07-23,90.99,91.20,87.12,87.69,12680900,,
2021-07-26,87.44,88.10,86.67,87.86,10454100,,
2021-07-27,87.76,88.60,87.12,87.80,8465200,,
2021-07-28,87.90,87.95,87.12,87.18,6396800,,
2021-07-29,87.68,88.26,87.33,87.63,6201400,,
2021-07-30,87.41,88.15,86.87,87.14,7962800,,
2021-08-02,87.73,87.93,87.09,87.60,5579100,,
2021-08-03,87.88,90.17,87.81,89.74,9889800,,
2021-08-04,89.79,90.09,89.28,90.05,7509900,,
2021-08-05,90.18,90.52,88.76,89.43,8231300,,
2021-08-06,89.24,89.88,88.82,89.52,6513900,,
2021-08-09,89.46,90.47,89.10,89.90,5798700,,
2021-08-10,89.10,90.12,88.93,89.64,5473300,,
2021-08-11,89.90,90.42,89.51,89.63,8009800,,
2021-08-12,89.11,89.98,88.67,89.81,5687200,,
2021-08-13,90.62,91.34,89.95,90.38,6640400,,
2021-08-16,89.86,90.84,89.54,90.82,7122800,,
2021-08-17,90.99,91.78,90.37,90.95,6738500,,
2021-08-18,90.49,91.05,88.86,88.94,7666300,,
2021-08-19,88.29,89.39,88.23,88.71,8099400,,
2021-08-20,88.80,89.40,88.30,88.94,8716400,,
2021-08-23,89.49,89.57,88.71,89.12,7147300,,
2021-08-24,89.21,89.65,88.47,88.55,6320100,,
2021-08-25,88.55,88.90,88.05,88.62,5748500,,
2021-08-26,88.81,89.18,88.46,88.72,9093200,,
2021-08-27,88.79,89.52,88.61,89.35,5426800,,
2021-08-30,89.46,89.98,89.30,89.45,5357000,,
2021-08-31,89.45,89.50,88.49,89.13,8113300,,
2021-09-01,89.26,90.17,88.87,89.95,8208000,,
2021-09-02,90.17,90.50,89.41,89.80,7717400,,
2021-09-03,89.34,90.48,89.30,90.00,8456900,,
2021-09-07,90.04,90.67,88.54,88.72,11046000,,
2021-09-08,88.14,89.60,87.97,89.47,8851200,,
2021-09-09,89.60,90.83,89.41,89.54,11034700,,
2021-09-10,89.65,90.55,89.51,89.68,10547400,,
2021-09-13,90.12,90.51,88.23,88.89,18883400,,
2021-09-14,86.19,86.95,84.73,86.39,22714200,,
2021-09-15,86.55,88.36,86.17,87.73,14951100,,
2021-09-16,87.67,87.97,86.19,87.25,12410500,,
2021-09-17,86.21,87.57,85.95,86.39,58069000,,
2021-09-20,85.03,87.41,84.93,86.17,13897700,,
2021-09-21,86.74,87.66,86.12,86.92,11124400,,
2021-09-22,87.62,89.00,87.24,88.44,9908000,,
2021-09-23,88.94,90.06,88.66,89.42,9720200,,
2021-09-24,89.27,90.06,88.94,89.94,7617800,,
2021-09-27,89.78,91.31,89.15,91.04,11533000,,
2021-09-28,90.64,92.27,90.05,90.49,15041800,,
2021-09-29,91.15,92.08,91.00,91.25,12007300,,
2021-09-30,91.25,91.58,87.12,87.13,15649900,,
2021-10-01,87.76,90.27,87.60,89.74,13320900,,
2021-10-04,89.48,90.43,88.96,89.26,10853900,,
2021-10-05,89.35,91.97,89.17,91.49,9788600,,
2021-10-06,90.42,91.50,89.65,91.34,10268300,,
2021-10-07,91.71,92.88,91.65,92.31,9124400,,
2021-10-08,92.38,95.02,92.11,94.39,13202300,0.32,
2021-10-11,94.29,96.80,94.20,95.29,12959300,,
2021-10-12,95.83,96.52,95.26,95.57,9964100,,
2021-10-13,96.10,96.99,95.95,96.40,9453900,,
2021-10-14,96.80,97.35,94.37,95.28,7911200,,
2021-10-15,95.09,96.04,94.73,95.33,7422800,,
2021-10-18,95.50,96.65,95.10,96.51,7344100,,
2021-10-19,97.00,97.28,96.32,97.06,5616500,,
2021-10-20,97.27,97.97,96.25,96.64,6574100,,
2021-10-21,96.57,96.83,95.71,96.30,6224400,,
2021-10-22,96.29,98.27,96.22,98.25,6819600,,
2021-10-25,98.44,98.95,97.55,97.89,5083100,,
2021-10-26,98.30,98.56,96.94,96.98,7089700,,
2021-10-27,96.81,97.30,96.00,96.03,5941200,,
2021-10-28,96.65,97.70,95.93,96.23,5177200,,
2021-10-29,95.79,96.97,95.46,95.94,7578600,,
2021-11-01,96.00,96.03,93.91,94.38,7327600,,
2021-11-02,93.73,95.92,93.50,95.87,6229600,,
2021-11-03,96.50,96.87,94.75,96.15,5746400,,
2021-11-04,96.23,96.61,95.32,95.63,5857500,,
2021-11-05,96.20,96.55,94.10,94.95,6160200,,
2021-11-08,95.25,95.25,94.31,95.14,5056400,,
2021-11-09,95.11,95.61,94.06,94.59,6102600,,
2021-11-10,94.10,94.85,93.36,93.83,5828800,,
2021-11-11,94.11,94.76,93.80,94.04,3620600,,
2021-11-12,94.29,94.47,93.43,93.54,6435300,,
2021-11-15,93.82,94.25,92.92,94.02,5700900,,
2021-11-16,94.14,96.37,94.02,95.61,7392900,,
2021-11-17,95.76,96.14,94.82,95.33,6257600,,
2021-11-18,95.15,95.33,93.50,94.66,5725300,,
2021-11-19,94.81,96.96,93.94,93.97,8936600,,
2021-11-22,93.73,95.67,93.41,94.61,6488200,,
2021-11-23,94.16,94.29,92.26,92.94,8905500,,
2021-11-24,92.23,93.70,92.15,93.58,10908500,,
2021-11-26,92.89,94.08,92.07,92.33,4519300,,
2021-11-29,93.17,94.13,92.87,92.94,9552500,,
2021-11-30,93.02,93.52,90.61,90.74,23271200,,
2021-12-01,91.69,92.39,89.66,89.75,12084900,,
2021-12-02,89.40,91.04,89.00,89.99,7089800,,
2021-12-03,90.35,90.79,87.72,88.24,10808600,,
2021-12-06,88.34,89.17,87.85,88.94,8398500,,
2021-12-07,89.98,90.73,89.21,90.05,6803700,,
2021-12-08,90.05,90.17,87.91,88.94,7695800,,
2021-12-09,89.12,89.99,88.24,88.77,8615800,,
2021-12-10,104.29,106.34,100.10,102.63,45824600,,
2021-12-13,102.44,104.36,100.52,100.89,16317600,,
2021-12-14,100.00,101.46,99.39,99.89,9511600,,
2021-12-15,100.58,103.76,100.24,103.65,14452200,,
2021-12-16,103.95,104.00,102.28,103.22,9053200,,
2021-12-17,97.69,99.95,95.81,96.62,28872300,,
2021-12-20,96.42,96.42,91.52,91.64,17205400,,
2021-12-21,91.81,91.84,89.71,91.51,15823000,,
2021-12-22,91.27,91.86,89.51,89.86,10539000,,
2021-12-23,90.03,90.36,89.06,89.72,9655400,,
2021-12-27,89.70,90.33,89.02,89.54,7666200,,
2021-12-28,89.70,89.80,88.52,88.65,5610500,,
2021-12-29,88.50,89.19,87.72,88.21,5628500,,
2021-12-30,88.65,88.91,87.77,88.01,7382400,,
2021-12-31,88.05,88.10,87.18,87.21,5908200,,
2022-01-03,87.33,87.94,85.76,87.90,10644400,,
2022-01-04,87.90,89.58,87.73,88.84,11959000,,
2022-01-05,88.49,88.60,86.22,86.46,11236700,,
2022-01-06,86.00,87.42,85.55,86.34,7918400,0.32,
2022-01-07,86.45,88.00,86.28,87.51,9836800,,
2022-01-10,87.38,89.38,86.95,89.28,11025500,,
2022-01-11,88.64,89.00,87.41,88.48,7249800,,
2022-01-12,88.89,89.52,87.67,88.31,5840300,,
2022-01-13,88.73,88.92,87.55,87.79,6044300,,
2022-01-14,87.48,88.10,86.66,87.69,6054800,,
2022-01-18,86.87,86.97,85.34,85.55,6824700,,
2022-01-19,85.77,86.69,83.23,83.38,10501800,,
2022-01-20,83.92,85.00,82.52,82.72,10836900,,
2022-01-21,83.36,83.39,82.03,82.22,11609000,,
2022-01-24,81.22,82.42,79.59,82.42,16770400,,
2022-01-25,81.33,82.10,80.20,81.07,13469900,,
2022-01-26,81.91,82.03,79.28,79.59,13971300,,
2022-01-27,80.11,81.15,79.20,79.78,10331900,,
2022-01-28,79.99,80.50,78.57,80.48,7854700,,
2022-01-31,80.49,81.64,80.12,81.16,10594200,,
2022-02-01,81.40,81.40,79.65,81.04,8016900,,
2022-02-02,81.16,82.88,80.84,82.50,9287600,,
2022-02-03,81.63,82.76,81.63,81.94,8207200,,
2022-02-04,82.03,82.91,81.47,82.11,5570200,,
2022-02-07,82.14,82.25,80.66,80.74,6292200,,
2022-02-08,80.29,80.86,79.80,80.79,6585300,,
2022-02-09,81.75,83.65,81.65,83.45,8755900,,
2022-02-10,82.75,83.78,81.62,81.85,6336300,,
2022-02-11,81.84,82.43,79.53,79.75,7670500,,
2022-02-14,79.58,79.73,78.44,78.95,5389800,,
2022-02-15,79.39,79.93,79.21,79.77,5712800,,
2022-02-16,79.47,79.78,78.22,79.19,6227000,,
2022-02-17,78.76,78.98,75.33,75.53,9247100,,
2022-02-18,75.50,75.73,74.28,74.57,7790100,,
2022-02-22,73.82,74.91,73.62,74.12,8039000,,
2022-02-23,74.07,74.38,72.35,72.47,6807100,,
2022-02-24,70.94,74.94,70.23,74.81,11240500,,
2022-02-25,74.65,76.83,74.32,76.35,8291800,,
2022-02-28,75.57,76.70,75.02,75.97,9234400,,
2022-03-01,75.98,76.50,75.62,76.01,8752100,,
2022-03-02,76.45,78.86,76.25,78.28,8527200,,
2022-03-03,78.96,79.04,77.43,78.25,8203000,,
2022-03-04,77.67,77.91,75.78,76.49,8841300,,
2022-03-07,76.29,76.39,73.44,74.32,11110100,,
2022-03-08,73.84,75.23,73.11,73.33,9134100,,
2022-03-09,74.92,76.95,74.69,76.10,8959500,,
2022-03-10,75.10,76.85,75.03,76.65,13812600,,
2022-03-11,76.70,79.90,74.00,77.82,22795800,,
2022-03-14,77.92,78.60,75.44,77.07,13306200,,
2022-03-15,78.05,81.54,77.07,80.60,16847200,,
2022-03-16,81.00,81.23,77.75,79.96,14071300,,
2022-03-17,79.78,81.29,79.26,80.60,10462400,,
2022-03-18,79.63,81.99,78.84,81.68,24176000,,
2022-03-21,81.28,81.98,80.27,80.96,8131300,,
2022-03-22,81.46,82.23,80.83,81.80,9292300,,
2022-03-23,81.25,81.41,80.22,80.39,7451100,,
2022-03-24,80.65,82.82,80.49,82.24,7025700,,
2022-03-25,82.04,82.84,81.23,81.73,5682300,,
2022-03-28,81.74,83.71,81.74,83.60,6626700,,
2022-03-29,84.49,84.51,83.11,84.29,5762000,,
2022-03-30,83.96,84.36,83.12,83.36,5533100,,
2022-03-31,83.11,83.91,82.59,82.73,9433300,,
2022-04-01,83.04,83.36,81.47,82.01,6147500,,
2022-04-04,82.25,84.30,82.00,84.07,7882400,,
2022-04-05,83.40,84.52,82.67,82.94,5143400,,
2022-04-06,81.92,82.47,81.37,82.12,5492400,,
2022-04-07,81.25,82.01,80.78,81.54,7112200,0.32,
2022-04-08,81.71,81.83,80.26,80.94,6182500,,
2022-04-11,80.63,81.13,79.70,79.76,5738400,,
2022-04-12,79.95,80.99,79.02,79.33,6174700,,
2022-04-13,79.26,79.96,78.63,79.75,4728600,,
2022-04-14,79.83,80.36,79.32,79.45,5590400,,
2022-04-18,79.15,79.98,77.91,78.22,4955900,,
2022-04-19,78.25,79.78,78.24,79.56,5412400,,
2022-04-20,79.79,81.86,79.79,80.29,9472600,,
2022-04-21,81.49,81.60,79.33,79.48,5616100,,
2022-04-22,79.27,79.70,76.16,76.21,9357100,,
2022-04-25,76.20,77.06,74.70,76.98,7305900,,
2022-04-26,76.35,76.65,74.48,74.51,7555200,,
2022-04-27,74.58,76.02,74.42,74.76,7279200,,
2022-04-28,75.52,76.63,74.60,76.14,6177900,,
2022-04-29,75.34,75.87,73.15,73.40,7946900,,
2022-05-02,73.93,74.60,72.53,74.00,7379900,,
2022-05-03,73.85,74.21,72.81,73.29,5211500,,
2022-05-04,73.38,75.35,72.79,75.21,6759900,,
2022-05-05,74.00,74.72,71.99,72.80,7197200,,
2022-05-06,72.13,72.94,71.63,72.49,6222500,,
2022-05-09,71.64,72.59,71.17,71.54,7019700,,
2022-05-10,72.50,73.62,71.27,72.53,8129000,,
2022-05-11,72.31,73.46,70.87,71.03,6932100,,
2022-05-12,70.88,70.93,68.97,70.73,11698900,,
2022-05-13,70.96,71.98,70.53,71.17,6700100,,
2022-05-16,70.69,70.91,69.39,69.71,6942100,,
2022-05-17,71.05,71.90,70.70,71.88,5952500,,
2022-05-18,70.80,70.94,67.81,68.30,7977300,,
2022-05-19,67.48,67.90,66.72,67.04,9451600,,
2022-05-20,67.88,68.69,66.85,68.63,7531100,,
2022-05-23,69.31,70.47,68.67,70.04,7370200,,
2022-05-24,69.67,70.53,68.31,69.03,6644100,,
2022-05-25,68.88,70.22,68.77,69.83,7103300,,
2022-05-26,70.13,72.12,69.91,71.66,6758900,,
2022-05-27,72.36,72.85,71.55,72.78,6566700,,
2022-05-31,72.23,72.98,71.52,71.92,16890300,,
2022-06-01,73.02,73.27,71.15,71.60,5804700,,
2022-06-02,71.48,73.19,71.01,73.14,6200400,,
2022-06-03,72.56,72.96,71.23,71.79,8169500,,
2022-06-06,72.63,74.84,72.63,72.97,5274700,,
2022-06-07,71.59,73.13,71.59,72.69,5675700,,
2022-06-08,72.01,72.15,70.94,71.38,5253500,,
2022-06-09,70.77,71.16,69.20,69.22,6824900,,
2022-06-10,67.98,68.22,66.96,67.14,10256100,,
2022-06-13,65.78,66.10,63.76,64.05,16547200,,
2022-06-14,72.00,72.43,69.02,70.72,29661300,,
2022-06-15,70.45,71.42,68.67,69.70,11765500,,
2022-06-16,68.50,68.96,67.58,68.71,10686000,,
2022-06-17,68.75,69.37,67.39,67.72,16445600,,
2022-06-21,68.61,69.53,67.39,67.68,10047700,,
2022-06-22,66.93,67.57,66.38,66.53,8219900,,
2022-06-23,66.45,67.87,66.31,67.63,8775800,,
2022-06-24,68.33,70.78,67.97,70.70,20132600,,
2022-06-27,69.37,70.85,68.94,70.41,8840600,,
2022-06-28,70.57,71.07,68.53,68.58,7252100,,
2022-06-29,69.03,70.09,68.78,69.21,8077900,,
2022-06-30,68.21,70.25,68.21,69.87,9888600,,
2022-07-01,69.85,70.98,69.81,70.87,7805600,,
2022-07-05,70.38,72.00,70.18,71.99,9040400,,
2022-07-06,72.32,72.74,71.31,71.66,6043700,,
2022-07-07,71.83,71.98,71.18,71.83,7814500,,
2022-07-08,71.69,72.24,71.33,71.87,4927300,,
2022-07-11,71.00,71.97,70.90,71.57,4543300,0.32,
2022-07-12,71.60,71.94,70.07,70.41,7140800,,
2022-07-13,69.05,70.53,68.68,70.03,6454800,,
2022-07-14,69.16,69.58,68.23,69.45,4915500,,
2022-07-15,70.26,70.87,70.00,70.74,5134100,,
2022-07-18,71.25,71.71,70.15,70.21,4642300,,
2022-07-19,70.64,72.30,70.26,72.24,7160300,,
2022-07-20,72.55,73.10,72.16,72.59,5655700,,
2022-07-21,72.15,74.63,72.13,74.54,7005100,,
2022-07-22,74.82,75.29,74.26,74.90,6659800,,
2022-07-25,75.10,75.43,74.34,74.86,5721600,,
2022-07-26,74.80,75.30,73.71,74.03,7284400,,
2022-07-27,74.38,76.12,74.32,75.87,6677200,,
2022-07-28,75.64,77.28,75.31,77.04,5688100,,
2022-07-29,77.01,78.16,77.00,77.84,5926600,,
2022-08-01,77.18,77.81,76.70,77.44,5227500,,
2022-08-02,76.99,77.26,76.06,76.35,6403400,,
2022-08-03,76.72,77.76,76.30,77.37,6127800,,
2022-08-04,77.45,77.85,77.11,77.40,3656200,,
2022-08-05,76.27,77.40,76.00,77.35,4858100,,
2022-08-08,76.92,77.43,76.27,76.47,4733500,,
2022-08-09,76.21,76.91,75.84,76.77,4243700,,
2022-08-10,77.59,77.98,77.20,77.54,5258500,,
2022-08-11,77.95,78.00,77.08,77.16,5554600,,
2022-08-12,78.00,79.42,77.66,79.15,6692300,,
2022-08-15,78.84,79.42,78.50,79.11,3733500,,
2022-08-16,78.90,79.66,78.85,79.52,6185100,,
2022-08-17,79.00,79.77,78.95,79.25,5185100,,
2022-08-18,79.28,79.88,79.01,79.32,4120500,,
2022-08-19,79.03,79.13,78.44,78.66,4679000,,
2022-08-22,77.93,77.93,76.17,76.46,5757700,,
2022-08-23,76.25,77.01,76.25,76.41,4432300,,
2022-08-24,76.47,76.56,76.05,76.17,3876400,,
2022-08-25,76.34,76.91,75.98,76.89,3523400,,
2022-08-26,76.98,77.26,74.57,74.65,4904100,,
2022-08-29,74.11,74.86,74.07,74.19,4295500,,
2022-08-30,74.42,74.67,73.46,74.14,5099100,,
2022-08-31,74.46,75.15,74.04,74.15,8612900,,
2022-09-01,74.12,75.37,73.53,75.30,8139800,,
2022-09-02,75.74,76.77,74.48,74.68,11027700,,
2022-09-06,74.70,75.19,73.55,73.83,7090100,,
2022-09-07,73.68,74.67,73.42,74.49,5792600,,
2022-09-08,74.03,74.80,73.61,74.65,6897100,,
2022-09-09,74.65,76.01,74.44,75.91,7762400,,
2022-09-12,76.63,77.38,76.27,77.08,15628900,,
2022-09-13,76.06,79.41,75.78,76.04,29476500,,
2022-09-14,75.79,75.87,71.77,72.12,21601400,,
2022-09-15,71.50,72.09,69.75,70.24,12478100,,
2022-09-16,69.58,69.80,68.25,68.83,23412000,,
2022-09-19,68.20,69.13,67.91,69.07,8364000,,
2022-09-20,68.27,68.46,67.45,68.11,8624300,,
2022-09-21,68.71,68.88,66.74,66.75,6768200,,
2022-09-22,66.85,66.94,65.84,66.03,7190700,,
2022-09-23,65.35,65.44,63.87,64.55,9282500,,
2022-09-26,64.33,64.92,63.39,63.45,6897800,,
2022-09-27,64.16,64.40,62.04,62.42,9284800,,
2022-09-28,62.62,63.35,62.25,63.07,8549900,,
2022-09-29,62.29,62.60,60.78,61.40,8882100,,
2022-09-30,61.26,62.14,61.06,61.07,9794400,,
2022-10-03,60.99,63.24,60.81,63.08,9661400,,
2022-10-04,63.80,65.83,63.80,65.69,9892600,,
2022-10-05,65.34,67.19,64.98,66.64,9201600,,
2022-10-06,66.33,66.81,65.22,65.30,6992000,,
2022-10-07,64.49,64.62,62.74,63.29,7137900,,
2022-10-10,63.61,63.90,62.02,62.57,6407200,,
2022-10-11,61.85,63.10,61.65,62.41,7376900,0.32,
2022-10-12,62.62,64.28,62.17,63.78,9008600,,
2022-10-13,62.48,65.71,62.27,65.20,10147100,,
2022-10-14,65.72,66.61,64.21,64.31,8044500,,
2022-10-17,65.88,67.57,65.87,67.02,11368300,,
2022-10-18,68.00,68.58,66.33,67.03,6688600,,
2022-10-19,66.49,67.19,65.78,66.30,5506000,,
2022-10-20,67.53,69.92,67.19,69.25,17600500,,
2022-10-21,71.03,72.79,70.31,72.70,15652600,,
2022-10-24,72.93,73.69,71.78,72.92,11489400,,
2022-10-25,73.45,74.11,72.61,73.14,9137700,,
2022-10-26,72.61,75.72,72.55,74.82,10693600,,
2022-10-27,74.75,75.88,74.55,75.15,7053000,,
2022-10-28,75.30,77.68,75.30,77.36,8758100,,
2022-10-31,76.50,78.33,76.40,78.07,12349000,,
2022-11-01,78.60,79.23,76.34,77.11,7753000,,
2022-11-02,76.65,77.43,75.01,75.12,7524300,,
2022-11-03,74.72,75.69,74.05,75.03,6761200,,
2022-11-04,75.94,76.67,74.24,76.00,7219000,,
2022-11-07,76.11,77.09,75.49,76.74,5394300,,
2022-11-08,76.95,77.14,75.02,75.64,9104200,,
2022-11-09,75.38,76.54,75.00,75.66,6013700,,
2022-11-10,77.70,78.47,76.71,77.17,10437300,,
2022-11-11,77.13,77.89,76.57,77.74,7712900,,
2022-11-14,77.48,79.54,77.33,78.53,7153000,,
2022-11-15,78.93,80.68,78.01,79.18,7618500,,
2022-11-16,79.12,80.23,78.86,79.89,6011900,,
2022-11-17,79.17,79.58,78.19,79.20,5717300,,
2022-11-18,80.00,80.46,78.85,79.73,6107000,,
2022-11-21,79.57,80.10,78.90,79.82,5235400,,
2022-11-22,79.89,82.21,79.83,82.12,8796200,,
2022-11-23,82.12,82.92,81.78,82.56,6347900,,
2022-11-25,82.85,83.49,82.54,82.72,2754900,,
2022-11-28,82.11,82.14,81.07,81.39,5112200,,
2022-11-29,81.33,81.50,80.52,80.85,4928200,,
2022-11-30,80.47,83.18,80.00,83.03,9610300,,
2022-12-01,83.05,84.53,82.35,84.11,6127200,,
2022-12-02,83.20,83.62,82.58,83.35,4798900,,
2022-12-05,82.41,82.42,79.41,79.43,9102900,,
2022-12-06,79.35,79.82,78.06,78.91,7656100,,
2022-12-07,78.67,79.44,78.58,78.78,5105500,,
2022-12-08,79.13,80.21,78.53,80.07,5918700,,
2022-12-09,79.65,80.36,79.54,79.86,6850800,,
2022-12-12,80.31,81.41,79.94,81.28,15807600,,
2022-12-13,84.94,85.58,79.70,80.56,22812200,,
2022-12-14,80.81,82.89,80.57,81.82,11183100,,
2022-12-15,80.79,81.03,79.46,80.07,8196800,,
2022-12-16,79.96,80.46,79.48,79.58,19200700,,
2022-12-19,79.92,81.10,79.68,80.50,7738800,,
2022-12-20,80.50,81.49,80.35,80.94,6390200,,
2022-12-21,81.35,82.14,80.94,81.50,5932400,,
2022-12-22,80.94,81.17,79.43,80.49,8181400,,
2022-12-23,80.51,80.90,79.99,80.85,4129100,,
2022-12-27,80.88,81.47,80.61,80.98,4290700,,
2022-12-28,81.09,81.64,80.19,80.33,3794000,,
2022-12-29,80.97,81.80,80.70,81.40,3867800,,
2022-12-30,81.13,81.93,80.76,81.74,5375700,,
2023-01-03,82.47,83.84,82.26,83.72,8997500,,
2023-01-04,84.20,85.17,83.64,84.48,7836200,,
2023-01-05,85.00,85.40,83.22,84.31,7643800,,
2023-01-06,84.74,86.34,83.82,85.66,8641600,,
2023-01-09,86.84,87.59,86.16,86.42,7519700,0.32,
2023-01-10,85.64,86.61,85.57,86.50,5703300,,
2023-01-11,87.37,88.66,87.09,88.60,8359700,,
2023-01-12,88.70,89.20,88.17,88.78,6071100,,
2023-01-13,87.95,89.47,87.66,89.20,5090800,,
2023-01-17,89.19,89.44,88.43,88.60,6550400,,
2023-01-18,88.60,88.63,86.60,86.71,6397700,,
2023-01-19,86.40,86.99,85.26,85.94,5597000,,
2023-01-20,86.03,87.38,85.50,87.25,5567300,,
2023-01-23,87.19,89.13,86.97,88.97,7390200,,
2023-01-24,89.05,90.10,88.00,89.70,7004600,,
2023-01-25,88.70,89.86,87.74,89.64,5896800,,
2023-01-26,89.89,90.49,89.09,89.83,7302800,,
2023-01-27,89.50,89.72,88.96,88.99,5676800,,
2023-01-30,88.47,88.62,86.99,87.35,6255300,,
2023-01-31,87.69,88.48,87.35,88.46,6200400,,
2023-02-01,88.37,90.65,88.21,90.05,6141300,,
2023-02-02,90.66,91.22,88.95,89.38,8269200,,
2023-02-03,88.47,90.26,88.27,89.62,5671800,,
2023-02-06,89.51,89.61,88.40,88.53,4097200,,
2023-02-07,87.87,88.02,86.30,87.74,9226000,,
2023-02-08,86.93,87.92,86.51,86.69,7624400,,
2023-02-09,87.14,87.90,86.33,86.65,4960300,,
2023-02-10,86.53,87.38,86.34,87.14,5318400,,
2023-02-13,87.28,89.45,87.20,89.42,5560900,,
2023-02-14,89.00,89.41,87.71,89.09,7484800,,
2023-02-15,88.85,89.21,88.03,88.34,4329900,,
2023-02-16,87.46,88.27,87.01,87.72,5942500,,
2023-02-17,87.20,87.43,86.51,87.28,6398400,,
2023-02-21,86.76,86.94,86.15,86.20,5260300,,
2023-02-22,86.68,87.18,85.98,86.32,5840100,,
2023-02-23,87.15,89.48,87.06,88.58,8637100,,
2023-02-24,87.31,88.89,87.14,88.66,7659200,,
2023-02-27,88.86,88.97,87.36,87.96,6748800,,
2023-02-28,87.70,88.01,87.18,87.40,7468000,,
2023-03-01,86.90,87.21,85.99,86.34,5119800,,
2023-03-02,86.06,87.28,85.87,86.97,5293600,,
2023-03-03,87.32,89.29,87.08,89.25,5498500,,
2023-03-06,89.41,90.67,89.15,89.74,7424800,,
2023-03-07,89.58,90.08,88.05,88.36,5382400,,
2023-03-08,88.40,89.09,88.15,88.49,5159200,,
2023-03-09,88.33,89.64,86.53,86.87,10572300,,
2023-03-10,84.41,85.25,82.88,84.07,16029300,,
2023-03-13,83.32,85.53,82.04,84.93,10299800,,
2023-03-14,85.93,85.93,83.43,84.56,8732200,,
2023-03-15,83.08,83.37,82.12,82.98,11463000,,
2023-03-16,82.92,85.11,82.08,84.82,10148100,,
2023-03-17,85.00,85.98,84.61,85.26,13065800,,
2023-03-20,85.28,87.51,85.25,86.96,9177300,,
2023-03-21,87.49,87.85,86.66,87.58,6683700,,
2023-03-22,87.54,89.16,87.44,87.90,7233700,,
2023-03-23,88.65,89.64,87.64,87.78,10747100,,
2023-03-24,87.98,88.48,87.51,88.01,5852100,,
2023-03-27,88.62,90.50,88.55,90.14,8170100,,
2023-03-28,90.22,90.88,89.48,89.85,6378900,,
2023-03-29,90.13,90.66,89.81,90.62,5233600,,
2023-03-30,90.85,91.18,89.71,90.51,5640700,,
2023-03-31,90.56,93.00,90.41,92.92,10476300,,
2023-04-03,92.38,94.00,92.09,93.92,8410900,,
2023-04-04,93.85,94.02,92.93,94.00,6651500,,
2023-04-05,93.62,95.11,93.48,94.89,7478800,,
2023-04-06,94.33,96.08,93.99,95.92,9146200,,
2023-04-10,94.68,95.11,93.55,93.76,8681500,0.4,
2023-04-11,93.46,94.13,93.20,93.97,8196000,,
2023-04-12,94.38,95.32,93.60,93.90,8040300,,
2023-04-13,94.18,95.75,93.94,95.55,6240200,,
2023-04-14,95.50,95.99,94.68,95.71,6485100,,
2023-04-17,95.64,95.99,95.31,95.59,4772400,,
2023-04-18,96.00,96.74,95.77,96.47,7219400,,
2023-04-19,95.59,96.47,95.59,95.81,4766200,,
2023-04-20,96.00,96.15,94.60,94.83,5815500,,
2023-04-21,95.01,95.31,94.26,95.15,7335800,,
2023-04-24,95.34,96.08,94.97,95.44,4901700,,
2023-04-25,95.14,95.70,94.02,94.06,5768800,,
2023-04-26,93.75,94.81,93.34,93.71,6395500,,
2023-04-27,94.31,95.09,93.29,95.04,5615700,,
2023-04-28,94.27,95.40,94.24,94.72,8498500,,
2023-05-01,94.80,95.73,94.70,94.87,5459800,,
2023-05-02,94.93,95.24,93.85,94.80,5995100,,
2023-05-03,95.07,95.42,94.54,94.78,6744800,,
2023-05-04,94.98,95.12,94.41,94.97,5038200,,
2023-05-05,95.00,97.31,94.83,96.97,8068600,,
2023-05-08,97.08,97.28,96.44,96.79,5314800,,
2023-05-09,96.20,96.89,96.10,96.14,6333500,,
2023-05-10,96.79,97.68,96.26,97.52,5935300,,
2023-05-11,97.54,97.63,96.34,97.44,5144500,,
2023-05-12,97.61,97.92,96.93,97.85,4994700,,
2023-05-15,97.87,97.96,97.05,97.26,4443700,,
2023-05-16,97.17,98.85,96.92,98.25,6896500,,
2023-05-17,98.78,100.40,98.43,99.77,9436000,,
2023-05-18,99.77,102.46,99.73,102.34,10005700,,
2023-05-19,102.39,103.07,101.92,102.84,8560300,,
2023-05-22,102.48,103.10,101.73,101.77,5890500,,
2023-05-23,101.07,101.43,98.47,98.54,10047300,,
2023-05-24,97.95,98.88,97.29,98.32,6815900,,
2023-05-25,99.20,104.66,98.77,104.29,16729600,,
2023-05-26,104.35,106.23,104.03,104.08,13994100,,
2023-05-30,104.90,105.98,104.19,105.15,10296700,,
2023-05-31,104.47,106.49,104.15,105.94,13713500,,
2023-06-01,104.88,106.61,104.78,105.99,7835900,,
2023-06-02,106.52,106.77,105.75,105.89,8652400,,
2023-06-05,105.89,107.60,105.53,106.93,7442000,,
2023-06-06,106.81,107.49,106.15,107.10,7023000,,
2023-06-07,107.14,108.37,104.84,105.25,9842500,,
2023-06-08,105.67,107.79,105.35,107.48,9526700,,
2023-06-09,107.70,110.15,107.41,109.85,12597100,,
2023-06-12,114.34,117.51,114.34,116.43,39081500,,
2023-06-13,123.32,123.99,116.02,116.68,39190900,,
2023-06-14,116.50,122.51,115.74,122.27,26264200,,
2023-06-15,121.95,127.54,121.66,126.55,27476700,,
2023-06-16,127.14,127.40,125.15,125.46,19514700,,
2023-06-20,124.45,125.25,121.96,122.04,16273000,,
2023-06-21,121.95,123.36,120.36,122.10,17583000,,
2023-06-22,121.61,122.59,120.07,120.58,12203400,,
2023-06-23,119.59,119.90,118.14,118.64,19734300,,
2023-06-26,117.99,119.43,116.70,116.78,8987000,,
2023-06-27,116.57,118.46,116.26,117.84,6970400,,
2023-06-28,116.78,118.62,116.39,116.53,9240500,,
2023-06-29,115.65,117.80,114.63,117.78,9234300,,
2023-06-30,119.84,121.73,119.03,119.09,13703100,,
2023-07-03,118.01,118.25,116.83,117.15,4284700,,
2023-07-05,116.52,117.01,115.41,115.96,8466500,,
2023-07-06,114.67,115.81,114.64,115.45,7982800,,
2023-07-07,114.84,115.98,114.49,114.61,7001600,,
2023-07-10,114.28,115.03,113.66,114.38,6931000,,
2023-07-11,114.20,115.00,113.43,114.88,6117100,0.4,
2023-07-12,115.67,118.09,115.64,116.02,11011600,,
2023-07-13,117.09,118.58,116.76,117.45,9359600,,
2023-07-14,118.18,119.97,117.68,119.27,7723800,,
2023-07-17,118.85,119.97,118.25,118.89,6735900,,
2023-07-18,118.78,121.29,117.81,120.77,8903600,,
2023-07-19,120.82,121.36,118.42,118.69,7609000,,
2023-07-20,117.49,119.05,115.23,115.88,12913000,,
2023-07-21,116.49,119.27,116.21,117.65,9159600,,
2023-07-24,117.94,118.54,116.73,118.07,6200400,,
2023-07-25,117.98,118.51,116.81,117.95,6266300,,
2023-07-26,117.42,117.62,115.00,115.50,8160000,,
2023-07-27,117.55,117.60,115.64,116.40,7843000,,
2023-07-28,116.68,117.30,115.65,115.99,6910400,,
2023-07-31,116.43,117.24,115.83,117.23,6703100,,
2023-08-01,116.92,118.04,116.48,117.91,5246000,,
2023-08-02,116.92,116.98,114.32,115.71,6387800,,
2023-08-03,115.24,116.17,114.26,114.55,5193800,,
2023-08-04,115.34,116.40,114.26,114.44,5579300,,
2023-08-07,115.47,116.38,115.07,116.10,7347000,,
2023-08-08,115.04,115.61,114.22,115.23,4694800,,
2023-08-09,115.34,115.71,112.33,113.10,6542400,,
2023-08-10,113.78,115.09,112.48,112.99,6004100,,
2023-08-11,112.39,113.48,111.13,113.06,5288900,,
2023-08-14,113.18,115.81,113.15,115.57,6494200,,
2023-08-15,115.45,118.06,114.84,117.29,10412200,,
2023-08-16,117.16,117.81,115.27,115.34,5722000,,
2023-08-17,115.74,116.78,114.36,114.88,6183900,,
2023-08-18,114.50,116.99,113.95,116.46,9412800,,
2023-08-21,116.90,117.35,115.19,116.59,5811200,,
2023-08-22,117.51,117.68,115.73,116.54,4960300,,
2023-08-23,117.10,120.45,112.11,117.84,16517300,,
2023-08-24,119.68,119.73,112.41,112.91,11995900,,
2023-08-25,112.91,116.15,112.74,116.06,8758100,,
2023-08-28,116.37,117.71,115.70,116.84,4514800,,
2023-08-29,120.95,121.21,118.53,120.65,11920500,,
2023-08-30,120.72,121.74,120.15,121.12,5601800,,
2023-08-31,121.00,121.98,120.12,120.39,9109800,,
2023-09-01,121.01,121.69,120.09,120.93,6189900,,
2023-09-05,122.44,124.28,121.18,123.98,11089600,,
2023-09-06,123.06,124.58,122.73,124.33,8728500,,
2023-09-07,123.83,125.96,122.59,125.09,11864400,,
2023-09-08,124.80,126.69,124.35,126.32,10595500,,
2023-09-11,127.02,127.42,124.72,126.71,22155600,,
2023-09-12,112.08,113.30,107.30,109.61,68605700,,
2023-09-13,108.32,112.94,108.20,111.84,27171000,,
2023-09-14,113.50,115.14,111.95,113.66,19849700,,
2023-09-15,114.19,115.20,112.50,113.91,23215000,,
2023-09-18,113.42,114.47,111.58,112.21,11744100,,
2023-09-19,112.48,113.74,111.71,112.77,9536100,,
2023-09-20,112.81,114.70,112.46,112.87,8777100,,
2023-09-21,111.51,112.50,109.33,109.43,12645800,,
2023-09-22,109.99,110.60,108.51,109.03,11150000,,
2023-09-25,108.45,108.65,107.50,108.30,8410000,,
2023-09-26,107.14,107.40,104.31,104.88,13209000,,
2023-09-27,105.00,105.28,103.35,104.62,8916400,,
2023-09-28,104.03,106.60,103.27,106.15,7373600,,
2023-09-29,107.11,107.37,105.38,105.92,7299100,,
2023-10-02,105.81,106.73,105.29,106.71,5963500,,
2023-10-03,106.42,106.50,103.54,104.52,8783300,,
2023-10-04,104.96,107.30,104.50,107.08,8842700,,
2023-10-05,106.97,108.44,106.19,108.35,7651500,,
2023-10-06,107.93,110.53,107.58,109.96,8247000,,
2023-10-09,110.75,110.97,109.47,110.32,6012400,,
2023-10-10,110.21,111.06,109.62,109.71,6910400,,
2023-10-11,109.51,110.06,108.83,109.64,5641700,0.4,
2023-10-12,109.95,110.92,108.88,109.11,6598500,,
2023-10-13,109.19,109.51,107.79,108.25,5879400,,
2023-10-16,108.95,109.59,108.31,108.71,5488000,,
2023-10-17,107.58,109.79,106.90,109.04,5261800,,
2023-10-18,108.40,109.73,107.86,108.25,5123900,,
2023-10-19,108.63,110.22,108.19,108.34,7989200,,
2023-10-20,106.99,107.04,100.66,101.85,21831400,,
2023-10-23,102.04,104.69,102.01,103.66,10722600,,
2023-10-24,103.95,104.46,102.50,103.20,6174000,,
2023-10-25,102.70,103.67,101.01,101.43,7081700,,
2023-10-26,101.69,102.39,99.87,100.40,7565600,,
2023-10-27,101.00,102.09,100.59,100.99,5207900,,
2023-10-30,101.14,102.41,100.82,101.65,5433700,,
2023-10-31,102.01,103.52,101.10,103.40,6258400,,
2023-11-01,103.80,106.20,103.80,105.75,8602400,,
2023-11-02,106.45,107.22,105.57,106.87,5918300,,
2023-11-03,107.17,109.07,106.62,108.05,7280000,,
2023-11-06,108.06,109.21,107.44,109.11,6062800,,
2023-11-07,109.99,110.38,108.58,108.99,7412600,,
2023-11-08,109.23,112.56,109.19,112.33,10994900,,
2023-11-09,112.40,113.31,111.61,112.18,6853900,,
2023-11-10,112.09,113.18,111.14,113.07,5233900,,
2023-11-13,113.07,114.49,112.78,114.15,5740500,,
2023-11-14,114.86,116.46,114.45,116.10,6733700,,
2023-11-15,116.15,116.31,113.93,114.06,7386200,,
2023-11-16,113.76,115.87,113.47,114.67,7476100,,
2023-11-17,114.61,115.64,114.16,115.36,4791300,,
2023-11-20,115.65,117.15,115.51,116.92,5728300,,
2023-11-21,117.21,117.67,115.68,116.08,5995300,,
2023-11-22,116.70,117.29,115.51,116.24,4343700,,
2023-11-24,116.49,116.59,115.34,116.25,2168200,,
2023-11-27,116.01,116.77,115.45,116.47,5165300,,
2023-11-28,116.00,116.80,115.87,116.24,4892600,,
2023-11-29,117.34,117.58,115.96,116.21,6127200,,
2023-11-30,116.86,117.23,115.18,116.21,11075600,,
2023-12-01,116.07,117.35,115.26,117.16,5739800,,
2023-12-04,116.27,116.68,114.55,115.78,5587500,,
2023-12-05,114.57,115.27,113.81,114.53,5913600,,
2023-12-06,114.94,114.99,111.93,112.03,7815700,,
2023-12-07,112.41,113.03,111.81,112.87,6772800,,
2023-12-08,112.01,113.64,111.59,113.61,7766000,,
2023-12-11,113.77,115.35,113.61,115.13,19544200,,
2023-12-12,102.70,104.95,100.69,100.81,57666500,,
2023-12-13,101.08,103.10,99.26,102.99,29392200,,
2023-12-14,101.87,102.25,99.87,100.31,22865200,,
2023-12-15,99.69,103.99,99.36,103.32,30212300,,
2023-12-18,103.41,106.16,102.91,105.00,13473100,,
2023-12-19,104.98,106.34,104.80,106.25,10108500,,
2023-12-20,105.95,106.09,104.05,104.15,9242000,,
2023-12-21,104.70,105.93,104.52,105.86,8168000,,
2023-12-22,105.70,106.49,105.46,106.20,5680000,,
2023-12-26,106.52,106.65,105.34,106.19,5767400,,
2023-12-27,106.32,106.33,105.56,105.94,5627400,,
2023-12-28,106.01,106.61,105.58,106.25,5689100,,
2023-12-29,106.60,106.92,104.78,105.43,6899700,,
2024-01-02,104.52,104.68,102.44,104.06,9597500,,
2024-01-03,103.30,103.38,101.74,102.46,9455600,,
2024-01-04,102.77,103.36,102.40,102.59,6822300,,
2024-01-05,102.53,103.72,102.29,102.73,6133800,,
2024-01-08,102.94,104.77,102.13,104.66,7038700,,
2024-01-09,103.85,104.48,103.29,103.63,6725200,,
2024-01-10,103.09,104.07,102.72,103.92,7270500,0.4,
2024-01-11,104.35,104.84,103.54,104.77,6119000,,
2024-01-12,105.10,106.70,104.97,106.60,9703800,,
2024-01-16,106.41,106.66,105.42,106.57,7547200,,
2024-01-17,106.46,107.50,105.68,106.43,7771500,,
2024-01-18,106.99,108.88,106.62,108.70,10362300,,
2024-01-19,109.32,110.22,109.02,109.67,11163800,,
2024-01-22,110.06,110.69,109.27,110.10,7485300,,
2024-01-23,110.29,112.68,109.56,111.83,9185900,,
2024-01-24,113.42,115.42,113.33,114.31,11702700,,
2024-01-25,114.89,116.18,114.35,115.00,8877200,,
2024-01-26,114.64,115.48,114.27,114.64,5541800,,
2024-01-29,114.19,114.59,113.01,113.75,7014400,,
2024-01-30,113.36,114.40,112.63,114.16,8231900,,
2024-01-31,113.81,114.27,111.67,111.70,7386700,,
2024-02-01,112.91,115.78,112.55,115.53,7882200,,
2024-02-02,115.82,116.49,115.16,115.79,6499400,,
2024-02-05,115.53,116.72,114.77,116.39,8084500,,
2024-02-06,116.74,116.95,114.98,115.30,4637500,,
2024-02-07,115.80,117.59,115.30,117.27,7672900,,
2024-02-08,117.09,117.79,115.97,116.68,4472800,,
2024-02-09,117.06,117.34,115.73,116.64,5787100,,
2024-02-12,116.26,117.10,115.38,115.84,5439600,,
2024-02-13,113.79,114.21,113.00,113.68,8171700,,
2024-02-14,114.32,114.72,113.53,114.26,5946100,,
2024-02-15,114.25,114.31,112.57,112.78,8455600,,
2024-02-16,113.02,113.11,111.25,111.31,8936000,,
2024-02-20,110.54,110.77,107.68,108.45,10975600,,
2024-02-21,106.76,108.38,106.51,108.16,7865300,,
2024-02-22,111.49,111.89,109.66,111.01,8957800,,
2024-02-23,112.00,113.37,111.71,111.95,7504500,,
2024-02-26,112.00,112.54,110.93,110.97,6342900,,
2024-02-27,110.62,111.51,109.79,111.38,6593100,,
2024-02-28,111.26,112.02,111.10,111.68,5278300,,
2024-02-29,111.68,112.44,110.64,111.68,12193900,,
2024-03-01,111.68,113.94,111.52,113.78,7605100,,
2024-03-04,113.58,114.60,113.39,114.06,6588100,,
2024-03-05,112.82,113.20,110.37,110.94,8242000,,
2024-03-06,111.50,113.05,110.67,112.27,6706400,,
2024-03-07,113.94,114.80,112.29,114.54,7670100,,
2024-03-08,114.07,114.33,111.54,112.42,8312900,,
2024-03-11,111.61,114.75,111.18,114.13,20438300,,
2024-03-12,126.26,129.37,124.60,127.54,48536100,,
2024-03-13,128.00,128.80,124.83,125.52,15870300,,
2024-03-14,127.23,127.80,124.94,125.53,10965900,,
2024-03-15,124.04,126.01,123.56,125.54,17844900,,
2024-03-18,127.20,128.95,126.88,127.80,12231400,,
2024-03-19,127.75,129.21,126.49,129.19,10221000,,
2024-03-20,129.98,130.69,128.27,129.24,8373300,,
2024-03-21,130.52,132.77,128.95,129.01,17842400,,
2024-03-22,129.01,129.21,127.55,127.79,6660000,,
2024-03-25,127.67,127.67,126.05,126.08,7446100,,
2024-03-26,126.75,126.94,125.84,126.47,7063900,,
2024-03-27,127.33,127.82,124.47,125.27,8115900,,
2024-03-28,125.39,126.17,125.20,125.61,6587400,,
2024-04-01,125.54,126.27,124.56,125.48,4133600,,
2024-04-02,124.51,124.93,123.43,124.34,4862400,,
2024-04-03,124.26,126.41,124.06,126.24,7430000,,
2024-04-04,127.60,127.99,124.03,124.19,7588300,,
2024-04-05,124.42,126.00,124.14,124.90,4899500,,
2024-04-08,125.00,125.12,123.76,124.35,6119200,,
2024-04-09,124.35,124.75,121.24,123.23,5564100,0.4,
2024-04-10,121.35,123.08,121.32,121.75,4509900,,
2024-04-11,121.72,123.82,121.36,123.24,7315200,,
2024-04-12,121.74,121.84,120.42,121.11,6196900,,
2024-04-15,122.18,122.47,119.44,119.88,5101500,,
2024-04-16,120.09,121.44,119.75,120.62,7000000,,
2024-04-17,120.98,121.04,118.61,118.67,5366600,,
2024-04-18,118.76,118.76,115.70,116.00,6662400,,
2024-04-19,116.12,116.77,114.46,114.88,8251500,,
2024-04-22,116.03,116.34,114.34,114.53,7125500,,
2024-04-23,115.17,115.86,114.75,115.09,5494800,,
2024-04-24,115.38,115.73,113.88,115.34,5791800,,
2024-04-25,113.63,114.99,112.78,114.89,6796600,,
2024-04-26,117.04,119.21,116.15,117.21,8355100,,
2024-04-29,116.99,117.31,115.29,116.49,4994100,,
2024-04-30,115.09,115.52,113.69,113.75,6234700,,
2024-05-01,113.91,116.76,113.65,114.63,5583600,,
2024-05-02,115.23,115.81,114.26,114.96,5001000,,
2024-05-03,115.98,116.21,115.07,115.80,4485000,,
2024-05-06,116.33,118.36,116.18,118.34,6052400,,
2024-05-07,118.00,119.13,117.29,117.93,6437700,,
2024-05-08,117.71,117.98,117.11,117.39,4636000,,
2024-05-09,117.39,117.73,116.50,116.64,3236200,,
2024-05-10,117.15,117.63,115.91,116.67,4122500,,
2024-05-13,117.13,117.19,116.20,116.37,4140000,,
2024-05-14,116.50,122.55,116.13,120.87,17811200,,
2024-05-15,120.17,122.09,119.67,121.63,6604600,,
2024-05-16,121.94,122.45,121.21,122.16,5159300,,
2024-05-17,123.18,123.58,122.08,123.50,6179400,,
2024-05-20,123.80,124.68,123.24,124.52,5989000,,
2024-05-21,124.46,125.36,123.92,124.63,5549500,,
2024-05-22,124.63,125.16,123.30,124.60,5705000,,
2024-05-23,126.55,126.70,123.16,124.09,6108600,,
2024-05-24,123.42,123.51,121.42,122.91,7173400,,
2024-05-28,123.24,124.82,123.01,124.49,6911400,,
2024-05-29,122.99,123.92,122.77,123.74,4735100,,
2024-05-30,120.17,121.44,117.03,117.09,10839600,,
2024-05-31,116.59,117.42,114.55,117.19,12755600,,
2024-06-03,117.53,119.33,117.34,119.28,7256300,,
2024-06-04,119.02,120.37,118.72,120.07,7368000,,
2024-06-05,121.65,122.79,120.51,122.63,5973700,,
2024-06-06,122.88,124.27,122.25,123.50,7347200,,
2024-06-07,124.21,126.22,123.27,125.92,11545000,,
2024-06-10,125.73,126.95,124.05,124.50,10164700,,
2024-06-11,124.05,124.83,122.29,123.88,18373900,,
2024-06-12,134.69,140.96,133.96,140.38,40871300,,
2024-06-13,140.43,142.40,138.77,139.85,13733200,,
2024-06-14,139.26,139.97,137.38,138.13,11330800,,
2024-06-17,138.80,141.44,138.25,141.31,11232800,,
2024-06-18,141.22,145.06,141.22,144.64,11629400,,
2024-06-20,145.32,145.32,141.95,142.91,8940000,,
2024-06-21,143.72,143.72,140.44,141.50,14844100,,
2024-06-24,140.00,141.53,139.12,139.89,7793300,,
2024-06-25,139.00,139.55,137.56,139.17,8205500,,
2024-06-26,139.49,140.75,138.08,138.23,8036300,,
2024-06-27,139.25,141.42,138.81,140.18,7518200,,
2024-06-28,139.44,142.82,139.27,141.20,25814800,,
2024-07-01,141.69,144.06,141.07,143.09,6552400,,
2024-07-02,142.63,144.22,142.55,143.28,5920500,,
2024-07-03,143.75,144.65,143.50,144.38,3560800,,
2024-07-05,144.95,145.79,144.02,144.83,5365500,,
2024-07-08,144.76,145.23,143.43,145.03,8622600,,
2024-07-09,145.13,145.70,138.00,140.68,14334200,,
2024-07-10,141.12,142.38,139.74,142.07,6350300,,
2024-07-11,142.36,143.48,141.68,142.76,5245100,0.4,
2024-07-12,142.71,145.13,141.26,144.77,7361800,,
2024-07-15,145.73,146.59,141.92,143.07,8687800,,
2024-07-16,143.07,143.50,142.05,142.61,7181500,,
2024-07-17,140.48,141.79,138.68,139.26,9157000,,
2024-07-18,139.36,140.06,137.20,138.03,5998700,,
2024-07-19,138.35,140.44,138.08,138.56,6111900,,
2024-07-22,139.74,140.68,139.12,140.17,5387200,,
2024-07-23,141.30,143.22,141.21,143.11,6697400,,
2024-07-24,141.70,142.66,138.40,138.77,8018800,,
2024-07-25,140.15,141.07,137.70,137.82,7654600,,
2024-07-26,138.87,139.96,138.38,139.01,5139400,,
2024-07-29,139.27,139.78,137.82,138.31,4054600,,
2024-07-30,139.07,139.57,134.96,135.67,6505700,,
2024-07-31,139.69,141.55,138.66,139.45,7188000,,
2024-08-01,139.29,140.39,135.77,137.51,5906800,,
2024-08-02,132.77,134.30,131.80,133.28,8251600,,
2024-08-05,127.89,129.97,126.66,127.86,10355000,,
2024-08-06,130.54,131.04,128.08,128.21,8373900,,
2024-08-07,128.92,130.30,125.75,125.90,8617700,,
2024-08-08,128.00,129.82,127.65,128.96,6243200,,
2024-08-09,128.40,132.37,128.34,132.06,5597300,,
2024-08-12,132.25,132.71,131.21,132.58,5600800,,
2024-08-13,132.97,134.54,132.81,134.26,4324000,,
2024-08-14,134.04,135.97,134.01,135.60,4044600,,
2024-08-15,136.93,137.25,135.72,136.93,4698100,,
2024-08-16,136.79,137.82,136.39,137.47,4893800,,
2024-08-19,137.53,137.95,136.46,137.92,3641600,,
2024-08-20,137.82,139.79,137.82,139.17,3738300,,
2024-08-21,138.80,140.30,138.55,140.20,3776800,,
2024-08-22,140.70,141.08,137.65,138.08,5162200,,
2024-08-23,138.73,139.79,137.26,139.19,4544600,,
2024-08-26,139.39,139.40,138.19,138.90,2729600,,
2024-08-27,137.85,139.50,137.74,138.48,3872200,,
2024-08-28,138.83,138.95,136.91,137.88,3022600,,
2024-08-29,139.14,141.16,138.85,139.42,4588400,,
2024-08-30,140.33,141.72,140.10,141.29,7980700,,
2024-09-03,140.45,142.20,138.83,139.50,6831200,,
2024-09-04,138.44,141.10,137.95,140.75,6243300,,
2024-09-05,141.40,143.28,140.31,142.61,8733200,,
2024-09-06,143.79,143.94,139.40,141.81,11154800,,
2024-09-09,142.49,143.30,139.51,139.89,20233400,,
2024-09-10,154.23,160.52,153.12,155.89,37374200,,
2024-09-11,156.78,159.44,154.84,157.18,12630100,,
2024-09-12,159.04,162.34,157.90,161.38,16161300,,
2024-09-13,173.70,173.94,161.00,162.03,25727800,,
2024-09-16,164.99,173.99,164.51,170.33,27384400,,
2024-09-17,170.28,170.64,166.77,167.47,12580100,,
2024-09-18,167.62,167.62,163.73,164.53,12274400,,
2024-09-19,167.25,168.16,164.51,167.59,10075900,,
2024-09-20,167.13,168.83,166.60,168.00,12187700,,
2024-09-23,167.23,167.33,164.26,165.95,7916100,,
2024-09-24,165.74,166.10,163.92,165.80,6155100,,
2024-09-25,167.69,168.75,165.66,166.28,7142400,,
2024-09-26,167.65,168.36,166.48,168.10,7096800,,
2024-09-27,168.09,169.11,166.51,168.74,8974400,,
2024-09-30,169.50,170.52,166.45,170.40,10210300,,
2024-10-01,170.22,170.51,165.97,167.16,7595100,,
2024-10-02,167.60,169.18,167.27,167.71,7073000,,
2024-10-03,166.89,167.86,166.24,166.86,4735700,,
2024-10-04,168.71,170.90,168.17,170.86,6386900,,
2024-10-07,170.42,172.33,169.55,169.97,6791000,,
2024-10-08,170.60,174.64,170.44,174.37,7845400,,
2024-10-09,174.56,178.61,173.81,178.29,8120900,,
2024-10-10,177.65,178.30,174.18,175.41,7115900,0.4,
2024-10-11,175.50,177.00,174.40,175.77,5869400,,
2024-10-14,176.55,177.22,175.50,176.12,4688700,,
2024-10-15,176.94,178.22,173.75,174.09,5848600,,
2024-10-16,173.50,174.91,171.64,174.77,6383000,,
2024-10-17,177.50,177.75,175.14,175.68,5474000,,
2024-10-18,176.80,176.97,174.58,174.69,5001300,,
2024-10-21,174.45,175.15,173.16,173.76,4198400,,
2024-10-22,175.45,175.85,174.28,175.31,5510100,,
2024-10-23,174.50,176.07,173.01,173.10,4830400,,
2024-10-24,173.32,174.95,172.91,174.38,3488000,,
2024-10-25,174.78,176.29,173.10,173.52,3674700,,
2024-10-28,174.05,174.17,172.14,172.42,4330000,,
2024-10-29,172.29,174.02,172.29,173.43,4122900,,
2024-10-30,173.98,176.16,172.79,174.56,5822500,,
2024-10-31,170.52,170.88,167.40,167.84,9477500,,
2024-11-01,170.15,172.27,169.10,170.02,5680600,,
2024-11-04,170.31,170.48,168.73,169.59,4804400,,
2024-11-05,170.47,171.89,170.32,171.78,5456800,,
2024-11-06,178.52,182.10,177.42,181.24,11085000,,
2024-11-07,181.08,186.67,180.54,186.37,7759400,,
2024-11-08,186.26,190.16,186.26,189.25,8520400,,
2024-11-11,191.05,191.50,187.84,189.13,5973600,,
2024-11-12,188.54,190.61,187.20,189.58,6629900,,
2024-11-13,189.00,191.77,188.79,189.63,5695400,,
2024-11-14,188.66,189.59,186.71,187.05,7804300,,
2024-11-15,184.52,185.80,182.33,183.74,8986300,,
2024-11-18,184.30,186.18,182.88,185.73,6289400,,
2024-11-19,184.89,189.32,184.32,188.90,8117000,,
2024-11-20,190.90,190.97,187.82,190.75,4860200,,
2024-11-21,191.94,196.04,191.64,192.43,11394300,,
2024-11-22,193.00,194.20,191.06,192.29,6879400,,
2024-11-25,194.50,194.75,187.99,187.99,15138500,,
2024-11-26,188.32,192.40,188.32,190.37,6427200,,
2024-11-27,188.96,188.96,182.22,182.70,8368800,,
2024-11-29,184.01,185.93,184.00,184.84,4628000,,
2024-12-02,185.29,185.29,181.00,181.41,8859700,,
2024-12-03,181.18,183.04,179.11,182.89,8917100,,
2024-12-04,188.00,189.79,185.90,188.19,8906300,,
2024-12-05,189.02,189.02,185.85,186.24,6398100,,
2024-12-06,187.00,192.63,186.38,191.69,10503400,,
2024-12-09,196.30,198.31,188.93,190.45,20158000,,
2024-12-10,173.46,177.80,171.06,177.74,26502000,,
2024-12-11,178.00,181.38,174.83,178.58,13188700,,
2024-12-12,178.00,178.17,174.81,175.32,8154200,,
2024-12-13,175.00,176.14,171.64,173.39,8351100,,
2024-12-16,173.84,174.27,170.93,171.23,9572000,,
2024-12-17,170.75,172.99,169.27,169.71,8940200,,
2024-12-18,169.41,171.23,165.36,165.41,8817900,,
2024-12-19,167.55,171.00,167.40,168.79,8386400,,
2024-12-20,167.73,171.26,165.63,169.66,13810500,,
2024-12-23,169.59,169.62,167.17,169.14,6518200,,
2024-12-24,169.70,171.77,169.03,171.41,2451500,,
2024-12-26,170.50,172.55,170.50,171.68,4100100,,
2024-12-27,170.38,171.15,167.20,168.96,4344300,,
2024-12-30,166.51,167.91,164.55,166.91,5254800,,
2024-12-31,167.20,167.30,165.84,166.64,4307500,,
2025-01-02,168.52,168.69,164.90,166.03,5360800,,
2025-01-03,166.70,167.20,165.27,166.32,5876000,,
2025-01-06,167.31,168.05,165.19,165.69,6845400,,
2025-01-07,165.58,166.16,161.32,162.03,7712200,,
2025-01-08,162.18,163.98,161.43,163.14,7596200,,
2025-01-10,159.20,159.20,153.92,154.50,13593900,0.4,
2025-01-13,153.74,154.15,152.42,153.92,8828500,,
2025-01-14,156.42,157.25,154.35,156.31,7410200,,
2025-01-15,158.67,159.15,157.26,158.31,10701200,,
2025-01-16,160.15,161.50,158.41,159.54,9210600,,
2025-01-17,161.77,163.16,160.54,161.03,11618300,,
2025-01-21,163.87,173.37,162.75,172.57,30232000,,
2025-01-22,191.51,191.99,180.57,184.22,48028500,,
2025-01-23,181.64,186.57,181.50,186.47,17314600,,
2025-01-24,188.64,189.10,181.87,183.60,12147200,,
2025-01-27,168.90,172.52,152.66,158.28,42201600,,
2025-01-28,162.99,165.83,156.75,164.00,20319300,,
2025-01-29,164.03,164.03,160.01,162.02,9866600,,
2025-01-30,164.78,171.49,164.10,170.38,14981700,,
2025-01-31,170.41,173.00,169.13,170.06,8704600,,
2025-02-03,163.20,169.90,163.20,168.60,8250600,,
2025-02-04,170.40,170.40,166.35,167.89,6777000,,
2025-02-05,168.99,171.89,168.52,171.66,7866700,,
2025-02-06,173.00,175.65,171.57,172.35,7036900,,
2025-02-07,175.00,177.39,173.18,174.46,9991300,,
2025-02-10,176.00,179.99,174.92,178.92,7625900,,
2025-02-11,177.62,179.12,176.45,177.19,6528800,,
2025-02-12,174.89,174.89,170.71,172.22,7454800,,
2025-02-13,173.00,174.38,172.10,173.86,6421700,,
2025-02-14,174.25,175.03,172.81,174.16,7260900,,
2025-02-18,176.75,182.24,176.09,179.80,11430500,,
2025-02-19,178.58,181.68,175.70,181.52,8688500,,
2025-02-20,179.81,180.27,174.43,176.00,8737000,,
2025-02-21,176.12,176.88,167.55,167.81,9713900,,
2025-02-24,173.57,174.17,164.66,169.96,10639100,,
2025-02-25,169.29,170.60,164.44,168.54,8316100,,
2025-02-26,170.98,173.87,169.13,172.47,6915100,,
2025-02-27,173.00,174.86,164.58,164.76,7436800,,
2025-02-28,163.11,166.15,160.81,166.06,12843300,,
2025-03-03,166.95,167.12,161.13,162.02,8081800,,
2025-03-04,159.22,159.76,153.52,157.47,13171900,,
2025-03-05,158.06,162.49,157.05,161.56,7141000,,
2025-03-06,157.16,157.16,149.73,150.94,12321200,,
2025-03-07,150.62,156.48,148.50,155.16,12646500,,
2025-03-10,150.53,152.52,146.80,148.79,21486100,,
2025-03-11,143.42,145.78,137.70,144.18,27200200,,
2025-03-12,146.23,152.23,145.01,150.89,15373900,,
2025-03-13,149.79,150.17,145.48,147.66,14187700,,
2025-03-14,148.92,150.88,147.88,149.27,9330000,,
2025-03-17,150.40,155.75,150.40,154.01,9885000,,
2025-03-18,152.37,152.42,148.63,149.45,9402500,,
2025-03-19,150.06,154.07,150.00,152.45,6909500,,
2025-03-20,151.58,154.49,150.82,152.72,7051600,,
2025-03-21,151.65,153.84,150.11,152.23,17620200,,
2025-03-24,156.34,156.60,154.03,154.87,7848300,,
2025-03-25,154.51,155.60,153.05,153.93,8521200,,
2025-03-26,152.89,153.03,146.56,147.80,13210000,,
2025-03-27,145.85,147.04,144.92,145.78,9148300,,
2025-03-28,143.78,145.65,139.11,140.87,13144500,,
2025-03-31,138.64,140.59,136.76,139.81,15509900,,
2025-04-01,139.76,143.25,138.76,141.94,9518500,,
2025-04-02,139.86,147.89,139.86,145.86,11594400,,
2025-04-03,139.25,141.40,136.64,137.23,14433800,,
2025-04-04,132.91,133.82,126.95,128.27,14986900,,
2025-04-07,118.86,134.11,118.86,127.16,19482700,,
2025-04-08,132.54,132.99,121.70,124.50,11950300,,
2025-04-09,123.40,140.59,123.40,139.69,17762000,,
2025-04-10,136.65,136.65,129.26,133.35,12401600,0.5,
2025-04-11,132.11,133.00,128.84,132.35,10190200,,
2025-04-14,136.80,136.80,132.87,134.64,8217700,,
2025-04-15,134.76,136.48,133.72,133.94,8630000,,
2025-04-16,132.28,132.54,127.85,129.76,8295200,,
2025-04-17,130.90,131.30,128.44,128.62,8925500,,
2025-04-21,126.89,127.20,121.24,122.82,12201200,,
2025-04-22,124.50,127.99,123.39,127.24,11233700,,
2025-04-23,134.91,135.87,130.99,131.40,9528900,,
2025-04-24,132.51,137.86,132.00,137.51,7305900,,
2025-04-25,137.49,139.00,136.76,138.49,5476400,,
2025-04-28,139.65,140.67,138.08,140.14,6985100,,
2025-04-29,139.81,141.16,139.55,140.79,4851500,,
2025-04-30,138.48,141.30,135.57,140.72,9443500,,
2025-05-01,146.56,148.64,145.34,145.49,11525800,,
2025-05-02,148.33,153.06,148.33,150.73,11346000,,
2025-05-05,149.44,150.82,148.52,149.29,5187400,,
2025-05-06,146.98,148.94,145.72,147.70,5108600,,
2025-05-07,147.50,149.90,147.24,149.37,6049600,,
2025-05-08,149.05,151.81,148.61,150.30,6113600,,
2025-05-09,150.04,151.80,149.79,150.34,4707100,,
2025-05-12,156.31,157.43,154.42,157.22,7875500,,
2025-05-13,158.22,163.22,157.57,162.27,11955200,,
2025-05-14,162.36,163.41,161.06,162.95,7499400,,
2025-05-15,161.36,161.74,158.91,159.40,10169200,,
2025-05-16,160.00,160.84,158.52,160.49,8515500,,
2025-05-19,158.30,161.97,157.83,159.64,10268900,,
2025-05-20,158.63,160.36,157.53,160.31,7576400,,
2025-05-21,158.35,160.90,156.46,157.18,6011000,,
2025-05-22,156.98,159.19,156.82,157.31,7603300,,
2025-05-23,154.99,157.38,154.26,155.97,6527500,,
2025-05-27,159.32,162.40,158.92,161.91,6976800,,
2025-05-28,161.87,164.32,161.28,163.85,8090700,,
2025-05-29,165.00,165.32,161.49,162.90,6994700,,
2025-05-30,163.43,165.75,161.55,165.53,17547900,,
2025-06-02,164.17,167.00,162.60,166.57,7166000,,
2025-06-03,166.80,169.33,166.59,169.14,7155300,,
2025-06-04,169.71,170.48,167.57,168.10,6375800,,
2025-06-05,169.00,172.26,168.76,171.14,7707800,,
2025-06-06,174.00,174.79,172.66,174.02,6833700,,
2025-06-09,174.86,178.72,173.79,177.15,9668900,,
2025-06-10,177.71,177.85,174.28,177.48,11056700,,
2025-06-11,177.55,179.55,176.20,176.38,18002900,,
2025-06-12,189.96,202.49,188.88,199.86,54610000,,
2025-06-13,201.58,216.60,201.20,215.22,53707400,,
2025-06-16,213.20,215.17,209.98,211.10,22665300,,
2025-06-17,210.66,215.88,207.48,208.18,17819200,,
2025-06-18,211.09,214.72,209.57,210.87,15055400,,
2025-06-20,213.35,213.80,204.64,205.17,20879100,,
2025-06-23,205.51,207.27,202.54,207.04,13418400,,
2025-06-24,209.99,216.37,208.55,215.27,19030600,,
2025-06-25,214.94,216.93,210.23,210.72,11804600,,
2025-06-26,212.00,214.42,210.36,212.82,10531100,,
2025-06-27,213.69,214.65,209.96,210.24,14127500,,
2025-06-30,226.50,228.22,218.38,218.63,31844200,,
2025-07-01,219.30,223.17,216.31,218.96,16962200,,
2025-07-02,217.68,231.90,216.72,229.98,22326900,,
2025-07-03,233.22,237.99,231.20,237.32,18441400,,
2025-07-07,235.11,235.25,229.50,232.26,16584300,,
2025-07-08,237.13,241.44,233.19,234.50,20401800,,
2025-07-09,235.51,236.51,232.00,235.81,10871600,,
2025-07-10,239.94,240.06,233.50,235.00,11486300,0.5,
2025-07-11,231.37,234.00,229.87,230.56,10208200,,
2025-07-14,229.45,230.64,225.12,229.28,11337000,,
2025-07-15,232.41,235.60,229.20,234.96,10728800,,
2025-07-16,235.50,241.33,233.19,241.30,12597500,,
2025-07-17,243.34,251.60,242.01,248.75,17631300,,
2025-07-18,248.50,249.68,245.00,245.45,9678100,,
2025-07-21,245.31,246.80,243.24,243.54,7348400,,
2025-07-22,241.98,242.29,235.41,238.11,11380900,,
2025-07-23,239.95,243.42,238.66,241.90,7255800,,
2025-07-24,242.41,244.08,240.56,242.83,8237900,,
2025-07-25,242.34,245.47,241.43,245.12,7149600,,
2025-07-28,246.00,247.78,243.42,247.71,6756800,,
2025-07-29,248.70,253.07,246.59,249.98,8415300,,
2025-07-30,248.64,251.05,245.60,250.60,8441400,,
2025-07-31,255.77,260.87,253.32,253.77,15548700,,
2025-08-01,247.83,248.41,242.00,244.42,12718200,,
2025-08-04,245.90,252.91,245.90,252.53,8614800,,
2025-08-05,255.41,258.49,251.37,255.67,11197300,,
2025-08-06,256.84,256.84,251.72,256.43,9930200,,
2025-08-07,257.71,257.76,246.52,249.39,11954200,,
2025-08-08,250.03,250.89,247.86,250.05,8313300,,
2025-08-11,248.40,254.69,245.56,252.68,9012100,,
2025-08-12,252.58,257.87,251.08,253.86,9998400,,
2025-08-13,257.17,257.67,242.64,244.18,14182100,,
2025-08-14,244.95,248.92,242.57,244.96,10285600,,
2025-08-15,246.92,250.63,242.93,248.28,11554000,,
2025-08-18,246.20,249.16,243.62,249.07,6759900,,
2025-08-19,249.25,249.25,232.23,234.62,16819300,,
2025-08-20,232.18,235.88,228.25,235.06,11256400,,
2025-08-21,233.05,235.92,232.43,233.16,7403100,,
2025-08-22,234.06,238.50,231.46,236.37,9343600,,
2025-08-25,237.35,239.03,235.27,235.41,6308600,,
2025-08-26,235.00,236.91,232.71,234.21,11805200,,
2025-08-27,235.00,236.53,232.68,235.81,5637600,,
2025-08-28,235.54,241.95,235.12,240.32,8691500,,
2025-08-29,237.61,238.22,223.11,226.13,16618600,,
2025-09-02,222.00,225.45,218.79,225.30,10461900,,
2025-09-03,225.90,225.90,221.75,223.45,8900800,,
2025-09-04,222.00,223.57,219.56,223.00,10303100,,
2025-09-05,232.55,234.62,225.89,232.80,15386100,,
2025-09-08,239.89,242.42,235.31,238.48,18803000,,
2025-09-09,239.94,243.49,234.56,241.51,41178700,,
2025-09-10,319.19,345.72,312.09,328.33,131618100,,
2025-09-11,330.34,331.00,304.60,307.86,69986000,,
2025-09-12,305.79,307.97,291.75,292.18,51781900,,
2025-09-15,306.45,307.03,297.29,302.14,40004000,,
2025-09-16,314.06,319.97,302.27,306.65,51923300,,
2025-09-17,307.69,308.66,295.03,301.41,27707900,,
2025-09-18,303.04,303.82,292.00,296.62,24673100,,
2025-09-19,299.00,311.11,297.32,308.66,40776200,,
2025-09-22,309.63,329.50,306.92,328.15,44437500,,
2025-09-23,324.00,325.00,310.05,313.83,35280200,,
2025-09-24,311.86,312.47,300.03,308.46,33765300,,
2025-09-25,295.27,298.75,288.55,291.33,39274900,,
2025-09-26,293.00,294.00,283.00,283.46,25990700,,
2025-09-29,284.60,285.98,279.61,282.76,25778500,,
2025-09-30,283.69,284.00,275.90,281.24,23880800,,
2025-10-01,278.80,289.99,277.88,289.01,23378300,,
2025-10-02,291.80,294.97,286.05,288.78,16215500,,
2025-10-03,289.60,294.64,284.00,286.14,13688400,,
2025-10-06,292.38,296.68,290.80,291.59,14076800,,
2025-10-07,293.22,293.22,271.00,284.24,31723400,,
2025-10-08,285.42,291.53,283.60,288.63,18982100,,
2025-10-09,291.55,300.97,287.26,296.96,26479800,0.5,
2025-10-10,300.28,307.72,292.01,292.96,28895300,,
2025-10-13,298.70,310.70,297.74,308.01,21703700,,
2025-10-14,303.57,304.42,291.98,299.00,17346200,,
2025-10-15,304.90,311.01,298.92,303.62,13698900,,
2025-10-16,305.60,322.54,303.07,313.00,32500900,,
2025-10-17,303.75,304.28,287.50,291.31,37653000,,
2025-10-20,288.95,289.24,275.31,277.18,32810700,,
2025-10-21,278.11,280.30,272.26,275.15,18370800,,
2025-10-22,274.82,277.20,269.25,272.66,16474000,,
2025-10-23,272.96,283.10,272.39,280.07,16872200,,
2025-10-24,285.92,287.19,282.25,283.33,13194900,,
2025-10-27,286.57,287.00,279.81,281.40,13855800,,
2025-10-28,283.00,285.46,280.54,280.83,12448500,,
2025-10-29,281.46,281.62,271.35,275.30,18007100,,
2025-10-30,268.74,269.76,256.28,256.89,27954200,,
2025-10-31,259.51,265.81,256.71,262.61,16898700,,
2025-11-03,265.24,265.62,255.23,257.85,15709200,,
2025-11-04,249.98,255.28,245.19,248.17,19772600,,
2025-11-05,247.91,252.40,247.03,250.31,11991500,,
2025-11-06,247.94,249.07,239.29,243.80,18678300,,
2025-11-07,239.00,240.40,232.35,239.26,20969300,,
2025-11-10,245.95,247.24,237.07,240.83,16698700,,
2025-11-11,236.23,237.45,228.89,236.15,20686600,,
2025-11-12,236.74,236.81,226.17,226.99,24195000,,
2025-11-13,224.99,225.16,215.22,217.57,30009000,,
2025-11-14,210.83,227.05,210.77,222.85,36053800,,
2025-11-17,218.21,222.80,215.56,219.86,16143800,,
2025-11-18,216.21,223.70,214.50,220.49,21098300,,
2025-11-19,219.06,228.15,217.31,225.53,21679500,,
2025-11-20,231.16,234.00,210.30,210.69,27459600,,
2025-11-21,207.08,208.31,193.55,198.76,44834100,,
2025-11-24,196.86,203.82,194.30,200.28,31144700,,
2025-11-25,194.08,199.41,185.63,197.03,29595000,,
2025-11-26,209.50,210.00,202.24,204.96,26544100,,
2025-11-28,199.51,202.34,197.61,201.95,13848500,,
2025-12-01,200.50,203.50,196.70,200.94,13461200,,
2025-12-02,205.14,209.70,200.00,201.10,19664500,,
2025-12-03,200.33,207.92,199.40,207.73,19060500,,
2025-12-04,207.86,215.41,206.32,214.33,23316900,,
2025-12-05,219.00,219.50,213.62,217.58,24208700,,
2025-12-08,221.35,224.75,216.91,220.54,24711200,,
2025-12-09,220.03,222.62,218.28,221.53,17643600,,
2025-12-10,221.80,225.32,217.58,223.01,47928000,,
2025-12-11,190.62,201.99,186.23,198.85,100612700,,
2025-12-12,196.37,197.85,185.98,189.97,55201600,,
2025-12-15,188.29,188.97,181.40,184.92,43897500,,
2025-12-16,184.70,189.80,184.49,188.65,32433500,,
2025-12-17,183.31,186.50,177.07,178.46,50222000,,
2025-12-18,182.72,184.76,178.58,180.03,36297300,,
2025-12-19,188.39,195.12,188.12,191.97,77008600,,
2025-12-22,196.82,198.80,192.83,198.38,27148000,,
2025-12-23,196.43,197.20,192.19,195.34,18301600,,
2025-12-24,195.00,198.28,194.42,197.49,9282700,,
2025-12-26,198.06,200.37,196.11,197.99,11262000,,
2025-12-29,194.16,198.51,192.64,195.38,14748100,,
2025-12-30,196.06,198.38,195.71,197.21,14197400,,
2025-12-31,196.42,197.20,194.73,194.91,10341500,,
2026-01-02,197.47,198.59,194.21,195.71,14540700,,
2026-01-05,198.34,201.69,192.33,192.59,22635500,,
2026-01-06,192.56,194.88,190.70,193.75,16474500,,
2026-01-07,195.30,195.67,192.00,192.84,11171200,,
2026-01-08,190.88,190.95,186.15,189.65,19468500,,
2026-01-09,191.66,200.18,188.78,198.52,26152700,0.5,
2026-01-12,197.60,206.60,197.01,204.68,25428500,,
2026-01-13,205.00,207.80,200.66,202.29,15857400,,
2026-01-14,201.68,201.68,190.81,193.61,22473200,,
2026-01-15,195.01,195.01,189.39,189.85,16418600,,
2026-01-16,189.91,191.87,186.53,191.09,19224700,,
2026-01-20,187.19,187.19,179.36,179.92,29129500,,
2026-01-21,179.68,180.60,170.60,173.88,38190000,,
2026-01-22,179.37,180.16,176.50,178.18,21141900,,
2026-01-23,172.62,179.65,172.00,177.16,23011300,,
2026-01-26,179.10,185.31,178.53,182.44,21100400,,
2026-01-27,179.19,179.72,173.68,174.90,27093700,,
2026-01-28,174.92,181.68,171.86,172.80,35882700,,
2026-01-29,170.15,170.23,161.52,169.01,37254500,,
2026-01-30,168.17,168.90,163.24,164.58,27362400,,
2026-02-02,170.92,171.20,160.00,160.06,47421000,,
2026-02-03,158.26,159.38,151.90,154.67,43260100,,
2026-02-04,153.89,153.94,144.43,146.67,42323400,,
2026-02-05,145.60,146.55,135.25,136.48,42789000,,
2026-02-06,139.75,143.20,138.91,142.82,29962400,,
2026-02-09,148.49,159.75,147.00,156.59,49936500,,
2026-02-10,160.00,165.39,156.96,159.89,40092200,,
2026-02-11,163.66,163.66,154.00,157.16,24538900,,
2026-02-12,157.93,159.04,152.50,156.48,23285400,,
2026-02-13,159.25,162.30,155.29,160.14,18597000,,
2026-02-17,157.98,159.28,152.88,153.97,19610800,,
2026-02-18,154.41,157.30,151.37,156.17,14801100,,
2026-02-19,157.19,160.08,155.77,156.54,14976300,,
2026-02-20,153.30,153.99,147.39,148.08,29621900,,
2026-02-23,145.69,145.80,138.59,141.31,31749800,,
2026-02-24,140.84,146.76,138.73,146.14,21336600,,
2026-02-25,149.16,153.28,147.34,147.89,27303900,,
2026-02-26,148.79,152.50,145.15,150.31,20652200,,
2026-02-27,143.88,146.08,142.10,145.40,36425200,,
2026-03-02,141.62,150.17,141.18,149.25,22418800,,
2026-03-03,144.75,150.93,143.05,149.01,20120800,,
2026-03-04,150.01,153.61,149.10,152.37,17585400,,
2026-03-05,152.59,157.94,150.12,154.79,24094800,,
2026-03-06,152.92,159.19,151.62,152.96,38000600,,
2026-03-09,150.70,152.00,146.43,151.56,31173500,,
2026-03-10,153.62,154.14,148.45,149.40,51544600,,
2026-03-11,166.38,171.76,160.58,163.12,83247500,,
2026-03-12,164.66,167.83,158.61,159.16,37133700,,
2026-03-13,159.05,160.77,154.15,155.11,26350400,,
2026-03-16,156.06,158.74,154.51,155.97,21607700,,
2026-03-17,155.44,158.92,153.50,154.69,23929500,,
2026-03-18,153.40,154.97,152.04,152.90,18051100,,
2026-03-19,150.46,156.92,148.89,155.52,22046100,,
2026-03-20,153.05,153.25,147.95,149.68,37551400,,
2026-03-23,151.42,155.78,150.71,154.34,19927900,,
2026-03-24,153.00,153.90,146.85,147.09,26122100,,
2026-03-25,149.23,149.84,144.60,146.02,20683800,,
2026-03-26,143.89,146.47,142.54,142.81,16961900,,
2026-03-27,140.93,141.69,138.30,139.66,17929600,,
2026-03-30,140.04,141.20,136.95,138.80,20125700,,
2026-03-31,140.30,147.40,139.85,147.11,24492000,,
2026-04-01,149.09,149.65,144.67,145.23,20495900,,
2026-04-02,142.78,146.44,140.30,146.38,14381900,,
2026-04-06,147.44,148.55,143.85,145.54,12556700,,
2026-04-07,143.78,144.57,139.94,143.17,17250400,,
2026-04-08,150.30,151.46,142.90,143.66,23527000,,
2026-04-09,142.20,142.80,136.00,137.86,30407800,0.5,
2026-04-10,137.32,140.17,134.57,138.09,26171800,,
2026-04-13,139.77,155.91,139.72,155.62,49997700,,
2026-04-14,167.93,169.40,161.56,163.00,59779800,,
2026-04-15,166.89,172.56,166.21,169.81,43010800,,
2026-04-16,176.42,180.27,173.80,178.34,46997300,,
2026-04-17,182.93,184.50,173.36,175.06,45282600,,
2026-04-20,176.81,177.76,173.51,177.58,22330900,,
2026-04-21,178.35,185.34,176.01,181.17,39638000,,
2026-04-22,186.18,189.18,182.80,187.50,32448800,,
2026-04-23,180.40,181.89,174.08,176.28,37084200,,
2026-04-24,180.51,180.71,168.80,173.28,33215000,,
2026-04-27,172.58,173.55,167.90,172.96,21616600,,
2026-04-28,162.16,168.70,162.05,165.96,33716500,,
2026-04-29,164.04,164.76,160.65,163.83,20587500,,
2026-04-30,162.02,165.18,160.33,161.39,21016400,,
2026-05-01,166.42,174.30,166.15,171.83,26318000,,
2026-05-04,176.02,183.50,174.26,180.29,33504500,,
2026-05-05,182.13,186.52,179.00,185.35,23497200,,
2026-05-06,186.20,194.29,182.67,194.03,27685500,,
2026-05-07,198.61,200.15,190.80,194.59,31803200,,
2026-05-08,192.58,198.00,190.21,195.95,21158300,,
2026-05-11,192.15,195.68,190.60,193.84,16890600,,
2026-05-12,192.92,192.92,180.87,186.83,22123400,,
2026-05-13,189.03,191.57,185.06,189.76,15789300,,
2026-05-14,188.18,200.71,185.45,195.61,22545000,,
2026-05-15,190.49,196.43,188.90,192.95,15747100,,
2026-05-18,190.00,190.76,183.27,186.61,19114300,,
2026-05-19,186.00,188.72,180.93,181.46,16717700,,
2026-05-20,179.94,188.22,178.80,188.16,16517200,,
2026-05-21,189.01,192.82,187.20,189.77,12119700,,
2026-05-22,191.67,197.00,191.10,192.08,10875800,,
2026-05-26,193.30,195.20,190.56,193.06,12856100,,
2026-05-27,191.48,192.14,187.92,190.96,12126000,,
2026-05-28,194.04,205.00,193.38,203.70,25339900,,
2026-05-29,209.00,226.29,208.01,225.78,41082200,,
2026-06-01,230.50,250.25,224.60,248.15,48390000,,
2026-06-02,242.80,249.00,238.84,244.58,30294800,,
2026-06-03,240.48,240.51,227.61,230.33,23644700,,
2026-06-04,227.00,238.95,224.00,236.34,19993800,,
2026-06-05,229.49,231.44,209.45,213.68,29019900,,
2026-06-08,217.75,219.06,209.33,211.82,17227200,,
2026-06-09,213.91,220.50,197.79,205.81,26040700,,
2026-06-10,198.50,212.48,198.18,201.26,46108300,,
2026-06-11,179.67,184.77,175.28,184.10,63678500,,
2026-06-12,185.01,185.58,179.00,184.13,29562300,,
2026-06-15,187.39,195.32,186.21,192.64,20279900,,
2026-06-16,190.01,195.32,187.66,188.33,16985500,,
2026-06-17,186.16,190.19,182.58,183.53,16616600,,
2026-06-18,183.01,187.99,177.70,184.29,31386100,,
2026-06-22,182.31,184.58,174.40,175.07,22935400,,
2026-06-23,170.23,174.33,164.61,165.16,33327900,,
2026-06-24,162.48,165.75,155.35,157.53,38305000,,
2026-06-25,157.35,157.62,150.36,152.46,36844400,,
2026-06-26,150.26,153.54,148.00,148.53,36532100,,
2026-06-29,153.94,154.50,145.20,147.76,34310300,,
2026-06-30,147.25,149.93,144.48,146.55,35926900,,
2026-07-01,144.49,147.55,142.50,142.50,45964000,,
2026-07-02,143.30,147.06,138.83,140.27,44166700,,
2026-07-06,144.30,145.62,141.16,143.76,36683000,,
2026-07-07,143.72,145.56,137.55,141.60,47200000,,
2026-07-08,139.06,141.84,137.55,140.49,34607300,,
2026-07-09,141.42,149.07,140.94,144.22,35221900,,
2026-07-10,145.65,145.68,139.26,140.64,29843300,0.5,
2026-07-13,139.03,139.65,131.35,131.54,56690300,,
2026-07-14,132.00,132.76,127.60,127.94,52670400,,
2026-07-15,130.56,133.90,128.84,132.49,48520400,,
2026-07-16,131.48,131.78,123.66,124.21,54780900,,
2026-07-17,121.70,128.44,121.50,126.41,39917100,,
2026-07-20,124.27,125.49,120.03,121.38,36793200,,
2026-07-21,122.81,127.42,122.21,127.05,27748100,,
2026-07-22,126.18,128.84,124.70,125.84,21096700,,
2026-07-23,123.96,124.70,119.44,120.04,30900600,,
2026-07-24,122.47,123.08,114.75,114.99,46405700,,
2026-07-27,118.00,121.99,116.80,119.90,36916600,,
2026-07-28,118.18,122.33,114.50,119.96,32665400,,
2026-07-29,119.42,121.92,116.20,117.74,28081800,,
2026-07-30,122.87,128.34,121.58,127.56,41338400,,
2026-07-31,130.07,132.40,125.70,129.87,34438700,,
2026-08-03,131.92,143.07,130.21,141.85,49696900,,
2026-08-04,141.01,148.70,141.01,145.74,43611900,,
