date,open,high,low,close,volume,div,split
2016-08-04,115.30,115.78,115.03,115.67,12835300,,
2016-08-05,116.26,117.04,116.13,116.78,23196600,,
2016-08-08,116.84,116.87,116.28,116.65,12358200,,
2016-08-09,116.74,117.29,116.67,116.92,13276500,,
2016-08-10,116.99,117.02,116.31,116.62,14688400,,
2016-08-11,117.02,117.37,116.78,117.12,12969800,,
2016-08-12,116.92,117.21,116.79,117.20,19379000,,
2016-08-15,117.35,117.97,117.31,117.70,11777800,,
2016-08-16,117.48,117.49,117.03,117.05,14161400,,
2016-08-17,117.08,117.30,116.43,117.26,15980300,,
2016-08-18,117.15,117.46,116.95,117.29,10036300,,
2016-08-19,117.08,117.52,116.76,117.26,18743000,,
2016-08-22,117.09,117.55,116.87,117.35,14500600,,
2016-08-23,117.81,118.01,117.51,117.56,11997900,,
2016-08-24,117.48,117.64,116.41,116.80,17728700,,
2016-08-25,116.50,116.97,116.36,116.61,24266300,,
2016-08-26,116.65,117.54,116.08,116.78,23896000,,
2016-08-29,116.81,117.25,116.79,116.94,11184900,,
2016-08-30,116.75,117.09,116.16,116.56,19843300,,
2016-08-31,116.38,116.56,115.95,116.44,16169800,,
2016-09-01,116.48,116.88,115.91,116.74,20944700,,
2016-09-02,117.32,117.56,116.68,117.12,18088200,,
2016-09-06,117.32,117.85,117.06,117.85,18525200,,
2016-09-07,117.96,118.12,117.47,117.92,17546900,,
2016-09-08,117.57,117.60,116.92,117.23,20125300,,
2016-09-09,116.25,116.51,114.26,114.28,50813300,,
2016-09-12,113.64,116.49,113.63,116.33,39646000,,
2016-09-13,115.75,116.09,114.73,115.29,45863900,,
2016-09-14,115.41,116.47,115.38,115.84,28221800,,
2016-09-15,115.87,117.82,115.86,117.64,38521400,,
2016-09-16,117.22,117.41,116.71,117.29,27596500,0.294,
2016-09-19,117.59,117.95,116.55,116.78,16222900,,
2016-09-20,117.20,117.48,116.80,117.00,18078600,,
2016-09-21,117.50,118.32,116.81,118.15,31546800,,
2016-09-22,118.84,119.22,118.72,119.09,22614400,,
2016-09-23,119.00,119.00,118.16,118.33,22213400,,
2016-09-26,117.66,117.80,117.17,117.34,16403900,,
2016-09-27,117.26,118.56,117.15,118.50,20238400,,
2016-09-28,118.65,118.77,118.09,118.70,14794300,,
2016-09-29,118.50,118.72,117.33,117.84,27207500,,
2016-09-30,118.15,119.07,118.03,118.72,25543200,,
2016-10-03,118.57,118.70,118.09,118.55,19216400,,
2016-10-04,118.90,119.16,117.92,118.37,21239700,,
2016-10-05,118.72,119.17,118.67,118.79,14481300,,
2016-10-06,118.64,118.98,118.15,118.73,11987100,,
2016-10-07,118.84,119.01,117.89,118.47,19984200,,
2016-10-10,119.08,119.48,119.03,119.22,19687300,,
2016-10-11,119.12,119.14,117.00,117.52,27774400,,
2016-10-12,117.63,117.82,117.06,117.42,14267800,,
2016-10-13,116.62,117.32,115.94,117.00,22821000,,
2016-10-14,117.58,118.05,117.07,117.14,21313300,,
2016-10-17,117.04,117.30,116.67,116.82,14182700,,
2016-10-18,118.21,118.41,117.80,117.86,19276700,,
2016-10-19,117.77,118.02,117.64,117.85,13702900,,
2016-10-20,117.73,117.97,117.03,117.71,18132200,,
2016-10-21,117.80,118.22,117.41,118.15,15707800,,
2016-10-24,118.91,119.65,118.89,119.57,19143000,,
2016-10-25,119.64,119.66,119.01,119.19,20341800,,
2016-10-26,118.42,119.03,118.03,118.38,20463700,,
2016-10-27,118.89,118.99,117.67,117.84,19099800,,
2016-10-28,117.50,118.11,116.74,117.10,35369300,,
2016-10-31,117.53,117.53,116.93,116.99,18749400,,
2016-11-01,117.19,117.21,115.10,116.11,23498700,,
2016-11-02,116.03,116.30,114.89,115.18,26960100,,
2016-11-03,114.99,115.37,113.92,114.05,36205200,,
2016-11-04,113.77,114.54,113.45,113.65,26997500,,
2016-11-07,115.49,116.47,115.30,116.35,26591200,,
2016-11-08,116.23,117.64,115.96,117.11,20777900,,
2016-11-09,115.74,117.84,115.60,117.65,70234400,,
2016-11-10,118.22,118.38,114.20,115.75,72825400,,
2016-11-11,115.25,116.05,114.84,115.80,41115200,,
2016-11-14,115.83,115.94,114.03,114.63,35906000,,
2016-11-15,115.50,116.62,115.33,116.22,31796600,,
2016-11-16,115.67,116.99,115.67,116.91,16538100,,
2016-11-17,116.85,117.78,116.61,117.76,20598600,,
2016-11-18,117.90,118.10,117.21,117.32,16428700,,
2016-11-21,117.61,118.65,117.57,118.54,20268500,,
2016-11-22,119.01,119.19,118.61,118.90,18850600,,
2016-11-23,118.51,118.64,117.90,118.42,22926000,,
2016-11-25,118.56,118.85,118.42,118.80,7162800,,
2016-11-28,118.65,119.08,118.41,118.53,13479000,,
2016-11-29,118.64,119.51,118.30,118.94,18553000,,
2016-11-30,119.09,119.13,117.46,117.50,30405300,,
2016-12-01,117.46,117.47,115.29,115.47,39796600,,
2016-12-02,115.54,116.16,115.22,115.70,32876800,,
2016-12-05,116.30,117.06,115.77,116.60,21419700,,
2016-12-06,116.93,117.08,116.39,116.88,27293300,,
2016-12-07,116.64,118.51,116.29,118.36,26622400,,
2016-12-08,118.41,118.87,118.18,118.57,18578400,,
2016-12-09,119.01,119.54,119.00,119.50,21863100,,
2016-12-12,118.97,119.21,118.47,118.96,23259300,,
2016-12-13,119.32,121.11,119.32,120.46,54477900,,
2016-12-14,120.61,121.00,119.86,120.21,28746000,,
2016-12-15,120.37,121.11,120.08,120.40,22762300,,
2016-12-16,120.34,120.58,119.36,119.60,26283900,0.355,
2016-12-19,119.72,120.83,119.55,120.09,21138700,,
2016-12-20,120.47,120.77,120.33,120.55,11461800,,
2016-12-21,120.60,120.68,120.19,120.46,7079300,,
2016-12-22,120.47,120.50,119.65,120.12,16645000,,
2016-12-23,119.92,120.25,119.81,120.20,9007500,,
2016-12-27,120.46,121.52,120.41,120.82,16110600,,
2016-12-28,121.08,121.19,119.80,119.88,17975200,,
2016-12-29,119.85,120.13,119.33,119.71,13267500,,
2016-12-30,119.94,119.95,118.14,118.48,41749000,,
2017-01-03,119.27,119.99,118.89,119.54,22307600,,
2017-01-04,119.67,120.41,119.66,120.19,19749100,,
2017-01-05,120.10,120.95,120.10,120.87,20644300,,
2017-01-06,121.00,122.25,120.69,121.93,24074300,,
2017-01-09,122.03,122.55,121.95,122.33,18909200,,
2017-01-10,122.38,122.97,122.10,122.60,16176600,,
2017-01-11,122.65,122.93,122.02,122.93,20686000,,
2017-01-12,122.49,122.82,121.60,122.74,19622500,,
2017-01-13,122.80,123.37,122.80,123.16,16930800,,
2017-01-17,122.84,123.03,122.43,122.79,14538500,,
2017-01-18,122.97,123.16,122.66,123.04,12499700,,
2017-01-19,123.22,123.65,122.72,122.98,12710700,,
2017-01-20,123.52,123.83,122.92,123.25,22091000,,
2017-01-23,123.17,123.53,122.57,123.35,17434200,,
2017-01-24,123.59,124.37,123.38,124.18,17640900,,
2017-01-25,124.96,125.46,124.85,125.43,15036200,,
2017-01-26,125.60,125.82,125.34,125.56,16052200,,
2017-01-27,125.83,125.92,125.39,125.80,15053000,,
2017-01-30,125.38,125.38,124.13,124.82,25006700,,
2017-01-31,124.38,124.60,123.85,124.57,19091100,,
2017-02-01,125.45,125.68,124.86,125.43,22861900,,
2017-02-02,125.21,125.70,124.86,125.32,15101400,,
2017-02-03,125.45,125.81,125.33,125.68,16957200,,
2017-02-06,125.47,125.85,125.35,125.83,11630100,,
2017-02-07,126.09,126.55,125.97,126.29,17541100,,
2017-02-08,126.12,126.68,125.88,126.50,12569100,,
2017-02-09,126.63,127.24,126.56,126.96,17542700,,
2017-02-10,127.24,127.56,127.02,127.38,13915700,,
2017-02-13,127.77,128.26,127.72,128.10,19120200,,
2017-02-14,128.15,128.54,127.74,128.53,16333500,,
2017-02-15,128.44,129.35,128.37,129.29,17891400,,
2017-02-16,129.37,129.63,128.92,129.25,15098300,,
2017-02-17,129.06,129.82,129.04,129.81,15563700,,
2017-02-21,130.06,130.53,129.99,130.45,18479600,,
2017-02-22,130.33,130.59,130.11,130.50,12110900,,
2017-02-23,130.70,130.70,129.49,130.01,17489000,,
2017-02-24,129.42,130.26,129.38,130.26,18624500,,
2017-02-27,130.02,130.43,129.80,130.42,12008700,,
2017-02-28,130.39,130.45,129.66,130.02,16598600,,
2017-03-01,130.85,131.68,130.60,131.44,25813800,,
2017-03-02,131.41,131.43,130.62,130.78,19951400,,
2017-03-03,130.69,131.06,130.34,131.02,13722700,,
2017-03-06,130.59,130.95,130.21,130.73,12026200,,
2017-03-07,130.47,131.08,130.28,130.51,15500900,,
2017-03-08,130.59,131.15,130.46,130.74,15776000,,
2017-03-09,130.71,131.02,130.14,130.84,20855300,,
2017-03-10,131.44,131.60,130.82,131.39,21922600,,
2017-03-13,131.34,131.64,131.27,131.61,10731600,,
2017-03-14,131.31,131.36,130.76,131.29,14019700,,
2017-03-15,131.56,132.41,131.14,132.10,22709100,,
2017-03-16,132.35,132.35,131.71,132.01,18457300,,
2017-03-17,131.90,132.04,131.62,131.69,21234500,0.274,
2017-03-20,131.65,132.11,131.46,131.81,10105200,,
2017-03-21,132.31,132.43,129.73,129.81,35841900,,
2017-03-22,129.85,130.82,129.68,130.69,29177900,,
2017-03-23,130.52,130.88,130.14,130.36,20311700,,
2017-03-24,130.78,131.29,130.13,130.63,22967600,,
2017-03-27,129.70,131.07,129.40,130.84,18472400,,
2017-03-28,130.84,132.03,130.55,131.64,23721900,,
2017-03-29,131.73,132.30,131.59,132.25,13710000,,
2017-03-30,132.20,132.61,132.08,132.47,16092400,,
2017-03-31,132.28,132.74,132.13,132.38,19841400,,
2017-04-03,132.49,132.81,131.56,132.30,23700300,,
2017-04-04,131.92,132.53,131.87,132.51,13400000,,
2017-04-05,132.70,133.48,131.72,131.97,32011200,,
2017-04-06,132.10,132.39,131.70,132.04,18832200,,
2017-04-07,132.00,132.37,131.50,131.97,16743100,,
2017-04-10,132.10,132.57,131.66,132.02,15619300,,
2017-04-11,131.90,132.10,130.50,131.45,33778400,,
2017-04-12,131.43,131.54,130.78,130.92,15955200,,
2017-04-13,130.74,131.51,130.38,130.40,23683000,,
2017-04-17,130.77,131.50,130.72,131.48,13325500,,
2017-04-18,131.04,131.66,130.95,131.28,12841100,,
2017-04-19,131.85,132.29,131.31,131.49,17764800,,
2017-04-20,132.02,132.88,131.82,132.59,21977900,,
2017-04-21,132.71,132.76,132.22,132.56,22454900,,
2017-04-24,134.03,134.29,133.80,134.16,22469900,,
2017-04-25,134.60,135.37,134.48,135.13,19384400,,
2017-04-26,135.18,135.51,134.86,134.94,25398500,,
2017-04-27,135.27,135.75,135.19,135.75,16136500,,
2017-04-28,136.29,136.34,135.77,135.99,22771900,,
2017-05-01,136.44,137.38,136.38,137.20,24815500,,
2017-05-02,137.37,137.49,137.02,137.43,18345100,,
2017-05-03,137.12,137.17,136.62,136.99,23827600,,
2017-05-04,136.97,137.43,136.56,137.04,14630100,,
2017-05-05,137.39,137.54,136.88,137.54,19330700,,
2017-05-08,137.61,137.84,137.33,137.84,13279900,,
2017-05-09,138.05,138.63,137.93,138.32,28426100,,
2017-05-10,138.40,138.45,137.91,138.40,20499400,,
2017-05-11,138.02,138.33,137.38,138.29,27232100,,
2017-05-12,138.35,138.63,138.23,138.60,19738600,,
2017-05-15,138.66,139.12,138.53,139.04,20481300,,
2017-05-16,139.40,139.64,138.99,139.62,21786000,,
2017-05-17,138.51,138.77,136.05,136.07,55642200,,
2017-05-18,136.02,137.72,135.87,137.26,41319900,,
2017-05-19,137.75,138.42,137.66,137.84,36730100,,
2017-05-22,138.15,139.07,138.10,139.00,19509700,,
2017-05-23,139.41,139.42,138.78,139.14,19687500,,
2017-05-24,139.56,139.85,139.17,139.78,15891900,,
2017-05-25,140.31,141.33,140.01,140.97,23928600,,
2017-05-26,141.00,141.28,140.81,141.22,13851600,,
2017-05-30,141.15,141.51,141.06,141.34,20306400,,
2017-05-31,141.84,141.84,140.57,141.29,33229400,,
2017-06-01,141.58,141.90,140.98,141.84,20120700,,
2017-06-02,142.34,143.49,142.11,143.46,37222900,,
2017-06-05,143.45,143.68,143.23,143.43,15727500,,
2017-06-06,143.26,143.73,142.65,142.86,22393000,,
2017-06-07,143.26,143.54,142.60,143.42,18842400,,
2017-06-08,143.74,143.80,142.79,143.57,25417400,,
2017-06-09,143.74,143.90,138.11,139.98,109783700,,
2017-06-12,138.80,139.48,137.47,139.23,104454000,,
2017-06-13,140.01,140.56,139.28,140.36,51193000,,
2017-06-14,140.93,140.93,138.62,139.75,60093800,,
2017-06-15,138.34,139.28,137.49,139.13,55145200,,
2017-06-16,138.68,138.78,137.64,138.15,48087400,0.378,
2017-06-19,139.49,140.59,139.28,140.46,39626500,,
2017-06-20,140.32,140.50,139.31,139.36,40935100,,
2017-06-21,139.68,140.81,139.59,140.74,35743400,,
2017-06-22,140.96,141.22,140.34,140.70,24099100,,
2017-06-23,140.54,141.42,140.15,141.24,21654300,,
2017-06-26,142.05,142.29,140.27,140.58,34411100,,
2017-06-27,140.05,140.22,138.02,138.03,65957800,,
2017-06-28,138.54,140.14,137.74,140.02,57427200,,
2017-06-29,139.44,139.44,136.25,137.59,88769400,,
2017-06-30,137.98,138.67,137.19,137.64,68898300,,
2017-07-03,138.27,138.43,136.10,136.19,32797000,,
2017-07-05,136.62,137.90,136.16,137.53,42116600,,
2017-07-06,136.48,137.06,135.80,136.29,48430500,,
2017-07-07,136.75,138.13,136.74,137.76,36970400,,
2017-07-10,137.85,138.99,137.50,138.66,24853500,,
2017-07-11,138.46,139.22,137.94,139.05,31517700,,
2017-07-12,140.24,140.86,139.96,140.70,36045800,,
2017-07-13,140.87,141.35,140.60,141.01,31073600,,
2017-07-14,141.64,142.30,141.19,142.12,34544800,,
2017-07-17,142.27,142.69,141.92,142.19,25343200,,
2017-07-18,142.09,143.17,141.64,143.14,25748500,,
2017-07-19,143.56,144.19,143.50,143.98,33752300,,
2017-07-20,144.35,144.44,143.52,144.17,36139400,,
2017-07-21,143.64,144.11,143.35,144.11,39697100,,
2017-07-24,144.09,144.87,143.92,144.77,26712700,,
2017-07-25,144.29,144.74,144.01,144.40,28120900,,
2017-07-26,144.76,144.95,144.53,144.87,18610600,,
2017-07-27,145.82,145.96,142.30,143.96,80665900,,
2017-07-28,143.10,144.08,142.87,143.84,38013200,,
2017-07-31,144.25,144.43,142.92,143.23,33848600,,
2017-08-01,143.72,143.76,143.12,143.56,20149400,,
2017-08-02,144.49,144.52,142.61,143.95,41769700,,
2017-08-03,144.09,144.17,143.13,143.39,27112800,,
2017-08-04,143.71,143.97,143.06,143.65,29472900,,
2017-08-07,143.91,144.56,143.71,144.56,17933900,,
2017-08-08,144.28,145.47,143.90,144.31,30810400,,
2017-08-09,143.12,144.19,142.79,144.12,36169500,,
2017-08-10,143.30,143.40,140.89,141.03,63331700,,
2017-08-11,141.22,142.41,140.90,142.10,45862500,,
2017-08-14,143.23,144.15,143.19,143.93,34161000,,
2017-08-15,144.29,144.30,143.64,144.03,25509200,,
2017-08-16,144.39,144.96,143.80,144.28,31913000,,
2017-08-17,143.72,143.94,141.33,141.33,70191000,,
2017-08-18,141.41,142.20,140.65,141.23,60751900,,
2017-08-21,141.22,141.53,140.18,141.05,37111500,,
2017-08-22,141.81,143.35,141.76,143.20,36294200,,
2017-08-23,142.48,143.01,142.38,142.69,25702300,,
2017-08-24,143.01,143.17,141.47,142.27,38160800,,
2017-08-25,142.82,143.18,141.78,141.97,26380400,,
2017-08-28,142.40,142.74,141.95,142.41,15362100,,
2017-08-29,141.19,143.21,141.06,142.97,24498300,,
2017-08-30,143.09,144.89,143.00,144.65,33642700,,
2017-08-31,145.06,146.21,144.98,146.20,38480700,,
2017-09-01,146.39,146.59,145.61,146.00,22293600,,
2017-09-05,145.57,145.88,143.60,144.69,44794300,,
2017-09-06,145.06,145.46,144.08,145.13,30722700,,
2017-09-07,145.40,145.84,144.94,145.47,22721100,,
2017-09-08,145.28,145.35,144.06,144.21,27890100,,
2017-09-11,145.34,146.12,145.30,145.87,27126300,,
2017-09-12,146.28,146.41,145.53,146.22,30256700,,
2017-09-13,145.97,146.44,145.73,146.42,28450900,,
2017-09-14,145.85,146.29,145.47,145.56,35296400,,
2017-09-15,145.53,146.59,145.29,146.06,46422400,,
2017-09-18,145.91,146.37,145.11,145.55,24858200,0.319,
2017-09-19,145.81,146.01,145.31,145.80,20871200,,
2017-09-20,145.75,145.91,144.23,145.35,34236200,,
2017-09-21,145.25,145.26,143.95,144.46,28841800,,
2017-09-22,144.00,144.53,143.85,144.32,21702400,,
2017-09-25,143.75,143.83,142.10,142.80,54947700,,
2017-09-26,143.53,143.80,142.67,143.17,29628800,,
2017-09-27,143.93,145.00,143.57,144.46,33249400,,
2017-09-28,144.11,144.56,143.78,144.41,24149400,,
2017-09-29,144.70,145.56,144.32,145.45,43102400,,
2017-10-02,145.67,146.17,144.93,145.58,27351300,,
2017-10-03,145.77,146.06,145.45,145.89,19715200,,
2017-10-04,145.61,146.34,145.47,146.03,26381100,,
2017-10-05,146.56,147.54,146.41,147.46,31562400,,
2017-10-06,146.96,147.66,146.96,147.66,23561100,,
2017-10-09,147.85,148.01,147.30,147.49,13704800,,
2017-10-10,147.99,148.14,146.95,147.60,19223100,,
2017-10-11,147.53,148.07,147.34,148.04,12439100,,
2017-10-12,147.82,148.35,147.62,147.77,14513500,,
2017-10-13,148.37,148.51,147.78,148.34,18409900,,
2017-10-16,148.71,148.89,148.39,148.85,21809400,,
2017-10-17,148.80,149.06,148.57,149.04,13138200,,
2017-10-18,149.19,149.21,148.64,148.86,17218200,,
2017-10-19,147.99,148.33,147.27,148.31,27680300,,
2017-10-20,148.91,149.04,148.53,148.71,30173300,,
2017-10-23,149.02,149.03,147.53,147.74,29297100,,
2017-10-24,148.03,148.30,147.44,147.99,20289500,,
2017-10-25,147.70,148.18,146.33,147.43,36179100,,
2017-10-26,147.34,147.71,146.92,146.96,28230200,,
2017-10-27,149.43,151.52,149.20,151.24,60165100,,
2017-10-30,151.13,152.19,150.99,151.58,31733400,,
2017-10-31,152.07,152.37,151.63,152.15,26319300,,
2017-11-01,152.76,152.83,151.50,152.10,29481600,,
2017-11-02,151.93,151.99,150.77,151.81,31017400,,
2017-11-03,152.36,153.29,151.84,153.27,26199200,,
2017-11-06,153.15,153.85,153.10,153.79,28693900,,
2017-11-07,153.67,154.08,153.34,153.88,21333100,,
2017-11-08,153.80,154.54,153.62,154.50,17373500,,
2017-11-09,153.23,153.77,152.11,153.69,40594500,,
2017-11-10,153.33,153.80,153.06,153.68,20150800,,
2017-11-13,153.10,154.07,153.10,153.87,12522400,,
2017-11-14,153.33,153.50,152.57,153.31,25173800,,
2017-11-15,152.65,153.00,151.78,152.59,24808000,,
2017-11-16,153.36,154.89,153.33,154.54,34790600,,
2017-11-17,154.58,154.69,153.80,153.95,28725800,,
2017-11-20,154.06,154.20,153.61,153.83,21143900,,
2017-11-21,154.56,155.57,154.49,155.50,20147800,,
2017-11-22,155.64,155.84,155.34,155.69,17299000,,
2017-11-24,155.85,156.31,155.76,156.26,8280600,,
2017-11-27,156.21,156.56,155.83,156.19,22653400,,
2017-11-28,156.54,156.69,155.70,156.59,25227300,,
2017-11-29,156.41,156.45,153.12,153.86,71986300,,
2017-11-30,154.51,155.45,154.15,155.15,56595500,,
2017-12-01,154.20,155.24,152.26,154.49,59015800,,
2017-12-04,155.46,155.63,152.56,152.71,51319100,,
2017-12-05,152.68,154.55,152.10,152.81,40604200,,
2017-12-06,152.24,153.74,152.06,153.50,28647800,,
2017-12-07,153.49,154.46,153.33,154.02,32666200,,
2017-12-08,155.15,155.53,154.46,154.70,28081700,,
2017-12-11,154.77,155.95,154.76,155.90,20821500,,
2017-12-12,155.83,156.15,155.36,155.69,20310300,,
2017-12-13,156.32,156.49,155.76,155.99,24418500,,
2017-12-14,156.26,156.66,155.71,155.88,24594700,,
2017-12-15,156.49,157.82,156.23,157.65,49816200,,
2017-12-18,158.36,158.77,158.07,158.64,26844500,0.329,
2017-12-19,158.34,158.50,157.26,157.70,31415000,,
2017-12-20,158.25,158.28,156.91,157.53,38972600,,
2017-12-21,157.75,158.25,157.37,157.55,18638700,,
2017-12-22,157.31,157.43,156.95,157.37,23330400,,
2017-12-26,156.49,156.72,155.95,156.52,21918700,,
2017-12-27,156.53,156.96,156.39,156.54,22388200,,
2017-12-28,157.04,157.07,156.54,156.73,25393800,,
2017-12-29,156.87,156.90,155.70,155.76,33186000,,
2018-01-02,156.56,158.53,156.17,158.49,32573300,,
2018-01-03,158.64,160.17,158.61,160.03,29383600,,
2018-01-04,160.58,160.79,160.08,160.31,24776100,,
2018-01-05,161.07,162.03,160.77,161.92,26992300,,
2018-01-08,161.92,162.63,161.86,162.55,23159100,,
2018-01-09,162.87,163.04,162.07,162.56,24782400,,
2018-01-10,161.84,162.21,161.12,162.18,34004000,,
2018-01-11,162.46,163.30,162.21,163.29,20473500,,
2018-01-12,163.15,164.66,162.94,164.49,37762700,,
2018-01-16,165.58,166.42,163.53,164.02,41231800,,
2018-01-17,164.80,166.04,164.00,165.79,33849900,,
2018-01-18,165.53,166.20,165.14,165.82,26432200,,
2018-01-19,166.31,166.61,165.54,166.34,38937600,,
2018-01-22,166.28,168.12,166.09,168.12,26081400,,
2018-01-23,168.64,169.66,168.56,169.51,37989700,,
2018-01-24,169.87,170.24,167.44,168.41,54287400,,
2018-01-25,169.57,169.63,167.81,168.35,28925000,,
2018-01-26,169.29,170.95,168.96,170.93,32038200,,
2018-01-29,170.57,170.91,169.74,170.10,37277800,,
2018-01-30,168.55,169.42,167.82,168.70,44987700,,
2018-01-31,169.65,169.99,168.34,169.40,42449200,,
2018-02-01,168.10,169.73,167.42,167.96,38037900,,
2018-02-02,167.30,167.70,164.47,164.61,68478100,,
2018-02-05,163.07,165.75,158.00,158.12,105372200,,
2018-02-06,155.81,162.51,155.10,162.31,118537900,,
2018-02-07,161.79,163.55,160.20,160.21,91028300,,
2018-02-08,160.62,160.80,153.45,153.45,94184800,,
2018-02-09,155.62,157.24,150.13,156.10,113836600,,
2018-02-12,157.70,159.95,156.46,158.87,63050600,,
2018-02-13,157.96,160.01,157.72,159.69,31785600,,
2018-02-14,158.75,162.93,158.00,162.68,52107400,,
2018-02-15,164.14,165.70,162.44,165.70,51633900,,
2018-02-16,165.16,166.76,164.68,164.96,62256300,,
2018-02-20,164.38,166.68,164.31,165.29,36785600,,
2018-02-21,166.10,167.72,164.72,164.82,41161800,,
2018-02-22,165.54,166.42,164.38,164.80,37074400,,
2018-02-23,166.13,168.17,165.45,168.17,50096900,,
2018-02-26,168.96,170.40,168.82,170.40,39266700,,
2018-02-27,170.45,170.73,168.21,168.29,42209900,,
2018-02-28,169.25,169.80,167.10,167.21,42936300,,
2018-03-01,167.30,168.07,163.00,164.48,76809900,,
2018-03-02,162.50,166.28,161.96,165.99,57445100,,
2018-03-05,165.21,168.26,164.59,167.83,38540200,,
2018-03-06,168.65,169.11,167.48,168.54,29480900,,
2018-03-07,167.25,169.07,166.96,168.93,34609400,,
2018-03-08,169.63,169.98,168.95,169.86,25828400,,
2018-03-09,171.07,173.16,170.82,173.16,38310500,,
2018-03-12,173.67,174.48,173.28,174.08,37635000,,
2018-03-13,174.48,175.21,171.27,171.71,55638900,,
2018-03-14,172.61,172.74,170.93,171.68,40536400,,
2018-03-15,171.80,172.53,170.90,171.53,28810400,,
2018-03-16,171.82,172.20,170.94,171.02,31176700,,
2018-03-19,169.10,169.22,165.64,167.10,71395100,0.277,
2018-03-20,167.17,168.04,166.61,167.65,34075700,,
2018-03-21,167.21,168.76,166.19,166.92,43863500,,
2018-03-22,164.61,165.77,162.59,162.80,66607300,,
2018-03-23,162.61,163.30,158.43,158.51,80110400,,
2018-03-26,161.72,164.60,159.16,164.40,57481500,,
2018-03-27,165.62,165.62,157.68,159.08,78889100,,
2018-03-28,158.17,159.78,156.04,157.25,89369700,,
2018-03-29,158.10,161.71,156.63,160.13,68692600,,
2018-04-02,158.99,159.74,153.88,155.51,85549400,,
2018-04-03,156.87,157.92,154.44,157.26,64090000,,
2018-04-04,154.22,160.23,154.04,159.74,65768700,,
2018-04-05,161.33,161.58,159.48,160.65,43054900,,
2018-04-06,158.88,160.46,155.88,156.63,59870900,,
2018-04-09,157.98,160.88,157.46,157.73,41810400,,
2018-04-10,160.21,161.73,159.07,161.21,48296800,,
2018-04-11,160.20,162.00,160.10,160.28,41622100,,
2018-04-12,161.25,162.77,161.16,162.21,30467900,,
2018-04-13,163.02,163.26,160.67,161.37,44604900,,
2018-04-16,162.50,163.19,161.48,162.60,28180800,,
2018-04-17,164.24,166.46,163.91,166.10,35536100,,
2018-04-18,166.10,167.00,165.31,166.44,29573900,,
2018-04-19,165.60,165.99,164.34,164.91,34705700,,
2018-04-20,164.49,164.61,161.73,162.30,49197100,,
2018-04-23,163.09,163.73,161.02,161.89,33040600,,
2018-04-24,162.66,162.91,157.39,158.46,70256800,,
2018-04-25,158.74,159.31,156.47,158.65,52089300,,
2018-04-26,160.70,162.53,160.18,161.99,43005500,,
2018-04-27,164.37,164.41,161.17,162.09,51043400,,
2018-04-30,162.47,163.48,160.54,160.94,35615300,,
2018-05-01,160.52,162.80,160.14,162.78,36513500,,
2018-05-02,163.06,163.57,161.63,161.82,38646800,,
2018-05-03,161.00,162.40,159.22,161.80,60337100,,
2018-05-04,161.10,165.25,160.98,164.87,41543200,,
2018-05-07,165.64,166.78,165.51,166.24,32500200,,
2018-05-08,165.89,166.43,164.86,166.07,26040200,,
2018-05-09,166.37,168.00,165.78,167.88,29122700,,
2018-05-10,168.42,169.74,168.29,169.62,27067600,,
2018-05-11,169.42,169.86,168.72,169.46,24688800,,
2018-05-14,169.85,170.82,169.47,169.75,21821700,,
2018-05-15,168.41,168.50,166.98,167.87,49361600,,
2018-05-16,168.09,169.37,168.01,168.98,22941200,,
2018-05-17,168.39,169.61,167.51,168.33,27480200,,
2018-05-18,167.68,168.26,167.21,167.46,26217900,,
2018-05-21,168.76,169.50,167.68,168.40,22954600,,
2018-05-22,169.17,169.45,167.88,168.18,19477700,,
2018-05-23,166.90,169.62,166.88,169.60,26557800,,
2018-05-24,169.55,169.85,167.84,169.55,27696500,,
2018-05-25,169.53,170.33,169.21,169.72,27460500,,
2018-05-29,168.95,169.92,167.96,168.97,41220500,,
2018-05-30,169.58,170.48,169.22,170.18,22665800,,
2018-05-31,170.18,171.20,169.63,170.07,35670900,,
2018-06-01,170.92,172.84,170.87,172.74,45543300,,
2018-06-04,173.18,174.34,173.07,174.30,20459600,,
2018-06-05,174.71,175.13,174.07,174.84,24779300,,
2018-06-06,175.02,175.89,174.14,175.86,25036600,,
2018-06-07,175.89,175.93,173.55,174.43,39600300,,
2018-06-08,173.61,174.88,173.18,174.44,31780300,,
2018-06-11,174.31,175.34,174.28,174.91,22319700,,
2018-06-12,175.15,176.00,174.96,175.83,22511800,,
2018-06-13,176.10,177.14,175.43,175.82,37858600,,
2018-06-14,176.63,177.89,176.50,177.60,35916000,,
2018-06-15,176.93,177.33,176.11,176.98,49615700,,
2018-06-18,175.49,176.65,174.94,176.50,31633200,0.378,
2018-06-19,174.27,176.04,173.71,176.00,38236000,,
2018-06-20,176.81,177.98,176.65,177.25,33038000,,
2018-06-21,177.70,177.88,175.37,175.71,43469400,,
2018-06-22,176.30,176.37,174.69,175.32,30073200,,
2018-06-25,173.73,173.99,169.81,171.37,77799700,,
2018-06-26,172.00,173.06,171.37,172.07,39008100,,
2018-06-27,172.80,173.58,169.61,169.73,52843500,,
2018-06-28,169.52,171.77,169.17,171.19,46407700,,
2018-06-29,172.01,172.92,171.40,171.65,36408500,,
2018-07-02,170.04,172.85,169.67,172.80,31770000,,
2018-07-03,173.45,173.45,170.63,170.80,25512700,,
2018-07-05,171.91,173.06,171.03,172.92,31626200,,
2018-07-06,173.32,175.74,173.00,175.61,37005600,,
2018-07-09,176.52,177.23,175.82,177.19,27362100,,
2018-07-10,177.52,177.72,176.71,177.32,23902500,,
2018-07-11,175.93,177.07,175.80,176.42,30280600,,
2018-07-12,177.20,179.46,177.08,179.46,27930100,,
2018-07-13,179.45,179.90,178.95,179.61,28049800,,
2018-07-16,179.65,179.95,178.88,179.18,21405300,,
2018-07-17,177.28,180.65,177.28,180.27,31034100,,
2018-07-18,180.29,180.44,179.38,179.93,23220800,,
2018-07-19,179.28,179.88,178.82,179.03,31094100,,
2018-07-20,179.57,180.17,178.79,178.99,35897300,,
2018-07-23,178.46,179.64,177.74,179.56,22184700,,
2018-07-24,181.41,182.05,179.56,180.30,36900300,,
2018-07-25,180.38,182.93,180.29,182.82,35026600,,
2018-07-26,180.34,180.92,179.81,180.05,40873500,,
2018-07-27,181.19,181.31,176.60,177.62,59456100,,
2018-07-30,177.63,177.73,174.27,175.11,60193000,,
2018-07-31,175.80,177.13,174.82,176.45,47285100,,
2018-08-01,176.86,177.65,176.10,177.12,37101900,,
2018-08-02,175.87,179.74,175.79,179.53,47178200,,
2018-08-03,179.87,180.09,179.08,180.08,28934400,,
2018-08-06,179.96,181.19,179.74,181.14,24808800,,
2018-08-07,181.65,182.14,181.26,181.80,29895700,,
2018-08-08,181.55,182.35,181.06,182.02,22680700,,
2018-08-09,181.91,182.63,181.64,181.91,18852900,,
2018-08-10,180.68,181.22,179.84,180.52,33818500,,
2018-08-13,180.85,182.01,180.24,180.32,26089200,,
2018-08-14,181.01,181.66,180.04,181.45,20913000,,
2018-08-15,180.01,180.58,178.12,179.23,58528000,,
2018-08-16,180.61,180.99,179.47,179.82,27711800,,
2018-08-17,179.35,180.31,178.27,179.86,36092600,,
2018-08-20,180.26,180.33,179.00,179.70,24939000,,
2018-08-21,180.24,181.44,180.13,180.36,26258700,,
2018-08-22,179.98,181.27,179.75,181.06,18042400,,
2018-08-23,180.74,182.05,180.50,180.80,25776200,,
2018-08-24,181.40,182.63,181.36,182.48,23136100,,
2018-08-27,183.40,184.34,183.11,184.34,29343600,,
2018-08-28,184.83,185.02,184.22,184.61,20277000,,
2018-08-29,184.93,186.84,184.86,186.74,29175600,,
2018-08-30,186.38,187.52,185.79,186.41,29315500,,
2018-08-31,186.18,187.18,185.98,186.65,28653200,,
2018-09-04,186.08,186.40,184.85,185.85,29063500,,
2018-09-05,185.52,185.55,182.82,183.45,42623300,,
2018-09-06,183.53,183.75,180.58,181.81,46091400,,
2018-09-07,180.50,182.67,180.44,181.11,46629500,,
2018-09-10,182.15,182.25,180.73,181.72,26132000,,
2018-09-11,180.99,183.42,180.52,183.12,30116500,,
2018-09-12,182.85,182.98,181.01,182.58,36204000,,
2018-09-13,183.72,184.88,183.64,184.53,31133200,,
2018-09-14,184.66,184.95,183.26,183.99,31224100,,
2018-09-17,183.68,183.81,181.17,181.34,33071200,,
2018-09-18,181.49,183.73,181.40,182.84,31877300,,
2018-09-19,182.87,183.30,181.51,182.70,31843400,,
2018-09-20,183.96,184.97,183.52,184.72,33295800,,
2018-09-21,185.22,185.48,183.48,183.71,38605400,,
2018-09-24,182.05,183.96,181.30,183.89,34945600,0.33,
2018-09-25,183.81,184.28,183.18,184.14,25277500,,
2018-09-26,184.30,185.99,183.91,184.27,36210600,,
2018-09-27,185.02,186.49,184.92,185.83,33113300,,
2018-09-28,185.31,186.28,184.97,185.79,28076800,,
2018-10-01,186.87,187.53,185.70,186.17,27371300,,
2018-10-02,186.01,187.18,185.32,185.75,25618600,,
2018-10-03,186.53,186.97,185.66,185.95,29128700,,
2018-10-04,185.20,185.32,181.06,182.38,80557300,,
2018-10-05,182.36,182.97,178.43,180.15,83325600,,
2018-10-08,179.52,180.64,176.93,179.05,66864500,,
2018-10-09,179.18,181.02,178.75,179.63,49097900,,
2018-10-10,178.51,178.62,171.50,171.73,114471100,,
2018-10-11,171.02,173.40,167.81,169.60,143084500,,
2018-10-12,174.17,174.86,170.93,174.32,102078400,,
2018-10-15,173.71,174.04,171.56,172.21,64885300,,
2018-10-16,174.02,177.65,173.70,177.22,71979700,,
2018-10-17,178.08,178.26,175.47,177.29,66987600,,
2018-10-18,176.62,176.68,172.44,173.18,82486200,,
2018-10-19,174.58,176.07,172.39,173.02,82923700,,
2018-10-22,174.06,175.25,172.59,173.91,52909300,,
2018-10-23,170.64,174.13,168.82,173.27,77567000,,
2018-10-24,173.07,173.36,165.04,165.34,102997400,,
2018-10-25,167.91,172.08,167.16,171.06,83481100,,
2018-10-26,165.20,169.96,164.23,166.66,130970900,,
2018-10-29,169.21,169.86,160.09,163.23,111871900,,
2018-10-30,162.75,166.04,162.01,165.92,92584000,,
2018-10-31,168.62,171.25,168.54,169.82,73828600,,
2018-11-01,170.07,172.24,168.78,172.06,52706800,,
2018-11-02,171.53,172.55,168.22,169.38,75966800,,
2018-11-05,169.60,169.66,167.08,168.96,39573500,,
2018-11-06,168.97,171.19,168.72,170.24,34410400,,
2018-11-07,172.28,175.58,171.87,175.58,51169600,,
2018-11-08,174.76,175.30,173.63,174.46,40296500,,
2018-11-09,172.83,173.25,170.16,171.52,50602700,,
2018-11-12,170.32,170.64,166.18,166.33,62578400,,
2018-11-13,167.11,169.48,166.00,166.47,64128100,,
2018-11-14,168.12,168.70,164.25,165.20,75270700,,
2018-11-15,164.90,168.54,163.46,168.09,73254300,,
2018-11-16,166.45,168.31,165.78,167.50,65390700,,
2018-11-19,166.70,166.90,161.54,162.06,67280500,,
2018-11-20,158.37,161.38,157.13,159.16,102652800,,
2018-11-21,161.35,161.97,159.23,160.37,42965800,,
2018-11-23,159.09,160.84,159.09,159.21,23503700,,
2018-11-26,161.44,162.97,160.76,162.89,42012600,,
2018-11-27,162.00,163.85,161.18,163.44,36608100,,
2018-11-28,164.62,168.70,163.47,168.70,70141000,,
2018-11-29,167.99,169.26,166.82,168.15,44885700,,
2018-11-30,168.38,169.47,167.54,169.37,36722800,,
2018-12-03,173.11,173.31,169.51,172.33,50771700,,
2018-12-04,171.43,171.91,165.52,165.72,70594700,,
2018-12-06,162.38,166.91,161.77,166.89,71715500,,
2018-12-07,166.16,167.12,160.86,161.38,80432200,,
2018-12-10,161.08,163.78,159.41,163.07,73960800,,
2018-12-11,165.73,165.77,162.23,163.61,59058300,,
2018-12-12,166.00,167.60,164.96,165.05,53780000,,
2018-12-13,166.13,166.82,164.03,165.10,46378500,,
2018-12-14,163.21,163.81,160.70,161.08,56547400,,
2018-12-17,160.39,161.67,156.17,157.43,74834100,,
2018-12-18,158.65,159.95,157.04,158.42,63642100,,
2018-12-19,158.18,160.72,153.34,154.53,81856500,,
2018-12-20,154.15,155.87,150.39,152.29,99002100,,
2018-12-21,153.05,154.09,146.72,147.57,141129400,,
2018-12-24,146.08,147.98,143.46,143.50,56163300,0.421,
2018-12-26,145.08,152.54,144.09,152.46,98982100,,
2018-12-27,150.37,153.18,147.08,153.05,85824300,,
2018-12-28,154.15,155.59,151.72,152.97,77856600,,
2018-12-31,154.47,154.98,152.71,154.26,53015300,,
2019-01-02,150.99,155.75,150.88,154.88,58576700,,
2019-01-03,152.60,153.26,149.49,149.82,74820200,,
2019-01-04,152.34,157.00,151.74,156.23,74709300,,
2019-01-07,156.62,158.86,156.11,158.09,52059300,,
2019-01-08,159.54,160.11,157.20,159.52,49388700,,
2019-01-09,160.14,161.52,159.47,160.82,46491700,,
2019-01-10,159.60,161.37,158.70,161.28,38943400,,
2019-01-11,160.33,160.86,159.79,160.69,30176600,,
2019-01-14,159.33,159.96,158.59,159.27,30710200,,
2019-01-15,160.00,162.60,159.91,162.38,40874200,,
2019-01-16,162.65,163.78,162.29,162.35,33812200,,
2019-01-17,161.83,164.36,161.57,163.63,39329000,,
2019-01-18,164.78,166.02,163.82,165.25,57183200,,
2019-01-22,164.06,164.14,160.76,161.94,56711700,,
2019-01-23,162.77,163.51,160.32,162.15,38106100,,
2019-01-24,162.68,163.44,162.06,163.20,32417800,,
2019-01-25,164.51,165.65,163.95,165.15,36515900,,
2019-01-28,163.02,163.12,161.75,163.11,33491200,,
2019-01-29,163.20,163.24,160.99,161.57,30784200,,
2019-01-30,163.40,166.28,162.89,165.68,41346500,,
2019-01-31,166.70,168.99,166.47,168.16,37258400,,
2019-02-01,167.33,168.60,166.99,167.45,32143700,,
2019-02-04,167.48,169.53,167.33,169.53,26718800,,
2019-02-05,169.76,171.23,169.69,171.03,28156400,,
2019-02-06,171.07,171.37,169.75,170.52,27970000,,
2019-02-07,169.03,169.45,166.95,168.23,42036200,,
2019-02-08,166.76,168.59,166.57,168.56,29020700,,
2019-02-11,169.17,169.58,167.98,168.40,21434100,,
2019-02-12,169.63,171.14,169.33,170.89,29722100,,
2019-02-13,171.65,172.16,170.82,171.01,26094100,,
2019-02-14,170.40,171.83,169.83,171.22,30326800,,
2019-02-15,172.52,172.56,171.14,171.94,32521700,,
2019-02-19,171.41,172.80,171.38,172.28,19487700,,
2019-02-20,172.40,173.08,171.32,172.25,32593000,,
2019-02-21,171.79,172.26,170.71,171.62,25207400,,
2019-02-22,171.99,173.01,171.90,172.89,27735400,,
2019-02-25,174.21,174.66,173.40,173.52,32608800,,
2019-02-26,173.10,174.25,172.81,173.70,21939700,,
2019-02-27,172.90,173.80,171.76,173.59,25162000,,
2019-02-28,173.05,173.81,172.70,173.19,25085500,,
2019-03-01,174.44,174.65,173.18,174.39,31431200,,
2019-03-04,175.54,175.79,172.47,174.42,38063500,,
2019-03-05,174.55,175.09,173.69,174.55,22319900,,
2019-03-06,174.72,174.75,173.28,173.56,27194600,,
2019-03-07,173.12,173.18,170.79,171.43,39407400,,
2019-03-08,169.51,171.26,169.34,171.17,39303200,,
2019-03-11,171.88,174.85,171.85,174.73,30518400,,
2019-03-12,175.19,176.14,174.77,175.69,33953500,,
2019-03-13,176.60,177.93,176.35,177.01,42426100,,
2019-03-14,177.13,177.34,176.66,176.71,23751500,,
2019-03-15,177.40,178.88,177.28,178.35,38192000,,
2019-03-18,177.95,178.99,177.59,178.45,32935100,0.324,
2019-03-19,179.18,180.00,178.29,179.05,36893300,,
2019-03-20,179.06,180.86,178.24,179.76,50105000,,
2019-03-21,179.22,182.83,179.20,182.57,42428500,,
2019-03-22,181.78,182.27,178.37,178.56,70794500,,
2019-03-25,177.91,178.84,176.93,178.22,46336500,,
2019-03-26,179.60,180.69,178.14,179.05,33248100,,
2019-03-27,179.32,179.72,176.60,177.90,37096700,,
2019-03-28,178.36,178.98,177.24,178.31,30368200,,
2019-03-29,179.69,179.83,178.59,179.66,35205500,,
2019-04-01,181.51,182.26,180.77,182.04,30969500,,
2019-04-02,182.24,182.91,181.78,182.73,22645200,,
2019-04-03,183.76,184.92,183.21,183.78,31633500,,
2019-04-04,183.83,184.50,182.65,183.71,28530800,,
2019-04-05,184.24,184.77,184.02,184.66,25674700,,
2019-04-08,184.36,185.28,183.63,185.13,22697500,,
2019-04-09,184.50,185.11,184.09,184.48,25631900,,
2019-04-10,184.72,185.53,184.52,185.47,24563000,,
2019-04-11,185.78,185.78,184.69,185.03,20654100,,
2019-04-12,185.85,185.95,185.06,185.83,24989100,,
2019-04-15,185.84,186.07,184.62,185.86,21073000,,
2019-04-16,186.54,186.91,185.93,186.50,27195700,,
2019-04-17,187.75,187.93,186.60,187.15,29651600,,
2019-04-18,187.46,187.79,186.29,187.39,28580900,,
2019-04-22,186.57,187.99,186.43,187.92,17936000,,
2019-04-23,188.40,190.54,188.13,190.31,33665600,,
2019-04-24,190.47,190.71,189.65,189.71,24977100,,
2019-04-25,191.13,191.22,189.45,190.48,29517500,,
2019-04-26,190.18,190.69,188.59,190.65,26359500,,
2019-04-29,190.65,191.32,190.34,191.02,21716200,,
2019-04-30,189.48,189.85,188.21,189.54,31495300,,
2019-05-01,190.78,191.32,188.80,188.93,34797100,,
2019-05-02,188.87,189.85,186.87,188.11,44110100,,
2019-05-03,189.67,191.25,189.33,191.11,30386200,,
2019-05-06,187.05,190.20,186.76,189.94,38371800,,
2019-05-07,187.87,188.67,184.51,186.24,58818100,,
2019-05-08,185.63,187.17,184.96,185.77,37165300,,
2019-05-09,183.70,185.41,182.09,184.77,55351700,,
2019-05-10,184.11,185.89,181.03,185.00,58526400,,
2019-05-13,180.29,181.26,178.06,178.58,67185800,,
2019-05-14,179.52,181.63,178.86,180.54,43360600,,
2019-05-15,179.35,183.55,179.31,183.09,40944500,,
2019-05-16,183.17,186.07,182.95,184.93,39281200,,
2019-05-17,183.10,185.58,182.88,183.04,44702300,,
2019-05-20,180.49,181.18,179.34,179.95,38608300,,
2019-05-21,181.50,182.33,180.92,181.83,31613800,,
2019-05-22,180.82,182.07,180.75,181.02,24332600,,
2019-05-23,178.94,179.02,177.14,178.25,45351300,,
2019-05-24,179.21,179.85,177.94,178.16,25903300,,
2019-05-28,178.66,179.66,177.47,177.49,24763800,,
2019-05-29,176.39,177.00,175.09,176.03,42178800,,
2019-05-30,176.50,177.27,175.77,176.77,30354800,,
2019-05-31,174.69,175.29,173.87,173.95,45446200,,
2019-06-03,173.48,173.95,169.27,170.12,75842300,,
2019-06-04,172.03,174.97,171.37,174.91,47797800,,
2019-06-05,176.58,176.61,174.38,176.21,34412700,,
2019-06-06,176.51,178.04,175.73,177.61,29913200,,
2019-06-07,178.56,181.77,178.33,181.04,45888300,,
2019-06-10,182.25,184.85,182.21,183.15,41385300,,
2019-06-11,185.06,185.40,182.78,183.40,41260300,,
2019-06-12,182.90,183.28,182.00,182.34,27758100,,
2019-06-13,183.10,183.87,182.74,183.42,23715800,,
2019-06-14,182.48,183.11,181.94,182.64,22844100,,
2019-06-17,183.04,184.25,182.84,183.74,20379500,,
2019-06-18,185.91,187.72,185.43,186.41,48177300,,
2019-06-19,186.66,187.53,185.57,187.11,31672900,,
2019-06-20,189.72,189.76,187.16,188.85,40922000,,
2019-06-21,188.63,189.77,188.17,188.57,39980400,,
2019-06-24,188.53,188.72,188.06,188.16,19375200,0.416,
2019-06-25,188.03,188.14,184.65,184.93,33921100,,
2019-06-26,186.16,187.33,185.49,185.79,22595700,,
2019-06-27,186.46,186.94,185.99,186.50,19709200,,
2019-06-28,186.95,187.15,186.07,186.74,21179200,,
2019-07-01,190.32,190.57,188.38,189.26,31025600,,
2019-07-02,189.20,190.03,188.66,190.01,18035800,,
2019-07-03,190.49,191.44,190.29,191.44,15792100,,
2019-07-05,190.13,191.40,189.39,191.05,21415600,,
2019-07-08,189.81,189.87,188.93,189.71,17598800,,
2019-07-09,188.81,190.90,188.65,190.66,19193500,,
2019-07-10,191.82,193.09,191.47,192.56,28374500,,
2019-07-11,192.85,193.34,191.81,192.42,23736100,,
2019-07-12,192.63,193.54,192.45,193.53,20211900,,
2019-07-15,193.98,194.19,193.44,194.15,15606100,,
2019-07-16,193.91,194.09,192.56,193.15,20190900,,
2019-07-17,193.15,193.49,192.18,192.20,16765100,,
2019-07-18,191.29,192.79,190.69,192.42,28877000,,
2019-07-19,193.74,193.83,190.81,191.01,29387900,,
2019-07-22,191.44,192.94,191.44,192.53,18954900,,
2019-07-23,193.58,193.81,192.29,193.79,23786700,,
2019-07-24,193.05,195.16,193.03,195.15,20422900,,
2019-07-25,194.49,194.52,192.93,193.30,23434700,,
2019-07-26,194.53,195.55,194.43,195.29,20431200,,
2019-07-29,195.11,195.18,193.39,194.62,20451700,,
2019-07-30,193.13,194.54,192.99,193.78,18705000,,
2019-07-31,194.30,194.43,189.32,191.10,41627500,,
2019-08-01,191.43,194.98,189.23,190.15,63251600,,
2019-08-02,188.72,188.99,186.21,187.35,55214000,,
2019-08-05,183.43,183.51,179.20,180.73,75040000,,
2019-08-06,182.40,183.80,181.07,183.26,41897200,,
2019-08-07,181.27,184.51,179.89,184.25,49990600,,
2019-08-08,185.08,188.32,184.57,188.26,38418100,,
2019-08-09,187.36,188.00,185.03,186.49,33608900,,
2019-08-12,185.34,185.90,183.50,184.35,24642900,,
2019-08-13,184.19,189.68,184.02,188.39,40241900,,
2019-08-14,185.36,185.95,182.42,182.76,51000500,,
2019-08-15,183.00,183.59,181.16,182.55,36685000,,
2019-08-16,184.21,185.95,184.10,185.48,32781400,,
2019-08-19,188.16,188.83,187.50,188.43,22494100,,
2019-08-20,187.96,188.64,186.92,186.97,19902900,,
2019-08-21,188.61,189.23,187.96,188.63,20418500,,
2019-08-22,188.98,189.46,186.54,188.02,24243700,,
2019-08-23,186.74,188.45,181.56,182.07,55372400,,
2019-08-26,184.14,184.87,183.08,184.82,27598900,,
2019-08-27,186.11,186.42,183.71,184.43,28012800,,
2019-08-28,183.83,185.40,182.91,185.09,21792400,,
2019-08-29,187.39,188.46,186.68,187.92,25358900,,
2019-08-30,188.93,188.97,186.41,187.47,26319800,,
2019-09-03,186.22,187.18,185.03,185.65,27964200,,
2019-09-04,187.44,188.49,186.90,188.33,21592100,,
2019-09-05,190.41,192.33,190.34,191.78,33932600,,
2019-09-06,192.10,192.17,191.17,191.59,19487800,,
2019-09-09,192.19,192.27,190.22,191.19,24407600,,
2019-09-10,190.16,190.74,188.91,190.64,23744700,,
2019-09-11,191.00,192.53,190.56,192.43,25063600,,
2019-09-12,193.61,194.71,192.97,193.23,28689900,,
2019-09-13,192.95,193.40,192.29,192.54,27669800,,
2019-09-16,191.30,192.08,191.11,191.68,20319000,,
2019-09-17,191.70,192.60,191.29,192.60,20953400,,
2019-09-18,192.20,192.60,190.11,192.52,29781300,,
2019-09-19,192.86,194.04,192.47,192.84,26039400,,
2019-09-20,193.11,193.31,190.16,190.80,29086100,,
2019-09-23,190.36,191.07,189.72,190.50,22485900,0.384,
2019-09-24,191.37,191.79,187.15,187.97,40820700,,
2019-09-25,187.78,190.58,186.21,190.08,34704900,,
2019-09-26,189.83,190.00,187.98,189.38,26826000,,
2019-09-27,189.73,189.83,185.75,187.03,40773500,,
2019-09-30,187.79,189.11,187.40,188.81,26307700,,
2019-10-01,189.50,190.59,186.96,187.27,32367600,,
2019-10-02,186.00,186.03,183.02,184.05,48544300,,
2019-10-03,184.03,186.21,181.82,186.07,39392500,,
2019-10-04,187.08,189.08,186.88,188.81,31887600,,
2019-10-07,188.27,189.74,187.91,188.24,21216000,,
2019-10-08,187.06,187.86,185.27,185.42,32379300,,
2019-10-09,186.99,188.08,186.43,187.23,20147400,,
2019-10-10,187.28,189.43,187.12,188.68,25177700,,
2019-10-11,190.83,192.63,190.72,191.11,40976700,,
2019-10-14,190.84,191.70,190.65,191.09,14975000,,
2019-10-15,191.68,193.97,191.56,193.52,23234200,,
2019-10-16,192.86,193.53,192.43,193.04,20457100,,
2019-10-17,194.20,194.50,192.81,193.55,19045200,,
2019-10-18,193.20,193.67,190.71,191.69,27700800,,
2019-10-21,192.71,193.52,192.14,193.39,15801200,,
2019-10-22,194.15,194.42,191.79,191.85,22392300,,
2019-10-23,191.46,192.26,191.15,192.22,14828400,,
2019-10-24,193.59,194.21,192.74,194.09,18998500,,
2019-10-25,193.09,195.74,193.05,195.64,21507100,,
2019-10-28,196.55,197.83,196.55,197.57,18818700,,
2019-10-29,197.24,197.54,196.01,196.04,18569700,,
2019-10-30,196.42,197.32,195.29,196.99,21764300,,
2019-10-31,197.56,197.65,195.94,197.08,26801800,,
2019-11-01,197.93,198.88,197.63,198.87,22131900,,
2019-11-04,200.19,200.53,198.87,200.10,19015900,,
2019-11-05,200.35,200.55,199.55,200.21,15048900,,
2019-11-06,199.98,200.00,198.79,199.76,19725500,,
2019-11-07,200.76,201.72,199.85,200.43,17832400,,
2019-11-08,200.07,201.25,199.54,201.23,15258800,,
2019-11-11,200.21,201.04,199.94,200.96,10147600,,
2019-11-12,201.13,202.21,200.82,201.54,14778300,,
2019-11-13,200.84,201.78,200.71,201.59,15774600,,
2019-11-14,200.83,201.56,200.22,201.43,16945400,,
2019-11-15,202.65,202.91,202.00,202.91,18427900,,
2019-11-18,202.59,203.39,201.77,203.07,18365900,,
2019-11-19,203.84,203.84,202.59,203.37,16923300,,
2019-11-20,202.84,203.45,200.62,202.15,36629000,,
2019-11-21,201.93,202.07,201.07,201.70,17883600,,
2019-11-22,202.20,202.32,200.74,201.83,17189600,,
2019-11-25,202.70,204.26,202.67,204.22,17752800,,
2019-11-26,204.35,204.87,204.05,204.61,14780600,,
2019-11-27,205.14,206.05,204.89,206.04,16963100,,
2019-11-29,205.52,205.83,205.00,205.10,9854600,,
2019-12-02,205.11,205.18,201.78,203.00,28007000,,
2019-12-03,200.21,201.49,199.23,201.41,31104100,,
2019-12-04,202.44,202.91,202.14,202.43,15300100,,
2019-12-05,203.15,203.15,201.84,202.83,14962300,,
2019-12-06,204.31,205.15,204.15,205.00,16555300,,
2019-12-09,204.63,205.59,203.98,204.07,13984100,,
2019-12-10,204.17,204.88,203.44,203.90,21799800,,
2019-12-11,204.36,205.19,204.04,204.98,18780800,,
2019-12-12,204.77,207.32,204.49,206.51,32612000,,
2019-12-13,206.40,207.91,205.96,207.19,32519400,,
2019-12-16,208.55,209.53,208.48,209.27,21296600,,
2019-12-17,209.54,209.71,209.04,209.39,15996100,,
2019-12-18,209.57,210.13,209.33,209.55,15443300,,
2019-12-19,209.64,210.93,209.62,210.86,17865900,,
2019-12-20,211.86,212.52,211.27,211.71,27672600,,
2019-12-23,212.00,212.15,211.63,211.81,23774700,0.458,
2019-12-24,212.00,212.09,211.44,211.92,7089000,,
2019-12-26,212.26,213.81,212.23,213.79,17067500,,
2019-12-27,214.54,214.56,213.04,213.61,18134100,,
2019-12-30,213.50,213.63,211.16,212.21,21815500,,
2019-12-31,211.53,212.76,211.20,212.61,18170900,,
2020-01-02,214.40,216.16,213.98,216.16,30969400,,
2020-01-03,213.30,215.47,213.28,214.18,27518900,,
2020-01-06,212.50,215.59,212.24,215.56,21655300,,
2020-01-07,215.64,216.14,214.85,215.53,22139300,,
2020-01-08,215.50,218.14,215.16,217.15,26397300,,
2020-01-09,218.94,219.41,217.71,218.99,23547000,,
2020-01-10,219.85,219.87,218.04,218.43,21898500,,
2020-01-13,219.33,220.98,218.98,220.95,22756900,,
2020-01-14,220.84,221.21,219.74,220.08,24418100,,
2020-01-15,220.20,221.20,219.45,220.17,25742100,,
2020-01-16,221.27,222.32,220.80,222.28,18805000,,
2020-01-17,223.28,223.56,222.12,223.38,24325200,,
2020-01-21,222.76,223.84,222.66,223.28,21146300,,
2020-01-22,224.41,225.15,223.59,223.87,20736400,,
2020-01-23,223.74,224.69,222.70,224.59,26496100,,
2020-01-24,225.64,225.88,221.67,222.70,37436500,,
2020-01-27,217.67,219.28,217.18,218.10,42264400,,
2020-01-28,219.64,221.96,219.06,221.45,26731900,,
2020-01-29,222.68,222.93,220.83,221.81,28924500,,
2020-01-30,220.38,222.70,219.69,222.60,39568100,,
2020-01-31,223.53,223.56,218.29,219.07,52015800,,
2020-02-03,220.14,222.89,219.99,222.38,25408600,,
2020-02-04,225.42,227.86,224.65,227.47,30691200,,
2020-02-05,230.21,230.25,226.85,228.22,38534800,,
2020-02-06,228.79,230.25,227.98,230.19,22467100,,
2020-02-07,229.16,230.44,228.54,229.20,25884900,,
2020-02-10,228.44,231.98,228.38,231.97,21478900,,
2020-02-11,233.25,234.02,231.40,232.01,30198000,,
2020-02-12,233.38,234.38,232.80,234.27,24471300,,
2020-02-13,232.64,234.93,232.36,233.97,22773200,,
2020-02-14,234.34,234.86,233.55,234.64,23438500,,
2020-02-18,233.50,235.17,233.25,234.73,24394500,,
2020-02-19,236.13,237.47,235.85,236.98,22230500,,
2020-02-20,236.46,236.95,231.88,234.78,42604000,,
2020-02-21,233.61,234.01,229.32,230.27,66017200,,
2020-02-24,221.68,224.25,220.26,221.39,84522600,,
2020-02-25,223.25,223.99,214.74,215.37,97743000,,
2020-02-26,216.71,220.28,214.90,216.48,79537700,,
2020-02-27,210.90,216.42,205.50,205.64,121822600,,
2020-02-28,198.64,207.17,198.17,205.80,148173700,,
2020-03-02,208.88,216.57,205.94,216.42,112933900,,
2020-03-03,217.11,219.61,207.62,209.48,131953500,,
2020-03-04,213.32,218.33,211.37,218.22,73086200,,
2020-03-05,212.69,216.36,210.10,211.59,78705500,,
2020-03-06,204.67,209.15,202.91,208.02,89828400,,
2020-03-09,193.48,201.16,192.11,193.57,116424000,,
2020-03-10,201.11,204.30,193.68,204.11,100599200,,
2020-03-11,199.35,200.75,192.73,195.22,89168800,,
2020-03-12,182.09,190.78,176.94,177.32,137820700,,
2020-03-13,187.07,194.48,178.13,192.34,134882000,,
2020-03-16,174.15,184.68,169.16,169.30,92054400,,
2020-03-17,175.47,184.39,169.78,182.14,121257100,,
2020-03-18,171.61,179.22,166.80,176.60,114156300,,
2020-03-19,175.69,183.49,171.63,177.66,120896500,,
2020-03-20,181.74,182.87,170.10,170.70,118983900,,
2020-03-23,170.92,174.21,164.93,170.46,124639800,0.363,
2020-03-24,179.91,183.83,177.95,183.66,94881800,,
2020-03-25,184.42,189.51,179.98,182.30,88754900,,
2020-03-26,183.87,192.72,183.61,191.90,79887600,,
2020-03-27,186.93,190.51,184.66,185.30,58845000,,
2020-03-30,187.06,192.49,186.34,192.04,49356900,,
2020-03-31,191.72,195.25,189.20,190.40,62659300,,
2020-04-01,184.77,187.66,180.86,182.31,53715400,,
2020-04-02,181.24,190.10,180.97,186.01,56465300,,
2020-04-03,185.55,187.07,181.29,183.37,47487600,,
2020-04-06,190.48,197.65,189.19,196.48,64763500,,
2020-04-07,202.37,202.66,196.00,196.40,69904500,,
2020-04-08,198.15,201.17,196.17,200.57,45940400,,
2020-04-09,202.35,203.22,199.03,200.86,68252600,,
2020-04-13,200.00,203.42,198.75,203.03,42853900,,
2020-04-14,207.23,212.50,206.42,211.86,63959600,,
2020-04-15,208.48,211.83,207.12,209.43,47036000,,
2020-04-16,211.69,214.37,209.69,213.25,64657400,,
2020-04-17,216.17,216.51,212.08,215.29,62863200,,
2020-04-20,213.36,215.88,212.57,212.74,38249100,,
2020-04-21,210.60,211.16,203.63,204.89,72932800,,
2020-04-22,209.10,212.35,208.33,210.97,40089100,,
2020-04-23,211.79,214.44,210.10,210.52,43278500,,
2020-04-24,210.97,214.30,209.50,213.84,34231900,,
2020-04-27,216.19,216.63,214.50,215.56,36451700,,
2020-04-28,217.32,217.32,211.21,211.50,46862800,,
2020-04-29,216.19,219.97,215.14,219.00,48716400,,
2020-04-30,219.95,220.04,217.35,218.91,43359500,,
2020-05-01,214.50,216.67,211.68,212.74,48795000,,
2020-05-04,211.46,215.45,211.12,215.22,32841000,,
2020-05-05,217.44,220.14,216.85,217.66,37783100,,
2020-05-06,219.40,221.04,218.11,219.00,36455200,,
2020-05-07,221.82,222.73,220.42,221.82,38624800,,
2020-05-08,223.55,225.00,222.48,224.86,31852300,,
2020-05-11,223.49,227.93,223.25,226.87,35714100,,
2020-05-12,227.49,228.10,222.09,222.12,41054100,,
2020-05-13,222.66,224.61,216.71,219.34,65521200,,
2020-05-14,217.97,221.87,215.99,221.83,51549300,,
2020-05-15,218.78,223.33,218.33,223.27,55747200,,
2020-05-18,226.28,228.68,225.47,227.43,42398100,,
2020-05-19,227.70,229.85,226.71,226.86,36237300,,
2020-05-20,229.50,231.76,229.48,231.39,37417000,,
2020-05-21,231.44,232.14,228.34,228.87,43642900,,
2020-05-22,228.45,229.87,227.50,229.66,28762400,,
2020-05-26,233.36,233.57,228.79,229.04,33055300,,
2020-05-27,228.69,230.41,223.94,230.29,55665600,,
2020-05-28,229.11,233.47,229.05,229.99,42784300,,
2020-05-29,230.38,233.60,228.76,233.36,50691800,,
2020-06-01,232.46,234.45,232.00,234.06,25776000,,
2020-06-02,234.50,235.69,232.01,235.63,33383400,,
2020-06-03,236.26,237.47,235.35,236.69,37228700,,
2020-06-04,236.33,237.79,233.68,235.03,38716100,,
2020-06-05,236.22,240.30,235.63,239.69,47365600,,
2020-06-08,239.54,241.68,237.91,241.55,32937300,,
2020-06-09,240.66,244.18,240.47,243.30,35046300,,
2020-06-10,245.05,247.82,244.51,246.22,58084400,,
2020-06-11,242.16,243.59,233.96,234.02,72919400,,
2020-06-12,239.09,240.40,231.74,235.88,72034800,,
2020-06-15,232.44,239.45,231.47,238.75,45307400,,
2020-06-16,243.78,244.39,239.10,242.85,48890100,,
2020-06-17,244.40,245.50,242.73,243.62,34749300,,
2020-06-18,243.29,244.53,242.49,244.28,30578600,,
2020-06-19,246.73,247.00,242.45,244.24,49422100,,
2020-06-22,243.68,246.87,243.38,246.74,24068700,0.424,
2020-06-23,248.39,251.15,247.82,248.84,32767400,,
2020-06-24,248.06,249.33,242.16,243.71,46032400,,
2020-06-25,243.80,246.34,241.14,246.03,36940800,,
2020-06-26,245.78,245.96,239.68,240.22,52824600,,
2020-06-29,239.97,242.85,237.35,242.84,34377800,,
2020-06-30,242.77,248.16,242.58,247.60,38909200,,
2020-07-01,247.64,251.52,247.08,250.49,34689200,,
2020-07-02,253.02,254.27,251.71,252.19,31956500,,
2020-07-06,255.45,258.93,255.43,258.39,34589000,,
2020-07-07,258.13,260.88,256.30,256.61,36578200,,
2020-07-08,257.98,260.02,256.50,259.99,30426300,,
2020-07-09,261.97,262.87,257.63,262.18,40312900,,
2020-07-10,262.03,264.23,259.26,263.97,32885300,,
2020-07-13,266.91,269.79,257.69,258.54,64108100,,
2020-07-14,255.93,260.79,252.76,260.37,72230500,,
2020-07-15,261.83,262.69,257.49,260.90,54523900,,
2020-07-16,258.02,259.78,255.62,259.12,47594100,,
2020-07-17,259.59,260.31,257.17,259.42,35137900,,
2020-07-20,260.08,267.43,258.79,266.78,40610100,,
2020-07-21,268.40,268.41,263.13,264.00,43243800,,
2020-07-22,264.51,265.89,262.55,264.93,29865500,,
2020-07-23,264.51,265.24,256.55,258.01,51363500,,
2020-07-24,254.04,256.93,251.32,255.56,54054500,,
2020-07-27,257.26,260.52,256.45,260.12,36445700,,
2020-07-28,259.31,259.85,256.51,256.81,31302400,,
2020-07-29,258.40,260.66,257.91,259.77,27556900,,
2020-07-30,257.74,261.71,256.55,261.13,41774500,,
2020-07-31,265.91,265.95,260.85,265.79,53686300,,
2020-08-03,268.00,270.15,267.87,269.38,32081600,,
2020-08-04,268.86,270.48,268.09,270.38,24911300,,
2020-08-05,270.88,271.52,269.96,271.05,21612100,,
2020-08-06,270.85,274.98,270.19,274.64,28048200,,
2020-08-07,274.08,274.88,269.25,271.47,44969400,,
2020-08-10,271.77,271.98,266.67,270.31,35088400,,
2020-08-11,269.11,270.44,264.63,265.19,43104300,,
2020-08-12,267.42,272.84,267.37,271.86,38773400,,
2020-08-13,272.66,274.83,271.51,272.48,31895700,,
2020-08-14,273.12,273.40,270.72,272.16,30799500,,
2020-08-17,273.93,275.84,272.20,275.32,24803000,,
2020-08-18,276.42,278.46,274.91,277.97,23529500,,
2020-08-19,277.93,279.02,275.57,276.10,31999400,,
2020-08-20,275.28,280.43,274.86,279.93,27723400,,
2020-08-21,280.13,282.34,279.46,281.87,34748900,,
2020-08-24,285.25,286.00,281.27,283.63,36418500,,
2020-08-25,282.83,286.06,282.37,285.86,34866600,,
2020-08-26,287.15,292.22,285.83,291.96,42216700,,
2020-08-27,292.97,293.85,288.71,291.05,49482700,,
2020-08-28,292.33,293.18,290.93,292.53,28021000,,
2020-08-31,293.07,296.75,292.62,294.88,36321000,,
2020-09-01,297.62,300.04,295.79,299.92,36216200,,
2020-09-02,303.28,303.50,296.89,302.76,50836800,,
2020-09-03,298.10,298.62,284.41,287.41,110083300,,
2020-09-04,285.56,288.93,271.80,283.58,123959000,,
2020-09-08,272.22,278.22,269.66,269.95,99568600,,
2020-09-09,275.64,280.05,273.00,277.88,64837900,,
2020-09-10,280.94,282.20,270.56,272.34,69667500,,
2020-09-11,274.15,275.22,266.90,270.45,71809000,,
2020-09-14,274.36,277.22,272.96,275.16,38525200,,
2020-09-15,279.03,280.45,275.13,279.06,41849900,,
2020-09-16,279.88,280.36,274.25,274.61,42321000,,
2020-09-17,267.55,274.40,266.68,270.32,81570800,,
2020-09-18,271.79,272.09,262.63,266.87,86251100,,
2020-09-21,262.47,267.65,260.11,267.51,57168600,,
2020-09-22,269.99,273.08,266.54,272.48,41128900,,
2020-09-23,272.15,272.34,263.25,264.16,48837300,,
2020-09-24,261.39,268.70,261.22,265.39,70631700,,
2020-09-25,265.91,272.40,264.30,271.56,55242400,,
2020-09-28,276.58,277.20,271.67,277.20,58438300,,
2020-09-29,276.62,277.71,275.37,275.95,27050000,,
2020-09-30,276.15,281.09,275.87,277.84,49380800,,
2020-10-01,281.79,282.88,279.84,282.25,50020200,,
2020-10-02,276.02,282.24,273.44,274.31,75497400,,
2020-10-05,276.34,280.49,276.23,280.16,28184600,,
2020-10-06,279.45,281.19,274.25,275.16,49704200,,
2020-10-07,277.89,280.74,277.28,279.92,27539700,,
2020-10-08,282.40,282.47,280.31,281.41,25443300,,
2020-10-09,283.11,285.79,282.71,285.71,30201100,,
2020-10-12,290.55,297.46,289.47,294.53,79370700,,
2020-10-13,296.39,297.05,293.11,294.52,64240000,,
2020-10-14,295.35,296.35,290.26,292.06,36949100,,
2020-10-15,287.20,290.71,286.54,290.10,42514200,,
2020-10-16,291.80,293.27,288.15,288.51,40570700,,
2020-10-19,290.49,291.48,282.79,283.80,36756800,,
2020-10-20,284.56,287.62,282.95,284.41,32195400,,
2020-10-21,284.67,287.32,283.69,284.19,29306100,,
2020-10-22,285.05,285.98,280.82,284.18,32196200,,
2020-10-23,284.77,284.91,281.78,284.74,24658500,,
2020-10-26,282.38,285.30,276.76,280.47,38421100,,
2020-10-27,281.50,283.51,280.20,282.66,30559100,,
2020-10-28,278.01,278.64,271.38,271.64,53413500,,
2020-10-29,273.00,279.49,272.52,276.39,43246300,,
2020-10-30,274.34,275.24,267.07,269.38,65838300,,
2020-11-02,271.85,273.52,266.97,269.98,39987400,,
2020-11-03,271.96,276.82,270.84,274.65,43604100,,
2020-11-04,283.59,288.77,281.87,286.91,75728200,,
2020-11-05,293.53,295.39,292.00,294.39,52054200,,
2020-11-06,293.71,295.36,289.83,294.61,40959800,,
2020-11-09,297.65,299.14,288.12,288.59,86537100,,
2020-11-10,285.17,286.66,280.62,283.42,69024900,,
2020-11-11,286.03,290.25,283.38,289.76,36102900,,
2020-11-12,290.76,292.07,287.25,288.40,34414600,,
2020-11-13,290.17,291.57,287.87,290.93,24806900,,
2020-11-16,290.62,293.51,289.99,293.20,30168400,,
2020-11-17,293.40,293.74,291.61,292.27,21843500,,
2020-11-18,291.70,293.37,290.02,290.11,28069600,,
2020-11-19,289.54,292.70,288.85,292.38,22718400,,
2020-11-20,292.30,293.07,290.29,290.38,25907300,,
2020-11-23,291.41,292.75,288.07,290.39,26875600,,
2020-11-24,291.49,294.98,289.63,294.47,24516800,,
2020-11-25,295.57,296.94,294.59,296.28,23326800,,
2020-11-27,298.31,300.17,297.90,299.01,17163100,,
2020-11-30,299.34,299.97,294.78,299.62,27836200,,
2020-12-01,301.97,305.14,300.83,303.46,27521300,,
2020-12-02,302.25,304.20,300.35,303.85,23620000,,
2020-12-03,304.17,305.88,303.53,304.28,22828700,,
2020-12-04,304.33,305.67,303.63,305.52,19332100,,
2020-12-07,305.71,307.63,305.52,307.25,20851000,,
2020-12-08,306.76,308.60,304.95,308.29,18341500,,
2020-12-09,308.07,308.36,300.21,301.31,48839300,,
2020-12-10,299.21,303.68,298.09,302.52,27519500,,
2020-12-11,300.81,301.98,298.47,301.85,26760400,,
2020-12-14,303.08,306.05,303.01,304.04,28804800,,
2020-12-15,306.37,307.29,304.11,307.29,25709000,,
2020-12-16,307.70,309.79,306.62,308.98,25461900,,
2020-12-17,310.63,311.24,309.39,311.00,23730500,,
2020-12-18,311.66,311.98,307.61,310.06,41173400,,
2020-12-21,306.46,309.47,303.60,308.92,37095500,0.561,
2020-12-22,309.85,310.71,306.85,309.76,26176300,,
2020-12-23,309.81,310.18,308.04,308.20,21201300,,
2020-12-24,308.47,310.02,308.39,309.56,16785000,,
2020-12-28,312.25,313.17,310.36,312.68,22497700,,
2020-12-29,314.05,314.69,312.03,312.96,25871900,,
2020-12-30,314.16,314.49,312.33,312.97,18138100,,
2020-12-31,312.87,314.24,311.76,313.74,21611400,,
2021-01-04,315.11,315.29,305.18,309.31,45305900,,
2021-01-05,308.29,312.14,308.29,311.86,29323400,,
2021-01-06,307.00,311.88,305.98,307.54,52809600,,
2021-01-07,310.28,315.84,310.25,314.98,30394800,,
2021-01-08,317.34,319.39,315.08,319.03,33955800,,
2021-01-11,315.98,317.19,313.75,314.42,32746400,,
2021-01-12,314.46,315.58,311.20,313.92,29266800,,
2021-01-13,314.19,316.86,313.57,316.04,22898400,,
2021-01-14,316.50,317.53,313.86,314.35,23500100,,
2021-01-15,314.13,315.12,310.58,311.86,35118700,,
2021-01-19,314.25,316.93,313.12,316.41,24537000,,
2021-01-20,320.14,324.74,316.51,323.77,30728100,,
2021-01-21,325.15,327.13,323.73,326.36,25130600,,
2021-01-22,325.29,326.46,324.71,325.42,21609400,,
2021-01-25,328.91,330.32,321.41,328.11,39080600,,
2021-01-26,328.85,329.76,327.22,328.59,25498100,,
2021-01-27,326.26,326.27,317.36,319.43,55264000,,
2021-01-28,320.67,326.42,320.03,321.32,42836300,,
2021-01-29,319.58,320.72,312.76,314.56,55259000,,
2021-02-01,318.11,323.54,316.02,322.42,35646000,,
2021-02-02,325.48,328.87,325.31,327.68,33930800,,
2021-02-03,329.82,330.20,326.32,326.38,24824500,,
2021-02-04,327.82,330.33,326.46,330.24,22350900,,
2021-02-05,331.22,332.40,329.53,331.36,22732000,,
2021-02-08,333.10,333.74,331.41,333.58,20462800,,
2021-02-09,332.62,334.81,332.61,333.51,17597500,,
2021-02-10,334.99,335.46,329.50,332.75,28068700,,
2021-02-11,334.33,335.00,332.12,334.58,22046100,,
2021-02-12,333.71,336.62,332.63,336.45,20346800,,
2021-02-16,337.27,338.19,334.34,335.54,27080800,,
2021-02-17,332.47,335.66,330.17,333.93,31360300,,
2021-02-18,330.23,333.87,328.36,332.47,32236200,,
2021-02-19,333.86,333.99,329.97,331.02,39157700,,
2021-02-22,326.50,327.80,322.23,322.44,47256900,,
2021-02-23,317.00,323.20,311.00,321.48,97241900,,
2021-02-24,318.74,324.45,315.96,324.13,58206300,,
2021-02-25,321.39,324.03,311.24,312.83,110182600,,
2021-02-26,315.85,319.11,310.88,314.14,104739800,,
2021-03-01,319.27,323.94,317.94,323.59,49164500,,
2021-03-02,324.25,324.33,318.14,318.40,48370000,,
2021-03-03,317.27,318.24,309.10,309.16,86301100,,
2021-03-04,308.78,312.04,300.11,304.10,139131600,,
2021-03-05,306.80,309.61,297.45,308.68,121523700,,
2021-03-08,308.12,310.06,299.51,299.94,88409800,,
2021-03-09,307.47,313.73,306.92,311.77,80391100,,
2021-03-10,316.16,316.47,310.17,310.88,76798100,,
2021-03-11,315.77,319.86,314.85,318.04,53484800,,
2021-03-12,313.86,318.23,311.39,315.46,69315600,,
2021-03-15,315.79,319.00,314.10,318.83,42955700,,
2021-03-16,321.09,324.20,319.10,320.58,54925900,,
2021-03-17,317.45,323.85,315.68,321.90,78258700,,
2021-03-18,316.87,317.88,311.57,312.04,82718100,,
2021-03-19,311.87,314.73,309.66,313.14,78446200,,
2021-03-22,315.21,320.74,315.21,318.61,56194800,0.395,
2021-03-23,319.73,321.09,316.38,317.22,53455400,,
2021-03-24,318.63,318.67,311.72,311.87,64803700,,
2021-03-25,309.97,312.89,307.39,311.33,78729000,,
2021-03-26,311.11,316.33,309.67,316.00,63519600,,
2021-03-29,315.45,316.99,312.47,315.91,54608000,,
2021-03-30,313.89,314.91,311.54,314.32,44635700,,
2021-03-31,316.16,320.74,315.81,319.13,55032500,,
2021-04-01,323.07,324.71,322.81,324.57,55685600,,
2021-04-05,327.13,331.84,326.88,331.05,42172500,,
2021-04-06,330.73,332.83,330.02,330.82,33537200,,
2021-04-07,330.33,332.48,329.37,331.62,32046400,,
2021-04-08,334.56,335.27,333.74,335.08,29940800,,
2021-04-09,333.68,337.32,332.92,337.11,36664900,,
2021-04-12,336.04,337.10,334.73,336.67,25833000,,
2021-04-13,338.24,341.08,338.02,340.60,30374000,,
2021-04-14,340.85,340.98,335.67,336.51,42564300,,
2021-04-15,339.47,342.01,336.22,341.61,36342800,,
2021-04-16,342.15,342.23,340.08,342.01,40860100,,
2021-04-19,340.39,341.58,336.90,338.88,34533100,,
2021-04-20,338.20,339.52,334.38,336.41,38081800,,
2021-04-21,335.09,339.48,333.97,339.29,36598100,,
2021-04-22,338.89,339.90,334.01,335.20,45936100,,
2021-04-23,335.85,340.77,335.85,339.42,36381900,,
2021-04-26,339.67,341.92,338.90,341.63,30812000,,
2021-04-27,341.93,342.15,339.17,340.15,33187200,,
2021-04-28,339.81,340.85,338.33,339.00,33615700,,
2021-04-29,342.37,342.80,336.90,340.22,37708900,,
2021-04-30,337.70,340.26,337.05,337.99,38263400,,
2021-05-03,339.23,340.00,335.73,336.19,29729700,,
2021-05-04,333.56,333.89,326.21,330.14,65147000,,
2021-05-05,332.25,333.14,328.23,329.03,46219300,,
2021-05-06,328.76,331.67,326.45,331.51,46814300,,
2021-05-07,334.37,336.65,331.69,334.20,53324500,,
2021-05-10,332.78,332.96,325.55,325.76,60700500,,
2021-05-11,319.70,326.13,319.02,325.31,71963600,,
2021-05-12,320.23,322.62,316.00,316.89,91164900,,
2021-05-13,319.92,322.40,316.90,319.34,69877800,,
2021-05-14,322.60,327.33,322.08,326.39,44370000,,
2021-05-17,324.63,326.37,321.45,324.41,39395000,,
2021-05-18,325.39,326.65,321.94,322.22,36528500,,
2021-05-19,316.66,322.90,316.30,322.59,66319100,,
2021-05-20,324.12,329.71,323.89,328.83,46466100,,
2021-05-21,330.43,330.86,326.64,327.01,50330400,,
2021-05-24,329.37,333.67,326.90,332.51,32475800,,
2021-05-25,334.07,334.81,331.76,332.97,31280300,,
2021-05-26,333.66,334.61,332.95,334.13,25444900,,
2021-05-27,333.67,334.54,332.67,332.88,27931700,,
2021-05-28,334.12,335.57,333.60,333.93,29927400,,
2021-06-01,335.30,335.79,331.43,332.82,31145400,,
2021-06-02,333.25,334.34,331.70,333.47,22047900,,
2021-06-03,330.55,331.86,328.28,330.00,37057800,,
2021-06-04,331.85,336.06,331.78,335.60,38736500,,
2021-06-07,335.05,336.66,334.34,336.60,32611900,,
2021-06-08,338.40,339.29,335.03,336.76,27282800,,
2021-06-09,338.17,338.97,336.65,336.84,21485300,,
2021-06-10,337.19,340.46,336.73,340.35,33702100,,
2021-06-11,340.36,341.25,339.69,341.24,21222800,,
2021-06-14,341.68,344.52,340.46,344.51,27827700,,
2021-06-15,344.15,344.47,341.52,342.26,35963800,,
2021-06-16,342.74,343.84,337.45,341.01,55399500,,
2021-06-17,339.97,346.38,339.92,345.34,59722700,,
2021-06-18,343.63,344.81,341.86,342.63,55414900,,
2021-06-21,342.43,344.69,340.15,344.36,32992600,0.397,
2021-06-22,344.15,348.03,343.84,347.57,28941600,,
2021-06-23,347.51,348.92,346.88,347.74,27188500,,
2021-06-24,349.73,351.46,349.17,349.89,32581600,,
2021-06-25,350.47,350.72,348.84,349.46,28682800,,
2021-06-28,350.78,353.85,350.72,353.71,39130300,,
2021-06-29,353.53,355.02,352.67,354.99,29426000,,
2021-06-30,354.83,355.23,353.83,354.43,32724000,,
2021-07-01,354.07,355.09,352.68,354.57,29290000,,
2021-07-02,356.52,358.97,356.28,358.64,32727200,,
2021-07-06,359.26,360.48,356.49,360.19,38842400,,
2021-07-07,362.45,362.76,358.94,360.95,35265200,,
2021-07-08,355.74,359.65,354.42,358.77,50890000,,
2021-07-09,358.17,361.50,357.57,361.01,35184500,,
2021-07-12,362.45,362.89,360.83,362.42,25717700,,
2021-07-13,362.03,365.47,361.54,362.42,39723000,,
2021-07-14,364.83,365.49,362.22,363.07,35336400,,
2021-07-15,362.98,363.19,358.46,360.52,53391600,,
2021-07-16,361.40,362.41,357.24,357.60,47262000,,
2021-07-19,354.05,355.18,352.04,354.67,64404600,,
2021-07-20,355.63,360.28,353.80,358.79,42183700,,
2021-07-21,358.35,361.56,358.12,361.56,30259900,,
2021-07-22,361.77,363.96,361.77,363.95,30252200,,
2021-07-23,365.31,368.49,363.92,368.20,31960800,,
2021-07-26,367.49,368.89,366.60,368.49,28438100,,
2021-07-27,368.22,368.22,360.16,364.43,57933100,,
2021-07-28,365.60,367.45,363.24,365.83,42066200,,
2021-07-29,365.25,367.68,365.25,366.48,25672500,,
2021-07-30,362.44,365.17,362.41,364.57,36484600,,
2021-08-02,366.28,366.88,363.87,364.60,27334100,,
2021-08-03,365.28,366.93,362.00,366.81,35558500,,
2021-08-04,366.77,368.32,365.63,367.34,29602200,,
2021-08-05,368.18,369.91,367.45,369.67,21443900,,
2021-08-06,368.37,369.37,366.91,368.05,33332100,,
2021-08-09,368.52,369.27,367.39,368.73,25960200,,
2021-08-10,369.26,369.56,365.62,366.84,35130800,,
2021-08-11,368.14,368.65,364.84,366.21,34249800,,
2021-08-12,365.69,367.90,364.30,367.53,25969200,,
2021-08-13,367.89,369.16,367.38,368.82,19336200,,
2021-08-16,367.67,369.02,363.70,368.98,34856900,,
2021-08-17,366.15,367.15,363.23,365.73,44793900,,
2021-08-18,365.18,366.62,361.87,362.21,38541900,,
2021-08-19,360.22,365.68,359.96,363.96,48499400,,
2021-08-20,365.06,368.14,364.74,367.73,39486000,,
2021-08-23,368.80,373.94,368.79,373.23,34034700,,
2021-08-24,373.84,374.99,373.36,374.37,21732900,,
2021-08-25,374.63,375.39,373.86,374.80,20441900,,
2021-08-26,373.92,374.62,371.97,372.42,29133300,,
2021-08-27,373.07,376.56,372.57,376.04,27104700,,
2021-08-30,376.85,380.76,376.83,380.26,27295700,,
2021-08-31,380.51,380.58,378.36,379.95,29628200,,
2021-09-01,381.04,382.71,380.37,380.58,28138300,,
2021-09-02,381.97,382.31,379.15,380.40,25453400,,
2021-09-03,379.22,381.98,379.20,381.57,24605400,,
2021-09-07,381.68,382.78,380.49,382.11,23970200,,
2021-09-08,381.93,381.93,378.45,380.78,32949200,,
2021-09-09,381.01,382.15,379.22,379.47,29399000,,
2021-09-10,381.23,381.97,376.25,376.59,40249400,,
2021-09-13,378.99,379.43,374.22,376.33,48741800,,
2021-09-14,377.86,378.61,374.28,375.26,41826600,,
2021-09-15,375.73,378.41,373.37,378.05,34097900,,
2021-09-16,376.68,378.90,374.70,378.31,35193100,,
2021-09-17,377.82,377.87,372.76,373.83,60912300,,
2021-09-20,367.46,369.25,360.93,365.70,76203200,0.414,
2021-09-21,367.58,368.81,364.99,366.15,41927500,,
2021-09-22,367.09,371.07,365.96,369.57,46972900,,
2021-09-23,370.76,374.04,370.10,372.98,44652000,,
2021-09-24,370.65,373.76,370.27,373.33,36056800,,
2021-09-27,370.20,371.25,367.73,370.35,43338100,,
2021-09-28,365.67,370.30,359.35,359.87,97701600,,
2021-09-29,361.17,363.37,358.64,359.28,58076600,,
2021-09-30,360.97,362.68,357.10,357.96,61384600,,
2021-10-01,358.60,361.25,354.38,360.18,56375500,,
2021-10-04,358.52,358.86,350.32,352.62,76766000,,
2021-10-05,353.71,359.69,353.48,357.38,47232900,,
2021-10-06,354.08,359.95,353.15,359.67,56806500,,
2021-10-07,362.80,365.69,362.25,362.97,39411200,,
2021-10-08,364.08,364.32,360.61,361.16,41822300,,
2021-10-11,359.58,363.20,358.30,358.39,34847200,,
2021-10-12,359.88,360.33,356.48,357.14,43905100,,
2021-10-13,359.51,360.69,357.43,360.00,40120800,,
2021-10-14,363.69,366.85,363.01,366.63,43433900,,
2021-10-15,367.88,369.06,366.82,368.94,40419900,,
2021-10-18,367.61,372.87,366.99,372.65,34513500,,
2021-10-19,373.75,375.52,372.70,375.47,29091000,,
2021-10-20,375.94,376.57,373.46,374.98,31390300,,
2021-10-21,374.16,377.47,373.85,377.27,25469300,,
2021-10-22,375.98,376.97,372.39,374.10,36275800,,
2021-10-25,375.56,378.87,373.56,377.93,32597800,,
2021-10-26,380.23,382.71,377.91,379.12,47191300,,
2021-10-27,379.58,383.15,379.31,380.00,45760500,,
2021-10-28,381.95,384.48,381.16,384.22,38007000,,
2021-10-29,381.06,386.28,380.70,386.11,37310100,,
2021-11-01,386.56,387.56,384.42,387.43,30765300,,
2021-11-02,386.80,389.54,386.75,389.05,25135300,,
2021-11-03,389.55,393.61,388.48,393.18,33748900,,
2021-11-04,394.48,399.20,393.92,398.22,40265300,,
2021-11-05,400.04,400.99,397.16,398.60,43383800,,
2021-11-08,398.57,399.62,397.40,398.06,29256300,,
2021-11-09,399.16,399.57,393.92,395.32,50490700,,
2021-11-10,392.47,395.36,387.53,389.51,54937400,,
2021-11-11,392.57,392.75,390.24,390.59,32243000,,
2021-11-12,391.77,395.25,390.13,394.70,34730600,,
2021-11-15,395.91,396.24,392.10,394.61,33716900,,
2021-11-16,393.86,397.93,393.66,397.42,27872900,,
2021-11-17,397.75,399.72,396.64,397.63,28703300,,
2021-11-18,399.73,402.27,397.45,401.75,45721500,,
2021-11-19,403.43,405.30,402.58,403.99,45191700,,
2021-11-22,405.57,408.71,399.19,399.30,61715400,,
2021-11-23,398.11,400.23,392.92,397.48,70098700,,
2021-11-24,394.93,399.05,392.54,398.76,46954400,,
2021-11-26,396.11,397.54,389.77,391.20,51533300,,
2021-11-29,395.89,400.73,395.14,399.69,54447100,,
2021-11-30,398.78,401.19,391.75,393.82,81332700,,
2021-12-01,398.28,400.48,386.64,387.12,77766500,,
2021-12-02,385.80,391.74,384.34,389.91,84416600,,
2021-12-03,391.31,392.34,378.90,383.13,105349100,,
2021-12-06,383.63,387.60,379.30,386.20,67588800,,
2021-12-07,393.03,398.46,392.99,397.83,56005300,,
2021-12-08,398.17,399.82,396.22,399.61,39204000,,
2021-12-09,398.35,400.20,393.53,393.73,49973700,,
2021-12-10,396.62,398.28,393.36,398.01,52545800,,
2021-12-13,398.00,398.33,391.88,392.26,50166400,,
2021-12-14,387.30,390.09,383.63,388.20,75199200,,
2021-12-15,387.94,397.42,383.88,397.05,73858000,,
2021-12-16,398.04,398.48,385.21,386.84,82591400,,
2021-12-17,383.33,389.19,381.77,384.91,80492500,,
2021-12-20,379.57,381.50,377.47,380.69,65336800,0.491,
2021-12-21,384.05,389.53,380.20,389.21,48899500,,
2021-12-22,388.91,394.16,388.23,393.95,37042200,,
2021-12-23,394.31,398.43,394.14,396.92,29595500,,
2021-12-27,398.25,403.48,398.22,403.48,32820700,,
2021-12-28,404.40,404.58,400.71,401.61,33113700,,
2021-12-29,401.75,403.05,399.11,401.55,32248500,,
2021-12-30,401.33,403.57,399.75,400.35,23850100,,
2021-12-31,399.66,401.06,397.34,397.85,34752900,,
2022-01-03,399.05,401.94,396.88,401.68,40575900,,
2022-01-04,402.24,402.28,393.29,396.47,58027200,,
2022-01-05,394.74,395.89,384.03,384.29,75739800,,
2022-01-06,382.42,387.35,380.13,384.02,70814300,,
2022-01-07,384.03,385.76,378.04,379.86,72652300,,
2022-01-10,374.82,380.64,369.31,380.11,91770500,,
2022-01-11,379.36,385.99,377.22,385.82,68295700,,
2022-01-12,388.46,390.20,385.01,387.35,54576400,,
2022-01-13,388.77,389.47,376.70,377.66,77994000,,
2022-01-14,375.07,380.35,374.86,380.01,80121200,,
2022-01-18,374.04,376.22,369.77,370.55,75450900,,
2022-01-19,372.15,374.69,366.21,366.48,81791500,,
2022-01-20,369.79,373.87,361.17,361.72,88610700,,
2022-01-21,359.47,362.18,351.40,351.69,143388900,,
2022-01-24,345.91,353.98,334.15,353.30,198685800,,
2022-01-25,346.67,351.03,341.68,345.11,124398400,,
2022-01-26,352.91,356.88,340.78,344.57,146559500,,
2022-01-27,349.40,351.27,340.05,341.10,95255700,,
2022-01-28,343.03,352.02,337.95,351.80,108167900,,
2022-01-31,353.20,363.65,351.52,363.05,94326400,,
2022-02-01,364.43,366.19,359.14,365.52,74433000,,
2022-02-02,369.76,370.10,364.29,368.49,78777100,,
2022-02-03,358.53,361.93,352.46,353.55,95384800,,
2022-02-04,354.08,361.40,351.97,358.01,86318300,,
2022-02-07,358.62,361.05,353.84,355.13,58198100,,
2022-02-08,353.96,360.24,352.80,359.12,64720900,,
2022-02-09,363.76,366.81,362.12,366.73,55766400,,
2022-02-10,359.52,366.49,356.54,358.43,112468500,,
2022-02-11,358.43,360.07,345.80,347.06,101569100,,
2022-02-14,346.49,350.98,343.89,347.49,80254400,,
2022-02-15,352.91,356.37,351.82,356.13,55128800,,
2022-02-16,353.82,357.09,350.71,356.04,58947100,,
2022-02-17,352.74,353.46,345.02,345.45,61801400,,
2022-02-18,346.41,346.81,339.14,341.51,80001500,,
2022-02-22,338.49,344.04,334.35,338.08,85967100,,
2022-02-23,341.32,342.18,329.10,329.42,86215400,,
2022-02-24,318.84,341.04,318.26,340.49,130614100,,
2022-02-25,341.31,345.98,337.39,345.77,78842100,,
2022-02-28,342.51,348.54,341.32,346.80,77515500,,
2022-03-01,345.75,348.08,338.90,341.49,67407000,,
2022-03-02,343.08,348.59,340.24,347.22,70609000,,
2022-03-03,349.93,350.04,340.35,342.26,71089400,,
2022-03-04,339.84,341.31,334.92,337.30,76936300,,
2022-03-07,337.29,338.48,324.65,324.86,89933800,,
2022-03-08,324.05,333.21,319.94,323.35,116153900,,
2022-03-09,331.75,336.38,329.09,334.99,64723400,,
2022-03-10,330.82,332.51,326.71,331.27,69362700,,
2022-03-11,334.32,334.64,323.90,324.40,66228400,,
2022-03-14,323.13,326.59,317.45,318.17,79802600,,
2022-03-15,320.88,328.95,319.23,328.15,76471000,,
2022-03-16,332.17,340.44,328.40,340.32,105243000,,
2022-03-17,338.37,344.50,337.04,344.44,67810000,,
2022-03-18,342.74,351.79,341.55,351.49,85446300,,
2022-03-21,350.20,352.48,345.58,350.08,73799100,0.434,
2022-03-22,350.59,357.85,350.20,356.96,63345900,,
2022-03-23,354.01,357.66,351.77,351.83,70615500,,
2022-03-24,353.80,359.70,351.59,359.65,53555300,,
2022-03-25,359.59,360.67,354.94,359.35,57584200,,
2022-03-28,359.34,365.01,358.07,364.91,56833900,,
2022-03-29,368.90,371.83,366.06,371.19,68073000,,
2022-03-30,369.28,370.98,365.57,367.09,68757700,,
2022-03-31,367.24,367.60,361.68,362.54,67011400,,
2022-04-01,362.81,363.61,358.59,361.85,54527800,,
2022-04-04,362.71,369.31,362.44,369.30,45950200,,
2022-04-05,367.81,368.54,359.93,361.10,62738700,,
2022-04-06,355.65,356.78,350.56,353.26,90077100,,
2022-04-07,352.24,356.35,348.69,354.10,63777400,,
2022-04-08,352.32,353.09,348.50,349.15,61956100,,
2022-04-11,344.81,345.75,340.54,340.89,66107400,,
2022-04-12,345.76,347.69,338.04,339.45,72790200,,
2022-04-13,339.80,347.43,339.06,346.35,61367800,,
2022-04-14,346.44,346.97,338.21,338.43,73519400,,
2022-04-18,337.35,341.04,335.79,338.69,58560600,,
2022-04-19,338.03,346.85,336.98,346.26,56515700,,
2022-04-20,347.09,347.56,339.96,341.21,65500000,,
2022-04-21,345.19,347.87,333.20,334.15,75801000,,
2022-04-22,334.31,335.56,324.96,325.40,82562100,,
2022-04-25,323.73,329.90,322.43,329.58,101755900,,
2022-04-26,327.47,327.66,316.86,317.14,105819600,,
2022-04-27,317.24,322.88,315.00,316.76,111204200,,
2022-04-28,321.85,329.89,317.52,328.01,99450000,,
2022-04-29,323.70,327.23,312.60,313.25,91977900,,
2022-05-02,312.83,318.72,309.65,318.48,115511800,,
2022-05-03,318.50,321.17,315.98,318.82,78185500,,
2022-05-04,319.31,330.29,313.89,329.60,116083400,,
2022-05-05,325.17,325.25,309.62,313.00,154607400,,
2022-05-06,310.95,315.09,305.11,309.25,139572800,,
2022-05-09,303.48,309.35,295.72,297.15,113387300,,
2022-05-10,304.51,305.76,296.57,300.76,124124600,,
2022-05-11,298.44,304.09,290.95,291.84,140326100,,
2022-05-12,287.45,295.75,284.94,291.15,120910900,,
2022-05-13,295.72,303.00,294.08,301.94,83684900,,
2022-05-16,300.15,302.26,297.13,298.44,59190400,,
2022-05-17,304.45,306.56,300.55,306.17,62715300,,
2022-05-18,301.54,302.25,289.85,291.14,79477100,,
2022-05-19,289.29,294.39,287.58,289.58,79920700,,
2022-05-20,293.13,293.80,280.21,288.68,91764200,,
2022-05-23,289.75,293.87,287.29,293.48,63648400,,
2022-05-24,288.13,288.86,282.25,287.24,73491100,,
2022-05-25,285.71,293.39,285.50,291.26,67144500,,
2022-05-26,290.44,300.92,290.15,299.33,59462200,,
2022-05-27,302.54,309.25,302.42,309.10,66985600,,
2022-05-31,309.07,311.33,304.33,308.28,60968300,,
2022-06-01,310.47,312.65,303.73,306.00,65341700,,
2022-06-02,304.85,314.56,303.40,314.38,59291300,,
2022-06-03,309.03,310.47,304.92,306.20,60914700,,
2022-06-06,310.75,312.35,305.62,307.22,51785000,,
2022-06-07,303.81,310.67,302.69,309.87,44900300,,
2022-06-08,309.05,311.72,306.77,307.64,38342100,,
2022-06-09,305.91,309.05,299.23,299.40,55900500,,
2022-06-10,293.65,294.87,288.38,288.84,85963500,,
2022-06-13,279.75,282.34,274.53,275.41,94442000,,
2022-06-14,277.66,278.66,273.34,275.91,64697500,,
2022-06-15,279.42,286.83,276.61,282.80,86051400,,
2022-06-16,275.59,276.06,269.28,271.39,81910300,,
2022-06-17,272.18,277.19,270.51,274.69,82703400,,
2022-06-21,278.75,283.45,278.64,281.08,51633700,0.527,
2022-06-22,278.52,285.18,277.91,280.67,67472900,,
2022-06-23,283.21,285.72,280.31,284.85,57457800,,
2022-06-24,287.74,295.04,287.50,294.61,58422300,,
2022-06-27,296.00,296.58,291.29,292.45,54151500,,
2022-06-28,293.00,295.65,283.35,283.54,61609800,,
2022-06-29,283.40,285.34,280.84,283.80,57302700,,
2022-06-30,280.75,283.94,275.78,280.28,79313600,,
2022-07-01,278.95,282.53,277.03,282.13,56675100,,
2022-07-05,278.31,287.08,276.75,286.96,61829300,,
2022-07-06,287.35,290.95,285.59,288.80,63194700,,
2022-07-07,289.63,295.70,289.63,294.98,56620100,,
2022-07-08,292.08,296.75,291.12,295.35,59895500,,
2022-07-11,292.88,293.11,288.14,289.04,55273900,,
2022-07-12,290.32,292.28,284.61,286.24,55797100,,
2022-07-13,280.60,288.05,280.02,285.65,73939400,,
2022-07-14,282.99,287.56,279.80,286.67,63741800,,
2022-07-15,289.73,291.98,288.08,291.87,63818100,,
2022-07-18,294.72,296.16,288.20,289.40,59519600,,
2022-07-19,293.11,298.60,291.47,298.30,55172600,,
2022-07-20,298.73,304.24,297.93,303.03,67769400,,
2022-07-21,303.50,307.44,300.78,307.38,55049400,,
2022-07-22,306.43,308.55,300.12,301.99,57127700,,
2022-07-25,302.02,302.50,298.22,300.27,40582400,,
2022-07-26,298.53,298.79,293.54,294.37,50074100,,
2022-07-27,299.04,308.54,298.46,306.81,69304400,,
2022-07-28,306.59,310.40,302.75,309.81,55139900,,
2022-07-29,311.39,316.39,309.93,315.46,57501000,,
2022-08-01,313.65,318.81,312.53,315.27,46358800,,
2022-08-02,312.92,318.55,311.84,314.33,48676500,,
2022-08-03,316.05,323.73,315.99,322.89,53735700,,
2022-08-04,322.97,324.72,320.77,324.40,38973700,,
2022-08-05,319.19,323.83,318.39,321.75,53894000,,
2022-08-08,322.69,326.47,319.21,320.71,43878500,,
2022-08-09,318.77,319.03,315.42,317.08,39764200,,
2022-08-10,324.59,326.23,322.06,325.93,51459600,,
2022-08-11,328.31,330.36,323.36,324.08,45897700,,
2022-08-12,326.18,330.59,325.10,330.39,40928400,,
2022-08-15,329.42,333.57,329.40,333.06,38266600,,
2022-08-16,332.06,334.42,329.16,332.28,41186900,,
2022-08-17,329.07,331.43,326.36,328.49,47842200,,
2022-08-18,328.44,330.49,326.79,329.28,41937200,,
2022-08-19,326.17,326.84,322.08,322.86,51770600,,
2022-08-22,318.50,318.74,313.53,314.36,51098900,,
2022-08-23,314.12,317.00,313.33,314.10,39497100,,
2022-08-24,313.61,316.87,312.99,315.01,38057100,,
2022-08-25,316.83,320.60,315.76,320.58,38098300,,
2022-08-26,320.28,321.51,307.35,307.44,69047700,,
2022-08-29,304.62,307.22,303.28,304.41,48321900,,
2022-08-30,306.10,306.73,298.44,301.02,51184500,,
2022-08-31,303.99,304.91,299.16,299.27,50044000,,
2022-09-01,296.72,299.78,292.95,299.40,57990700,,
2022-09-02,302.34,303.75,293.52,295.17,64666800,,
2022-09-06,295.66,296.60,290.87,293.05,57005400,,
2022-09-07,293.54,299.99,293.27,298.97,49260400,,
2022-09-08,296.85,301.87,295.45,300.52,55649800,,
2022-09-09,302.83,307.60,300.52,307.09,56125200,,
2022-09-12,308.50,311.08,308.18,310.74,45905700,,
2022-09-13,301.80,303.02,292.79,293.70,79562200,,
2022-09-14,294.87,296.93,293.06,296.03,54907200,,
2022-09-15,294.07,296.53,289.46,291.10,65299400,,
2022-09-16,287.72,289.72,285.62,289.32,79920400,,
2022-09-19,286.10,291.21,286.04,291.05,52613800,0.519,
2022-09-20,288.49,291.07,286.38,288.73,51271100,,
2022-09-21,289.59,293.95,283.42,283.56,82931000,,
2022-09-22,282.00,283.03,278.82,280.07,62757100,,
2022-09-23,277.55,277.85,272.02,275.51,74815200,,
2022-09-26,275.03,279.49,273.56,274.37,71176700,,
2022-09-27,277.81,280.21,272.11,274.48,69780100,,
2022-09-28,274.46,281.25,272.95,279.94,79652100,,
2022-09-29,275.86,276.25,268.84,271.87,81216000,,
2022-09-30,271.03,275.19,267.10,267.26,78482400,,
2022-10-03,269.07,275.16,267.53,273.53,61267400,,
2022-10-04,278.99,282.85,278.99,282.13,66696900,,
2022-10-05,278.28,283.81,275.42,281.98,55766300,,
2022-10-06,280.96,284.18,279.43,279.76,53489400,,
2022-10-07,275.02,275.15,267.74,269.10,71354700,,
2022-10-10,269.30,269.70,263.64,266.41,60393000,,
2022-10-11,264.70,267.63,261.03,262.75,66522500,,
2022-10-12,263.40,265.36,261.95,262.66,50580200,,
2022-10-13,255.16,270.17,254.26,268.82,112894100,,
2022-10-14,271.20,271.81,260.14,260.74,77244300,,
2022-10-17,266.84,270.24,266.74,269.35,64576500,,
2022-10-18,276.53,277.21,268.74,271.48,69781000,,
2022-10-19,269.93,273.68,268.07,270.49,53115400,,
2022-10-20,269.58,274.84,267.92,269.11,60605500,,
2022-10-21,267.98,275.97,266.82,275.42,77897700,,
2022-10-24,275.69,279.40,271.97,278.45,63963600,,
2022-10-25,279.41,284.60,277.90,284.21,59014500,,
2022-10-26,278.46,283.98,277.43,277.93,63492400,,
2022-10-27,276.79,278.28,272.34,272.87,57760300,,
2022-10-28,272.23,281.70,272.06,281.22,62651300,,
2022-10-31,278.92,279.76,275.99,277.95,47742000,,
2022-11-01,281.50,282.07,274.74,275.11,45895900,,
2022-11-02,275.08,278.21,265.61,265.68,79803100,,
2022-11-03,263.01,264.50,260.10,260.49,70038900,,
2022-11-04,265.53,266.61,259.08,264.68,78313200,,
2022-11-07,265.75,268.14,263.57,267.59,47333800,,
2022-11-08,269.14,272.85,265.52,269.54,63213800,,
2022-11-09,267.76,268.56,263.03,263.32,64862100,,
2022-11-10,276.01,283.05,273.85,282.75,99256700,,
2022-11-11,282.56,288.64,281.19,287.96,66961800,,
2022-11-14,285.86,289.21,284.44,285.44,55290700,,
2022-11-15,292.21,293.26,285.97,289.39,73985400,,
2022-11-16,287.39,289.48,284.60,285.44,48859800,,
2022-11-17,280.88,286.32,280.72,284.81,55462100,,
2022-11-18,287.89,287.99,282.32,284.82,53588600,,
2022-11-21,283.40,284.58,281.04,281.89,40083500,,
2022-11-22,282.64,286.11,280.46,285.95,41873400,,
2022-11-23,285.97,289.46,285.79,288.82,46390000,,
2022-11-25,287.19,287.91,286.42,286.92,15498800,,
2022-11-28,284.90,286.96,281.76,282.71,38714200,,
2022-11-29,282.94,283.35,279.17,280.57,35618900,,
2022-11-30,280.84,293.47,279.97,293.36,74718100,,
2022-12-01,293.69,295.75,290.88,293.72,51547300,,
2022-12-02,288.54,293.45,288.36,292.55,53583200,,
2022-12-05,290.38,291.68,286.15,287.64,41482100,,
2022-12-06,287.48,287.62,280.26,281.68,53937600,,
2022-12-07,280.47,282.57,278.78,280.53,45614300,,
2022-12-08,281.91,284.84,279.79,283.85,42594900,,
2022-12-09,282.81,285.64,281.59,282.04,47860500,,
2022-12-12,282.22,285.64,281.16,285.58,35732500,,
2022-12-13,296.65,296.88,285.91,288.65,80667700,,
2022-12-14,288.05,291.41,283.19,286.51,64984400,,
2022-12-15,282.33,283.01,275.67,276.89,60554100,,
2022-12-16,276.20,277.77,272.61,274.25,68300400,,
2022-12-19,273.87,273.96,268.49,269.75,44167900,0.655,
2022-12-20,268.56,271.32,266.95,269.54,51064200,,
2022-12-21,270.60,274.78,269.74,273.45,46394700,,
2022-12-22,270.38,270.51,262.46,266.76,60278400,,
2022-12-23,265.47,268.04,263.53,267.36,39373600,,
2022-12-27,266.74,266.85,263.03,263.58,38009000,,
2022-12-28,263.17,265.47,259.73,260.10,47139000,,
2022-12-29,262.96,267.40,262.25,266.44,45893600,,
2022-12-30,263.62,266.41,262.29,266.28,37858300,,
2023-01-03,268.65,270.15,262.13,264.48,42335300,,
2023-01-04,266.64,267.45,262.53,265.74,47754900,,
2023-01-05,264.04,264.21,261.26,261.58,45396700,,
2023-01-06,263.35,269.94,260.34,268.80,54659700,,
2023-01-09,270.83,275.29,269.92,270.54,45568700,,
2023-01-10,269.49,272.94,268.97,272.83,35247800,,
2023-01-11,273.92,277.66,273.12,277.55,44077000,,
2023-01-12,278.12,280.10,273.74,279.05,60600000,,
2023-01-13,276.50,281.22,276.16,280.97,44802900,,
2023-01-17,280.77,282.85,279.58,281.54,36269700,,
2023-01-18,283.11,284.69,277.67,277.88,47754500,,
2023-01-19,276.22,277.38,273.89,275.15,44150400,,
2023-01-20,276.79,283.02,275.71,282.68,60613600,,
2023-01-23,283.54,290.21,282.73,288.96,52799900,,
2023-01-24,287.31,289.55,286.78,288.37,44875100,,
2023-01-25,283.77,288.36,281.18,287.73,50872000,,
2023-01-26,291.22,293.52,288.52,293.34,51596300,,
2023-01-27,292.00,298.26,291.88,296.26,56441900,,
2023-01-30,292.93,294.38,289.89,290.27,49405800,,
2023-01-31,290.31,294.72,290.20,294.62,46705100,,
2023-02-01,294.41,303.43,292.30,300.92,67562200,,
2023-02-02,307.57,313.68,306.73,311.72,83070600,,
2023-02-03,304.94,312.39,304.54,306.18,76170800,,
2023-02-06,303.51,305.91,302.22,303.59,40802300,,
2023-02-07,303.46,311.03,302.32,309.88,67584000,,
2023-02-08,308.54,309.50,303.67,304.37,56720900,,
2023-02-09,308.84,308.99,300.20,301.68,49137800,,
2023-02-10,299.48,301.57,297.25,299.70,50050100,,
2023-02-13,301.13,305.10,299.93,304.50,39636700,,
2023-02-14,302.89,307.72,300.91,306.75,64079100,,
2023-02-15,304.90,309.27,304.20,309.10,43100600,,
2023-02-16,304.38,308.43,303.15,303.30,59498600,,
2023-02-17,301.07,301.93,298.10,301.16,58230700,,
2023-02-21,297.26,298.73,293.89,294.03,46526700,,
2023-02-22,294.62,296.36,292.56,294.25,51389200,,
2023-02-23,297.97,298.13,292.55,296.82,69294400,,
2023-02-24,291.76,292.97,290.05,291.85,74332000,,
2023-02-27,295.07,296.49,293.34,293.94,48995000,,
2023-02-28,293.30,296.12,292.96,293.56,48243100,,
2023-03-01,293.26,293.93,290.20,291.20,58287000,,
2023-03-02,288.66,294.43,288.37,293.61,53565900,,
2023-03-03,295.39,299.92,294.87,299.68,60511500,,
2023-03-06,300.94,304.00,299.82,300.02,56736300,,
2023-03-07,300.07,301.01,295.72,296.34,65955800,,
2023-03-08,296.77,298.43,294.88,297.82,50876300,,
2023-03-09,298.33,300.98,291.83,292.66,71456700,,
2023-03-10,292.83,294.35,287.38,288.55,98593600,,
2023-03-13,286.73,294.47,285.19,290.69,97123600,,
2023-03-14,294.31,297.93,293.45,297.37,73602500,,
2023-03-15,294.71,299.27,293.24,298.93,83631500,,
2023-03-16,298.00,307.18,297.19,306.81,98198100,,
2023-03-17,306.72,309.15,303.37,305.36,89923700,,
2023-03-20,304.26,306.30,302.01,305.97,56359500,0.472,
2023-03-21,307.94,310.80,306.40,310.34,49757000,,
2023-03-22,310.27,315.25,305.95,306.12,75791900,,
2023-03-23,309.92,314.15,307.01,309.75,74576000,,
2023-03-24,309.32,310.99,306.95,310.89,57195200,,
2023-03-27,311.60,312.70,307.89,308.76,50287400,,
2023-03-28,308.17,308.20,304.77,307.12,48585900,,
2023-03-29,310.88,313.35,310.05,312.72,53274300,,
2023-03-30,315.24,316.32,312.81,315.68,58354800,,
2023-03-31,315.91,321.17,315.60,320.93,62138100,,
2023-04-03,318.77,320.42,317.42,320.15,47126800,,
2023-04-04,320.60,321.63,317.83,319.07,45875400,,
2023-04-05,318.10,319.06,314.07,315.92,62795700,,
2023-04-06,314.24,318.55,312.82,318.05,46916500,,
2023-04-10,315.07,317.92,313.25,317.87,45134700,,
2023-04-11,317.83,317.89,315.31,315.83,40113600,,
2023-04-12,317.82,318.42,312.57,313.04,62813300,,
2023-04-13,314.83,319.65,313.63,319.17,54613800,,
2023-04-14,317.59,320.36,315.61,318.57,56278300,,
2023-04-17,318.15,319.20,316.04,318.84,43007000,,
2023-04-18,320.99,321.42,317.64,318.86,46746900,,
2023-04-19,316.41,319.79,316.28,318.71,38960100,,
2023-04-20,315.69,319.27,314.97,316.28,62462100,,
2023-04-21,315.91,317.40,314.10,316.61,59002300,,
2023-04-24,316.38,317.74,313.74,315.95,44043100,,
2023-04-25,314.29,314.97,309.89,309.99,57121600,,
2023-04-26,313.44,314.94,311.34,311.87,55400500,,
2023-04-27,315.70,320.86,315.05,320.35,65430400,,
2023-04-28,320.11,322.65,318.96,322.56,59712600,,
2023-05-01,322.09,323.63,321.09,322.19,41013400,,
2023-05-02,322.12,322.45,317.61,319.38,56519400,,
2023-05-03,319.75,322.47,317.18,317.29,59882100,,
2023-05-04,317.06,318.23,315.12,316.17,50224500,,
2023-05-05,318.47,323.76,316.21,322.89,51806100,,
2023-05-08,322.42,324.04,321.32,323.69,36465800,,
2023-05-09,322.00,322.88,321.32,321.64,31768800,,
2023-05-10,324.12,326.01,321.60,325.14,60446600,,
2023-05-11,325.70,326.75,324.12,326.20,44278500,,
2023-05-12,326.74,327.17,322.94,325.03,48432800,,
2023-05-15,325.51,327.03,323.96,326.79,33375600,,
2023-05-16,326.06,328.90,326.02,327.16,40019200,,
2023-05-17,328.24,331.71,327.04,331.12,47486100,,
2023-05-18,331.52,337.49,331.50,337.27,64213500,,
2023-05-19,337.49,338.21,335.43,336.51,61554900,,
2023-05-22,336.25,338.67,336.24,337.64,43015900,,
2023-05-23,335.89,337.06,333.00,333.36,48216700,,
2023-05-24,331.37,332.91,329.56,331.65,62891200,,
2023-05-25,339.14,341.01,336.67,339.72,66862800,,
2023-05-26,340.76,349.25,340.66,348.40,63007000,,
2023-05-30,352.71,353.93,348.53,349.98,72652200,,
2023-05-31,348.37,350.60,346.51,347.99,65105400,,
2023-06-01,347.73,353.36,346.66,352.01,50488600,,
2023-06-02,353.80,355.83,352.01,354.65,53372100,,
2023-06-05,354.43,357.50,353.85,354.90,47266200,,
2023-06-06,354.28,355.82,352.93,354.84,41390400,,
2023-06-07,355.13,357.12,348.18,348.82,69225900,,
2023-06-08,349.12,353.62,348.89,353.15,47153900,,
2023-06-09,354.63,357.66,353.03,354.50,53196900,,
2023-06-12,356.19,360.59,355.20,360.49,44606500,,
2023-06-13,363.29,364.11,360.03,363.26,57097800,,
2023-06-14,363.27,366.19,360.42,365.90,69525600,,
2023-06-15,364.61,371.77,363.98,370.26,71138800,,
2023-06-16,372.72,372.85,367.48,367.93,80932000,,
2023-06-20,365.95,368.32,363.89,366.90,49204700,0.504,
2023-06-21,365.74,366.18,360.96,361.90,53378300,,
2023-06-22,360.63,366.33,360.22,366.17,47603000,,
2023-06-23,362.21,364.88,360.82,362.54,48922900,,
2023-06-26,362.00,364.84,357.59,357.68,52685500,,
2023-06-27,359.25,364.57,358.51,363.83,49428100,,
2023-06-28,361.98,366.52,361.90,364.54,46498000,,
2023-06-29,364.24,364.89,362.14,363.81,46151000,,
2023-06-30,367.55,370.49,367.23,369.42,58712500,,
2023-07-03,370.07,370.93,368.97,370.29,19432900,,
2023-07-05,368.70,372.01,368.66,370.28,34460900,,
2023-07-06,366.51,367.91,364.52,367.46,49374700,,
2023-07-07,367.23,370.48,366.01,366.24,47133700,,
2023-07-10,365.96,367.05,363.41,366.36,48498800,,
2023-07-11,366.79,368.63,364.62,368.17,38214100,,
2023-07-12,372.34,374.19,370.30,372.82,61975400,,
2023-07-13,376.05,379.99,375.46,379.15,46960000,,
2023-07-14,379.59,382.86,378.18,379.07,55148500,,
2023-07-17,379.80,383.50,379.31,382.61,40868900,,
2023-07-18,381.96,387.13,380.00,385.74,55262000,,
2023-07-19,386.82,387.98,384.30,385.65,54093000,,
2023-07-20,382.61,384.10,375.72,376.76,71941700,,
2023-07-21,379.18,379.92,375.19,375.63,60499600,,
2023-07-24,376.62,377.58,374.34,376.23,40380100,,
2023-07-25,376.95,380.47,376.93,378.78,38894400,,
2023-07-26,377.72,379.24,375.18,377.52,47075700,,
2023-07-27,383.07,384.71,375.31,376.62,63940200,,
2023-07-28,380.74,384.52,380.22,383.48,56902900,,
2023-07-31,383.79,384.88,382.34,383.68,44019900,,
2023-08-01,382.31,383.56,380.69,382.79,41060600,,
2023-08-02,379.26,379.26,373.13,374.39,72687100,,
2023-08-03,371.94,375.95,371.77,373.79,47666400,,
2023-08-04,375.75,378.10,371.53,372.04,61702800,,
2023-08-07,373.88,375.29,371.51,375.19,37230400,,
2023-08-08,372.64,372.66,368.82,372.00,44726500,,
2023-08-09,372.29,372.45,367.14,367.91,51150900,,
2023-08-10,370.97,374.36,367.04,368.59,72035300,,
2023-08-11,365.99,368.00,364.69,366.24,48707200,,
2023-08-14,365.43,370.47,364.70,370.35,42130800,,
2023-08-15,369.36,370.17,365.74,366.42,45539900,,
2023-08-16,365.87,367.43,362.44,362.54,53190500,,
2023-08-17,363.96,364.31,358.16,358.58,62604300,,
2023-08-18,355.26,359.41,354.71,358.13,61191400,,
2023-08-21,359.62,364.59,359.15,363.90,50696500,,
2023-08-22,366.55,366.56,362.68,363.38,44530200,,
2023-08-23,364.58,370.22,364.36,369.11,51770600,,
2023-08-24,372.64,372.74,361.01,361.22,66842500,,
2023-08-25,362.07,365.74,358.58,364.02,69960500,,
2023-08-28,366.99,367.71,364.25,366.76,40910000,,
2023-08-29,366.56,375.13,366.23,374.77,58492400,,
2023-08-30,374.88,377.45,373.86,376.86,41731500,,
2023-08-31,376.94,379.72,376.87,377.99,35730700,,
2023-09-01,380.40,380.83,376.08,377.59,39801200,,
2023-09-05,376.77,379.31,375.83,378.07,32344200,,
2023-09-06,377.28,377.63,372.70,374.74,42998700,,
2023-09-07,370.21,372.85,369.15,372.06,52060700,,
2023-09-08,372.01,374.85,371.60,372.58,35800100,,
2023-09-11,375.66,377.49,373.66,376.97,39936600,,
2023-09-12,375.27,376.95,372.50,372.79,41391000,,
2023-09-13,373.03,375.84,371.88,374.21,46300700,,
2023-09-14,375.99,378.27,373.89,377.27,48039400,,
2023-09-15,375.91,376.32,369.86,370.81,69811200,,
2023-09-18,369.32,371.79,369.03,370.66,36903500,0.536,
2023-09-19,369.32,370.68,366.80,369.87,37621700,,
2023-09-20,370.95,371.31,364.46,364.54,45514200,,
2023-09-21,360.80,361.60,357.69,357.86,69734800,,
2023-09-22,359.63,361.80,357.59,357.91,51589700,,
2023-09-25,356.93,359.70,355.93,359.61,39168000,,
2023-09-26,356.99,357.54,353.21,354.21,53657700,,
2023-09-27,355.38,356.98,351.36,355.04,56066000,,
2023-09-28,354.11,360.17,353.24,358.01,56453300,,
2023-09-29,361.54,362.95,357.02,358.27,64829600,,
2023-10-02,358.54,362.68,357.92,361.26,51625100,,
2023-10-03,358.78,361.01,353.28,354.92,60478500,,
2023-10-04,355.77,360.61,355.30,359.75,54786700,,
2023-10-05,359.74,360.15,355.14,358.69,45897400,,
2023-10-06,355.65,365.91,354.85,364.70,75049100,,
2023-10-09,362.30,367.11,360.78,366.56,45304800,,
2023-10-10,366.90,371.28,366.39,368.59,46968800,,
2023-10-11,369.94,371.41,368.19,371.22,38215100,,
2023-10-12,371.73,373.74,367.50,369.93,49587900,,
2023-10-13,370.57,371.16,363.86,365.28,52469900,,
2023-10-16,366.62,370.48,366.47,369.41,44201100,,
2023-10-17,365.81,369.92,363.66,368.20,50999100,,
2023-10-18,365.67,367.91,362.02,363.37,54280500,,
2023-10-19,364.81,366.02,359.16,359.97,72274200,,
2023-10-20,359.46,360.04,354.37,354.60,72559700,,
2023-10-23,353.26,359.26,351.12,355.67,60665200,,
2023-10-24,357.51,359.91,355.79,359.13,47082100,,
2023-10-25,356.70,356.88,349.75,350.34,71190500,,
2023-10-26,349.12,350.07,342.35,343.66,78621400,,
2023-10-27,346.43,348.84,344.08,345.31,63476700,,
2023-10-30,347.83,350.54,346.45,349.20,55298500,,
2023-10-31,349.23,351.25,346.62,350.87,47671900,,
2023-11-01,351.72,357.53,351.62,356.96,58992700,,
2023-11-02,361.54,363.68,360.30,363.44,58162400,,
2023-11-03,364.75,369.02,364.52,367.71,53280500,,
2023-11-06,368.49,369.78,366.91,369.21,38848700,,
2023-11-07,370.27,373.58,369.05,372.70,50777400,,
2023-11-08,373.08,373.79,370.62,372.94,35663400,,
2023-11-09,373.64,374.80,369.57,370.07,53859400,,
2023-11-10,371.82,378.54,371.28,378.39,58309800,,
2023-11-13,376.79,378.28,375.24,377.21,40733500,,
2023-11-14,383.71,386.26,383.18,385.33,67792600,,
2023-11-15,387.25,387.75,384.24,385.62,54141400,,
2023-11-16,384.84,386.19,383.56,385.95,45343500,,
2023-11-17,385.21,387.07,384.29,386.04,46571900,,
2023-11-20,386.05,391.41,386.05,390.74,44429600,,
2023-11-21,389.01,389.23,386.70,388.47,43337000,,
2023-11-22,390.57,393.07,389.04,390.06,44121000,,
2023-11-24,389.65,390.25,388.50,389.51,15718800,,
2023-11-27,389.01,391.15,388.28,389.17,34139700,,
2023-11-28,388.41,390.78,388.05,390.19,35491100,,
2023-11-29,392.69,394.14,389.46,389.81,38811700,,
2023-11-30,390.08,390.55,385.82,388.83,52834400,,
2023-12-01,387.75,390.54,386.07,389.94,40490100,,
2023-12-04,386.09,386.60,382.66,386.32,51186900,,
2023-12-05,384.39,388.50,384.21,387.29,42933000,,
2023-12-06,390.27,390.37,384.70,385.05,41994100,,
2023-12-07,388.07,391.27,386.96,390.43,49593500,,
2023-12-08,388.67,392.62,388.48,392.17,46687500,,
2023-12-11,391.74,395.79,391.53,395.52,41198000,,
2023-12-12,395.56,398.79,394.41,398.67,39221200,,
2023-12-13,399.62,404.36,398.84,403.74,55408100,,
2023-12-14,404.98,406.30,400.34,403.39,55447800,,
2023-12-15,404.18,406.54,403.57,405.34,62896600,,
2023-12-18,404.93,407.99,404.60,407.08,46610000,0.808,
2023-12-19,407.54,409.28,407.35,409.16,35711900,,
2023-12-20,408.35,410.47,402.90,403.08,54042400,,
2023-12-21,407.06,408.14,404.47,407.77,45568900,,
2023-12-22,409.00,409.97,406.48,408.38,34314000,,
2023-12-26,409.25,411.56,409.15,410.88,22722500,,
2023-12-27,410.95,411.79,410.08,411.50,31980500,0.216,
2023-12-28,412.67,412.92,410.94,411.30,27029200,,
2023-12-29,411.28,411.64,407.58,409.52,42662100,,
2024-01-02,405.84,406.09,400.24,402.59,58026900,,
2024-01-03,399.93,401.00,397.89,398.33,47002800,,
2024-01-04,396.44,399.59,396.06,396.28,39432800,,
2024-01-05,396.45,399.56,395.34,396.75,44922800,,
2024-01-08,397.99,405.24,397.84,404.95,42473800,,
2024-01-09,401.91,406.69,401.71,405.75,39132900,,
2024-01-10,406.07,409.52,405.17,408.50,33962800,,
2024-01-11,409.79,411.20,404.24,409.35,54536200,,
2024-01-12,410.40,411.25,408.15,409.56,39595000,,
2024-01-16,408.31,411.12,406.83,409.52,43903000,,
2024-01-17,406.17,407.59,402.92,407.21,54386000,,
2024-01-18,410.52,413.58,409.16,412.99,59562500,,
2024-01-19,415.22,421.34,414.63,421.18,70325100,,
2024-01-22,423.41,424.73,421.12,421.73,44880600,,
2024-01-23,422.43,423.70,420.57,423.48,33003800,,
2024-01-24,427.44,429.85,425.33,425.83,46948000,,
2024-01-25,428.36,429.04,423.98,426.35,44367200,,
2024-01-26,424.44,426.21,423.15,423.81,37137000,,
2024-01-29,424.27,428.35,423.61,428.15,38694700,,
2024-01-30,427.10,427.68,424.38,425.30,36739000,,
2024-01-31,420.85,422.87,416.79,416.97,64010600,,
2024-02-01,418.79,422.38,417.81,421.88,51008600,,
2024-02-02,423.80,430.24,422.79,429.01,59602400,,
2024-02-05,429.07,429.61,425.00,428.45,39889200,,
2024-02-06,429.61,430.22,425.22,427.59,35846100,,
2024-02-07,430.41,432.83,429.09,431.99,37712700,,
2024-02-08,432.11,433.56,431.42,432.79,29889900,,
2024-02-09,433.94,437.85,433.14,437.05,36943900,,
2024-02-12,436.94,439.14,434.65,435.34,33203300,,
2024-02-13,427.28,431.27,425.33,428.55,64491700,,
2024-02-14,431.26,433.65,428.88,433.22,45092700,,
2024-02-15,433.92,434.98,431.33,434.51,38796100,,
2024-02-16,434.89,434.99,429.85,430.57,53716500,,
2024-02-20,428.55,430.08,423.50,427.32,53999500,,
2024-02-21,424.55,425.70,421.63,425.61,49779000,,
2024-02-22,434.49,439.12,433.71,438.07,53887800,,
2024-02-23,439.65,440.59,435.79,436.78,39853900,,
2024-02-26,437.60,438.60,436.36,436.55,33043200,,
2024-02-27,437.67,437.99,435.03,437.60,33713200,,
2024-02-28,435.43,436.67,434.30,435.27,32938800,,
2024-02-29,438.23,440.09,435.02,439.00,42495200,,
2024-03-01,439.90,446.58,439.84,445.61,43853000,,
2024-03-04,445.61,446.04,443.77,444.02,34325700,,
2024-03-05,440.94,440.95,433.65,436.05,57917100,,
2024-03-06,440.32,441.99,436.89,438.79,46234500,,
2024-03-07,442.42,446.72,440.86,445.45,44526700,,
2024-03-08,445.81,448.64,438.34,439.02,72096000,,
2024-03-11,437.51,438.66,435.44,437.39,45860000,,
2024-03-12,439.73,444.02,436.46,443.66,55300900,,
2024-03-13,442.65,442.67,439.12,440.25,37928700,,
2024-03-14,441.50,442.03,436.39,439.14,52195200,,
2024-03-15,436.07,438.87,432.74,433.92,73069800,,
2024-03-18,438.73,441.04,437.24,437.48,47323800,0.573,
2024-03-19,435.45,438.98,433.33,438.57,43004100,,
2024-03-20,439.78,444.11,438.06,443.77,43653500,,
2024-03-21,448.88,449.34,445.67,445.87,39345700,,
2024-03-22,445.35,447.49,444.49,446.38,28253900,,
2024-03-25,443.55,446.26,442.54,444.76,27789200,,
2024-03-26,446.30,447.23,443.09,443.32,34142000,,
2024-03-27,446.44,446.54,441.93,444.83,41359200,,
2024-03-28,444.78,445.64,443.65,444.01,36839600,,
2024-04-01,444.97,447.53,443.02,444.95,38729000,,
2024-04-02,440.08,441.43,438.03,441.11,44259700,,
2024-04-03,438.96,444.00,438.95,442.10,39949800,,
2024-04-04,446.33,446.95,435.11,435.34,57267700,,
2024-04-05,436.78,443.17,435.96,440.47,54744600,,
2024-04-08,441.41,442.50,439.20,440.60,28144900,,
2024-04-09,442.96,443.24,437.44,442.23,39443600,,
2024-04-10,437.00,439.24,436.28,438.37,61502200,,
2024-04-11,440.26,446.33,437.96,445.37,45474600,,
2024-04-12,441.10,442.24,436.88,438.27,53665000,,
2024-04-15,442.06,442.15,430.21,431.06,63453600,,
2024-04-16,430.90,433.76,429.70,431.10,47619000,,
2024-04-17,433.10,433.12,424.90,425.84,56880500,,
2024-04-18,426.49,428.24,422.83,423.41,46549400,,
2024-04-19,422.22,422.75,413.07,414.65,75231000,,
2024-04-22,417.31,421.18,413.94,418.82,47807700,,
2024-04-23,420.77,426.28,418.87,425.07,44384700,,
2024-04-24,428.20,429.73,424.20,426.51,48440300,,
2024-04-25,419.24,425.32,418.14,424.45,57392200,,
2024-04-26,427.62,432.55,426.92,431.00,41874900,,
2024-04-29,433.13,433.76,429.98,432.75,30022200,,
2024-04-30,431.15,432.56,424.51,424.59,43665900,,
2024-05-01,423.15,430.14,420.66,421.52,52251700,,
2024-05-02,425.30,427.81,420.63,426.90,36559000,,
2024-05-03,434.44,436.48,432.62,435.48,48515300,,
2024-05-06,437.30,440.34,436.52,440.25,30227200,,
2024-05-07,440.70,441.97,439.58,440.32,30996100,,
2024-05-08,437.67,441.48,437.55,440.06,24896700,,
2024-05-09,440.33,441.60,438.46,441.02,24580100,,
2024-05-10,442.54,444.31,440.50,442.06,27116600,,
2024-05-13,443.99,444.09,441.65,443.08,22994200,,
2024-05-14,442.65,446.47,442.46,445.93,34478300,,
2024-05-15,448.43,453.15,446.90,452.90,41464700,,
2024-05-16,452.71,454.69,451.81,451.98,34780400,,
2024-05-17,452.11,452.72,449.54,451.76,35803700,,
2024-05-20,451.98,455.58,451.79,454.91,24474200,,
2024-05-21,453.04,455.99,452.84,455.80,23167700,,
2024-05-22,456.06,456.82,453.08,455.71,25120000,,
2024-05-23,460.55,460.58,451.85,453.66,40899200,,
2024-05-24,455.29,459.23,453.57,457.95,29669500,,
2024-05-28,459.18,459.74,456.69,459.68,26216800,,
2024-05-29,455.48,458.24,455.34,456.44,29739200,,
2024-05-30,455.50,455.64,450.21,451.55,30536800,,
2024-05-31,451.78,452.48,443.06,450.71,55941300,,
2024-06-03,454.57,455.58,447.90,453.13,32997500,,
2024-06-04,452.87,455.58,451.13,454.37,23767400,,
2024-06-05,457.98,463.61,454.41,463.53,33817400,,
2024-06-06,464.22,464.54,462.19,463.37,21966800,,
2024-06-07,463.00,465.74,461.84,462.96,25829700,,
2024-06-10,461.82,465.19,461.53,464.83,20660800,,
2024-06-11,463.54,468.14,462.03,468.02,22053300,,
2024-06-12,471.99,476.50,471.29,474.15,34532600,,
2024-06-13,477.72,478.39,474.42,476.72,25859000,,
2024-06-14,476.52,479.26,476.05,479.19,23372600,,
2024-06-17,479.46,486.86,478.14,485.06,37054500,,
2024-06-18,485.01,485.90,483.43,485.21,24438600,,
2024-06-20,486.42,486.84,479.62,481.47,33918700,,
2024-06-21,481.19,482.54,478.67,480.18,37456800,,
2024-06-24,478.18,479.93,473.82,473.96,37751000,0.762,
2024-06-25,476.07,479.68,475.12,479.38,29014700,,
2024-06-26,478.55,480.92,478.13,480.37,22737100,,
2024-06-27,480.12,483.10,479.30,481.61,26222100,,
2024-06-28,482.41,487.20,478.46,479.11,34881600,,
2024-07-01,480.04,482.49,476.26,481.92,24898300,,
2024-07-02,480.41,487.04,480.28,486.98,26723600,,
2024-07-03,486.22,491.17,486.22,491.04,18064900,,
2024-07-05,491.89,496.60,491.59,496.16,28495900,,
2024-07-08,496.53,497.90,495.50,497.34,22109400,,
2024-07-09,498.87,500.00,496.24,497.77,25614500,,
2024-07-10,499.71,503.52,498.39,502.96,28046900,,
2024-07-11,503.07,503.28,490.73,491.93,49966600,,
2024-07-12,492.51,499.62,492.04,494.82,37109400,,
2024-07-15,496.61,501.01,494.09,496.15,31151400,,
2024-07-16,497.62,498.44,493.15,496.34,25950600,,
2024-07-17,488.28,488.80,481.70,481.77,56268800,,
2024-07-18,485.53,485.71,476.27,479.49,49347400,,
2024-07-19,479.15,481.69,473.94,475.24,42042900,,
2024-07-22,481.16,483.35,477.71,482.32,40300000,,
2024-07-23,481.41,484.43,480.14,480.62,23282500,,
2024-07-24,473.82,474.19,462.51,463.38,58818600,,
2024-07-25,463.72,467.94,455.63,458.27,59256800,,
2024-07-26,462.65,465.93,459.77,462.97,39992100,,
2024-07-29,465.71,467.91,461.62,463.90,28218500,,
2024-07-30,465.85,466.56,454.15,457.53,41317200,,
2024-07-31,467.87,472.79,466.41,471.07,44552100,,
2024-08-01,471.76,475.55,455.98,459.66,56653900,,
2024-08-02,450.89,453.57,444.47,448.75,66323200,,
2024-08-05,424.71,442.29,423.45,435.37,87483500,,
2024-08-06,437.23,447.07,434.56,439.53,63164400,,
2024-08-07,446.49,449.00,434.37,434.77,54929200,,
2024-08-08,441.06,448.99,437.15,448.07,47890100,,
2024-08-09,446.74,452.06,445.61,450.41,33574000,,
2024-08-12,451.39,454.37,448.55,451.38,27795000,,
2024-08-13,455.82,462.85,455.68,462.58,40084500,,
2024-08-14,463.51,465.11,458.40,462.73,34733700,,
2024-08-15,468.76,474.82,468.38,474.42,38280600,,
2024-08-16,472.62,476.41,471.65,475.03,38383600,,
2024-08-19,475.17,481.31,473.37,481.27,23737700,,
2024-08-20,480.35,482.94,478.55,480.26,29209300,,
2024-08-21,481.05,484.37,479.32,482.50,25658800,,
2024-08-22,484.84,485.54,473.81,474.85,37739600,,
2024-08-23,479.24,482.74,475.28,480.00,36061500,,
2024-08-26,479.45,480.38,473.24,475.34,27452600,,
2024-08-27,473.69,477.84,471.71,476.76,27510000,,
2024-08-28,476.29,477.02,467.89,471.35,37372400,,
2024-08-29,473.28,477.93,469.37,470.66,41081500,,
2024-08-30,475.04,476.90,470.51,476.27,33466500,,
2024-09-03,473.20,473.33,459.41,461.81,44985200,,
2024-09-04,458.67,464.45,457.73,460.61,32505100,,
2024-09-05,458.97,465.36,457.94,461.04,34452400,,
2024-09-06,460.33,461.22,448.19,448.69,50624400,,
2024-09-09,453.06,455.46,449.82,454.46,32981200,,
2024-09-10,456.24,459.17,452.23,458.66,29680300,,
2024-09-11,459.91,469.37,451.28,468.62,57843000,,
2024-09-12,468.65,474.04,466.85,473.22,40067800,,
2024-09-13,472.48,476.53,472.25,475.34,29111800,,
2024-09-16,473.19,473.86,469.89,473.24,22585600,,
2024-09-17,476.29,477.60,470.97,473.49,30084400,,
2024-09-18,474.70,478.83,470.83,471.44,39909200,,
2024-09-19,482.61,486.23,480.49,483.36,52782500,,
2024-09-20,482.49,483.69,478.30,482.44,34577700,,
2024-09-23,482.95,484.14,481.60,483.04,24843000,0.677,
2024-09-24,484.46,486.33,480.17,485.37,25952600,,
2024-09-25,484.74,487.79,484.56,485.82,26549900,,
2024-09-26,493.37,493.70,485.80,489.47,32020200,,
2024-09-27,490.50,490.64,485.56,486.75,22851100,,
2024-09-30,485.78,488.41,482.92,488.07,30281100,,
2024-10-01,487.70,488.00,477.40,481.27,42735400,,
2024-10-02,480.36,483.88,477.72,481.95,23744000,,
2024-10-03,479.74,484.55,478.99,481.59,25337200,,
2024-10-04,487.45,487.88,482.39,487.32,30686600,,
2024-10-07,485.39,486.57,480.87,482.10,24975100,,
2024-10-08,484.66,489.99,483.85,489.30,28272000,,
2024-10-09,489.00,493.73,487.95,493.15,24995000,,
2024-10-10,490.85,494.47,489.53,492.59,25750400,,
2024-10-11,490.74,494.39,490.17,493.36,20644500,,
2024-10-14,495.77,498.83,495.26,497.50,26060100,,
2024-10-15,497.83,498.50,488.68,490.85,34784500,,
2024-10-16,491.18,491.69,487.57,490.91,22996800,,
2024-10-17,496.44,496.49,491.19,491.25,27210700,,
2024-10-18,494.06,495.57,493.30,494.47,25335000,,
2024-10-21,493.25,496.23,491.31,495.42,30336500,,
2024-10-22,492.73,497.45,491.97,495.96,26685800,,
2024-10-23,493.59,494.25,485.05,488.36,39346600,,
2024-10-24,492.11,493.00,489.44,492.32,22024900,,
2024-10-25,495.14,500.28,494.43,495.32,38762100,,
2024-10-28,498.46,498.52,495.10,495.40,20477800,,
2024-10-29,495.72,501.35,493.85,500.16,28014100,,
2024-10-30,499.39,500.35,495.89,496.38,29756000,,
2024-10-31,492.38,492.43,483.75,483.85,41245200,,
2024-11-01,485.50,490.75,485.20,487.43,33655800,,
2024-11-04,486.82,489.38,484.25,486.01,23291600,,
2024-11-05,487.61,492.88,487.52,492.21,24353600,,
2024-11-06,500.56,506.41,499.60,505.58,43082200,,
2024-11-07,508.40,514.33,508.34,513.54,32853100,,
2024-11-08,513.04,514.92,512.41,514.14,22924500,,
2024-11-11,515.37,515.58,510.92,513.84,24167500,,
2024-11-12,513.77,514.66,509.83,512.91,25835300,,
2024-11-13,512.40,514.98,509.95,512.25,24567400,,
2024-11-14,511.91,512.79,507.77,508.69,28679500,,
2024-11-15,502.94,503.33,494.49,496.57,51461100,,
2024-11-18,498.13,502.14,496.73,500.02,27080800,,
2024-11-19,497.42,503.95,497.08,503.46,24523000,,
2024-11-20,503.16,503.48,496.56,503.17,29565500,,
2024-11-21,506.24,506.96,497.56,504.98,34526700,,
2024-11-22,504.42,506.53,502.78,505.79,23826600,,
2024-11-25,509.90,511.45,504.26,506.59,26375200,,
2024-11-26,508.08,510.14,507.23,509.31,26557100,,
2024-11-27,508.17,508.24,501.93,505.30,24957400,,
2024-11-29,505.93,510.34,505.31,509.74,15334000,,
2024-12-02,511.01,516.26,510.62,515.29,25147200,,
2024-12-03,513.95,517.15,513.37,516.87,18597900,,
2024-12-04,520.32,523.52,519.60,523.26,26086200,,
2024-12-05,523.31,524.04,521.42,521.81,18169600,,
2024-12-06,522.48,526.72,522.35,526.48,23762600,,
2024-12-09,525.55,526.35,521.22,522.38,20674400,,
2024-12-10,523.62,525.38,519.16,520.60,24350000,,
2024-12-11,525.00,530.61,524.59,529.92,32168600,,
2024-12-12,527.68,528.96,526.02,526.50,23577500,,
2024-12-13,530.46,533.17,527.30,530.53,28780400,,
2024-12-16,533.08,539.15,533.00,538.17,31979900,,
2024-12-17,536.36,537.48,534.13,535.80,28579100,,
2024-12-18,535.15,536.88,515.01,516.47,54703200,,
2024-12-19,521.19,521.76,513.83,514.17,46441800,,
2024-12-20,510.44,524.82,509.29,518.66,60530000,,
2024-12-23,519.55,523.25,516.13,522.87,29672800,0.835,
2024-12-24,524.83,530.05,524.19,529.96,17558200,,
2024-12-26,528.32,531.24,526.31,529.60,19090500,,
2024-12-27,526.01,526.45,517.86,522.56,33839600,,
2024-12-30,515.51,519.36,511.83,515.61,34584000,,
2024-12-31,516.90,517.66,510.26,511.23,29117000,,
2025-01-02,514.30,516.64,505.71,510.23,36389800,,
2025-01-03,513.35,519.65,512.53,518.58,29059500,,
2025-01-06,524.02,527.92,522.03,524.54,36109700,,
2025-01-07,525.59,525.99,513.28,515.18,36690300,,
2025-01-08,515.08,516.92,510.57,515.27,30777800,,
2025-01-10,511.48,511.58,503.92,507.19,40532500,,
2025-01-13,501.20,506.02,499.70,505.56,31694200,,
2025-01-14,508.74,510.16,501.59,505.08,33737200,,
2025-01-15,513.03,517.85,511.46,516.70,34957600,,
2025-01-16,518.98,519.06,512.95,513.08,28229000,,
2025-01-17,522.85,524.07,513.11,521.74,51837900,,
2025-01-21,524.48,525.97,520.06,524.80,23628000,,
2025-01-22,529.57,533.82,529.26,531.51,33593000,,
2025-01-23,529.04,532.76,528.45,532.64,23096600,,
2025-01-24,533.02,533.79,528.15,529.63,19878300,,
2025-01-27,511.00,517.99,510.15,514.21,60771700,,
2025-01-28,515.22,523.00,511.78,521.81,33194200,,
2025-01-29,522.46,522.59,516.90,520.83,26649000,,
2025-01-30,523.71,526.10,518.21,523.05,27431300,,
2025-01-31,526.92,531.52,521.19,522.29,38755200,,
2025-02-03,513.47,520.85,511.05,518.11,40580800,,
2025-02-04,518.63,525.11,518.23,524.47,26046800,,
2025-02-05,521.82,527.01,520.62,526.85,21134100,,
2025-02-06,527.36,529.81,525.74,529.60,19434500,,
2025-02-07,530.14,532.10,522.19,522.92,29605500,,
2025-02-10,527.22,530.36,526.75,529.25,20852800,,
2025-02-11,525.96,529.92,525.83,527.99,19325500,,
2025-02-12,522.30,529.19,521.95,528.30,25009400,,
2025-02-13,529.98,536.22,529.19,535.90,28714800,,
2025-02-14,536.01,538.84,535.67,538.15,17862600,,
2025-02-18,539.73,540.00,536.04,539.37,20565000,,
2025-02-19,538.57,540.81,536.46,539.52,19666900,,
2025-02-20,538.73,539.10,532.46,537.23,26550800,,
2025-02-21,538.38,538.40,525.71,526.08,47093800,,
2025-02-24,527.88,529.07,519.53,519.87,39268400,,
2025-02-25,519.24,519.32,509.44,513.32,48940000,,
2025-02-26,515.53,519.66,511.37,514.56,34457600,,
2025-02-27,518.13,519.07,500.05,500.27,52448000,,
2025-02-28,500.13,508.78,496.93,508.17,47654000,,
2025-03-03,511.52,513.04,493.58,497.05,44587200,,
2025-03-04,494.18,503.74,487.74,495.55,67875400,,
2025-03-05,496.20,503.63,491.26,502.01,46323700,,
2025-03-06,493.69,498.58,486.20,488.20,57574300,,
2025-03-07,487.16,493.28,480.53,491.79,54714700,,
2025-03-10,483.45,483.97,468.66,472.73,76668000,,
2025-03-11,472.35,478.81,467.01,471.60,68760800,,
2025-03-12,479.16,481.06,471.79,476.92,46971100,,
2025-03-13,476.25,476.28,466.43,468.34,46563300,,
2025-03-14,473.73,480.56,473.12,479.66,43563000,,
2025-03-17,479.61,485.84,477.80,482.77,41744400,,
2025-03-18,479.41,479.61,472.41,474.54,39072300,,
2025-03-19,476.81,485.33,474.87,480.89,40430300,,
2025-03-20,476.88,484.55,476.18,479.26,36780500,,
2025-03-21,474.08,481.61,472.91,480.84,42234900,,
2025-03-24,487.74,491.51,484.40,490.66,34567200,0.716,
2025-03-25,491.39,493.62,490.42,493.46,26035200,,
2025-03-26,492.30,493.16,482.82,484.38,34627100,,
2025-03-27,482.41,486.58,480.25,481.62,33469800,,
2025-03-28,479.81,480.52,468.05,468.94,46363800,,
2025-03-31,461.92,469.86,457.33,468.92,53000300,,
2025-04-01,467.30,473.63,464.42,472.70,41156200,,
2025-04-02,466.12,479.56,465.86,476.15,49894500,,
2025-04-03,456.44,460.07,450.14,450.66,70456300,,
2025-04-04,438.14,440.37,422.67,422.67,117088400,,
2025-04-07,408.66,443.14,402.39,423.69,161557000,,
2025-04-08,438.16,443.14,409.79,416.06,101248100,,
2025-04-09,415.57,467.83,415.43,466.00,142876900,,
2025-04-10,453.56,455.59,432.63,446.18,108384100,,
2025-04-11,444.65,455.79,441.33,454.40,52483800,,
2025-04-14,464.46,465.05,452.63,457.48,43941200,,
2025-04-15,458.54,462.38,456.15,457.99,35404200,,
2025-04-16,449.03,452.62,437.76,444.18,48980600,,
2025-04-17,447.17,447.75,441.36,444.10,44837000,,
2025-04-21,438.23,439.08,427.93,433.11,44149300,,
2025-04-22,438.82,447.58,437.62,444.48,52304400,,
2025-04-23,458.17,463.38,452.88,454.56,55801100,,
2025-04-24,456.48,467.66,455.83,467.35,45956100,,
2025-04-25,466.97,473.09,465.39,472.56,38697100,,
2025-04-28,473.03,474.81,466.03,472.41,33550800,,
2025-04-29,470.17,476.42,469.59,475.53,30613100,,
2025-04-30,467.13,477.20,462.43,475.47,46810600,,
2025-05-01,483.41,487.18,480.74,481.68,43316500,,
2025-05-02,486.54,490.91,484.83,488.83,39218100,,
2025-05-05,484.60,489.03,484.10,485.93,28309500,,
2025-05-06,479.56,485.05,478.19,481.41,32786300,,
2025-05-07,482.08,485.80,476.78,483.30,38006300,,
2025-05-08,488.53,492.70,484.17,488.29,39577600,,
2025-05-09,490.21,491.54,486.20,487.97,27767400,,
2025-05-12,506.99,507.89,501.48,507.85,45090600,,
2025-05-13,509.16,517.39,508.42,515.59,53269600,,
2025-05-14,516.77,519.23,515.75,518.68,47014500,,
2025-05-15,516.52,521.93,515.17,519.25,50153300,,
2025-05-16,520.66,521.70,517.10,521.51,48394600,,
2025-05-19,514.24,522.53,514.24,522.01,52536200,,
2025-05-20,519.47,520.93,516.66,520.27,42517600,,
2025-05-21,516.27,523.00,511.24,513.04,71292800,,
2025-05-22,513.66,517.71,512.30,514.00,55607200,,
2025-05-23,506.18,511.84,505.58,509.24,58368100,,
2025-05-27,516.15,521.71,514.59,521.22,47226300,,
2025-05-28,522.18,523.68,518.39,518.91,46637200,,
2025-05-29,526.33,526.48,517.32,519.93,58513300,,
2025-05-30,519.44,520.68,511.93,519.11,67662800,,
2025-06-02,517.24,523.45,515.97,523.21,44762800,,
2025-06-03,523.56,528.74,522.69,527.30,44070300,,
2025-06-04,528.01,529.84,525.97,528.77,41359300,,
2025-06-05,530.18,533.05,522.66,524.79,61031200,,
2025-06-06,530.00,531.80,528.21,529.92,42467000,,
2025-06-09,530.14,532.35,529.01,530.70,33688700,,
2025-06-10,531.17,534.90,528.89,534.21,40664800,,
2025-06-11,535.62,536.78,530.11,532.41,53701000,,
2025-06-12,531.09,534.64,530.84,533.66,34104900,,
2025-06-13,527.68,531.87,525.73,526.96,55814400,,
2025-06-16,530.50,535.37,530.45,534.29,37622100,,
2025-06-17,531.71,533.33,527.91,529.08,42180900,,
2025-06-18,530.10,532.55,527.40,528.99,43983500,,
2025-06-20,532.26,533.56,524.88,526.83,61643500,,
2025-06-23,526.81,532.17,523.65,531.65,50666100,0.591,
2025-06-24,536.89,540.70,536.27,539.78,45442000,,
2025-06-25,542.06,543.31,539.38,541.16,44804200,,
2025-06-26,543.35,546.67,541.52,546.22,43811400,,
2025-06-27,547.26,549.99,544.54,548.09,57577100,,
2025-06-30,551.26,552.80,549.01,551.64,45548700,,
2025-07-01,549.73,550.71,544.66,546.99,56166700,,
2025-07-02,546.16,551.00,546.12,550.80,36538300,,
2025-07-03,553.18,557.20,553.18,556.22,26443500,,
2025-07-07,553.52,554.34,549.58,552.03,45349300,,
2025-07-08,553.38,554.01,551.10,552.34,36153300,,
2025-07-09,554.48,557.63,553.10,556.25,43045500,,
2025-07-10,556.89,557.30,552.75,555.45,34710900,,
2025-07-11,553.30,555.79,552.05,554.20,39618600,,
2025-07-14,553.99,556.95,551.63,556.21,36453300,,
2025-07-15,560.25,560.80,556.66,556.72,43277700,,
2025-07-16,557.28,560.21,551.56,557.29,52314700,,
2025-07-17,558.02,562.31,557.21,561.80,40423800,,
2025-07-18,563.12,564.73,559.98,561.26,50484700,,
2025-07-21,562.09,566.06,562.06,564.17,39595200,,
2025-07-22,564.30,564.35,558.61,561.25,43270600,,
2025-07-23,562.34,563.85,559.58,563.81,40215300,,
2025-07-24,565.13,566.24,563.29,565.01,42275500,,
2025-07-25,564.93,567.70,564.27,566.37,30630800,,
2025-07-28,567.74,569.04,566.87,568.14,31498700,,
2025-07-29,570.76,572.11,566.53,567.26,45463300,,
2025-07-30,568.18,570.62,565.05,568.02,43433800,,
2025-07-31,574.54,574.63,563.87,565.01,64613600,,
2025-08-01,558.83,559.02,551.68,553.88,69400800,,
2025-08-04,559.05,564.32,558.95,564.10,47669800,,
2025-08-05,565.39,566.56,559.73,560.27,48666600,,
2025-08-06,561.11,567.76,560.63,567.32,41823700,,
2025-08-07,571.67,573.32,565.11,569.24,44463000,,
2025-08-08,570.45,574.77,570.15,574.55,35255500,,
2025-08-11,574.69,576.80,571.57,572.85,33112900,,
2025-08-12,575.16,580.35,572.49,580.05,42143300,,
2025-08-13,582.76,583.32,578.94,580.34,41209300,,
2025-08-14,578.28,581.88,577.91,579.89,45425000,,
2025-08-15,579.80,579.84,575.57,577.34,49480200,,
2025-08-18,576.44,577.77,575.24,577.11,29831000,,
2025-08-19,576.39,576.56,568.25,569.28,53752600,,
2025-08-20,568.33,568.45,558.84,565.90,76781100,,
2025-08-21,564.35,566.49,560.98,563.28,46436900,,
2025-08-22,564.67,573.99,563.27,571.97,51502100,,
2025-08-25,570.40,573.29,569.16,570.32,34044700,,
2025-08-26,569.83,572.92,568.80,572.61,34103000,,
2025-08-27,571.59,574.41,570.37,573.49,36927100,,
2025-08-28,574.11,578.00,572.46,577.08,46787900,,
2025-08-29,574.66,575.03,568.54,570.40,56030400,,
2025-09-02,561.31,565.97,559.54,565.62,65876800,,
2025-09-03,569.23,571.70,566.73,570.07,54230200,,
2025-09-04,570.74,575.60,569.03,575.23,47526300,,
2025-09-05,580.49,581.12,571.53,576.06,68342500,,
2025-09-08,578.37,580.84,577.77,578.87,46371400,,
2025-09-09,579.67,580.94,577.04,580.51,44007600,,
2025-09-10,583.74,583.77,578.55,580.70,49308000,,
2025-09-11,583.24,584.88,581.62,584.08,44745800,,
2025-09-12,585.04,587.86,584.10,586.66,50745900,,
2025-09-15,588.44,591.79,588.29,591.68,44360300,,
2025-09-16,592.61,592.86,590.49,591.18,36942100,,
2025-09-17,591.10,591.75,584.37,590.00,69384800,,
2025-09-18,594.91,598.14,592.96,595.32,61069300,,
2025-09-19,597.33,600.05,595.85,599.35,58196100,,
2025-09-22,597.74,602.87,597.72,602.20,57154800,0.694,
2025-09-23,602.37,602.57,596.98,598.20,64635500,,
2025-09-24,599.58,599.90,593.36,596.10,49850300,,
2025-09-25,592.20,595.12,588.50,593.53,70920200,,
2025-09-26,594.35,596.30,591.06,595.97,54337400,,
2025-09-29,599.11,602.05,597.41,598.73,48332900,,
2025-09-30,598.43,600.71,596.10,600.37,46533800,,
2025-10-01,597.17,603.79,596.34,603.25,46899600,,
2025-10-02,607.06,607.16,602.93,605.73,43765400,,
2025-10-03,606.51,607.33,601.39,603.18,46482100,,
2025-10-06,608.45,609.36,605.97,607.71,41962100,,
2025-10-07,609.02,609.71,603.03,604.51,58209500,,
2025-10-08,605.41,611.75,605.26,611.44,50629800,,
2025-10-09,611.48,611.61,607.48,610.70,45551000,,
2025-10-10,611.40,613.18,589.05,589.50,97614800,,
2025-10-13,599.68,602.95,597.23,602.01,65872600,,
2025-10-14,595.31,602.69,590.13,598.00,69203200,,
2025-10-15,604.01,606.70,595.93,602.22,62805500,,
2025-10-16,605.11,608.31,595.50,599.99,70982000,,
2025-10-17,597.95,605.51,596.37,603.93,72024900,,
2025-10-20,607.14,612.80,607.07,611.54,45761700,,
2025-10-21,611.64,612.72,609.32,611.38,44538200,,
2025-10-22,610.82,611.41,599.74,605.49,61478800,,
2025-10-23,604.91,611.37,604.52,610.58,42844300,,
2025-10-24,615.99,618.42,615.13,617.10,47632500,,
2025-10-27,624.52,628.55,624.03,628.09,54098600,,
2025-10-28,630.36,634.68,629.25,632.92,61195700,,
2025-10-29,635.59,637.01,630.25,635.77,67422800,,
2025-10-30,632.17,633.50,625.94,626.05,61628600,,
2025-10-31,634.17,634.20,626.69,629.07,66305100,,
2025-11-03,635.11,635.82,629.85,632.08,37154300,,
2025-11-04,623.28,626.95,618.46,619.25,63830800,,
2025-11-05,618.49,626.60,617.21,623.28,48688500,,
2025-11-06,621.79,622.04,610.30,611.67,72115100,,
2025-11-07,608.31,609.95,598.67,609.74,81835400,,
2025-11-10,618.92,624.31,616.89,623.23,55919900,,
2025-11-11,620.57,622.72,617.52,621.57,44868800,,
2025-11-12,624.84,624.86,617.81,621.08,47444400,,
2025-11-13,617.54,618.12,606.08,608.40,71333600,,
2025-11-14,599.55,613.35,597.17,608.86,80087300,,
2025-11-17,606.30,612.48,599.87,603.66,63850400,,
2025-11-18,599.62,602.31,591.34,596.31,83327300,,
2025-11-19,597.07,606.16,594.59,599.87,73111500,,
2025-11-20,611.62,614.03,584.75,585.67,117743200,,
2025-11-21,587.47,596.98,580.74,590.07,103344200,,
2025-11-24,595.28,606.68,595.16,605.16,60168100,,
2025-11-25,603.51,610.26,597.32,608.89,57560900,,
2025-11-26,612.51,616.19,610.39,614.27,42393600,,
2025-11-28,616.11,619.32,615.42,619.25,23034400,,
2025-12-01,613.63,619.44,612.52,617.17,40957600,,
2025-12-02,619.46,623.75,617.59,622.00,54541800,,
2025-12-03,619.62,624.22,618.03,623.52,47841600,,
2025-12-04,624.93,624.94,619.54,622.94,47067800,,
2025-12-05,624.38,628.92,623.71,625.48,53614200,,
2025-12-08,627.21,628.84,621.69,624.28,43462400,,
2025-12-09,623.01,625.87,621.00,625.05,37156000,,
2025-12-10,623.85,629.21,620.99,627.61,55031400,,
2025-12-11,623.82,625.78,617.72,625.58,58272800,,
2025-12-12,622.08,623.54,611.36,613.62,75158700,,
2025-12-15,618.37,618.42,609.32,610.54,49538200,,
2025-12-16,608.26,613.51,606.91,611.75,55152800,,
2025-12-17,613.06,613.65,600.28,600.41,70654300,,
2025-12-18,609.80,612.93,606.92,609.11,78875800,,
2025-12-19,611.95,617.62,611.87,617.05,60369800,,
2025-12-22,621.35,621.65,617.77,619.21,43703100,0.794,
2025-12-23,618.20,622.41,617.78,622.11,41120400,,
2025-12-24,621.99,624.28,621.72,623.93,18468700,,
2025-12-26,624.66,625.52,623.14,623.89,28959800,,
2025-12-29,620.10,622.78,618.73,620.87,32458300,,
2025-12-30,619.84,622.18,619.22,619.43,31226800,,
2025-12-31,619.65,619.96,614.05,614.31,40746500,,
2026-01-02,620.06,622.85,610.15,613.12,61859200,,
2026-01-05,619.32,620.81,616.72,617.99,46828400,,
2026-01-06,619.23,624.02,618.54,623.42,43137500,,
2026-01-07,623.04,627.94,622.56,624.02,44880300,,
2026-01-08,623.03,623.42,617.80,620.47,50435900,,
2026-01-09,621.41,627.89,619.06,626.65,49688700,,
2026-01-12,622.31,628.85,622.26,627.17,37388700,,
2026-01-13,627.27,629.47,623.70,626.24,44481400,,
2026-01-14,622.24,623.45,614.56,619.55,72598700,,
2026-01-15,626.60,630.00,620.75,621.78,53934900,,
2026-01-16,625.50,626.08,618.88,621.26,61058100,,
2026-01-20,610.53,615.06,607.05,608.06,81988900,,
2026-01-21,609.47,620.42,607.86,616.28,79837900,,
2026-01-22,622.35,622.46,617.78,620.76,42254800,,
2026-01-23,619.73,625.40,618.65,622.72,43645800,,
2026-01-26,623.21,627.61,622.12,625.46,35983000,,
2026-01-27,628.91,632.04,627.34,631.13,38997200,,
2026-01-28,635.46,636.60,631.81,633.22,50691700,,
2026-01-29,632.65,633.67,618.27,629.43,79944000,,
2026-01-30,625.71,628.26,619.30,621.87,65650700,,
2026-02-02,618.70,628.49,618.66,626.14,49020300,,
2026-02-03,628.30,629.98,610.96,616.52,81234000,,
2026-02-04,615.02,615.10,600.47,605.75,81850700,,
2026-02-05,600.21,604.81,594.76,597.03,89354500,,
2026-02-06,600.19,611.41,598.77,609.65,78019300,,
2026-02-09,607.54,616.46,605.07,614.32,56797600,,
2026-02-10,615.31,617.02,611.01,611.47,53938900,,
2026-02-11,616.38,617.52,607.69,613.11,58575100,,
2026-02-12,614.71,615.81,599.57,600.64,81378900,,
2026-02-13,600.43,606.48,596.42,601.92,69237500,,
2026-02-17,598.38,603.95,593.34,601.30,69013800,,
2026-02-18,602.11,609.77,600.72,605.79,64250700,,
2026-02-19,602.81,605.82,600.75,603.47,60960800,,
2026-02-20,600.12,610.35,599.23,608.81,74127300,,
2026-02-23,606.61,608.01,599.05,601.41,63859100,,
2026-02-24,602.40,608.99,599.73,607.87,55023700,,
2026-02-25,611.07,616.83,611.00,616.68,55710700,,
2026-02-26,615.59,615.59,603.98,609.24,96178900,,
2026-02-27,602.98,608.32,602.19,607.29,68125200,,
2026-03-02,598.86,609.92,597.99,608.09,75264600,,
2026-03-03,596.33,603.96,591.87,601.58,97015500,,
2026-03-04,604.16,612.88,603.43,610.75,70943900,,
2026-03-05,607.40,612.76,602.26,608.91,89602400,,
2026-03-06,600.31,606.00,598.33,599.75,86302300,,
2026-03-09,594.23,609.27,591.33,607.76,93068200,,
2026-03-10,607.78,613.29,605.42,607.77,64078900,,
2026-03-11,608.95,612.43,605.03,607.69,60114800,,
2026-03-12,602.76,604.14,597.05,597.26,71836600,,
2026-03-13,599.73,603.60,592.57,593.72,63145500,,
2026-03-16,600.04,603.86,599.11,600.38,49077200,,
2026-03-17,603.14,605.90,601.87,603.31,47106600,,
2026-03-18,601.49,603.16,594.56,594.90,56128000,,
2026-03-19,589.51,595.80,587.08,593.02,75597600,,
2026-03-20,591.06,591.17,578.54,582.06,91964700,,
2026-03-23,590.52,595.08,585.96,588.00,89936100,0.733,
2026-03-24,584.81,587.93,581.93,583.98,57750900,,
2026-03-25,589.14,591.37,585.69,587.82,60475500,,
2026-03-26,582.60,584.63,573.43,573.79,81492100,,
2026-03-27,570.81,571.02,561.57,562.58,82702200,,
2026-03-30,567.38,568.05,555.60,558.28,70602600,,
2026-03-31,564.29,578.64,564.21,577.18,95878000,,
2026-04-01,581.48,587.74,580.42,584.31,79435100,,
2026-04-02,573.97,586.05,571.92,584.98,50941700,,
2026-04-06,586.23,590.61,584.69,588.50,35108500,,
2026-04-07,585.64,588.98,578.40,588.59,49948200,,
2026-04-08,608.71,609.90,602.12,606.09,63086000,,
2026-04-09,605.93,610.50,603.03,610.19,37837500,,
2026-04-10,611.84,613.67,609.58,611.07,34038500,,
2026-04-13,609.48,626.74,608.11,617.39,32972100,,
2026-04-14,620.22,628.60,620.10,628.60,49921100,,
2026-04-15,629.08,637.83,628.20,637.40,50102400,,
2026-04-16,639.21,642.18,635.26,640.47,42320600,,
2026-04-17,645.59,650.00,644.07,648.85,53488900,,
2026-04-20,648.04,648.76,642.52,646.79,37138500,,
2026-04-21,648.41,650.20,642.21,644.33,39580500,,
2026-04-22,650.15,655.33,648.52,655.11,37368400,,
2026-04-23,653.55,656.92,645.52,651.42,40099800,,
2026-04-24,658.51,664.51,656.53,663.88,45563100,,
2026-04-27,663.40,664.43,660.69,664.23,32717000,,
2026-04-28,657.41,659.64,653.81,657.55,34147900,,
2026-04-29,658.63,661.72,656.59,661.57,31724900,,
2026-04-30,665.35,668.90,657.56,667.74,40622200,,
2026-05-01,669.16,675.97,668.80,674.15,39172600,,
2026-05-04,674.66,676.73,668.90,672.88,34542000,,
2026-05-05,677.96,682.77,677.51,681.61,37101100,,
2026-05-06,687.78,695.93,686.48,695.77,38778500,,
2026-05-07,696.58,701.24,691.77,694.94,43779100,,
2026-05-08,699.92,711.23,699.50,711.23,44320400,,
2026-05-11,710.36,714.59,708.91,713.29,36019100,,
2026-05-12,708.22,710.18,696.64,707.24,45873000,,
2026-05-13,709.96,716.65,704.83,714.71,40012500,,
2026-05-14,714.62,722.03,714.22,719.79,33327500,,
2026-05-15,710.14,715.13,705.55,708.93,51792700,,
2026-05-18,711.54,712.07,698.85,705.88,49834500,,
2026-05-19,699.81,706.49,695.25,701.53,46827500,,
2026-05-20,705.29,713.15,703.79,713.15,36779200,,
2026-05-21,708.99,717.12,706.77,714.51,36415400,,
2026-05-22,718.07,722.12,715.95,717.54,33118600,,
2026-05-26,725.96,731.17,724.16,730.28,34254700,,
2026-05-27,732.96,733.32,725.44,729.45,35148700,,
2026-05-28,729.73,736.60,726.41,735.60,32840000,,
2026-05-29,737.84,741.63,735.25,738.31,37541700,,
2026-06-01,737.04,745.65,735.99,742.74,33890600,,
2026-06-02,742.40,746.44,739.23,746.16,30085200,,
2026-06-03,747.31,748.65,741.01,744.21,40270200,,
2026-06-04,735.48,743.50,732.62,740.61,40782600,,
2026-06-05,730.06,731.69,704.32,705.06,99606600,,
2026-06-08,717.81,723.03,713.07,716.07,47401500,,
2026-06-09,722.98,725.66,686.37,707.83,91932200,,
2026-06-10,701.66,711.28,692.93,693.69,65334300,,
2026-06-11,699.29,718.37,695.00,717.12,71798900,,
2026-06-12,717.61,724.01,711.28,721.34,51168400,,
2026-06-15,738.10,744.76,737.38,744.00,46710200,,
2026-06-16,742.25,744.22,729.64,729.86,45348700,,
2026-06-17,735.19,735.68,720.85,722.51,51669300,,
2026-06-18,737.20,741.82,732.51,740.62,50154600,,
2026-06-22,742.02,745.45,734.39,737.95,43518600,0.813,
2026-06-23,715.74,723.61,712.11,713.65,53354200,,
2026-06-24,715.37,719.93,704.45,710.62,52480400,,
2026-06-25,725.90,726.83,705.30,716.38,49668000,,
2026-06-26,707.13,715.56,702.81,706.52,47081800,,
2026-06-29,713.99,724.58,705.17,724.08,44939100,,
2026-06-30,724.18,737.62,723.91,736.40,42121800,,
2026-07-01,729.19,731.92,724.60,725.17,40803800,,
2026-07-02,725.58,730.83,707.56,712.60,50959800,,
2026-07-06,719.93,726.08,718.45,722.82,30220400,,
2026-07-07,714.17,716.35,704.90,709.43,42483100,,
2026-07-08,704.95,712.26,700.91,711.44,35603200,,
2026-07-09,718.33,724.23,715.13,723.28,33654700,,
2026-07-10,720.70,726.39,717.00,725.51,26415900,,
2026-07-13,717.72,718.74,710.08,711.74,36552400,,
2026-07-14,720.22,722.29,714.34,719.69,29448100,,
2026-07-15,723.85,724.36,710.23,717.74,32627600,,
2026-07-16,712.01,713.60,702.61,705.94,39402000,,
2026-07-17,691.65,702.30,686.76,695.33,54109300,,
2026-07-20,702.16,705.80,695.51,696.06,29687600,,
2026-07-21,706.57,710.05,702.80,708.97,33728300,,
2026-07-22,703.62,709.65,703.62,705.35,23692200,,
2026-07-23,694.67,698.66,687.79,691.96,44028600,,
2026-07-24,690.41,692.63,682.48,684.23,42876700,,
2026-07-27,691.68,692.30,675.95,682.12,42681500,,
2026-07-28,676.23,679.40,667.88,675.49,51398700,,
2026-07-29,675.51,680.05,661.14,661.73,57233300,,
2026-07-30,674.76,685.12,673.30,683.55,66753700,,
2026-07-31,692.11,695.77,680.05,687.99,50443900,,
2026-08-03,688.34,701.59,685.82,700.07,42678061,,
