date,open,high,low,close,volume,div,split
2016-08-04,26.39,26.50,26.34,26.46,11000,,
2016-08-05,26.49,26.63,26.49,26.63,9600,,
2016-08-08,26.70,26.70,26.63,26.65,40000,,
2016-08-09,26.78,26.98,26.78,26.93,23600,,
2016-08-10,27.00,27.00,26.77,26.77,14500,,
2016-08-11,26.77,27.01,26.77,27.00,27500,,
2016-08-12,27.13,27.13,26.97,27.01,15000,,
2016-08-15,27.08,27.29,27.08,27.26,10900,,
2016-08-16,27.30,27.30,27.09,27.11,18700,,
2016-08-17,27.12,27.12,26.90,26.99,9600,,
2016-08-18,27.04,27.16,27.00,27.12,13700,,
2016-08-19,27.12,27.26,26.96,27.26,10700,,
2016-08-22,27.08,27.25,27.00,27.18,26000,,
2016-08-23,27.30,27.33,27.18,27.25,33300,,
2016-08-24,27.28,27.28,27.06,27.11,16600,,
2016-08-25,27.17,27.17,27.06,27.13,3800,,
2016-08-26,27.05,27.37,26.95,27.10,27200,,
2016-08-29,27.23,27.27,27.06,27.24,18100,,
2016-08-30,27.24,27.28,27.09,27.25,18900,,
2016-08-31,27.20,27.20,26.81,26.90,18200,,
2016-09-01,26.86,27.09,26.86,27.05,8700,,
2016-09-02,27.21,27.21,27.03,27.16,14200,,
2016-09-06,27.59,27.66,27.54,27.63,25800,,
2016-09-07,27.86,27.86,27.70,27.74,32700,,
2016-09-08,27.93,27.93,27.74,27.84,51400,,
2016-09-09,27.74,27.74,27.22,27.23,24000,,
2016-09-12,27.03,27.41,27.00,27.35,15200,,
2016-09-13,27.34,27.34,26.92,27.00,16000,,
2016-09-14,27.13,27.13,26.91,26.96,5200,,
2016-09-15,26.94,27.22,26.94,27.20,14300,,
2016-09-16,27.06,27.08,26.92,27.01,8200,,
2016-09-19,27.07,27.50,27.07,27.31,15400,,
2016-09-20,27.54,27.54,27.33,27.39,12400,,
2016-09-21,27.46,27.86,27.46,27.85,16800,,
2016-09-22,28.00,28.25,28.00,28.19,50800,,
2016-09-23,28.18,28.18,28.00,28.07,15600,,
2016-09-26,27.91,27.92,27.75,27.81,17700,,
2016-09-27,27.75,28.05,27.66,28.00,18600,,
2016-09-28,28.15,28.39,28.03,28.35,19500,,
2016-09-29,28.52,28.52,28.18,28.25,24400,,
2016-09-30,28.26,28.45,28.12,28.39,18500,,
2016-10-03,28.99,28.99,28.21,28.29,35100,,
2016-10-04,28.40,28.40,28.02,28.15,17300,,
2016-10-05,28.28,28.41,28.21,28.33,11100,,
2016-10-06,28.11,28.32,28.10,28.21,29300,,
2016-10-07,28.17,28.20,28.02,28.16,26600,,
2016-10-10,28.49,28.49,28.18,28.22,33700,,
2016-10-11,28.23,28.23,27.69,27.76,36800,,
2016-10-12,27.89,27.89,27.65,27.72,15300,,
2016-10-13,27.45,27.57,27.20,27.48,48500,,
2016-10-14,27.42,27.63,27.42,27.46,21400,,
2016-10-17,27.50,27.55,27.42,27.47,74500,,
2016-10-18,27.69,27.70,27.54,27.63,21500,,
2016-10-19,27.41,27.74,27.41,27.61,27400,,
2016-10-20,27.75,27.81,27.53,27.69,43400,,
2016-10-21,27.68,27.79,27.53,27.75,29400,,
2016-10-24,27.85,27.98,27.76,27.78,41300,,
2016-10-25,27.79,27.79,27.55,27.60,27600,,
2016-10-26,27.62,27.82,27.60,27.73,32000,,
2016-10-27,27.88,27.88,27.58,27.60,37800,,
2016-10-28,27.86,27.86,27.50,27.54,56100,,
2016-10-31,27.55,27.63,27.49,27.60,16800,,
2016-11-01,27.60,27.70,27.20,27.32,28700,,
2016-11-02,27.17,27.21,26.96,27.05,30400,,
2016-11-03,26.91,27.22,26.91,26.94,12100,,
2016-11-04,26.98,27.10,26.92,26.93,31100,,
2016-11-07,27.35,27.49,27.30,27.45,45300,,
2016-11-08,27.48,27.56,27.26,27.42,35800,,
2016-11-09,27.05,27.64,27.05,27.58,48200,,
2016-11-10,27.80,28.10,27.58,27.81,59900,,
2016-11-11,27.81,28.09,27.71,28.09,38200,,
2016-11-14,28.14,28.18,27.91,28.10,38300,,
2016-11-15,28.19,28.30,28.00,28.25,37000,,
2016-11-16,28.13,28.24,28.04,28.07,37800,,
2016-11-17,28.25,28.30,28.21,28.30,27700,,
2016-11-18,28.42,28.42,28.20,28.30,39700,,
2016-11-21,28.36,28.39,28.21,28.36,38500,,
2016-11-22,28.36,28.43,28.25,28.42,47300,,
2016-11-23,28.43,28.51,28.27,28.51,40500,,
2016-11-25,28.52,28.52,28.41,28.41,31400,,
2016-11-28,28.53,28.55,28.41,28.44,73600,,
2016-11-29,28.33,28.53,28.30,28.42,41600,,
2016-11-30,28.33,28.43,28.28,28.37,29600,,
2016-12-01,28.49,28.49,28.11,28.19,30300,,
2016-12-02,28.05,28.17,28.05,28.15,25200,,
2016-12-05,28.15,28.49,28.15,28.38,55100,,
2016-12-06,28.55,28.65,28.38,28.62,36000,,
2016-12-07,28.73,28.89,28.52,28.88,83900,,
2016-12-08,28.85,29.18,28.85,29.16,35900,,
2016-12-09,29.27,29.27,29.09,29.14,75300,,
2016-12-12,29.17,29.17,28.90,28.95,48100,,
2016-12-13,28.86,29.26,28.86,29.13,84200,,
2016-12-14,28.97,29.19,28.71,28.79,93200,,
2016-12-15,28.94,28.99,28.76,28.93,60700,,
2016-12-16,29.09,29.09,28.63,28.63,57800,,
2016-12-19,28.73,28.85,28.66,28.74,36000,,
2016-12-20,28.79,28.90,28.73,28.74,104100,0.055,
2016-12-21,28.76,28.88,28.65,28.70,114000,,
2016-12-22,28.69,28.74,28.55,28.65,38300,,
2016-12-23,28.76,28.76,28.57,28.63,36600,,
2016-12-27,28.77,28.91,28.71,28.79,35200,,
2016-12-28,28.99,28.99,28.61,28.63,17600,,
2016-12-29,28.63,28.75,28.56,28.65,63500,,
2016-12-30,28.65,28.84,28.65,28.65,31800,,
2017-01-03,28.94,28.99,28.72,28.99,140500,,
2017-01-04,29.06,29.31,29.06,29.28,222800,,
2017-01-05,29.37,29.46,29.23,29.26,52900,,
2017-01-06,29.35,29.42,29.27,29.35,49300,,
2017-01-09,29.34,29.47,29.34,29.43,67600,,
2017-01-10,29.32,29.44,29.32,29.36,55700,,
2017-01-11,29.55,29.55,29.37,29.55,135000,,
2017-01-12,29.75,29.75,29.34,29.53,120000,,
2017-01-13,29.63,29.75,29.50,29.71,176800,,
2017-01-17,29.83,29.83,29.37,29.42,161300,,
2017-01-18,29.50,29.56,29.40,29.52,138400,,
2017-01-19,29.65,29.75,29.50,29.59,127600,,
2017-01-20,29.86,29.88,29.73,29.88,164600,,
2017-01-23,29.91,29.91,29.59,29.73,95400,,
2017-01-24,29.91,30.14,29.78,30.09,130400,,
2017-01-25,30.45,30.73,30.40,30.73,193800,,
2017-01-26,30.80,30.80,30.50,30.53,259300,,
2017-01-27,30.61,30.61,30.36,30.50,66100,,
2017-01-30,30.56,30.56,30.11,30.33,70400,,
2017-01-31,30.37,30.50,30.19,30.48,93400,,
2017-02-01,30.75,30.80,30.52,30.79,122900,,
2017-02-02,30.78,30.78,30.60,30.74,112600,,
2017-02-03,30.91,30.97,30.80,30.97,144100,,
2017-02-06,30.88,30.88,30.68,30.76,190600,,
2017-02-07,30.88,30.88,30.66,30.72,274500,,
2017-02-08,30.81,30.83,30.62,30.80,114000,,
2017-02-09,30.85,30.97,30.75,30.95,151000,,
2017-02-10,31.03,31.11,31.00,31.09,151100,,
2017-02-13,31.33,31.33,31.19,31.27,174800,,
2017-02-14,31.35,31.42,31.20,31.41,647200,,
2017-02-15,31.35,31.50,31.32,31.50,128400,,
2017-02-16,31.77,31.77,31.35,31.46,171000,,
2017-02-17,31.49,31.61,31.41,31.60,122400,,
2017-02-21,31.83,31.89,31.72,31.89,379300,,
2017-02-22,31.88,31.89,31.79,31.84,232700,,
2017-02-23,32.03,32.03,31.61,31.75,192200,,
2017-02-24,31.56,31.56,31.35,31.54,218600,,
2017-02-27,31.62,31.66,31.44,31.60,140300,,
2017-02-28,31.72,31.72,31.33,31.37,158000,,
2017-03-01,31.71,31.97,31.69,31.95,189400,,
2017-03-02,31.90,31.91,31.60,31.67,96100,,
2017-03-03,31.66,31.73,31.54,31.70,155300,,
2017-03-06,31.72,31.72,31.45,31.54,643000,,
2017-03-07,31.57,31.58,31.45,31.48,328300,,
2017-03-08,31.61,31.68,31.50,31.54,348000,,
2017-03-09,31.50,31.55,31.32,31.42,201100,,
2017-03-10,31.83,31.85,31.51,31.70,228700,,
2017-03-13,31.77,31.86,31.69,31.86,268300,,
2017-03-14,31.78,31.78,31.51,31.61,574500,,
2017-03-15,31.65,32.04,31.58,32.01,249600,,
2017-03-16,32.14,32.18,31.98,32.03,321200,,
2017-03-17,32.18,32.25,32.07,32.23,213300,,
2017-03-20,32.23,32.49,32.16,32.23,357800,,
2017-03-21,32.41,32.45,31.72,31.77,351900,,
2017-03-22,31.71,31.79,31.56,31.73,338400,,
2017-03-23,31.73,31.94,31.70,31.86,158900,,
2017-03-24,31.89,32.08,31.83,31.90,227600,,
2017-03-27,31.73,31.94,31.55,31.93,113500,,
2017-03-28,31.98,32.19,31.87,32.13,248800,,
2017-03-29,32.15,32.19,32.01,32.18,312900,,
2017-03-30,32.15,32.29,32.06,32.27,164200,,
2017-03-31,32.14,32.24,32.05,32.20,171000,,
2017-04-03,32.28,32.29,31.96,32.10,156900,,
2017-04-04,31.91,32.09,31.86,31.91,143100,,
2017-04-05,32.03,32.17,31.76,31.76,228600,,
2017-04-06,31.80,31.92,31.69,31.90,226800,,
2017-04-07,31.94,31.98,31.85,31.91,118500,,
2017-04-10,31.96,32.05,31.81,31.92,202300,,
2017-04-11,31.73,31.87,31.60,31.86,135300,,
2017-04-12,31.82,31.83,31.52,31.57,113300,,
2017-04-13,31.51,31.53,31.22,31.25,228100,,
2017-04-17,31.36,31.51,31.30,31.46,95800,,
2017-04-18,31.42,31.55,31.31,31.51,101500,,
2017-04-19,31.69,31.82,31.61,31.70,130000,,
2017-04-20,31.89,32.09,31.88,32.06,230000,,
2017-04-21,32.05,32.05,31.91,31.98,157700,,
2017-04-24,32.42,32.50,32.37,32.48,227600,,
2017-04-25,32.71,32.94,32.70,32.88,259300,,
2017-04-26,32.99,33.16,32.90,33.09,324400,,
2017-04-27,33.15,33.26,33.09,33.19,189300,,
2017-04-28,33.06,33.18,33.01,33.13,306300,,
2017-05-01,33.27,33.35,33.14,33.35,209200,,
2017-05-02,33.38,33.46,33.27,33.41,314900,,
2017-05-03,33.35,33.40,33.15,33.35,131600,,
2017-05-04,33.42,33.42,33.22,33.39,163600,,
2017-05-05,33.45,33.62,33.35,33.61,209400,,
2017-05-08,33.67,33.67,33.56,33.65,223700,,
2017-05-09,33.69,33.78,33.63,33.72,305900,,
2017-05-10,33.85,33.99,33.67,33.93,168600,,
2017-05-11,33.94,34.00,33.73,33.95,281800,,
2017-05-12,34.02,34.07,33.92,34.02,242500,,
2017-05-15,34.03,34.36,34.03,34.33,346900,,
2017-05-16,34.33,34.49,34.26,34.49,473900,,
2017-05-17,34.37,34.37,33.82,33.85,329100,,
2017-05-18,33.74,34.00,33.53,33.95,264700,,
2017-05-19,34.26,34.50,34.20,34.37,283300,,
2017-05-22,34.58,34.72,34.52,34.72,343900,,
2017-05-23,34.78,34.88,34.58,34.68,264100,,
2017-05-24,34.67,34.71,34.52,34.62,145300,,
2017-05-25,34.85,34.85,34.67,34.75,321300,,
2017-05-26,34.72,34.72,34.56,34.70,205300,,
2017-05-30,34.65,34.75,34.60,34.66,272400,,
2017-05-31,34.76,34.76,34.42,34.58,279400,,
2017-06-01,34.82,34.99,34.70,34.99,214600,,
2017-06-02,35.31,35.48,35.20,35.43,389800,,
2017-06-05,35.46,35.54,35.44,35.50,347100,,
2017-06-06,35.41,35.46,35.23,35.37,317500,,
2017-06-07,35.44,35.44,35.22,35.35,338400,,
2017-06-08,35.22,35.47,35.18,35.47,329300,,
2017-06-09,35.50,35.51,34.82,35.00,540000,,
2017-06-12,34.79,34.79,34.32,34.63,386700,,
2017-06-13,34.78,34.89,34.66,34.84,386800,,
2017-06-14,35.00,35.00,34.60,34.74,341800,,
2017-06-15,34.22,34.42,34.16,34.39,488300,,
2017-06-16,34.47,34.58,34.39,34.56,190100,,
2017-06-19,34.81,35.02,34.78,35.00,540600,,
2017-06-20,35.13,35.13,34.78,34.81,453300,,
2017-06-21,34.90,34.90,34.78,34.81,212400,,
2017-06-22,34.83,34.92,34.76,34.84,313100,,
2017-06-23,34.87,34.95,34.79,34.88,207600,,
2017-06-26,35.04,35.12,34.77,34.80,297900,,
2017-06-27,34.83,34.88,34.51,34.51,240000,,
2017-06-28,34.35,34.74,34.34,34.69,200300,,
2017-06-29,34.66,34.66,34.01,34.25,271300,,
2017-06-30,34.28,34.39,34.21,34.28,232600,,
2017-07-03,34.34,34.35,34.11,34.11,247800,,
2017-07-05,34.11,34.17,33.95,34.15,444200,,
2017-07-06,34.08,34.08,33.79,33.82,201000,,
2017-07-07,33.88,34.18,33.85,34.15,302400,,
2017-07-10,34.18,34.42,34.16,34.37,454200,,
2017-07-11,34.47,34.61,34.37,34.61,462700,,
2017-07-12,34.91,35.06,34.89,35.01,342500,,
2017-07-13,35.09,35.09,34.88,35.02,455500,,
2017-07-14,35.12,35.42,35.12,35.36,286100,,
2017-07-17,35.37,35.37,35.25,35.29,176400,,
2017-07-18,35.30,35.41,35.25,35.37,323300,,
2017-07-19,35.40,35.70,35.40,35.70,397000,,
2017-07-20,35.80,35.80,35.57,35.69,511500,,
2017-07-21,35.81,35.81,35.66,35.78,337300,,
2017-07-24,35.82,35.95,35.74,35.92,266600,,
2017-07-25,35.97,36.05,35.93,35.98,489700,,
2017-07-26,36.14,36.14,36.01,36.08,341600,,
2017-07-27,36.31,36.33,35.92,36.22,585400,,
2017-07-28,36.10,36.18,36.02,36.18,206000,,
2017-07-31,36.20,36.33,36.05,36.28,5493300,,
2017-08-01,36.52,36.59,36.42,36.45,389000,,
2017-08-02,36.66,36.67,36.30,36.44,315400,,
2017-08-03,36.27,36.27,36.05,36.09,280300,,
2017-08-04,36.20,36.20,36.00,36.09,251600,,
2017-08-07,36.30,36.39,36.16,36.35,170600,,
2017-08-08,36.34,36.44,36.18,36.23,232100,,
2017-08-09,36.09,36.10,35.95,36.10,464500,,
2017-08-10,35.94,35.96,35.38,35.40,550100,,
2017-08-11,35.40,35.61,35.38,35.51,320400,,
2017-08-14,35.70,35.90,35.70,35.88,196600,,
2017-08-15,35.92,35.97,35.83,35.86,232500,,
2017-08-16,36.04,36.07,35.95,35.99,346700,,
2017-08-17,36.11,36.15,35.72,35.73,345200,,
2017-08-18,35.70,35.81,35.53,35.68,244500,,
2017-08-21,35.76,35.76,35.50,35.58,229700,,
2017-08-22,35.80,36.14,35.75,36.08,373800,,
2017-08-23,36.07,36.14,36.02,36.12,247600,,
2017-08-24,36.15,36.20,35.96,36.00,232200,,
2017-08-25,36.08,36.20,36.05,36.10,175600,,
2017-08-28,36.28,36.28,36.10,36.20,275600,,
2017-08-29,36.13,36.27,36.00,36.24,261500,,
2017-08-30,36.31,36.52,36.28,36.50,419700,,
2017-08-31,36.64,36.85,36.58,36.84,332800,,
2017-09-01,36.98,37.00,36.88,36.92,342100,,
2017-09-05,36.78,36.82,36.45,36.64,875000,,
2017-09-06,36.86,36.94,36.77,36.87,336700,,
2017-09-07,37.15,37.19,37.00,37.18,300600,,
2017-09-08,37.26,37.30,37.12,37.16,308200,,
2017-09-11,37.51,37.79,37.50,37.77,494600,,
2017-09-12,38.00,38.04,37.88,38.01,456300,,
2017-09-13,38.06,38.07,37.97,38.00,573900,,
2017-09-14,37.87,38.09,37.87,38.07,845100,,
2017-09-15,38.16,38.25,38.10,38.22,379800,,
2017-09-18,38.40,38.57,38.31,38.57,723100,,
2017-09-19,38.69,38.75,38.57,38.70,536800,,
2017-09-20,38.79,38.79,38.51,38.70,585000,,
2017-09-21,38.44,38.55,38.31,38.41,510000,,
2017-09-22,38.39,38.47,38.34,38.44,343400,,
2017-09-25,38.44,38.44,38.06,38.23,420900,,
2017-09-26,38.07,38.15,37.98,38.04,408500,,
2017-09-27,38.16,38.37,38.10,38.34,610500,,
2017-09-28,38.42,38.51,38.33,38.47,382000,,
2017-09-29,38.57,38.69,38.49,38.68,582400,,
2017-10-02,38.81,38.92,38.73,38.92,618900,,
2017-10-03,38.92,39.08,38.92,39.08,421900,,
2017-10-04,39.04,39.14,38.99,39.08,365200,,
2017-10-05,39.12,39.12,38.99,39.03,413800,,
2017-10-06,38.84,38.98,38.73,38.95,473300,,
2017-10-09,39.09,39.09,38.98,39.03,238600,,
2017-10-10,39.29,39.33,39.18,39.24,400000,,
2017-10-11,39.30,39.43,39.25,39.41,470800,,
2017-10-12,39.43,39.56,39.43,39.47,585300,,
2017-10-13,39.77,39.82,39.71,39.77,569500,,
2017-10-16,39.85,39.86,39.71,39.76,481900,,
2017-10-17,39.76,39.76,39.62,39.73,469700,,
2017-10-18,39.71,39.75,39.58,39.74,548400,,
2017-10-19,39.53,39.54,39.23,39.50,436400,,
2017-10-20,39.65,39.74,39.50,39.70,351500,,
2017-10-23,39.90,39.90,39.72,39.77,536300,,
2017-10-24,39.79,39.96,39.77,39.83,671900,,
2017-10-25,39.84,39.84,39.37,39.62,741900,,
2017-10-26,39.66,39.73,39.57,39.69,370900,,
2017-10-27,39.82,40.15,39.80,40.14,585100,,
2017-10-30,40.18,40.20,39.98,40.10,470100,,
2017-10-31,40.43,40.73,40.43,40.67,864300,,
2017-11-01,40.65,40.85,40.39,40.49,735500,,
2017-11-02,40.49,40.53,40.31,40.51,452100,,
2017-11-03,40.51,40.72,40.44,40.71,454700,,
2017-11-06,40.76,40.98,40.70,40.98,469900,,
2017-11-07,41.15,41.18,40.84,40.96,684200,,
2017-11-08,41.12,41.14,40.95,41.08,537000,,
2017-11-09,40.77,40.84,40.28,40.62,2009600,,
2017-11-10,40.51,40.70,40.50,40.64,583600,,
2017-11-13,40.46,40.54,40.25,40.49,681600,,
2017-11-14,40.50,40.64,40.46,40.57,589400,,
2017-11-15,40.21,40.26,39.91,40.20,698000,,
2017-11-16,40.57,40.95,40.53,40.90,526500,,
2017-11-17,41.04,41.05,40.91,41.00,633000,,
2017-11-20,41.20,41.48,41.20,41.42,852400,,
2017-11-21,41.88,42.11,41.81,42.11,947900,,
2017-11-22,42.46,42.46,42.16,42.25,613300,,
2017-11-24,42.53,42.59,42.45,42.59,436100,,
2017-11-27,42.56,42.57,42.31,42.36,656400,,
2017-11-28,42.47,42.57,42.28,42.54,683500,,
2017-11-29,42.40,42.41,41.58,41.69,1160500,,
2017-11-30,41.67,41.74,41.52,41.69,849300,,
2017-12-01,41.68,41.68,41.00,41.57,812000,,
2017-12-04,41.60,41.60,40.77,40.79,741100,,
2017-12-05,40.61,40.82,40.44,40.48,757600,,
2017-12-06,40.27,40.44,40.20,40.27,489800,,
2017-12-07,40.34,40.70,40.31,40.63,521100,,
2017-12-08,40.88,40.93,40.70,40.79,666500,,
2017-12-11,40.86,40.89,40.66,40.70,697700,,
2017-12-12,40.61,40.70,40.57,40.64,487700,,
2017-12-13,40.49,40.60,40.44,40.46,425500,,
2017-12-14,40.64,40.68,40.27,40.27,513700,,
2017-12-15,40.48,40.49,40.32,40.39,762100,,
2017-12-18,40.83,41.11,40.83,41.08,501400,,
2017-12-19,41.10,41.16,40.93,40.99,503800,,
2017-12-20,41.09,41.11,40.91,41.01,345100,,
2017-12-21,41.12,41.32,41.10,41.25,444000,,
2017-12-22,41.36,41.40,41.19,41.35,577400,,
2017-12-26,41.11,41.35,41.11,41.28,320300,0.01,
2017-12-27,41.28,41.46,41.20,41.34,285900,,
2017-12-28,41.49,41.49,41.37,41.44,282700,,
2017-12-29,41.55,41.58,41.30,41.32,402500,,
2018-01-02,41.32,41.74,41.32,41.74,696300,,
2018-01-03,41.90,42.42,41.87,42.37,905500,,
2018-01-04,42.90,43.02,42.78,43.00,1011800,,
2018-01-05,43.24,43.44,43.18,43.41,776300,,
2018-01-08,43.38,43.64,43.28,43.61,798700,,
2018-01-09,43.66,43.75,43.52,43.70,758300,,
2018-01-10,43.57,43.57,43.36,43.52,705900,,
2018-01-11,43.73,44.05,43.53,44.02,761100,,
2018-01-12,44.30,44.66,44.16,44.62,1012900,,
2018-01-16,45.14,45.32,44.72,44.90,1408200,,
2018-01-17,45.18,45.42,45.01,45.32,822500,,
2018-01-18,45.27,45.35,45.16,45.29,1011400,,
2018-01-19,45.62,45.85,45.60,45.83,1007800,,
2018-01-22,45.86,46.02,45.72,46.02,849200,,
2018-01-23,45.98,46.20,45.96,46.16,962000,,
2018-01-24,46.10,46.13,45.55,45.80,894900,,
2018-01-25,45.84,45.94,45.47,45.58,836100,,
2018-01-26,45.89,46.14,45.76,46.12,538800,,
2018-01-29,45.91,46.00,45.68,45.72,1120100,,
2018-01-30,45.44,45.44,44.96,45.15,935000,,
2018-01-31,45.44,45.54,45.10,45.20,833000,,
2018-02-01,45.25,45.58,45.17,45.42,908600,,
2018-02-02,45.00,45.09,44.29,44.32,1439000,,
2018-02-05,43.68,43.87,41.96,42.03,2089200,,
2018-02-06,41.20,42.84,40.55,42.74,2064400,,
2018-02-07,42.71,43.02,42.46,42.51,1220200,,
2018-02-08,42.23,42.30,40.60,40.60,1693100,,
2018-02-09,40.97,41.23,39.80,40.98,2789500,,
2018-02-12,41.35,41.90,41.12,41.73,1052500,,
2018-02-13,41.17,41.58,41.02,41.45,948200,,
2018-02-14,41.11,42.30,41.03,42.26,1017300,,
2018-02-15,42.68,42.91,42.31,42.87,863500,,
2018-02-16,43.00,43.16,42.70,42.87,855700,,
2018-02-20,42.51,42.87,42.39,42.55,465400,,
2018-02-21,42.85,43.29,42.65,42.65,699700,,
2018-02-22,42.81,43.20,42.76,42.84,643000,,
2018-02-23,42.91,43.23,42.83,43.23,501600,,
2018-02-26,43.40,43.67,43.20,43.66,969200,,
2018-02-27,43.66,43.77,43.11,43.11,750200,,
2018-02-28,43.24,43.26,42.60,42.62,487500,,
2018-03-01,42.46,42.46,41.45,41.68,1133600,,
2018-03-02,41.47,42.26,41.27,42.20,791000,,
2018-03-05,41.84,42.62,41.77,42.52,455300,,
2018-03-06,42.84,43.00,42.71,42.98,494400,,
2018-03-07,42.61,42.94,42.47,42.91,791000,,
2018-03-08,43.03,43.13,42.86,43.10,348000,,
2018-03-09,43.24,43.69,43.20,43.66,504300,,
2018-03-12,43.81,44.04,43.80,43.96,609900,,
2018-03-13,44.19,44.32,43.53,43.62,597100,,
2018-03-14,44.03,44.08,43.55,43.71,297700,,
2018-03-15,43.84,44.00,43.66,43.77,424800,,
2018-03-16,43.54,43.61,43.34,43.40,294400,,
2018-03-19,43.20,43.20,42.43,42.76,535800,,
2018-03-20,42.68,42.84,42.58,42.72,411700,,
2018-03-21,42.78,43.22,42.75,42.94,185700,,
2018-03-22,42.58,42.73,41.88,41.95,436100,,
2018-03-23,41.65,41.73,40.85,40.93,665600,,
2018-03-26,41.56,41.95,41.22,41.92,346200,,
2018-03-27,42.24,42.35,41.22,41.39,510100,,
2018-03-28,41.39,41.44,40.91,41.09,580600,,
2018-03-29,41.39,42.14,41.34,41.82,444100,,
2018-04-02,41.86,41.92,40.67,40.99,561000,,
2018-04-03,41.11,41.39,40.92,41.32,310300,,
2018-04-04,40.50,41.16,40.27,41.12,588600,,
2018-04-05,41.29,41.51,41.21,41.31,406400,,
2018-04-06,40.94,41.13,40.23,40.46,251300,,
2018-04-09,40.60,40.90,40.46,40.48,355400,,
2018-04-10,41.04,41.55,41.04,41.39,644100,,
2018-04-11,41.39,41.85,41.38,41.57,235100,,
2018-04-12,41.58,41.91,41.58,41.79,306400,,
2018-04-13,42.10,42.16,41.67,41.87,522600,,
2018-04-16,41.99,42.17,41.87,42.07,618700,,
2018-04-17,42.24,42.54,42.18,42.46,255200,,
2018-04-18,42.77,42.99,42.62,42.85,408900,,
2018-04-19,42.81,42.84,42.37,42.53,334900,,
2018-04-20,42.36,42.40,42.08,42.22,264300,,
2018-04-23,42.03,42.13,41.57,41.71,370300,,
2018-04-24,41.81,42.00,40.96,41.21,427000,,
2018-04-25,40.84,40.87,40.51,40.75,457200,,
2018-04-26,40.94,40.96,40.68,40.84,485200,,
2018-04-27,40.75,40.79,40.34,40.45,491900,,
2018-04-30,40.50,40.61,40.26,40.26,398600,,
2018-05-01,40.02,40.15,39.68,40.15,517600,,
2018-05-02,40.15,40.22,39.88,39.93,311000,,
2018-05-03,39.90,40.11,39.56,40.03,412200,,
2018-05-04,39.82,40.64,39.74,40.47,195100,,
2018-05-07,40.58,40.96,40.55,40.87,235100,,
2018-05-08,40.87,41.20,40.85,41.20,310400,,
2018-05-09,41.27,41.66,41.25,41.65,358900,,
2018-05-10,41.60,41.91,41.60,41.87,288400,,
2018-05-11,42.09,42.14,41.88,42.02,467900,,
2018-05-14,42.10,42.27,41.97,42.02,348000,,
2018-05-15,41.66,41.80,41.57,41.72,556700,,
2018-05-16,41.64,41.98,41.64,41.87,247000,,
2018-05-17,41.88,42.09,41.82,41.86,364900,,
2018-05-18,41.97,42.09,41.86,41.94,429700,,
2018-05-21,42.33,42.54,42.28,42.52,341800,,
2018-05-22,42.64,42.70,42.33,42.40,222900,,
2018-05-23,42.00,42.16,41.90,42.12,336300,,
2018-05-24,41.89,42.00,41.64,41.94,293300,,
2018-05-25,41.77,41.78,41.56,41.72,221200,,
2018-05-29,41.30,41.45,41.03,41.24,487800,,
2018-05-30,41.24,41.63,41.21,41.48,493300,,
2018-05-31,41.50,41.50,41.20,41.29,183200,,
2018-06-01,41.46,41.84,41.46,41.76,296600,,
2018-06-04,42.00,42.12,41.93,42.06,249700,,
2018-06-05,42.12,42.36,42.07,42.29,453100,,
2018-06-06,42.27,42.50,42.20,42.50,338900,,
2018-06-07,42.50,42.62,42.12,42.37,284300,,
2018-06-08,42.24,42.45,42.13,42.41,180600,,
2018-06-11,42.48,42.71,42.47,42.64,242800,,
2018-06-12,42.58,42.70,42.43,42.58,301700,,
2018-06-13,42.50,42.66,42.26,42.38,286200,,
2018-06-14,42.30,42.37,42.09,42.21,232300,,
2018-06-15,41.70,41.73,41.46,41.56,307700,,
2018-06-18,41.13,41.30,40.94,41.29,285600,,
2018-06-19,40.66,40.79,40.26,40.60,670100,,
2018-06-20,40.79,40.95,40.77,40.85,399100,,
2018-06-21,40.87,40.94,40.51,40.55,280400,,
2018-06-22,40.80,40.83,40.55,40.58,231200,,
2018-06-25,40.36,40.36,39.59,39.70,533100,,
2018-06-26,39.95,40.23,39.91,40.07,310100,,
2018-06-27,40.10,40.41,39.76,39.76,490400,,
2018-06-28,39.62,39.98,39.39,39.86,255300,,
2018-06-29,39.96,40.30,39.96,40.00,205000,,
2018-07-02,39.54,39.90,39.36,39.90,362400,,
2018-07-03,40.00,40.16,39.86,39.91,175800,,
2018-07-05,39.56,39.80,39.43,39.80,467000,,
2018-07-06,39.95,40.30,39.92,40.28,314800,,
2018-07-09,40.39,40.67,40.37,40.63,197100,,
2018-07-10,40.93,41.05,40.81,41.05,685100,,
2018-07-11,40.50,40.58,40.12,40.18,414000,,
2018-07-12,40.30,40.65,40.24,40.65,218800,,
2018-07-13,40.67,40.80,40.58,40.72,222200,,
2018-07-16,40.70,40.74,40.54,40.57,312900,,
2018-07-17,40.05,40.49,40.02,40.49,336200,,
2018-07-18,40.44,40.65,40.41,40.59,171400,,
2018-07-19,40.49,40.73,40.42,40.61,150100,,
2018-07-20,40.55,40.70,40.48,40.55,197500,,
2018-07-23,40.42,40.50,40.16,40.40,320700,,
2018-07-24,40.77,40.99,40.40,40.48,301600,,
2018-07-25,40.50,41.28,40.50,41.04,323300,,
2018-07-26,41.16,41.53,41.04,41.43,207400,,
2018-07-27,41.67,41.75,41.14,41.27,145200,,
2018-07-30,41.25,41.34,40.78,40.84,295600,,
2018-07-31,40.73,41.09,40.70,40.83,222600,,
2018-08-01,40.87,41.05,40.67,40.82,169100,,
2018-08-02,40.42,40.80,40.27,40.78,329400,,
2018-08-03,40.72,40.78,40.57,40.72,212000,,
2018-08-06,40.49,40.70,40.49,40.64,168700,,
2018-08-07,40.82,40.92,40.76,40.79,331100,,
2018-08-08,41.00,41.19,40.95,41.13,266300,,
2018-08-09,41.15,41.35,41.12,41.22,223100,,
2018-08-10,40.63,40.83,40.52,40.71,175900,,
2018-08-13,40.53,40.64,40.22,40.23,229800,,
2018-08-14,40.29,40.59,40.29,40.56,184800,,
2018-08-15,40.01,40.10,39.44,39.78,273400,,
2018-08-16,40.00,40.27,40.00,40.07,393100,,
2018-08-17,40.07,40.41,40.00,40.33,346700,,
2018-08-20,40.40,40.70,40.40,40.61,252500,,
2018-08-21,40.74,41.22,40.74,41.17,228500,,
2018-08-22,41.17,41.39,41.15,41.36,259900,,
2018-08-23,41.25,41.47,41.22,41.29,141900,,
2018-08-24,41.27,41.48,41.27,41.47,167800,,
2018-08-27,41.77,42.14,41.77,42.10,344100,,
2018-08-28,42.41,42.65,42.38,42.58,271200,,
2018-08-29,42.59,42.85,42.54,42.85,164000,,
2018-08-30,42.65,42.77,42.52,42.66,243800,,
2018-08-31,42.46,42.65,42.42,42.65,110000,,
2018-09-04,42.12,42.13,41.80,42.04,287300,,
2018-09-05,41.79,41.84,41.31,41.54,243400,,
2018-09-06,41.56,41.70,41.25,41.36,315700,,
2018-09-07,40.84,41.20,40.77,40.99,199800,,
2018-09-10,41.11,41.29,41.08,41.17,293500,,
2018-09-11,41.04,41.26,40.86,41.18,132000,,
2018-09-12,40.96,41.08,40.72,41.00,187500,,
2018-09-13,41.17,41.48,41.03,41.33,302500,,
2018-09-14,41.72,41.98,41.72,41.91,147700,,
2018-09-17,41.94,42.00,41.71,41.71,187400,,
2018-09-18,41.85,42.27,41.85,42.23,164100,,
2018-09-19,42.27,42.38,42.16,42.22,126700,,
2018-09-20,42.48,42.65,42.48,42.52,195100,,
2018-09-21,42.73,42.99,42.73,42.78,461300,,
2018-09-24,42.69,42.70,42.43,42.56,240400,,
2018-09-25,42.45,42.48,42.35,42.36,246500,,
2018-09-26,42.21,42.40,42.00,42.00,262200,,
2018-09-27,41.88,42.11,41.80,41.91,159700,,
2018-09-28,41.77,42.02,41.76,41.85,255700,,
2018-10-01,42.33,42.45,42.03,42.10,169500,,
2018-10-02,41.90,41.98,41.73,41.83,204900,,
2018-10-03,41.76,41.87,41.63,41.69,162400,,
2018-10-04,41.42,41.42,40.77,40.91,364900,,
2018-10-05,40.57,40.69,39.81,40.00,334800,,
2018-10-08,39.69,39.73,39.21,39.57,362400,,
2018-10-09,39.07,39.28,38.96,39.02,576200,,
2018-10-10,38.65,38.77,37.22,37.27,5000500,,
2018-10-11,37.07,37.53,36.38,36.59,948900,,
2018-10-12,37.36,37.51,36.88,37.41,351200,,
2018-10-15,37.22,37.53,37.00,37.25,202100,,
2018-10-16,37.87,38.55,37.86,38.52,378600,,
2018-10-17,38.64,38.65,38.21,38.44,148700,,
2018-10-18,38.00,38.06,37.15,37.35,383100,,
2018-10-19,37.39,37.62,36.95,36.99,238700,,
2018-10-22,37.16,37.35,36.99,37.13,202400,,
2018-10-23,36.32,36.88,35.94,36.62,470000,,
2018-10-24,36.30,36.47,35.04,35.04,511600,,
2018-10-25,35.32,35.77,35.31,35.50,415800,,
2018-10-26,34.89,35.45,34.41,35.00,969000,,
2018-10-29,35.38,35.64,34.17,34.61,341200,,
2018-10-30,34.93,35.72,34.64,35.72,459200,,
2018-10-31,36.08,36.69,36.08,36.32,458700,,
2018-11-01,36.58,37.18,36.47,37.10,283100,,
2018-11-02,37.85,38.21,37.59,37.92,571500,,
2018-11-05,37.64,37.75,37.25,37.57,251200,,
2018-11-06,37.28,37.77,37.28,37.75,305600,,
2018-11-07,38.00,38.38,37.81,38.38,180700,,
2018-11-08,37.97,38.10,37.76,37.90,155100,,
2018-11-09,37.36,37.41,36.77,37.04,406500,,
2018-11-12,37.00,37.00,36.10,36.14,296100,,
2018-11-13,36.27,36.74,36.12,36.25,190300,,
2018-11-14,36.53,36.78,35.95,36.25,655900,,
2018-11-15,36.03,36.83,35.91,36.68,218700,,
2018-11-16,36.19,36.58,36.08,36.51,154900,,
2018-11-19,36.51,36.68,35.75,35.79,280600,,
2018-11-20,35.03,35.49,34.83,35.09,311300,,
2018-11-21,35.48,35.91,35.45,35.69,216700,,
2018-11-23,35.13,35.53,35.10,35.30,84700,,
2018-11-26,35.72,36.12,35.65,36.03,167600,,
2018-11-27,35.93,35.98,35.66,35.86,114400,,
2018-11-28,36.25,37.06,36.13,37.05,186800,,
2018-11-29,36.95,37.22,36.71,36.96,287800,,
2018-11-30,36.86,37.00,36.65,36.97,68400,,
2018-12-03,37.72,38.00,37.68,37.94,134200,,
2018-12-04,37.57,37.62,36.22,36.22,452000,,
2018-12-06,35.36,35.72,34.80,35.66,507000,,
2018-12-07,35.52,35.63,34.52,34.68,402900,,
2018-12-10,34.50,34.71,34.03,34.60,420900,,
2018-12-11,34.72,34.99,34.17,34.43,538900,,
2018-12-12,34.92,35.36,34.79,35.05,266900,,
2018-12-13,35.05,35.24,34.65,34.67,388300,,
2018-12-14,34.06,34.39,33.95,34.00,472900,,
2018-12-17,33.81,33.94,33.09,33.23,869500,,
2018-12-18,33.54,33.85,33.34,33.47,2084700,,
2018-12-19,33.54,33.94,32.73,33.01,659000,,
2018-12-20,32.68,32.96,32.04,32.34,932200,,
2018-12-21,32.15,32.41,31.50,31.58,680500,,
2018-12-24,31.15,31.36,30.66,30.86,420500,0.121,
2018-12-26,31.02,32.10,30.89,32.08,542200,,
2018-12-27,31.64,32.15,31.32,32.13,619500,,
2018-12-28,32.45,32.72,32.20,32.33,464800,,
2018-12-31,32.59,32.64,32.33,32.55,482800,,
2019-01-02,32.01,32.80,31.90,32.64,168200,,
2019-01-03,32.32,32.32,31.53,31.56,208000,,
2019-01-04,31.82,32.79,31.71,32.78,291500,,
2019-01-07,32.85,33.48,32.85,33.31,119000,,
2019-01-08,33.50,33.77,33.32,33.74,150700,,
2019-01-09,33.99,34.47,33.90,34.30,253500,,
2019-01-10,34.22,34.45,33.96,34.45,163200,,
2019-01-11,34.04,34.39,34.04,34.30,217200,,
2019-01-14,34.04,34.20,33.85,34.05,91300,,
2019-01-15,34.30,34.64,34.24,34.58,192700,,
2019-01-16,34.64,34.97,34.60,34.77,202200,,
2019-01-17,34.46,35.12,34.46,34.94,288400,,
2019-01-18,35.30,35.69,35.25,35.65,173400,,
2019-01-22,35.28,35.43,34.64,34.76,207800,,
2019-01-23,35.03,35.17,34.54,34.78,117700,,
2019-01-24,34.81,35.49,34.81,35.37,202100,,
2019-01-25,35.83,36.20,35.76,36.16,176100,,
2019-01-28,35.76,35.95,35.59,35.78,136100,,
2019-01-29,35.63,35.81,35.54,35.55,97000,,
2019-01-30,35.68,36.22,35.53,36.18,112200,,
2019-01-31,36.10,36.54,36.10,36.48,202500,,
2019-02-01,36.48,36.60,36.32,36.46,957000,,
2019-02-04,36.39,36.77,36.32,36.73,155300,,
2019-02-05,36.85,37.08,36.83,37.07,191200,,
2019-02-06,36.98,37.25,36.98,37.13,111900,,
2019-02-07,36.94,36.94,36.33,36.52,188000,,
2019-02-08,36.09,36.37,35.89,36.33,93000,,
2019-02-11,36.36,36.59,36.33,36.50,171700,,
2019-02-12,37.01,37.56,37.01,37.54,150200,,
2019-02-13,37.70,37.90,37.62,37.79,138200,,
2019-02-14,37.50,37.89,37.50,37.77,156000,,
2019-02-15,38.00,38.42,37.94,38.39,171700,,
2019-02-19,38.38,38.81,38.26,38.72,267100,,
2019-02-20,38.72,38.95,38.71,38.89,139200,,
2019-02-21,38.74,38.74,38.47,38.63,142600,,
2019-02-22,38.70,38.85,38.70,38.80,204500,,
2019-02-25,39.03,39.40,39.00,39.21,151600,,
2019-02-26,39.11,39.18,39.01,39.03,94000,,
2019-02-27,38.77,38.90,38.55,38.86,148400,,
2019-02-28,38.68,38.74,38.48,38.58,116900,,
2019-03-01,38.98,39.02,38.69,38.86,77100,,
2019-03-04,39.26,39.30,38.65,38.96,97600,,
2019-03-05,38.89,39.04,38.75,38.87,97800,,
2019-03-06,38.94,38.96,38.53,38.53,139800,,
2019-03-07,38.14,38.14,37.51,37.57,191800,,
2019-03-08,37.23,37.39,37.00,37.39,165200,,
2019-03-11,37.44,38.05,37.44,38.04,95700,,
2019-03-12,38.13,38.29,38.00,38.20,84700,,
2019-03-13,38.18,38.47,38.02,38.35,121900,,
2019-03-14,38.23,38.30,38.09,38.16,65300,,
2019-03-15,38.34,38.65,38.34,38.55,101600,,
2019-03-18,38.57,38.79,38.52,38.77,138800,,
2019-03-19,38.92,39.12,38.86,38.95,102600,,
2019-03-20,38.90,39.11,38.54,38.80,319000,,
2019-03-21,38.62,39.22,38.50,39.22,102900,,
2019-03-22,39.00,39.03,38.18,38.19,340300,,
2019-03-25,38.00,38.22,37.80,38.08,125100,,
2019-03-26,38.46,38.73,38.33,38.57,128600,,
2019-03-27,38.57,38.70,38.01,38.19,109100,,
2019-03-28,38.26,38.50,38.13,38.45,125800,,
2019-03-29,38.62,38.77,38.51,38.73,108500,,
2019-04-01,39.15,39.63,39.10,39.58,227100,,
2019-04-02,39.70,39.78,39.51,39.78,186900,,
2019-04-03,40.19,40.54,40.14,40.36,156300,,
2019-04-04,40.34,40.40,40.19,40.34,162000,,
2019-04-05,40.46,40.83,40.33,40.83,110900,,
2019-04-08,40.65,40.83,40.52,40.82,235200,,
2019-04-09,40.59,40.70,40.42,40.50,336200,,
2019-04-10,40.47,40.79,40.47,40.77,151500,,
2019-04-11,40.64,40.73,40.60,40.67,101200,,
2019-04-12,40.90,41.10,40.90,41.10,139600,,
2019-04-15,41.27,41.41,41.15,41.27,908500,,
2019-04-16,41.50,41.65,41.28,41.60,347000,,
2019-04-17,41.99,42.13,41.62,41.71,660100,,
2019-04-18,41.57,41.78,41.49,41.72,231800,,
2019-04-22,41.54,41.79,41.50,41.77,137500,,
2019-04-23,41.65,42.05,41.65,42.00,214900,,
2019-04-24,41.77,41.99,41.70,41.81,555500,,
2019-04-25,41.66,41.67,41.32,41.46,290700,,
2019-04-26,41.33,41.46,41.06,41.46,134400,,
2019-04-29,41.40,41.62,41.35,41.54,200900,,
2019-04-30,41.39,41.62,41.25,41.61,89200,,
2019-05-01,41.62,41.73,41.19,41.24,88400,,
2019-05-02,41.08,41.32,40.81,41.11,212400,,
2019-05-03,41.32,41.80,41.32,41.80,111600,,
2019-05-06,40.66,41.17,40.50,41.03,174400,,
2019-05-07,40.49,40.49,39.71,39.90,492300,,
2019-05-08,39.72,40.05,39.57,39.69,96900,,
2019-05-09,39.07,39.27,38.64,39.16,204100,,
2019-05-10,39.19,39.66,38.88,39.45,224100,,
2019-05-13,38.42,38.42,37.66,37.71,418700,,
2019-05-14,37.94,38.42,37.90,38.20,1342500,,
2019-05-15,38.00,38.61,37.86,38.54,293100,,
2019-05-16,38.45,38.79,38.43,38.54,208600,,
2019-05-17,38.14,38.38,37.82,37.86,120100,,
2019-05-20,37.29,37.29,36.87,36.97,183600,,
2019-05-21,37.31,37.56,37.31,37.56,121200,,
2019-05-22,37.23,37.36,37.15,37.23,220900,,
2019-05-23,36.64,36.72,36.12,36.28,355400,,
2019-05-24,36.59,36.76,36.47,36.57,213200,,
2019-05-28,36.61,36.79,36.35,36.43,226900,,
2019-05-29,36.21,36.39,36.04,36.24,477900,,
2019-05-30,36.45,36.76,36.45,36.62,68300,,
2019-05-31,36.12,36.32,36.00,36.00,122000,,
2019-06-03,36.04,36.27,35.93,36.00,121500,,
2019-06-04,36.36,37.11,36.36,37.11,99100,,
2019-06-05,37.40,37.55,37.01,37.36,509000,,
2019-06-06,37.23,37.33,36.96,37.19,124100,,
2019-06-07,37.50,37.88,37.44,37.81,96900,,
2019-06-10,37.98,38.45,37.98,38.23,100500,,
2019-06-11,38.64,38.84,38.34,38.44,65600,,
2019-06-12,38.30,38.40,38.02,38.04,468600,,
2019-06-13,38.08,38.24,38.00,38.13,61000,,
2019-06-14,37.93,37.93,37.57,37.68,76000,,
2019-06-17,37.71,37.89,37.62,37.82,414700,,
2019-06-18,37.85,38.56,37.85,38.43,117800,,
2019-06-19,38.60,38.87,38.54,38.85,88100,,
2019-06-20,39.40,39.61,39.22,39.49,250400,,
2019-06-21,39.28,39.41,39.15,39.25,241500,,
2019-06-24,39.28,39.30,39.01,39.01,147800,,
2019-06-25,38.98,39.06,38.61,38.65,102200,,
2019-06-26,38.84,38.98,38.77,38.86,89200,,
2019-06-27,39.14,39.39,39.09,39.37,184700,,
2019-06-28,39.53,39.94,39.53,39.94,84000,,
2019-07-01,40.66,40.88,40.33,40.50,328300,,
2019-07-02,40.42,40.49,40.02,40.09,102500,,
2019-07-03,40.01,40.18,39.91,40.08,60900,,
2019-07-05,39.74,39.80,39.35,39.70,176500,,
2019-07-08,39.48,39.56,39.23,39.28,151600,,
2019-07-09,38.92,39.00,38.72,38.99,146000,,
2019-07-10,39.08,39.26,38.90,38.99,293100,,
2019-07-11,38.86,38.87,38.52,38.62,142900,,
2019-07-12,38.56,38.69,38.41,38.61,252900,,
2019-07-15,38.72,38.75,38.58,38.68,80200,,
2019-07-16,38.59,38.68,38.46,38.50,62300,,
2019-07-17,38.52,38.59,38.37,38.38,216000,,
2019-07-18,38.05,38.25,37.92,38.25,198100,,
2019-07-19,38.25,38.49,38.23,38.29,166000,,
2019-07-22,38.48,38.74,38.48,38.64,135700,,
2019-07-23,38.88,39.20,38.86,39.20,114600,,
2019-07-24,39.19,39.76,39.16,39.76,254700,,
2019-07-25,39.50,39.50,38.91,38.91,97900,,
2019-07-26,38.92,39.07,38.91,39.04,93000,,
2019-07-29,38.97,38.97,38.63,38.81,217700,,
2019-07-30,38.59,38.76,38.43,38.75,127200,,
2019-07-31,38.74,38.88,38.00,38.21,91800,,
2019-08-01,38.20,38.56,37.44,37.55,224700,,
2019-08-02,37.15,37.18,36.46,36.67,224400,,
2019-08-05,35.91,35.99,35.13,35.32,284300,,
2019-08-06,35.88,36.11,35.53,35.98,94800,,
2019-08-07,35.62,36.05,35.36,35.94,116100,,
2019-08-08,36.22,36.80,36.04,36.80,122100,,
2019-08-09,36.34,36.44,35.87,36.01,146400,,
2019-08-12,35.90,35.93,35.47,35.55,109900,,
2019-08-13,35.54,36.44,35.45,36.29,130100,,
2019-08-14,35.51,35.56,35.00,35.00,250400,,
2019-08-15,35.07,35.24,34.81,35.00,172000,,
2019-08-16,35.29,35.81,35.29,35.79,197200,,
2019-08-19,36.17,36.31,36.01,36.22,130600,,
2019-08-20,36.18,36.18,35.95,35.99,147500,,
2019-08-21,36.36,36.55,36.31,36.45,124200,,
2019-08-22,36.40,36.49,36.08,36.37,140800,,
2019-08-23,36.10,36.28,35.34,35.34,129200,,
2019-08-26,35.63,35.73,35.40,35.57,111300,,
2019-08-27,35.80,35.84,35.36,35.40,206000,,
2019-08-28,35.13,35.53,35.00,35.52,233000,,
2019-08-29,35.85,36.17,35.85,36.15,110500,,
2019-08-30,36.40,36.51,36.23,36.41,86600,,
2019-09-03,36.12,36.18,35.79,35.90,71100,,
2019-09-04,36.25,36.55,36.23,36.55,97900,,
2019-09-05,36.94,37.62,36.93,37.52,205000,,
2019-09-06,37.60,37.79,37.54,37.62,89000,,
2019-09-09,37.86,38.11,37.84,38.10,135800,,
2019-09-10,38.10,38.44,37.92,38.44,130500,,
2019-09-11,38.50,39.08,38.50,39.08,303300,,
2019-09-12,39.26,39.50,39.08,39.39,270200,,
2019-09-13,39.41,39.65,39.39,39.52,87500,,
2019-09-16,39.26,39.45,39.16,39.35,99700,,
2019-09-17,39.14,39.28,38.92,39.18,171800,,
2019-09-18,39.20,39.26,38.76,39.17,145900,,
2019-09-19,39.20,39.43,39.10,39.19,60200,,
2019-09-20,39.01,39.03,38.64,38.66,96900,,
2019-09-23,38.50,38.77,38.32,38.65,133900,,
2019-09-24,38.78,38.80,38.04,38.07,80200,,
2019-09-25,37.79,38.22,37.56,38.21,140500,,
2019-09-26,38.25,38.27,38.00,38.22,163200,,
2019-09-27,38.16,38.28,37.74,37.94,137500,,
2019-09-30,38.05,38.35,38.05,38.35,55900,,
2019-10-01,38.35,38.62,37.68,37.72,54700,,
2019-10-02,37.26,37.26,36.67,36.87,151500,,
2019-10-03,36.90,37.32,36.54,37.32,76600,,
2019-10-04,37.26,37.71,37.14,37.71,69500,,
2019-10-07,37.52,37.78,37.46,37.56,87900,,
2019-10-08,37.16,37.16,36.65,36.65,63300,,
2019-10-09,36.92,37.20,36.84,37.07,78400,,
2019-10-10,36.92,37.34,36.92,37.15,72800,,
2019-10-11,37.60,38.39,37.60,38.17,176100,,
2019-10-14,38.03,38.15,37.93,38.04,57400,,
2019-10-15,38.22,38.90,38.12,38.70,82200,,
2019-10-16,38.64,38.73,38.53,38.65,125300,,
2019-10-17,38.73,38.98,38.66,38.82,56100,,
2019-10-18,38.83,38.90,38.51,38.77,78600,,
2019-10-21,38.96,39.17,38.92,38.99,61300,,
2019-10-22,38.95,39.06,38.71,38.71,88200,,
2019-10-23,38.72,38.90,38.60,38.90,51100,,
2019-10-24,39.10,39.35,39.10,39.35,100800,,
2019-10-25,39.15,39.47,39.04,39.43,94200,,
2019-10-28,39.61,40.09,39.61,40.05,164800,,
2019-10-29,39.80,39.99,39.76,39.84,110900,,
2019-10-30,39.72,39.88,39.42,39.86,143400,,
2019-10-31,39.71,39.71,39.30,39.50,95000,,
2019-11-01,39.80,40.28,39.75,40.28,104100,,
2019-11-04,40.54,40.79,40.44,40.78,150400,,
2019-11-05,40.76,40.98,40.75,40.97,119400,,
2019-11-06,40.74,40.74,40.54,40.59,79300,,
2019-11-07,40.88,41.20,40.88,41.01,140600,,
2019-11-08,40.88,40.96,40.70,40.94,108600,,
2019-11-11,40.76,40.95,40.70,40.94,87600,,
2019-11-12,40.92,41.08,40.74,40.84,67600,,
2019-11-13,40.60,40.77,40.56,40.75,83200,,
2019-11-14,40.70,40.74,40.56,40.72,79900,,
2019-11-15,40.86,41.04,40.73,41.04,107600,,
2019-11-18,40.85,40.97,40.57,40.72,78500,,
2019-11-19,40.78,40.85,40.55,40.69,115200,,
2019-11-20,40.53,40.67,40.27,40.50,76900,,
2019-11-21,40.60,40.60,40.38,40.58,71000,,
2019-11-22,40.65,40.75,40.50,40.65,78500,,
2019-11-25,40.90,41.35,40.82,41.35,138700,,
2019-11-26,41.42,41.42,41.30,41.39,63200,,
2019-11-27,41.42,41.55,41.35,41.55,73800,,
2019-11-29,41.29,41.32,41.14,41.18,41800,,
2019-12-02,41.19,41.28,40.71,40.74,188800,,
2019-12-03,40.43,40.61,40.14,40.61,134500,,
2019-12-04,40.83,41.07,40.83,40.97,93500,,
2019-12-05,41.00,41.22,40.85,40.96,58700,,
2019-12-06,41.27,41.53,41.27,41.51,98900,,
2019-12-09,41.37,41.45,41.19,41.19,98400,,
2019-12-10,41.10,41.39,41.01,41.21,128000,,
2019-12-11,41.24,41.55,41.21,41.55,86700,,
2019-12-12,41.50,42.19,41.49,42.19,197600,,
2019-12-13,42.19,42.57,42.10,42.27,211800,,
2019-12-16,42.49,42.75,42.48,42.59,192400,,
2019-12-17,42.38,42.55,42.32,42.41,124200,,
2019-12-18,42.21,42.29,42.11,42.27,67300,,
2019-12-19,42.25,42.30,42.12,42.30,80200,,
2019-12-20,42.29,42.30,42.13,42.14,116500,,
2019-12-23,42.29,42.41,42.15,42.41,121800,,
2019-12-24,42.24,42.30,42.14,42.24,39300,0.156,
2019-12-26,42.19,42.37,42.19,42.37,65500,,
2019-12-27,42.41,42.45,42.28,42.31,73400,,
2019-12-30,42.20,42.20,41.85,41.85,146500,,
2019-12-31,41.85,42.10,41.71,42.00,78800,,
2020-01-02,42.37,42.61,42.26,42.61,199700,,
2020-01-03,42.04,42.30,41.99,42.10,123500,,
2020-01-06,41.86,42.17,41.76,42.17,137300,,
2020-01-07,42.04,42.27,41.93,42.21,218700,,
2020-01-08,42.08,42.56,42.00,42.45,134800,,
2020-01-09,42.62,42.76,42.53,42.73,183300,,
2020-01-10,42.98,43.12,42.77,42.87,202600,,
2020-01-13,42.88,43.35,42.87,43.35,137800,,
2020-01-14,43.17,43.49,43.07,43.37,124800,,
2020-01-15,43.17,43.30,42.98,43.05,184800,,
2020-01-16,43.09,43.58,43.05,43.58,141100,,
2020-01-17,43.64,43.73,43.58,43.73,198800,,
2020-01-21,43.53,43.59,43.34,43.44,144100,,
2020-01-22,43.57,43.71,43.45,43.51,165900,,
2020-01-23,43.63,43.80,43.35,43.80,88700,,
2020-01-24,43.94,44.06,43.33,43.46,154600,,
2020-01-27,42.39,42.57,42.08,42.29,169600,,
2020-01-28,42.44,42.83,42.35,42.72,125800,,
2020-01-29,42.84,42.99,42.49,42.49,112800,,
2020-01-30,42.03,42.27,41.74,42.24,171500,,
2020-01-31,41.92,41.92,41.14,41.26,211000,,
2020-02-03,41.40,41.83,41.26,41.69,139500,,
2020-02-04,42.26,42.78,42.26,42.72,144100,,
2020-02-05,43.17,44.69,42.88,43.17,143800,,
2020-02-06,43.31,43.45,43.19,43.36,119600,,
2020-02-07,42.87,42.91,42.46,42.46,133000,,
2020-02-10,42.51,42.88,42.49,42.86,94900,,
2020-02-11,43.19,43.63,43.13,43.44,146700,,
2020-02-12,43.68,44.00,43.53,44.00,125700,,
2020-02-13,43.61,43.90,43.45,43.77,138600,,
2020-02-14,43.75,43.75,43.51,43.64,196400,,
2020-02-18,43.18,43.24,42.84,43.10,193900,,
2020-02-19,43.10,43.40,43.10,43.37,125500,,
2020-02-20,43.12,43.40,42.75,43.28,170900,,
2020-02-21,42.83,42.85,42.47,42.66,156500,,
2020-02-24,41.00,41.14,40.58,40.70,472300,,
2020-02-25,41.10,41.22,39.72,39.80,706700,,
2020-02-26,40.19,40.69,39.87,39.92,377700,,
2020-02-27,39.12,39.70,38.50,38.50,399100,,
2020-02-28,37.65,38.63,37.38,38.42,352900,,
2020-03-02,38.70,39.49,38.09,39.40,144300,,
2020-03-03,39.59,40.19,38.50,38.76,206100,,
2020-03-04,39.12,39.75,38.90,39.72,138400,,
2020-03-05,38.62,38.98,38.18,38.39,129400,,
2020-03-06,37.54,38.03,37.13,37.75,165600,,
2020-03-09,35.08,35.91,34.66,34.81,394100,,
2020-03-10,36.05,36.35,34.93,36.30,306900,,
2020-03-11,35.36,35.58,34.10,34.38,209100,,
2020-03-12,31.81,32.28,30.60,30.68,428000,,
2020-03-13,32.60,32.95,30.90,32.72,286900,,
2020-03-16,29.23,30.88,28.35,29.07,409900,,
2020-03-17,30.06,31.41,29.68,31.21,248800,,
2020-03-18,29.25,30.00,28.27,29.27,460600,,
2020-03-19,28.90,30.18,28.51,29.80,282800,,
2020-03-20,29.83,30.98,29.19,29.36,290800,,
2020-03-23,29.11,29.49,28.43,28.96,276300,,
2020-03-24,30.88,31.99,30.88,31.87,222500,,
2020-03-25,32.44,33.44,31.55,32.42,275000,,
2020-03-26,32.78,34.22,32.56,34.15,139700,,
2020-03-27,32.99,33.71,32.74,33.09,252100,,
2020-03-30,33.14,33.87,32.82,33.86,137800,,
2020-03-31,33.56,34.02,33.25,33.59,143700,,
2020-04-01,32.27,32.50,31.65,31.89,125200,,
2020-04-02,31.82,32.58,31.76,32.33,60700,,
2020-04-03,32.01,32.38,31.33,31.52,88400,,
2020-04-06,32.90,34.17,32.85,34.17,153400,,
2020-04-07,35.17,35.49,34.17,34.17,172000,,
2020-04-08,34.37,35.09,34.25,35.00,114300,,
2020-04-09,35.25,35.91,35.20,35.51,98700,,
2020-04-13,35.42,35.74,34.80,35.19,104200,,
2020-04-14,35.87,36.48,35.85,36.30,187700,,
2020-04-15,35.40,35.49,35.00,35.19,154000,,
2020-04-16,35.53,35.65,34.91,35.40,126200,,
2020-04-17,36.17,36.40,35.99,36.40,178800,,
2020-04-20,36.03,36.80,35.80,36.16,120800,,
2020-04-21,35.84,35.88,35.18,35.27,185900,,
2020-04-22,35.85,36.17,35.75,36.08,89600,,
2020-04-23,36.08,36.79,36.08,36.19,101100,,
2020-04-24,36.28,36.70,36.12,36.57,71500,,
2020-04-27,37.00,37.91,37.00,37.80,148900,,
2020-04-28,38.52,38.75,38.08,38.30,700200,,
2020-04-29,38.98,39.84,38.88,39.72,203200,,
2020-04-30,39.44,39.44,38.64,38.77,523600,,
2020-05-01,38.12,38.19,37.26,37.60,102400,,
2020-05-04,37.25,37.61,36.98,37.52,132700,,
2020-05-05,38.02,38.49,38.02,38.20,135100,,
2020-05-06,38.40,38.68,38.28,38.37,199500,,
2020-05-07,38.93,39.31,38.88,39.13,330100,,
2020-05-08,39.59,39.93,39.51,39.90,382200,,
2020-05-11,39.68,40.15,39.54,40.01,319200,,
2020-05-12,40.08,40.20,39.13,39.20,273500,,
2020-05-13,39.35,39.45,38.39,38.78,200000,,
2020-05-14,37.98,38.54,37.35,38.52,294400,,
2020-05-15,38.22,38.74,38.10,38.69,359300,,
2020-05-18,39.50,40.58,39.50,40.50,134900,,
2020-05-19,40.34,40.90,40.21,40.37,98500,,
2020-05-20,41.00,41.53,40.98,41.30,581100,,
2020-05-21,41.34,41.48,40.78,41.03,201400,,
2020-05-22,41.00,41.14,40.77,41.11,132300,,
2020-05-26,42.17,42.68,42.17,42.44,242200,,
2020-05-27,42.72,42.76,41.91,42.69,624200,,
2020-05-28,43.00,43.42,42.56,42.75,385900,,
2020-05-29,42.63,42.63,41.92,42.59,569100,,
2020-06-01,42.67,43.40,42.60,43.34,127100,,
2020-06-02,43.46,43.86,43.35,43.85,162000,,
2020-06-03,44.05,44.74,44.02,44.68,433900,,
2020-06-04,44.28,44.55,44.10,44.21,433500,,
2020-06-05,44.75,45.47,44.75,45.15,176200,,
2020-06-08,44.92,45.10,44.68,45.10,123500,,
2020-06-09,44.52,44.76,44.26,44.58,231900,,
2020-06-10,44.63,44.79,44.31,44.46,157200,,
2020-06-11,43.20,43.39,41.67,41.71,346500,,
2020-06-12,42.56,42.90,41.45,42.16,582800,,
2020-06-15,41.27,42.66,41.10,42.44,119700,,
2020-06-16,43.41,43.61,42.68,43.18,204000,,
2020-06-17,43.53,43.58,43.17,43.25,84000,,
2020-06-18,42.99,43.19,42.79,42.94,523700,,
2020-06-19,43.36,43.57,42.80,42.91,143500,,
2020-06-22,42.82,43.43,42.70,43.39,154300,,
2020-06-23,43.71,43.88,43.50,43.51,135000,,
2020-06-24,43.31,43.40,42.35,42.54,158000,,
2020-06-25,42.55,43.21,42.25,43.21,99100,,
2020-06-26,43.08,43.08,42.41,42.48,72900,,
2020-06-29,42.68,43.15,42.42,43.06,293300,,
2020-06-30,42.96,43.59,42.95,43.49,54000,,
2020-07-01,43.52,43.63,43.23,43.42,88900,,
2020-07-02,43.69,43.94,43.50,43.58,97700,,
2020-07-06,44.54,44.89,44.45,44.81,362700,,
2020-07-07,44.57,44.86,44.13,44.13,114200,,
2020-07-08,44.24,44.56,44.05,44.55,112900,,
2020-07-09,44.57,44.74,43.86,44.35,137400,,
2020-07-10,44.39,44.55,44.15,44.48,132900,,
2020-07-13,44.75,45.16,43.95,44.03,140700,,
2020-07-14,43.89,44.67,43.76,44.67,73300,,
2020-07-15,45.24,45.65,45.18,45.57,104500,,
2020-07-16,45.14,45.27,44.90,45.09,122900,,
2020-07-17,45.18,45.57,45.11,45.55,231200,,
2020-07-20,45.55,45.98,45.43,45.97,141400,,
2020-07-21,46.17,46.32,45.97,46.03,114000,,
2020-07-22,46.03,46.38,46.01,46.12,73600,,
2020-07-23,46.14,46.59,45.72,45.95,86800,,
2020-07-24,45.53,45.60,45.15,45.30,252700,,
2020-07-27,45.61,46.30,45.61,46.27,103400,,
2020-07-28,46.15,46.29,45.83,45.86,86800,,
2020-07-29,46.12,46.68,46.12,46.59,111400,,
2020-07-30,45.95,46.38,45.53,46.35,105800,,
2020-07-31,46.19,46.19,45.31,45.75,182300,,
2020-08-03,46.31,46.88,46.31,46.85,83800,,
2020-08-04,46.71,46.97,46.64,46.95,77000,,
2020-08-05,47.09,47.50,47.07,47.46,106400,,
2020-08-06,47.32,47.46,47.16,47.41,157600,,
2020-08-07,47.17,47.29,46.84,47.15,84900,,
2020-08-10,47.15,47.28,46.86,47.22,112600,,
2020-08-11,47.62,47.79,47.06,47.16,114200,,
2020-08-12,47.63,48.08,47.60,48.00,128400,,
2020-08-13,47.85,48.16,47.78,47.91,63000,,
2020-08-14,47.81,47.91,47.55,47.68,52200,,
2020-08-17,47.96,48.22,47.96,48.20,127100,,
2020-08-18,48.25,48.41,47.88,48.09,101200,,
2020-08-19,48.05,48.06,47.64,47.64,120200,,
2020-08-20,47.07,47.28,46.91,47.19,77000,,
2020-08-21,46.89,47.08,46.75,47.05,98000,,
2020-08-24,47.52,47.62,47.33,47.54,103600,,
2020-08-25,47.67,47.85,47.48,47.84,92700,,
2020-08-26,47.88,48.41,47.88,48.30,108500,,
2020-08-27,48.33,48.44,47.67,47.81,136500,,
2020-08-28,47.96,48.35,47.91,48.35,68000,,
2020-08-31,48.17,48.48,48.07,48.30,85900,,
2020-09-01,48.30,48.80,48.18,48.80,74200,,
2020-09-02,49.19,49.71,49.01,49.68,115100,,
2020-09-03,49.38,49.38,47.53,47.73,279900,,
2020-09-04,47.76,48.00,46.37,47.30,210800,,
2020-09-08,46.74,47.19,46.46,46.61,161700,,
2020-09-09,47.16,47.67,47.08,47.50,125300,,
2020-09-10,47.68,47.90,47.00,47.02,177800,,
2020-09-11,47.42,47.67,47.01,47.31,168100,,
2020-09-14,47.80,48.22,47.80,48.06,337700,,
2020-09-15,48.48,48.66,48.36,48.58,124600,,
2020-09-16,48.74,48.95,48.43,48.43,109300,,
2020-09-17,47.93,48.35,47.78,48.20,357100,,
2020-09-18,48.45,48.62,47.80,48.18,75500,,
2020-09-21,47.14,47.14,46.42,46.99,312800,,
2020-09-22,46.78,46.96,46.34,46.96,113700,,
2020-09-23,47.10,47.24,46.35,46.40,116400,,
2020-09-24,46.08,46.69,45.80,46.28,238400,,
2020-09-25,46.00,46.88,46.00,46.86,53000,,
2020-09-28,47.43,47.75,47.43,47.74,73200,,
2020-09-29,47.90,48.29,47.81,48.02,209400,,
2020-09-30,48.10,48.50,47.99,48.15,104500,,
2020-10-01,48.41,48.75,48.41,48.72,104100,,
2020-10-02,47.85,48.45,47.70,48.27,79400,,
2020-10-05,48.36,49.05,48.34,49.03,102100,,
2020-10-06,49.01,49.59,48.73,48.76,168400,,
2020-10-07,49.15,49.72,49.15,49.67,101300,,
2020-10-08,49.81,50.07,49.76,50.01,204600,,
2020-10-09,50.27,50.70,50.27,50.66,111800,,
2020-10-12,50.85,51.13,50.75,51.02,101600,,
2020-10-13,50.84,50.98,50.69,50.82,65000,,
2020-10-14,50.82,51.17,50.66,50.81,120400,,
2020-10-15,50.09,50.80,49.91,50.73,276700,,
2020-10-16,50.90,51.15,50.76,50.85,203500,,
2020-10-19,51.00,51.28,50.50,50.55,101800,,
2020-10-20,50.70,51.09,50.61,50.67,105400,,
2020-10-21,50.68,51.02,50.50,50.51,123100,,
2020-10-22,50.46,50.85,50.25,50.74,120000,,
2020-10-23,50.82,50.84,50.47,50.77,56000,,
2020-10-26,50.19,50.19,49.16,49.49,125100,,
2020-10-27,49.65,49.82,49.43,49.49,237900,,
2020-10-28,48.78,48.83,48.08,48.15,294400,,
2020-10-29,48.32,49.04,48.23,48.84,215000,,
2020-10-30,48.67,48.78,47.90,48.22,201400,,
2020-11-02,48.73,48.97,48.32,48.73,139400,,
2020-11-03,49.33,50.27,49.24,50.06,208600,,
2020-11-04,50.42,51.07,50.11,50.64,100100,,
2020-11-05,51.46,52.08,51.46,51.96,169600,,
2020-11-06,51.96,52.22,51.70,51.95,73600,,
2020-11-09,54.07,54.34,53.00,53.00,144300,,
2020-11-10,52.55,52.84,52.16,52.41,224100,,
2020-11-11,52.91,53.23,52.87,53.09,92400,,
2020-11-12,53.00,53.09,52.26,52.36,75000,,
2020-11-13,52.71,53.22,52.59,53.11,123000,,
2020-11-16,53.64,53.96,53.49,53.92,241900,,
2020-11-17,53.68,53.99,53.32,53.79,193100,,
2020-11-18,53.92,54.07,53.45,53.46,175600,,
2020-11-19,53.41,54.10,53.40,54.07,91500,,
2020-11-20,54.13,54.52,54.07,54.42,97800,,
2020-11-23,54.66,54.92,54.37,54.70,181500,,
2020-11-24,55.16,55.64,54.92,55.57,164300,,
2020-11-25,55.47,55.68,55.28,55.53,168300,,
2020-11-27,56.05,56.39,56.03,56.37,90800,,
2020-11-30,56.33,56.48,55.96,56.04,82700,,
2020-12-01,56.96,57.21,56.73,57.06,218100,,
2020-12-02,56.92,57.24,56.76,57.16,130700,,
2020-12-03,57.25,57.55,57.18,57.23,139200,,
2020-12-04,57.42,58.20,57.42,58.20,179800,,
2020-12-07,57.98,58.10,57.65,57.76,110200,,
2020-12-08,57.88,58.34,57.80,58.26,169500,,
2020-12-09,58.59,58.94,57.82,58.06,203200,,
2020-12-10,57.75,58.22,57.40,58.16,109600,,
2020-12-11,57.77,58.13,57.50,57.85,98200,,
2020-12-14,58.27,58.61,58.20,58.25,144600,,
2020-12-15,58.59,59.15,58.55,59.15,154900,,
2020-12-16,59.17,59.28,58.90,59.17,178500,,
2020-12-17,59.46,59.88,59.46,59.84,151600,,
2020-12-18,60.08,60.42,59.95,60.14,210800,,
2020-12-21,59.55,59.94,58.84,59.85,135700,,
2020-12-22,59.82,60.34,59.80,60.32,115000,,
2020-12-23,60.68,61.00,60.60,60.75,130400,,
2020-12-24,60.94,60.99,60.42,60.65,61500,,
2020-12-28,61.00,61.06,60.65,60.67,126700,0.119,
2020-12-29,61.14,61.22,60.32,60.56,163500,,
2020-12-30,60.84,61.27,60.80,61.01,167200,,
2020-12-31,61.10,61.10,60.61,60.89,89500,,
2021-01-04,61.60,61.83,60.33,60.80,195500,,
2021-01-05,61.20,62.16,61.15,62.01,173100,,
2021-01-06,61.77,63.07,61.67,62.62,375400,,
2021-01-07,63.12,64.86,63.12,64.81,257600,,
2021-01-08,65.05,65.99,64.67,65.31,270600,,
2021-01-11,64.65,65.50,64.39,65.42,356900,,
2021-01-12,65.52,65.83,65.20,65.52,257800,,
2021-01-13,65.73,65.96,65.45,65.60,179600,,
2021-01-14,65.79,67.01,65.79,67.00,211200,,
2021-01-15,65.98,66.16,65.13,65.28,231700,,
2021-01-19,66.01,66.59,65.95,66.42,268000,,
2021-01-20,67.01,67.44,66.89,67.20,339100,,
2021-01-21,67.59,67.78,67.19,67.54,197500,,
2021-01-22,66.75,67.40,66.69,67.37,187400,,
2021-01-25,67.61,68.70,67.15,67.75,283000,,
2021-01-26,67.82,67.89,67.00,67.46,214700,,
2021-01-27,66.61,67.35,66.05,66.67,211500,,
2021-01-28,66.41,66.90,65.86,66.25,156700,,
2021-01-29,65.87,65.99,64.31,64.46,265400,,
2021-02-01,65.44,66.49,65.27,66.28,200800,,
2021-02-02,67.06,67.60,66.70,67.41,568400,,
2021-02-03,67.50,68.03,67.29,67.51,185000,,
2021-02-04,67.44,68.00,67.32,67.94,307400,,
2021-02-05,68.21,68.67,67.86,68.67,171600,,
2021-02-08,69.04,70.16,69.04,70.10,263100,,
2021-02-09,70.22,71.15,69.88,70.86,313400,,
2021-02-10,71.15,71.37,69.75,70.38,186600,,
2021-02-11,70.89,71.31,70.12,70.91,161800,,
2021-02-12,70.80,71.68,70.52,71.55,166800,,
2021-02-16,72.24,72.28,71.23,71.27,256200,,
2021-02-17,70.83,70.96,69.57,70.26,414300,,
2021-02-18,69.29,69.36,68.20,69.09,249600,,
2021-02-19,69.53,70.39,69.52,69.83,201200,,
2021-02-22,69.42,69.56,68.29,68.31,187800,,
2021-02-23,67.12,67.34,65.03,66.90,327100,,
2021-02-24,66.31,67.61,65.88,67.57,158100,,
2021-02-25,67.35,67.72,65.19,65.58,217600,,
2021-02-26,65.47,65.90,64.52,65.20,156900,,
2021-03-01,66.25,67.11,66.25,66.93,214300,,
2021-03-02,67.09,67.28,65.50,65.53,131800,,
2021-03-03,65.40,65.48,63.91,64.00,171200,,
2021-03-04,63.62,64.00,61.23,61.79,430300,,
2021-03-05,62.39,62.59,60.01,62.31,360100,,
2021-03-08,62.22,62.45,60.82,60.99,199900,,
2021-03-09,61.84,63.15,61.61,62.62,134900,,
2021-03-10,63.04,63.44,62.61,62.79,366700,,
2021-03-11,63.65,64.58,63.57,64.48,583300,,
2021-03-12,64.28,64.61,63.68,64.40,229400,,
2021-03-15,64.58,65.17,64.43,65.14,105400,,
2021-03-16,65.52,65.73,64.31,64.63,270400,,
2021-03-17,64.31,65.39,63.88,65.06,80600,,
2021-03-18,64.76,65.19,63.80,64.01,117800,,
2021-03-19,63.80,64.48,63.30,64.26,247600,,
2021-03-22,64.09,64.43,63.64,64.09,133900,,
2021-03-23,63.79,63.87,62.36,62.62,115900,,
2021-03-24,62.68,62.94,61.56,61.56,136600,,
2021-03-25,61.36,62.39,60.83,62.31,202200,,
2021-03-26,62.50,63.26,62.19,63.21,194100,,
2021-03-29,63.11,63.24,62.34,62.52,145400,,
2021-03-30,62.33,62.92,62.12,62.70,189400,,
2021-03-31,62.69,63.92,62.69,63.51,94400,,
2021-04-01,64.33,64.88,64.12,64.83,165600,,
2021-04-05,65.45,65.80,65.23,65.70,107100,,
2021-04-06,65.50,65.75,65.21,65.36,114900,,
2021-04-07,65.17,65.17,64.38,64.64,106900,,
2021-04-08,65.05,65.51,64.90,65.41,145100,,
2021-04-09,65.25,65.75,65.01,65.72,154100,,
2021-04-12,65.01,65.01,64.27,64.68,140800,,
2021-04-13,64.80,65.30,64.70,65.21,71600,,
2021-04-14,65.11,65.44,64.89,64.93,96400,,
2021-04-15,65.38,65.62,65.32,65.62,96600,,
2021-04-16,65.64,65.77,65.24,65.71,68600,,
2021-04-19,65.51,65.61,64.53,64.91,69200,,
2021-04-20,64.51,64.70,63.52,63.90,214200,,
2021-04-21,63.61,64.83,63.47,64.83,80000,,
2021-04-22,65.17,65.56,64.56,64.90,110300,,
2021-04-23,65.09,66.12,65.09,65.95,76000,,
2021-04-26,66.19,66.90,66.19,66.86,213200,,
2021-04-27,66.57,66.58,66.06,66.41,151100,,
2021-04-28,66.13,66.50,66.03,66.40,132100,,
2021-04-29,66.45,66.45,65.29,65.88,182900,,
2021-04-30,65.35,65.39,64.33,64.69,128300,,
2021-05-03,64.98,64.98,64.26,64.31,84400,,
2021-05-04,63.41,63.41,62.06,62.73,164900,,
2021-05-05,63.25,63.52,62.86,63.00,166500,,
2021-05-06,62.89,62.95,62.20,62.91,131300,,
2021-05-07,63.20,64.18,63.20,63.91,55700,,
2021-05-10,63.82,63.95,62.33,62.40,352400,,
2021-05-11,61.03,62.38,60.73,62.11,209200,,
2021-05-12,60.97,61.17,59.61,59.77,604200,,
2021-05-13,60.02,60.80,59.58,60.19,268700,,
2021-05-14,60.83,61.91,60.80,61.79,119700,,
2021-05-17,61.19,61.29,60.60,61.03,98100,,
2021-05-18,61.50,62.20,61.44,61.53,183300,,
2021-05-19,60.50,61.22,60.20,61.03,136100,,
2021-05-20,61.48,62.27,61.48,62.15,106000,,
2021-05-21,62.48,62.78,62.23,62.36,51200,,
2021-05-24,62.70,63.07,62.51,62.88,75500,,
2021-05-25,63.15,63.41,62.76,62.84,125000,,
2021-05-26,63.03,63.37,63.00,63.22,121300,,
2021-05-27,63.26,63.71,63.11,63.61,100300,,
2021-05-28,63.97,64.31,63.81,63.90,62500,,
2021-06-01,64.27,64.48,63.81,64.02,112400,,
2021-06-02,63.80,64.13,63.66,64.08,63000,,
2021-06-03,63.64,63.79,63.16,63.37,62000,,
2021-06-04,63.84,64.45,63.78,64.29,73800,,
2021-06-07,64.40,64.50,64.23,64.39,76100,,
2021-06-08,64.50,64.67,63.97,64.29,57200,,
2021-06-09,64.35,64.44,63.77,63.87,108800,,
2021-06-10,63.83,64.12,63.66,63.98,149500,,
2021-06-11,64.10,64.25,63.98,64.22,57100,,
2021-06-14,64.34,64.57,64.24,64.49,46900,,
2021-06-15,64.62,64.68,64.21,64.32,59200,,
2021-06-16,64.49,64.66,63.75,64.05,79500,,
2021-06-17,63.77,64.19,63.53,63.98,65400,,
2021-06-18,63.23,63.53,62.92,63.02,98500,,
2021-06-21,63.40,63.97,63.06,63.86,68800,,
2021-06-22,63.79,64.47,63.54,64.31,109500,,
2021-06-23,64.17,64.64,64.05,64.28,152200,,
2021-06-24,64.72,65.18,64.60,65.07,78500,,
2021-06-25,65.43,65.59,65.35,65.47,66600,,
2021-06-28,65.44,65.59,65.29,65.56,106500,,
2021-06-29,65.70,65.70,65.50,65.66,78500,,
2021-06-30,65.18,65.25,64.88,65.21,123500,,
2021-07-01,65.20,65.21,64.68,65.02,89100,,
2021-07-02,65.40,65.41,65.00,65.17,49700,,
2021-07-06,65.30,65.33,64.61,65.07,41000,,
2021-07-07,65.27,65.49,64.53,64.91,81800,,
2021-07-08,64.08,64.50,63.54,64.29,69100,,
2021-07-09,64.78,65.53,64.75,65.46,74400,,
2021-07-12,65.63,65.80,65.47,65.71,50900,,
2021-07-13,65.50,65.50,65.05,65.16,51300,,
2021-07-14,65.42,65.59,64.77,64.84,85800,,
2021-07-15,64.46,64.62,63.73,64.16,60900,,
2021-07-16,64.28,64.40,63.58,63.66,44200,,
2021-07-19,62.79,62.98,62.31,62.71,120500,,
2021-07-20,62.71,64.08,62.64,63.86,147200,,
2021-07-21,64.22,65.00,64.22,64.94,76900,,
2021-07-22,64.99,65.15,64.71,64.89,59400,,
2021-07-23,65.05,65.39,64.85,65.31,91200,,
2021-07-26,65.10,65.21,64.84,65.10,51300,,
2021-07-27,64.71,64.86,63.67,64.27,106400,,
2021-07-28,64.21,65.31,64.21,65.02,181800,,
2021-07-29,65.41,66.08,65.39,65.75,245500,,
2021-07-30,65.50,66.08,65.48,65.79,123400,,
2021-08-02,66.50,66.73,66.09,66.19,74100,,
2021-08-03,66.53,66.71,66.16,66.66,30700,,
2021-08-04,66.59,66.90,66.56,66.64,67000,,
2021-08-05,66.95,67.35,66.90,67.24,52000,,
2021-08-06,66.84,66.96,66.43,66.73,45000,,
2021-08-09,66.65,66.75,66.29,66.60,49100,,
2021-08-10,66.78,67.06,66.53,66.56,199900,,
2021-08-11,66.99,67.13,66.41,66.93,74200,,
2021-08-12,66.68,66.94,66.52,66.80,67900,,
2021-08-13,66.72,66.72,66.40,66.53,57100,,
2021-08-16,66.07,66.19,65.76,66.11,73400,,
2021-08-17,65.39,65.39,64.64,65.05,102700,,
2021-08-18,65.02,65.47,64.83,64.86,39800,,
2021-08-19,64.18,64.64,64.05,64.35,62000,,
2021-08-20,64.12,64.77,64.01,64.73,47300,,
2021-08-23,65.41,66.08,65.41,65.96,65700,,
2021-08-24,66.14,66.56,66.14,66.48,35400,,
2021-08-25,66.45,66.66,66.38,66.55,39900,,
2021-08-26,66.30,66.50,66.00,66.09,52100,,
2021-08-27,66.14,67.12,66.14,67.05,128000,,
2021-08-30,67.23,67.30,67.03,67.09,121800,,
2021-08-31,67.34,67.44,67.00,67.34,80500,,
2021-09-01,67.89,68.58,67.89,68.32,75600,,
2021-09-02,68.89,69.23,68.89,69.07,85000,,
2021-09-03,69.19,69.70,69.14,69.61,109900,,
2021-09-07,69.87,69.94,69.50,69.78,105100,,
2021-09-08,69.49,69.49,68.70,69.06,98100,,
2021-09-09,69.27,69.73,69.27,69.45,54700,,
2021-09-10,69.79,69.98,68.98,69.07,176800,,
2021-09-13,69.72,69.80,69.08,69.31,77200,,
2021-09-14,69.48,69.62,68.91,69.05,96800,,
2021-09-15,69.18,69.62,69.04,69.54,122700,,
2021-09-16,69.24,69.69,69.03,69.56,153600,,
2021-09-17,69.36,69.36,68.60,68.90,57800,,
2021-09-20,67.48,67.58,66.53,67.20,103300,,
2021-09-21,67.73,67.94,67.34,67.60,143900,,
2021-09-22,67.63,68.42,67.63,68.00,55900,,
2021-09-23,68.44,69.10,68.39,68.93,70200,,
2021-09-24,68.35,68.35,68.04,68.22,47500,,
2021-09-27,67.56,67.58,67.02,67.35,94300,,
2021-09-28,66.40,66.54,65.12,65.18,131900,,
2021-09-29,65.38,65.50,64.64,64.70,124600,,
2021-09-30,64.88,65.16,64.38,64.41,92100,,
2021-10-01,64.13,64.48,63.38,64.23,248200,,
2021-10-04,63.77,63.91,62.26,62.64,85500,,
2021-10-05,62.77,63.59,62.71,63.31,59500,,
2021-10-06,62.40,63.00,62.02,62.93,60000,,
2021-10-07,63.60,64.48,63.53,64.11,83000,,
2021-10-08,64.20,64.20,63.54,63.63,157300,,
2021-10-11,63.70,64.00,63.21,63.25,43200,,
2021-10-12,63.24,63.41,63.08,63.17,80500,,
2021-10-13,63.55,64.07,63.55,63.89,69200,,
2021-10-14,64.64,65.23,64.64,65.14,54400,,
2021-10-15,65.87,66.05,65.75,65.87,68400,,
2021-10-18,65.49,65.90,65.35,65.88,45000,,
2021-10-19,66.50,66.98,66.42,66.92,60800,,
2021-10-20,66.98,67.16,66.78,67.04,61300,,
2021-10-21,66.75,67.04,66.64,66.93,50500,,
2021-10-22,67.24,67.40,66.73,66.86,91100,,
2021-10-25,66.83,67.50,66.67,67.38,105300,,
2021-10-26,67.86,68.06,67.36,67.40,82700,,
2021-10-27,67.34,67.67,66.74,66.81,123500,,
2021-10-28,67.30,68.30,67.30,68.30,53700,,
2021-10-29,67.80,68.50,67.80,68.44,50500,,
2021-11-01,68.94,69.77,68.86,69.77,137600,,
2021-11-02,69.72,70.18,69.56,70.15,104600,,
2021-11-03,70.36,71.50,70.35,71.42,112300,,
2021-11-04,71.87,72.42,71.85,72.14,91700,,
2021-11-05,71.83,72.04,71.16,71.56,174700,,
2021-11-08,71.54,71.95,71.51,71.75,78900,,
2021-11-09,71.88,71.90,71.15,71.39,105000,,
2021-11-10,71.01,71.23,69.82,70.03,86000,,
2021-11-11,70.44,70.72,70.27,70.42,77400,,
2021-11-12,70.78,70.99,70.53,70.90,67400,,
2021-11-15,71.19,71.35,70.80,70.84,90600,,
2021-11-16,70.75,71.43,70.61,71.39,115600,,
2021-11-17,71.36,71.47,71.02,71.15,66700,,
2021-11-18,71.46,71.60,70.73,71.04,57100,,
2021-11-19,71.04,71.35,70.89,70.99,72300,,
2021-11-22,71.18,71.37,70.08,70.21,73100,,
2021-11-23,69.81,70.00,68.76,69.44,78000,,
2021-11-24,68.64,69.26,68.37,69.25,78200,,
2021-11-26,68.17,68.58,67.36,67.60,76200,,
2021-11-29,68.19,68.77,67.83,68.50,57300,,
2021-11-30,68.35,68.89,67.37,67.97,82100,,
2021-12-01,69.02,69.64,67.29,67.45,64400,,
2021-12-02,67.84,68.55,67.55,68.32,110900,,
2021-12-03,68.72,68.80,66.81,67.33,77400,,
2021-12-06,67.61,68.08,66.76,67.92,50900,,
2021-12-07,68.97,70.22,68.97,69.89,98200,,
2021-12-08,70.00,70.49,69.76,70.41,83600,,
2021-12-09,69.92,70.24,69.06,69.19,109700,,
2021-12-10,69.66,69.72,68.87,69.08,61900,,
2021-12-13,69.20,69.23,68.37,68.72,149200,,
2021-12-14,68.11,68.42,67.27,67.72,71500,,
2021-12-15,68.04,69.33,67.59,69.30,91700,,
2021-12-16,69.78,69.78,68.03,68.36,69500,,
2021-12-17,67.83,68.88,67.58,68.40,69800,,
2021-12-20,67.50,67.53,66.88,67.42,82600,,
2021-12-21,68.04,68.79,67.86,68.79,96200,,
2021-12-22,68.73,69.59,68.62,69.54,198300,,
2021-12-23,69.57,70.25,69.55,70.05,153100,,
2021-12-27,70.18,70.96,70.17,70.94,76800,,
2021-12-28,71.00,71.00,70.52,70.59,159200,0.123,
2021-12-29,70.45,70.64,70.08,70.51,101300,,
2021-12-30,70.35,70.79,70.17,70.20,81300,,
2021-12-31,70.19,70.49,70.05,70.11,156000,,
2022-01-03,70.26,70.42,69.88,70.26,240700,,
2022-01-04,70.50,70.69,69.44,70.16,166000,,
2022-01-05,70.00,70.18,68.00,68.12,130700,,
2022-01-06,67.99,68.58,67.47,67.98,153700,,
2022-01-07,67.70,67.95,66.68,66.99,196800,,
2022-01-10,66.13,66.50,65.12,66.39,227600,,
2022-01-11,66.39,67.66,66.19,67.55,107500,,
2022-01-12,68.23,68.55,67.68,68.03,97500,,
2022-01-13,67.97,68.10,66.35,66.48,72900,,
2022-01-14,65.89,66.44,65.29,66.05,62700,,
2022-01-18,65.05,65.18,64.21,64.32,221400,,
2022-01-19,64.41,65.07,63.82,63.85,99600,,
2022-01-20,64.35,65.05,63.27,63.35,145900,,
2022-01-21,62.80,63.22,61.87,61.99,184900,,
2022-01-24,60.86,61.99,59.24,61.94,233400,,
2022-01-25,60.98,61.50,60.12,60.78,140000,,
2022-01-26,61.64,62.26,59.83,60.35,173000,,
2022-01-27,60.44,60.65,59.00,59.12,126800,,
2022-01-28,58.90,59.99,58.20,59.93,168200,,
2022-01-31,60.10,62.12,60.10,62.08,137000,,
2022-02-01,62.30,62.54,61.63,62.50,89000,,
2022-02-02,63.04,63.23,62.24,62.78,187100,,
2022-02-03,61.66,61.87,60.80,60.96,101800,,
2022-02-04,60.70,61.78,60.51,61.39,72900,,
2022-02-07,61.44,61.87,61.14,61.24,50900,,
2022-02-08,60.90,61.84,60.79,61.71,96400,,
2022-02-09,62.76,63.48,62.61,63.48,68500,,
2022-02-10,62.20,63.57,61.97,62.25,53000,,
2022-02-11,62.20,62.48,60.42,60.81,65600,,
2022-02-14,60.46,60.81,59.75,60.16,138800,,
2022-02-15,61.17,61.96,61.08,61.96,68700,,
2022-02-16,61.59,62.17,61.20,61.99,73200,,
2022-02-17,61.36,61.36,60.22,60.28,52000,,
2022-02-18,60.17,60.24,59.24,59.53,71500,,
2022-02-22,58.91,59.53,58.34,58.66,130900,,
2022-02-23,59.21,59.37,57.43,57.65,96100,,
2022-02-24,55.81,58.67,55.54,58.54,164300,,
2022-02-25,58.99,60.05,58.57,60.04,99200,,
2022-02-28,59.42,60.45,59.11,59.83,111200,,
2022-03-01,59.71,59.90,58.12,58.38,61500,,
2022-03-02,58.84,59.57,58.44,59.41,71300,,
2022-03-03,59.47,59.47,58.02,58.29,67900,,
2022-03-04,57.28,57.34,56.12,56.53,101700,,
2022-03-07,55.92,56.00,54.22,54.47,137900,,
2022-03-08,54.47,55.76,53.83,54.51,123900,,
2022-03-09,55.95,56.83,55.88,56.37,116200,,
2022-03-10,55.88,56.03,55.23,55.83,41600,,
2022-03-11,56.08,56.33,54.66,54.78,117300,,
2022-03-14,54.94,55.23,53.76,53.94,59200,,
2022-03-15,54.07,54.89,53.67,54.85,73700,,
2022-03-16,55.54,57.27,55.54,57.17,104800,,
2022-03-17,57.39,58.56,57.39,58.47,60900,,
2022-03-18,58.19,59.60,58.08,59.58,99500,,
2022-03-21,59.48,59.48,58.30,58.94,50000,,
2022-03-22,58.79,59.55,58.72,59.42,49200,,
2022-03-23,58.78,58.88,58.11,58.15,83800,,
2022-03-24,58.36,58.95,58.06,58.95,45700,,
2022-03-25,58.76,58.76,57.64,58.15,61400,,
2022-03-28,57.79,58.32,57.42,58.32,128800,,
2022-03-29,59.42,60.34,59.30,60.28,117900,,
2022-03-30,59.98,60.00,59.04,59.23,88800,,
2022-03-31,59.03,59.20,58.18,58.29,56400,,
2022-04-01,58.43,58.64,57.93,58.52,66300,,
2022-04-04,58.50,59.21,58.50,59.11,58100,,
2022-04-05,58.72,58.80,57.22,57.41,70200,,
2022-04-06,56.44,56.44,55.27,55.77,108500,,
2022-04-07,55.54,56.06,55.14,55.72,58800,,
2022-04-08,55.50,55.60,54.94,55.09,47200,,
2022-04-11,54.31,54.53,53.75,53.80,84700,,
2022-04-12,54.14,54.60,53.17,53.37,84300,,
2022-04-13,53.43,54.41,53.43,54.25,92200,,
2022-04-14,54.23,54.46,53.38,53.50,54800,,
2022-04-18,53.11,53.29,52.56,52.89,92600,,
2022-04-19,52.89,54.06,52.89,53.99,62000,,
2022-04-20,54.32,54.57,54.04,54.10,47500,,
2022-04-21,54.91,55.36,53.30,53.39,46900,,
2022-04-22,53.00,53.12,51.64,51.75,136100,,
2022-04-25,51.21,52.05,51.10,52.05,91400,,
2022-04-26,51.63,51.63,50.03,50.07,93000,,
2022-04-27,50.20,50.89,50.02,50.20,191000,,
2022-04-28,50.87,51.59,50.02,51.25,90700,,
2022-04-29,51.19,51.97,50.29,50.34,109800,,
2022-05-02,50.09,50.64,49.55,50.58,118600,,
2022-05-03,50.68,50.96,50.30,50.73,78100,,
2022-05-04,50.71,52.12,49.96,52.01,141300,,
2022-05-05,51.36,51.46,49.21,49.68,129300,,
2022-05-06,49.42,49.42,48.20,48.71,124900,,
2022-05-09,47.82,47.98,46.46,46.65,145900,,
2022-05-10,47.44,47.72,46.26,47.08,137700,,
2022-05-11,46.95,47.87,46.00,46.13,203700,,
2022-05-12,45.68,47.00,45.51,46.52,232300,,
2022-05-13,47.45,48.64,47.45,48.51,101900,,
2022-05-16,48.28,48.50,47.92,48.02,94200,,
2022-05-17,48.93,49.46,48.64,49.39,86900,,
2022-05-18,48.77,48.94,47.52,47.66,60600,,
2022-05-19,47.58,48.89,47.58,48.39,54300,,
2022-05-20,48.99,49.17,47.58,48.51,178300,,
2022-05-23,48.90,49.20,48.46,49.04,121100,,
2022-05-24,48.55,48.68,47.77,48.10,109000,,
2022-05-25,47.73,48.79,47.73,48.46,60700,,
2022-05-26,48.42,49.48,48.42,49.32,82300,,
2022-05-27,49.81,50.77,49.79,50.74,117100,,
2022-05-31,50.95,51.03,50.42,50.73,54400,,
2022-06-01,51.13,51.37,49.81,50.20,85000,,
2022-06-02,50.42,51.85,50.42,51.85,56300,,
2022-06-03,51.17,51.17,50.46,50.70,50300,,
2022-06-06,51.34,51.52,50.69,50.87,98100,,
2022-06-07,50.47,51.37,50.32,51.37,86000,,
2022-06-08,51.14,51.36,50.72,50.78,30700,,
2022-06-09,50.60,50.60,49.51,49.55,69700,,
2022-06-10,48.61,48.71,47.95,48.02,82600,,
2022-06-13,46.52,46.61,45.47,45.65,118700,,
2022-06-14,45.75,45.90,44.94,45.32,92200,,
2022-06-15,45.74,46.72,45.27,46.30,112300,,
2022-06-16,45.00,45.00,44.26,44.52,81100,,
2022-06-17,44.63,45.25,44.43,44.82,66600,,
2022-06-21,45.31,45.81,45.26,45.40,195100,,
2022-06-22,44.63,45.49,44.46,45.11,69900,,
2022-06-23,45.13,45.54,44.88,45.49,51100,,
2022-06-24,45.99,46.97,45.98,46.97,53400,,
2022-06-27,47.10,47.30,46.65,46.81,96400,,
2022-06-28,47.05,47.33,46.01,46.05,48000,,
2022-06-29,45.86,45.86,45.20,45.49,74900,,
2022-06-30,44.74,45.32,44.13,44.95,142800,,
2022-07-01,44.69,45.23,44.39,45.18,85200,,
2022-07-05,44.06,45.14,43.80,45.14,170000,,
2022-07-06,45.21,45.38,44.73,44.98,59600,,
2022-07-07,45.37,46.33,45.37,46.28,69800,,
2022-07-08,46.36,47.04,46.15,46.77,50800,,
2022-07-11,46.03,46.04,45.31,45.42,91500,,
2022-07-12,45.01,45.28,44.59,44.74,61200,,
2022-07-13,43.99,44.89,43.99,44.70,77300,,
2022-07-14,44.03,44.44,43.46,44.39,81400,,
2022-07-15,44.80,45.53,44.67,45.52,60400,,
2022-07-18,46.00,46.41,45.40,45.55,75100,,
2022-07-19,46.32,47.28,46.32,47.22,75600,,
2022-07-20,47.30,48.16,47.30,48.11,259200,,
2022-07-21,48.15,49.08,48.11,49.05,316200,,
2022-07-22,49.12,49.17,48.16,48.45,66000,,
2022-07-25,48.28,48.28,47.88,48.13,36300,,
2022-07-26,47.70,47.70,47.17,47.26,56300,,
2022-07-27,47.89,49.24,47.84,49.12,71100,,
2022-07-28,49.15,50.09,48.80,49.98,101900,,
2022-07-29,50.07,50.77,49.73,50.67,55800,,
2022-08-01,50.66,51.42,50.38,51.06,68500,,
2022-08-02,50.41,50.91,50.24,50.25,192500,,
2022-08-03,50.34,51.15,50.34,51.08,49700,,
2022-08-04,51.01,51.34,50.87,51.31,60100,,
2022-08-05,50.76,51.27,50.58,51.07,100000,,
2022-08-08,51.23,51.65,50.93,51.03,67300,,
2022-08-09,50.49,50.49,49.75,49.85,124400,,
2022-08-10,51.40,51.99,51.18,51.93,97000,,
2022-08-11,52.27,52.86,51.93,52.01,61200,,
2022-08-12,52.09,52.71,51.99,52.71,60700,,
2022-08-15,52.42,52.99,52.42,52.86,55600,,
2022-08-16,52.47,52.72,51.99,52.50,66400,,
2022-08-17,51.83,52.03,51.37,51.65,58300,,
2022-08-18,51.65,51.92,51.49,51.83,64300,,
2022-08-19,51.11,51.26,50.34,50.43,84600,,
2022-08-22,49.62,49.68,48.70,48.82,107900,,
2022-08-23,48.82,49.49,48.76,48.85,60600,,
2022-08-24,48.76,49.46,48.76,49.24,82500,,
2022-08-25,49.43,49.90,49.38,49.89,142500,,
2022-08-26,49.89,49.89,48.10,48.16,101900,,
2022-08-29,47.64,48.06,47.54,47.66,56300,,
2022-08-30,48.02,48.13,47.00,47.20,52800,,
2022-08-31,47.44,47.52,46.88,46.94,56100,,
2022-09-01,46.21,46.21,45.32,46.05,96600,,
2022-09-02,46.45,46.65,45.38,45.56,33200,,
2022-09-06,45.61,45.61,45.03,45.29,72400,,
2022-09-07,45.22,46.13,45.14,46.09,53200,,
2022-09-08,45.78,46.52,45.60,46.41,37100,,
2022-09-09,47.00,47.66,47.00,47.61,55800,,
2022-09-12,47.97,48.23,47.87,48.05,32000,,
2022-09-13,46.66,46.80,45.79,45.87,65000,,
2022-09-14,45.96,46.15,45.57,45.99,79000,,
2022-09-15,45.45,45.97,44.96,45.14,64500,,
2022-09-16,44.48,44.66,44.19,44.56,178500,,
2022-09-19,44.15,44.81,44.15,44.80,65900,,
2022-09-20,44.25,44.41,43.85,44.14,139200,,
2022-09-21,44.15,44.95,43.58,43.61,56700,,
2022-09-22,43.58,43.58,42.67,42.84,119200,,
2022-09-23,42.21,42.21,41.38,41.84,95000,,
2022-09-26,41.69,42.32,41.28,41.41,109700,,
2022-09-27,41.72,41.95,41.00,41.38,86600,,
2022-09-28,41.41,42.68,41.40,42.52,110800,,
2022-09-29,41.74,41.74,41.10,41.61,93600,,
2022-09-30,41.51,42.26,41.33,41.33,82900,,
2022-10-03,41.74,42.73,41.58,42.49,68700,,
2022-10-04,43.66,44.51,43.66,44.50,66000,,
2022-10-05,43.82,44.52,43.50,44.24,63400,,
2022-10-06,44.09,44.56,43.90,43.95,73800,,
2022-10-07,43.37,43.37,42.21,42.42,56400,,
2022-10-10,42.45,42.45,41.49,41.85,43200,,
2022-10-11,41.48,41.87,40.90,41.16,80700,,
2022-10-12,41.08,41.15,40.74,40.92,324600,,
2022-10-13,39.94,41.97,39.51,41.77,107900,,
2022-10-14,42.00,42.04,40.55,40.58,56400,,
2022-10-17,41.49,42.02,41.49,41.83,42800,,
2022-10-18,42.81,43.02,42.05,42.40,67100,,
2022-10-19,42.10,42.26,41.50,41.82,45700,,
2022-10-20,41.91,42.58,41.53,41.70,169800,,
2022-10-21,41.42,42.59,41.22,42.55,77000,,
2022-10-24,42.54,42.80,42.04,42.68,69800,,
2022-10-25,42.82,44.17,42.82,44.16,94400,,
2022-10-26,43.94,44.94,43.94,44.21,40800,,
2022-10-27,44.25,44.66,43.83,43.85,57900,,
2022-10-28,43.70,44.47,43.51,44.47,70000,,
2022-10-31,44.14,44.29,43.90,44.09,53600,,
2022-11-01,45.07,45.18,44.17,44.34,70700,,
2022-11-02,44.31,44.58,42.84,42.94,111900,,
2022-11-03,42.39,42.97,42.19,42.59,151300,,
2022-11-04,43.70,44.12,43.24,43.90,138100,,
2022-11-07,44.35,44.61,44.00,44.42,67500,,
2022-11-08,44.96,45.52,44.60,44.94,72600,,
2022-11-09,44.58,44.70,43.99,44.01,72900,,
2022-11-10,45.88,47.36,45.88,47.33,105100,,
2022-11-11,48.00,49.38,47.92,49.18,81600,,
2022-11-14,48.76,48.98,48.34,48.53,70500,,
2022-11-15,49.44,49.68,48.77,49.12,95600,,
2022-11-16,48.73,48.73,48.08,48.19,91000,,
2022-11-17,47.43,47.89,47.01,47.82,69900,,
2022-11-18,48.26,48.26,47.48,47.67,103100,,
2022-11-21,47.25,47.38,47.02,47.14,72100,,
2022-11-22,47.39,47.83,47.21,47.76,75700,,
2022-11-23,47.75,48.69,47.75,48.55,48500,,
2022-11-25,48.47,48.67,48.33,48.60,28700,,
2022-11-28,48.10,48.31,47.37,47.53,50200,,
2022-11-29,47.44,47.60,47.01,47.06,67400,,
2022-11-30,47.40,48.82,47.02,48.80,106900,,
2022-12-01,49.05,49.68,48.92,49.41,115800,,
2022-12-02,49.00,49.65,48.63,49.65,104300,,
2022-12-05,49.14,49.23,48.27,48.45,91600,,
2022-12-06,48.42,48.42,47.24,47.57,87400,,
2022-12-07,47.43,47.87,47.32,47.57,47400,,
2022-12-08,47.65,48.43,47.55,48.29,110500,,
2022-12-09,48.24,48.69,48.12,48.16,84600,,
2022-12-12,48.07,48.64,48.07,48.62,84300,,
2022-12-13,50.28,50.64,49.22,49.46,184000,,
2022-12-14,49.33,49.85,48.69,49.12,105800,,
2022-12-15,48.29,48.29,47.29,47.42,237200,,
2022-12-16,47.17,47.43,46.72,47.10,82600,,
2022-12-19,47.01,47.16,46.27,46.50,160100,,
2022-12-20,46.22,46.71,46.22,46.46,139600,,
2022-12-21,46.50,47.29,46.50,46.92,112700,,
2022-12-22,46.61,46.61,45.51,46.21,133000,,
2022-12-23,46.08,46.23,45.73,46.11,94700,,
2022-12-27,46.09,46.24,45.46,45.95,109500,,
2022-12-28,45.95,46.13,45.22,45.30,110200,,
2022-12-29,45.80,46.68,45.80,46.52,100900,,
2022-12-30,46.10,46.39,45.83,46.33,83600,,
2023-01-03,46.78,47.25,46.28,46.57,62000,,
2023-01-04,47.02,47.49,46.91,47.33,64900,,
2023-01-05,46.95,47.06,46.58,46.72,76400,,
2023-01-06,47.11,48.14,46.68,47.99,75300,,
2023-01-09,48.57,49.49,48.57,48.86,82100,,
2023-01-10,48.48,49.22,48.48,49.20,54900,,
2023-01-11,49.34,49.99,49.29,49.90,66600,,
2023-01-12,50.09,50.55,49.66,50.50,57600,,
2023-01-13,50.14,50.84,50.14,50.82,68500,,
2023-01-17,50.88,51.35,50.81,51.28,445700,,
2023-01-18,51.71,52.25,51.06,51.10,143400,,
2023-01-19,50.82,51.08,50.38,50.53,59600,,
2023-01-20,50.72,51.37,50.53,51.37,36100,,
2023-01-23,51.54,52.38,51.41,52.36,269500,,
2023-01-24,52.05,52.50,50.95,52.21,136500,,
2023-01-25,51.85,52.29,51.39,52.19,85600,,
2023-01-26,52.56,52.72,52.02,52.61,235300,,
2023-01-27,52.33,53.23,52.33,53.00,118300,,
2023-01-30,52.70,53.04,52.36,52.36,65900,,
2023-01-31,52.37,53.19,52.34,53.15,489500,,
2023-02-01,53.24,54.72,53.13,54.46,184200,,
2023-02-02,55.00,55.74,54.84,55.36,237700,,
2023-02-03,54.34,55.29,54.15,54.56,51200,,
2023-02-06,54.05,54.05,53.39,53.58,151900,,
2023-02-07,53.60,54.43,53.31,54.33,46700,,
2023-02-08,54.37,54.54,53.72,53.81,85300,,
2023-02-09,54.63,54.93,53.33,53.45,69200,,
2023-02-10,53.21,53.23,52.64,52.96,142100,,
2023-02-13,53.01,53.55,52.77,53.43,79500,,
2023-02-14,53.24,54.00,52.97,53.85,57900,,
2023-02-15,53.43,54.23,53.39,54.22,66600,,
2023-02-16,53.63,54.06,53.28,53.48,75800,,
2023-02-17,53.16,53.16,52.58,53.03,226400,,
2023-02-21,52.42,52.58,51.75,51.86,87100,,
2023-02-22,51.84,52.23,51.55,51.89,80900,,
2023-02-23,52.47,52.61,51.88,52.53,90600,,
2023-02-24,51.71,51.97,51.56,51.89,72300,,
2023-02-27,52.45,52.80,52.35,52.51,73700,,
2023-02-28,52.28,52.81,52.02,52.45,52100,,
2023-03-01,52.64,53.07,52.59,52.77,54300,,
2023-03-02,52.41,52.98,52.01,52.97,48200,,
2023-03-03,53.34,54.04,53.14,53.95,63700,,
2023-03-06,54.12,54.30,53.65,53.69,248600,,
2023-03-07,53.69,53.92,52.92,52.98,85800,,
2023-03-08,53.17,53.56,53.01,53.53,53800,,
2023-03-09,53.63,53.95,52.64,52.70,123900,,
2023-03-10,52.81,52.81,51.50,51.70,104700,,
2023-03-13,51.18,52.14,50.82,51.67,125900,,
2023-03-14,52.08,52.38,51.63,52.12,49100,,
2023-03-15,50.78,51.11,50.37,51.11,102900,,
2023-03-16,50.94,52.16,50.81,52.16,55900,,
2023-03-17,51.69,51.74,50.96,51.32,55100,,
2023-03-20,51.41,52.01,51.41,51.89,51400,,
2023-03-21,52.35,52.71,52.17,52.58,67100,,
2023-03-22,52.53,53.17,52.04,52.06,60400,,
2023-03-23,52.53,53.23,52.17,52.50,105800,,
2023-03-24,52.31,52.44,51.80,52.36,114300,,
2023-03-27,52.74,52.94,52.31,52.66,86600,,
2023-03-28,52.45,52.48,52.09,52.30,38700,,
2023-03-29,52.90,53.35,52.82,53.34,72500,,
2023-03-30,53.73,54.17,53.73,53.97,132400,,
2023-03-31,53.99,54.77,53.90,54.72,76100,,
2023-04-03,54.44,54.64,54.15,54.60,132600,,
2023-04-04,54.60,54.60,53.85,54.06,257500,,
2023-04-05,53.51,53.51,52.73,52.94,169700,,
2023-04-06,52.54,52.80,52.21,52.69,198600,,
2023-04-10,52.28,53.10,52.18,53.04,237700,,
2023-04-11,53.18,53.64,53.01,53.42,95900,,
2023-04-12,53.99,54.03,53.40,53.40,81400,,
2023-04-13,53.69,54.29,53.69,54.12,110400,,
2023-04-14,54.01,54.42,53.56,53.88,110100,,
2023-04-17,53.71,53.92,53.56,53.92,317800,,
2023-04-18,54.16,54.16,53.76,53.95,76300,,
2023-04-19,53.45,53.84,53.34,53.79,190800,,
2023-04-20,53.47,53.84,53.24,53.56,321100,,
2023-04-21,53.53,53.87,53.24,53.73,535000,,
2023-04-24,53.79,53.90,53.50,53.70,289700,,
2023-04-25,53.55,53.55,52.41,52.44,545000,,
2023-04-26,52.50,52.70,52.13,52.22,108000,,
2023-04-27,52.80,53.19,52.54,53.14,54600,,
2023-04-28,52.94,53.45,52.90,53.39,52400,,
2023-05-01,53.23,53.70,53.23,53.49,102700,,
2023-05-02,53.36,53.36,52.58,53.01,71100,,
2023-05-03,53.04,53.90,53.04,53.30,108900,,
2023-05-04,53.14,53.23,52.80,53.06,80600,,
2023-05-05,53.00,53.84,53.00,53.61,114900,,
2023-05-08,53.62,53.86,53.33,53.62,46000,,
2023-05-09,53.25,53.35,53.02,53.21,58900,,
2023-05-10,53.35,53.43,52.76,53.25,81600,,
2023-05-11,52.95,52.99,52.70,52.96,53100,,
2023-05-12,53.02,53.13,52.51,52.79,97900,,
2023-05-15,52.83,53.40,52.76,53.37,59600,,
2023-05-16,53.16,53.42,53.00,53.00,74100,,
2023-05-17,53.24,53.89,53.04,53.80,105200,,
2023-05-18,53.78,54.59,53.76,54.55,107000,,
2023-05-19,54.78,55.08,54.71,54.78,102200,,
2023-05-22,54.85,55.39,54.84,55.28,94200,,
2023-05-23,54.92,54.95,54.20,54.22,162600,,
2023-05-24,53.76,53.99,53.28,53.56,95000,,
2023-05-25,54.35,54.41,53.98,54.38,42200,,
2023-05-26,54.53,55.34,54.51,55.25,107900,,
2023-05-30,55.66,55.72,55.13,55.45,175000,,
2023-05-31,54.93,54.93,54.09,54.51,89900,,
2023-06-01,54.77,55.51,54.44,55.31,210900,,
2023-06-02,56.13,56.50,55.90,56.35,146300,,
2023-06-05,56.59,56.70,56.13,56.51,240900,,
2023-06-06,56.50,57.01,56.34,57.00,68500,,
2023-06-07,56.80,57.28,56.59,56.64,192700,,
2023-06-08,56.46,56.93,56.25,56.84,81800,,
2023-06-09,57.20,57.39,56.80,56.96,109900,,
2023-06-12,57.48,57.92,57.35,57.82,148200,,
2023-06-13,58.61,58.85,58.31,58.67,170500,,
2023-06-14,58.91,59.21,58.36,58.86,213900,,
2023-06-15,58.61,59.52,58.61,59.37,101400,,
2023-06-16,59.63,59.63,59.00,59.11,124800,,
2023-06-20,58.60,58.62,57.86,58.23,133600,,
2023-06-21,58.06,58.20,57.68,57.97,77000,,
2023-06-22,57.86,57.94,57.57,57.89,61800,,
2023-06-23,56.73,56.85,56.55,56.61,78300,,
2023-06-26,56.54,56.94,56.38,56.39,106900,,
2023-06-27,56.44,57.26,56.41,57.19,52600,,
2023-06-28,57.19,57.53,57.11,57.53,64100,,
2023-06-29,57.34,57.79,57.34,57.79,54400,,
2023-06-30,58.40,58.74,58.20,58.56,66800,,
2023-07-03,58.76,58.76,58.39,58.58,36700,,
2023-07-05,58.01,58.02,57.42,57.51,165500,,
2023-07-06,56.88,56.89,56.13,56.63,88500,,
2023-07-07,56.68,57.57,56.68,57.04,127800,,
2023-07-10,57.10,57.99,56.98,57.99,105000,,
2023-07-11,58.24,58.38,57.93,58.36,131800,,
2023-07-12,59.00,59.26,58.80,59.07,88200,,
2023-07-13,59.76,60.00,59.62,59.85,110700,,
2023-07-14,59.71,59.71,58.99,59.07,162800,,
2023-07-17,58.93,59.57,58.76,59.45,78700,,
2023-07-18,59.58,60.15,59.58,60.05,161000,,
2023-07-19,60.22,60.29,59.71,60.00,119700,,
2023-07-20,59.61,59.61,58.45,58.59,76400,,
2023-07-21,58.74,58.95,58.50,58.57,67300,,
2023-07-24,58.75,59.07,58.45,58.49,74800,,
2023-07-25,58.51,58.93,58.51,58.75,165400,,
2023-07-26,58.40,59.23,58.40,58.97,76000,,
2023-07-27,59.78,59.79,58.37,58.46,76600,,
2023-07-28,58.90,59.21,58.78,58.94,51900,,
2023-07-31,58.71,59.16,58.65,59.12,75600,,
2023-08-01,58.00,58.16,57.60,57.87,115500,,
2023-08-02,57.05,57.19,56.26,56.62,96400,,
2023-08-03,56.19,56.51,56.00,56.23,67700,,
2023-08-04,56.40,56.76,56.01,56.09,99200,,
2023-08-07,56.40,56.45,56.00,56.39,267600,,
2023-08-08,55.59,55.61,55.14,55.52,99600,,
2023-08-09,55.64,55.68,55.10,55.25,88400,,
2023-08-10,55.61,56.09,55.08,55.26,75100,,
2023-08-11,54.92,55.09,54.68,54.79,66600,,
2023-08-14,54.30,54.80,54.05,54.80,67900,,
2023-08-15,54.45,54.56,54.00,54.01,57600,,
2023-08-16,53.93,54.00,53.23,53.27,89000,,
2023-08-17,53.27,53.38,52.46,52.59,120600,,
2023-08-18,52.01,52.74,52.00,52.52,120500,,
2023-08-21,52.42,52.56,52.08,52.52,51300,,
2023-08-22,52.73,52.94,52.27,52.33,44300,,
2023-08-23,52.62,53.45,52.62,53.27,43100,,
2023-08-24,53.43,53.51,52.42,52.48,72300,,
2023-08-25,52.63,53.00,52.19,52.81,54200,,
2023-08-28,52.99,53.41,52.99,53.32,56600,,
2023-08-29,53.26,54.33,53.19,54.28,37900,,
2023-08-30,54.18,54.61,54.11,54.50,88300,,
2023-08-31,54.61,54.86,54.52,54.62,52100,,
2023-09-01,55.00,55.15,54.55,54.76,222600,,
2023-09-05,54.68,54.73,54.25,54.31,57200,,
2023-09-06,54.24,54.43,53.76,54.00,58500,,
2023-09-07,53.39,53.41,52.82,53.03,49800,,
2023-09-08,52.75,53.02,52.40,52.47,36200,,
2023-09-11,52.68,52.78,52.45,52.66,107800,,
2023-09-12,52.43,52.56,52.13,52.16,78300,,
2023-09-13,52.09,52.22,51.80,51.95,230300,,
2023-09-14,52.24,52.44,52.03,52.35,56900,,
2023-09-15,52.35,52.48,51.83,52.00,44000,,
2023-09-18,51.79,52.08,51.74,51.93,43500,,
2023-09-19,51.80,51.81,51.41,51.71,43000,,
2023-09-20,51.89,52.18,51.13,51.17,73200,,
2023-09-21,50.60,50.60,49.87,49.92,62900,,
2023-09-22,50.35,50.36,50.00,50.02,47500,,
2023-09-25,49.71,50.12,49.70,50.06,57200,,
2023-09-26,49.66,49.66,49.12,49.18,74400,,
2023-09-27,49.56,49.69,49.14,49.51,39000,,
2023-09-28,49.44,50.44,49.44,50.22,31800,,
2023-09-29,50.84,50.89,50.19,50.36,44300,,
2023-10-02,50.15,50.27,49.70,49.89,30700,,
2023-10-03,49.36,49.45,48.80,48.96,54100,,
2023-10-04,48.98,49.30,48.73,49.22,51200,,
2023-10-05,49.26,49.48,48.82,49.25,48200,,
2023-10-06,48.82,49.97,48.82,49.80,49900,,
2023-10-09,49.24,49.76,49.09,49.60,30200,,
2023-10-10,49.79,50.53,49.79,50.23,78500,,
2023-10-11,50.40,50.48,49.87,50.26,308200,,
2023-10-12,50.52,50.52,49.68,49.89,44000,,
2023-10-13,49.89,49.89,49.06,49.19,97800,,
2023-10-16,49.39,49.81,49.22,49.61,244600,,
2023-10-17,49.15,50.12,49.15,49.72,32100,,
2023-10-18,49.22,49.40,48.52,48.61,59900,,
2023-10-19,48.65,48.76,47.96,48.02,50300,,
2023-10-20,47.60,47.74,47.14,47.23,57000,,
2023-10-23,46.81,47.47,46.57,46.92,57200,,
2023-10-24,46.97,47.35,46.83,47.20,61700,,
2023-10-25,46.83,46.83,46.07,46.12,50100,,
2023-10-26,46.00,46.27,45.62,45.75,58000,,
2023-10-27,45.92,46.00,45.42,45.51,52800,,
2023-10-30,45.95,46.00,45.51,45.81,84400,,
2023-10-31,45.74,46.23,45.74,46.16,54000,,
2023-11-01,46.08,46.32,45.73,46.29,74000,,
2023-11-02,46.89,47.36,46.89,47.28,52100,,
2023-11-03,47.83,48.80,47.83,48.59,69400,,
2023-11-06,48.87,48.87,48.29,48.57,55800,,
2023-11-07,48.20,48.48,48.04,48.32,129400,,
2023-11-08,48.36,48.65,48.12,48.33,65200,,
2023-11-09,48.81,48.97,47.95,48.03,49100,,
2023-11-10,47.96,48.58,47.76,48.52,43500,,
2023-11-13,48.25,48.65,48.14,48.53,45500,,
2023-11-14,49.65,50.58,49.14,50.52,62000,,
2023-11-15,50.85,51.39,50.62,50.77,125800,,
2023-11-16,50.58,50.77,50.24,50.44,34300,,
2023-11-17,50.84,51.08,50.71,51.03,36300,,
2023-11-20,51.31,51.67,51.29,51.59,53000,,
2023-11-21,51.56,51.83,51.34,51.57,138400,,
2023-11-22,51.90,51.99,51.62,51.75,42900,,
2023-11-24,51.80,52.00,51.65,52.00,29500,,
2023-11-27,51.68,51.96,51.52,51.82,60900,,
2023-11-28,51.68,51.98,51.57,51.77,68100,,
2023-11-29,52.09,52.70,52.09,52.38,59300,,
2023-11-30,52.53,52.67,52.16,52.34,51300,,
2023-12-01,52.16,53.22,52.10,53.19,70800,,
2023-12-04,52.57,52.79,52.22,52.70,51900,,
2023-12-05,52.44,52.47,52.03,52.19,41200,,
2023-12-06,52.66,53.01,52.34,52.35,56700,,
2023-12-07,52.39,52.70,52.26,52.66,49900,,
2023-12-08,52.48,53.00,52.48,52.88,74500,,
2023-12-11,52.94,53.57,52.94,53.47,60400,,
2023-12-12,53.40,53.65,53.09,53.57,76300,,
2023-12-13,53.58,54.64,53.20,54.61,86800,,
2023-12-14,55.00,56.01,54.99,55.82,96700,,
2023-12-15,55.97,56.43,55.88,56.01,80800,,
2023-12-18,56.06,56.06,55.66,55.87,59300,,
2023-12-19,56.10,56.78,56.10,56.78,72100,,
2023-12-20,56.90,57.11,55.78,55.83,79600,,
2023-12-21,56.54,56.90,56.36,56.84,128000,,
2023-12-22,56.96,57.17,56.68,56.84,50200,,
2023-12-26,57.27,57.68,57.14,57.62,45800,0.028,
2023-12-27,57.65,57.79,57.39,57.66,72400,,
2023-12-28,57.67,57.96,57.58,57.65,36300,,
2023-12-29,57.64,57.82,57.18,57.30,42600,,
2024-01-02,56.85,56.85,55.79,55.99,96800,,
2024-01-03,55.30,55.30,54.28,54.44,123300,,
2024-01-04,54.13,54.56,54.08,54.27,53400,,
2024-01-05,54.01,54.75,53.72,54.38,88100,,
2024-01-08,54.42,55.50,54.42,55.45,78800,,
2024-01-09,55.00,55.52,54.85,55.16,53400,,
2024-01-10,55.60,55.76,55.07,55.59,49600,,
2024-01-11,55.70,55.84,55.15,55.74,52000,,
2024-01-12,56.22,56.55,55.70,55.80,57300,,
2024-01-16,55.35,55.39,54.93,55.09,48000,,
2024-01-17,54.11,54.12,53.66,54.12,89700,,
2024-01-18,54.35,54.72,54.27,54.70,44600,,
2024-01-19,54.76,55.20,54.36,55.19,141000,,
2024-01-22,55.55,56.11,55.42,55.89,125100,,
2024-01-23,55.99,56.19,55.69,56.10,67200,,
2024-01-24,56.54,56.59,55.90,55.90,70200,,
2024-01-25,56.43,56.44,55.93,56.14,60400,,
2024-01-26,56.27,56.56,56.10,56.17,42200,,
2024-01-29,55.90,56.71,55.80,56.63,73300,,
2024-01-30,56.35,56.47,56.01,56.10,55600,,
2024-01-31,55.80,55.97,54.84,54.95,86100,,
2024-02-01,55.23,55.85,55.03,55.75,71700,,
2024-02-02,55.39,55.72,55.10,55.65,58000,,
2024-02-05,55.15,55.15,54.51,54.87,69600,,
2024-02-06,54.69,55.17,54.57,55.14,70200,,
2024-02-07,55.21,55.36,54.87,55.21,69800,,
2024-02-08,55.27,55.65,55.13,55.41,74800,,
2024-02-09,55.66,56.24,55.66,56.08,41000,,
2024-02-12,56.11,56.67,56.11,56.27,127900,,
2024-02-13,55.05,55.28,54.43,54.78,103100,,
2024-02-14,55.22,55.96,55.06,55.82,68000,,
2024-02-15,56.05,56.50,56.03,56.38,53100,,
2024-02-16,56.27,56.53,55.98,56.09,42700,,
2024-02-20,56.04,56.61,55.93,56.24,52400,,
2024-02-21,56.07,56.07,55.48,55.85,114900,,
2024-02-22,56.53,56.98,56.53,56.82,60200,,
2024-02-23,56.83,57.00,56.55,56.58,37700,,
2024-02-26,56.69,57.00,56.51,56.88,63500,,
2024-02-27,57.16,57.50,57.16,57.41,42500,,
2024-02-28,56.82,57.11,56.77,57.00,30500,,
2024-02-29,57.31,57.66,57.15,57.41,129900,,
2024-03-01,57.50,58.45,57.42,58.29,79100,,
2024-03-04,58.13,58.42,58.02,58.15,56400,,
2024-03-05,57.99,58.06,57.23,57.41,128200,,
2024-03-06,57.94,58.70,57.94,58.31,54500,,
2024-03-07,58.80,59.26,58.63,59.18,157800,,
2024-03-08,59.51,59.75,58.80,58.84,39600,,
2024-03-11,58.38,58.54,58.10,58.27,165300,,
2024-03-12,58.57,58.86,58.13,58.82,62100,,
2024-03-13,58.56,58.59,58.16,58.22,67000,,
2024-03-14,58.35,58.35,57.16,57.42,67500,,
2024-03-15,57.27,57.59,57.17,57.40,55400,,
2024-03-18,58.16,58.16,57.49,57.51,117500,,
2024-03-19,57.14,57.66,57.02,57.57,31200,,
2024-03-20,57.77,58.34,57.34,58.23,141400,,
2024-03-21,58.50,58.98,58.50,58.62,79000,,
2024-03-22,58.55,58.81,58.27,58.47,44200,,
2024-03-25,58.08,58.36,58.00,58.23,165900,,
2024-03-26,58.38,58.46,58.05,58.05,39300,,
2024-03-27,58.45,58.59,57.99,58.53,44200,,
2024-03-28,58.55,58.73,58.45,58.64,36100,,
2024-04-01,58.73,58.74,57.96,58.12,67300,,
2024-04-02,57.40,57.43,56.97,57.29,60700,,
2024-04-03,57.09,57.59,57.00,57.37,45600,,
2024-04-04,57.78,57.94,56.51,56.54,56500,,
2024-04-05,56.37,56.99,56.37,56.71,47900,,
2024-04-08,56.79,56.97,56.70,56.79,52600,,
2024-04-09,57.08,57.40,56.89,57.37,122100,,
2024-04-10,56.30,56.56,56.04,56.30,38000,,
2024-04-11,56.47,56.72,55.92,56.62,111000,,
2024-04-12,55.91,56.00,55.20,55.34,56000,,
2024-04-15,55.84,55.89,54.50,54.68,73400,,
2024-04-16,54.22,54.49,53.84,54.17,52500,,
2024-04-17,54.28,54.51,53.57,53.75,65000,,
2024-04-18,53.84,54.14,53.38,53.62,41500,,
2024-04-19,53.31,53.56,52.90,53.10,35900,,
2024-04-22,53.32,53.79,53.02,53.56,43200,,
2024-04-23,53.84,54.55,53.77,54.33,35300,,
2024-04-24,54.65,54.75,54.05,54.38,49200,,
2024-04-25,53.39,54.04,53.11,53.85,32900,,
2024-04-26,54.18,54.94,54.18,54.69,40100,,
2024-04-29,54.94,55.36,54.94,55.19,100500,,
2024-04-30,54.90,55.24,54.45,54.45,60900,,
2024-05-01,54.69,55.41,54.19,54.37,159900,,
2024-05-02,54.90,55.46,54.52,55.33,102300,,
2024-05-03,56.00,56.26,55.61,55.84,41300,,
2024-05-06,56.02,56.44,56.02,56.44,72100,,
2024-05-07,56.45,56.79,56.28,56.51,47400,,
2024-05-08,56.13,56.61,56.13,56.58,51400,,
2024-05-09,56.59,57.16,56.58,57.12,75600,,
2024-05-10,57.11,57.21,56.71,56.89,36700,,
2024-05-13,56.85,57.16,56.68,56.68,38200,,
2024-05-14,56.71,57.22,56.71,57.07,47400,,
2024-05-15,57.21,57.70,57.09,57.64,53500,,
2024-05-16,57.49,57.49,57.14,57.21,44900,,
2024-05-17,57.10,57.25,56.95,57.06,45100,,
2024-05-20,57.15,57.54,57.15,57.46,47600,,
2024-05-21,56.72,56.95,56.65,56.93,51900,,
2024-05-22,56.80,56.96,56.49,56.72,68200,,
2024-05-23,57.07,57.34,56.03,56.23,65100,,
2024-05-24,56.38,56.81,56.37,56.76,69800,,
2024-05-28,57.01,57.28,56.31,56.64,67400,,
2024-05-29,55.82,55.82,55.38,55.41,57400,,
2024-05-30,55.42,55.68,55.27,55.35,56800,,
2024-05-31,55.66,55.80,55.00,55.76,33000,,
2024-06-03,56.11,56.38,55.54,55.91,39900,,
2024-06-04,55.83,55.84,55.45,55.67,46600,,
2024-06-05,55.69,56.48,55.66,56.48,57100,,
2024-06-06,56.15,56.31,55.96,56.30,34200,,
2024-06-07,55.57,55.83,55.30,55.52,56000,,
2024-06-10,55.12,55.83,55.07,55.77,53400,,
2024-06-11,55.09,55.33,54.91,55.23,114300,,
2024-06-12,56.15,56.70,56.00,56.16,51100,,
2024-06-13,55.91,55.98,55.20,55.53,101300,,
2024-06-14,54.98,55.05,54.58,54.93,63000,,
2024-06-17,54.77,55.27,54.50,55.23,48500,,
2024-06-18,55.12,55.58,55.12,55.57,55400,,
2024-06-20,55.15,55.30,54.87,55.09,92400,,
2024-06-21,54.79,54.83,54.48,54.80,142900,,
2024-06-24,54.80,55.20,54.72,54.75,87700,,
2024-06-25,54.76,54.76,54.42,54.64,53000,,
2024-06-26,54.25,54.60,54.15,54.55,69500,,
2024-06-27,54.57,54.96,54.57,54.93,44500,,
2024-06-28,55.19,55.50,54.76,55.10,103300,,
2024-07-01,55.02,55.15,54.55,54.69,125100,,
2024-07-02,54.42,54.99,54.42,54.98,88700,,
2024-07-03,54.98,55.63,54.98,55.51,54800,,
2024-07-05,55.63,55.85,55.39,55.84,50600,,
2024-07-08,55.74,56.08,55.74,55.99,100200,,
2024-07-09,55.75,55.77,55.33,55.48,118000,,
2024-07-10,55.75,56.19,55.65,56.19,109000,,
2024-07-11,56.51,57.14,56.51,56.91,63300,,
2024-07-12,57.38,58.06,57.34,57.83,147300,,
2024-07-15,57.75,57.98,57.52,57.67,78100,,
2024-07-16,57.68,58.70,57.68,58.65,85000,,
2024-07-17,57.78,57.99,57.20,57.20,55900,,
2024-07-18,57.26,57.42,56.03,56.27,70300,,
2024-07-19,56.18,56.28,55.74,55.90,38000,,
2024-07-22,56.49,56.77,56.10,56.71,31900,,
2024-07-23,56.35,56.77,56.35,56.55,36800,,
2024-07-24,55.95,56.33,55.10,55.10,46500,,
2024-07-25,54.65,55.57,54.17,54.62,48400,,
2024-07-26,55.19,55.61,55.10,55.30,54300,,
2024-07-29,55.46,55.46,54.87,54.98,58400,,
2024-07-30,55.22,55.46,54.52,54.79,61800,,
2024-07-31,55.71,56.35,55.62,55.89,69700,,
2024-08-01,55.25,55.58,53.53,54.00,204700,,
2024-08-02,52.79,52.79,51.59,52.10,90600,,
2024-08-05,49.33,51.14,49.24,50.56,142900,,
2024-08-06,50.70,51.88,50.56,51.34,243600,,
2024-08-07,52.59,52.66,50.80,50.92,113000,,
2024-08-08,51.62,52.49,51.40,52.44,141100,,
2024-08-09,52.18,52.30,51.90,52.23,62300,,
2024-08-12,52.27,52.43,52.04,52.21,64200,,
2024-08-13,52.52,53.19,52.39,53.14,159000,,
2024-08-14,53.19,53.27,52.74,52.92,60200,,
2024-08-15,53.44,54.07,53.44,53.84,70600,,
2024-08-16,53.91,54.13,53.80,54.05,51800,,
2024-08-19,54.19,54.74,54.15,54.74,33700,,
2024-08-20,54.76,54.95,54.43,54.55,60200,,
2024-08-21,54.84,55.30,54.77,55.28,109400,,
2024-08-22,55.50,55.50,54.43,54.45,39500,,
2024-08-23,54.96,55.65,54.95,55.57,83000,,
2024-08-26,55.50,55.50,55.00,55.03,78200,,
2024-08-27,54.99,55.28,54.87,55.21,50700,,
2024-08-28,55.23,55.30,54.50,54.72,37200,,
2024-08-29,55.03,55.57,54.97,55.04,87300,,
2024-08-30,55.54,55.60,55.00,55.47,40800,,
2024-09-03,54.82,54.89,53.20,53.39,52900,,
2024-09-04,52.92,53.55,52.90,53.13,96900,,
2024-09-05,52.98,53.21,52.60,52.95,44500,,
2024-09-06,52.80,52.90,51.58,51.69,41300,,
2024-09-09,52.26,52.57,52.13,52.38,86700,,
2024-09-10,52.33,52.40,51.80,52.39,47400,,
2024-09-11,52.46,53.16,51.67,53.15,59700,,
2024-09-12,53.03,53.77,52.85,53.61,68400,,
2024-09-13,53.59,54.04,53.59,53.97,39200,,
2024-09-16,53.91,54.20,53.82,54.20,66200,,
2024-09-17,54.57,54.69,54.12,54.37,58400,,
2024-09-18,54.33,55.03,54.05,54.20,59700,,
2024-09-19,55.50,55.77,55.25,55.57,59300,,
2024-09-20,55.31,55.35,54.79,55.26,44200,,
2024-09-23,55.35,55.38,55.12,55.18,62900,,
2024-09-24,55.36,55.56,55.10,55.49,51100,,
2024-09-25,55.85,55.98,55.34,55.44,44000,,
2024-09-26,56.60,57.41,56.60,57.41,69000,,
2024-09-27,57.55,57.91,57.10,57.33,60900,,
2024-09-30,57.12,57.41,56.77,57.07,131000,,
2024-10-01,57.10,57.10,55.93,56.22,30000,,
2024-10-02,56.10,56.78,55.87,56.69,53000,,
2024-10-03,56.03,56.37,55.93,56.13,47700,,
2024-10-04,56.73,56.93,56.45,56.91,65200,,
2024-10-07,56.60,56.86,56.40,56.72,62600,,
2024-10-08,56.43,56.50,56.28,56.44,36900,,
2024-10-09,56.12,56.74,56.12,56.63,49400,,
2024-10-10,56.42,56.70,55.95,56.70,71600,,
2024-10-11,56.48,57.28,56.48,57.17,54000,,
2024-10-14,57.16,57.46,56.97,57.42,46600,,
2024-10-15,57.28,57.39,56.26,56.30,142700,,
2024-10-16,56.35,56.38,56.16,56.17,45900,,
2024-10-17,56.44,56.44,56.01,56.08,96900,,
2024-10-18,56.51,56.63,56.33,56.48,119900,,
2024-10-21,56.18,56.41,55.71,56.12,63600,,
2024-10-22,55.43,55.78,55.40,55.61,85400,,
2024-10-23,55.02,55.42,54.66,55.06,55900,,
2024-10-24,55.25,55.47,54.89,55.20,47600,,
2024-10-25,55.15,55.79,55.15,55.24,51600,,
2024-10-28,55.73,56.06,55.73,56.00,98900,,
2024-10-29,56.00,56.35,55.83,56.29,44200,,
2024-10-30,56.01,56.80,56.01,56.36,73800,,
2024-10-31,55.99,56.15,55.13,55.18,55300,,
2024-11-01,55.57,56.07,55.49,55.73,29000,,
2024-11-04,55.78,56.31,55.78,55.83,41700,,
2024-11-05,55.84,56.70,55.84,56.57,64700,,
2024-11-06,57.00,57.90,56.99,57.85,63700,,
2024-11-07,58.31,58.67,58.26,58.60,56100,,
2024-11-08,57.97,58.06,57.80,58.00,49300,,
2024-11-11,58.24,58.35,57.95,58.25,63900,,
2024-11-12,57.60,57.91,56.87,57.22,166300,,
2024-11-13,57.09,57.26,56.69,56.87,42300,,
2024-11-14,56.83,56.93,56.16,56.21,34100,,
2024-11-15,55.89,55.94,55.35,55.50,58200,,
2024-11-18,55.47,55.82,55.39,55.65,60100,,
2024-11-19,55.51,56.44,55.51,56.44,65300,,
2024-11-20,56.22,56.23,55.73,56.21,35500,,
2024-11-21,56.37,57.02,56.27,56.92,71400,,
2024-11-22,56.92,57.73,56.92,57.61,92600,,
2024-11-25,58.15,58.49,58.03,58.14,66900,,
2024-11-26,58.01,58.01,57.48,57.62,46500,,
2024-11-27,57.11,57.37,56.59,56.89,43400,,
2024-11-29,57.03,57.69,57.03,57.60,27200,,
2024-12-02,57.64,57.79,57.44,57.67,65300,,
2024-12-03,57.59,57.85,57.46,57.80,40000,,
2024-12-04,58.05,58.42,57.97,58.30,59000,,
2024-12-05,58.24,58.43,58.00,58.09,69900,,
2024-12-06,58.22,58.46,58.22,58.41,51900,,
2024-12-09,58.59,59.16,58.52,58.59,61400,,
2024-12-10,58.63,58.67,58.00,58.04,112900,,
2024-12-11,58.47,58.65,58.15,58.50,204300,,
2024-12-12,57.85,58.30,57.85,58.13,29100,,
2024-12-13,58.15,58.16,57.40,57.72,62700,,
2024-12-16,57.61,57.94,57.35,57.73,117100,,
2024-12-17,57.58,57.83,57.35,57.36,62500,,
2024-12-18,57.98,58.13,55.69,55.86,73000,,
2024-12-19,56.44,56.61,55.66,55.76,69000,,
2024-12-20,55.25,56.68,55.25,56.22,53700,,
2024-12-23,56.30,56.78,56.24,56.75,52000,,
2024-12-24,56.75,57.34,56.75,57.18,37700,,
2024-12-26,57.25,57.81,57.13,57.69,47900,,
2024-12-27,57.50,57.69,56.89,57.29,37400,,
2024-12-30,56.17,56.53,55.78,56.30,79200,0.309,
2024-12-31,56.84,56.84,56.06,56.26,53000,,
2025-01-02,56.73,56.87,55.94,56.24,84800,,
2025-01-03,56.25,57.16,56.25,57.16,35800,,
2025-01-06,57.66,58.40,57.66,57.93,78200,,
2025-01-07,58.44,58.51,57.23,57.35,96200,,
2025-01-08,57.21,57.28,56.74,57.26,59500,,
2025-01-10,56.44,56.45,55.86,56.26,84700,,
2025-01-13,55.37,55.85,55.22,55.85,44700,,
2025-01-14,56.17,56.38,55.51,55.91,34300,,
2025-01-15,56.92,57.19,56.58,56.98,77200,,
2025-01-16,57.41,57.70,57.34,57.49,44200,,
2025-01-17,58.26,58.44,58.19,58.26,51700,,
2025-01-21,59.10,60.13,59.10,60.13,102800,,
2025-01-22,60.36,60.75,60.32,60.32,132900,,
2025-01-23,60.23,60.60,60.04,60.55,77700,,
2025-01-24,60.72,61.30,60.72,60.89,50900,,
2025-01-27,59.25,59.55,58.64,58.86,90700,,
2025-01-28,58.93,59.49,58.59,59.45,69800,,
2025-01-29,59.25,59.26,58.57,58.94,40500,,
2025-01-30,59.51,59.57,59.14,59.22,36200,,
2025-01-31,59.67,60.19,59.01,59.12,60300,,
2025-02-03,57.89,58.42,57.26,58.02,101600,,
2025-02-04,58.49,59.17,58.49,59.17,64000,,
2025-02-05,59.30,60.00,59.11,59.87,72100,,
2025-02-06,59.98,60.03,59.48,59.77,54000,,
2025-02-07,59.66,60.05,58.98,59.06,72100,,
2025-02-10,59.78,60.04,59.59,60.01,57800,,
2025-02-11,59.86,60.09,59.65,59.84,48200,,
2025-02-12,59.00,59.66,58.87,59.53,47300,,
2025-02-13,59.46,59.80,59.13,59.80,94900,,
2025-02-14,59.43,59.49,59.11,59.48,210600,,
2025-02-18,59.97,60.28,59.92,60.23,119100,,
2025-02-19,60.18,60.38,59.84,60.24,85100,,
2025-02-20,60.35,60.42,59.65,60.01,120400,,
2025-02-21,60.36,60.36,58.78,58.98,95900,,
2025-02-24,59.00,59.00,58.06,58.33,73600,,
2025-02-25,58.49,58.61,57.92,58.34,123300,,
2025-02-26,58.57,59.18,58.38,58.59,101300,,
2025-02-27,58.45,58.45,56.87,56.94,84200,,
2025-02-28,56.41,56.69,55.76,56.53,243900,,
2025-03-03,57.06,57.24,55.16,55.39,146200,,
2025-03-04,54.86,55.82,54.00,55.12,137800,,
2025-03-05,56.09,56.72,55.81,56.66,88700,,
2025-03-06,56.01,56.80,55.74,55.75,87400,,
2025-03-07,55.84,56.67,55.40,56.67,41600,,
2025-03-10,55.58,55.58,54.18,54.63,64800,,
2025-03-11,54.44,54.68,53.59,54.17,65200,,
2025-03-12,54.97,54.97,54.32,54.62,44300,,
2025-03-13,54.17,54.26,53.45,53.66,41600,,
2025-03-14,54.56,55.25,54.56,55.25,76300,,
2025-03-17,55.23,56.17,55.23,56.02,39500,,
2025-03-18,55.63,55.65,55.19,55.55,41500,,
2025-03-19,55.44,56.22,55.42,55.85,132300,,
2025-03-20,55.05,55.66,55.00,55.33,51800,,
2025-03-21,54.64,54.86,54.31,54.77,44400,,
2025-03-24,55.04,55.45,55.04,55.37,40100,,
2025-03-25,55.30,55.46,55.12,55.23,53700,,
2025-03-26,55.06,55.31,54.10,54.30,79600,,
2025-03-27,54.07,54.11,53.59,53.85,49000,,
2025-03-28,53.45,53.45,52.04,52.29,69900,,
2025-03-31,51.12,51.69,50.71,51.50,137400,,
2025-04-01,51.25,51.63,50.77,51.47,57400,,
2025-04-02,50.95,52.23,50.95,52.03,52100,,
2025-04-03,50.01,50.18,48.58,48.70,154000,,
2025-04-04,46.51,46.68,44.88,45.45,186000,,
2025-04-07,43.53,46.30,43.17,44.76,156100,,
2025-04-08,46.26,46.35,43.26,43.89,168500,,
2025-04-09,43.43,48.70,43.43,48.38,133200,,
2025-04-10,47.85,47.85,45.50,46.48,94000,,
2025-04-11,46.50,47.66,46.26,47.51,135000,,
2025-04-14,48.22,48.47,47.58,48.18,70300,,
2025-04-15,48.19,48.70,48.07,48.36,62900,,
2025-04-16,47.71,47.91,46.74,47.38,69100,,
2025-04-17,47.66,47.87,47.20,47.59,57500,,
2025-04-21,47.53,47.53,46.26,46.69,41300,,
2025-04-22,47.08,47.91,47.08,47.58,27300,,
2025-04-23,49.27,49.86,48.58,48.78,88600,,
2025-04-24,48.76,50.03,48.76,50.03,89500,,
2025-04-25,50.00,50.76,50.00,50.57,50500,,
2025-04-28,50.75,51.00,50.14,50.65,40900,,
2025-04-29,50.58,51.01,50.46,50.84,53900,,
2025-04-30,50.29,50.95,49.84,50.87,48700,,
2025-05-01,51.39,51.52,50.93,51.08,63800,,
2025-05-02,51.96,52.68,51.96,52.44,51000,,
2025-05-05,52.58,52.82,52.39,52.39,40200,,
2025-05-06,51.66,52.39,51.66,52.30,33800,,
2025-05-07,52.05,52.46,51.91,52.41,52000,,
2025-05-08,53.10,53.95,53.10,53.57,70200,,
2025-05-09,53.86,53.86,53.32,53.52,41700,,
2025-05-12,55.65,55.79,55.22,55.59,80100,,
2025-05-13,55.60,56.48,55.60,56.28,29900,,
2025-05-14,56.50,56.50,55.93,56.12,56700,,
2025-05-15,56.07,56.12,55.65,55.91,45600,,
2025-05-16,56.04,56.49,55.98,56.49,43600,,
2025-05-19,55.95,56.40,55.74,56.40,85000,,
2025-05-20,56.32,56.73,56.27,56.67,72500,,
2025-05-21,56.50,56.86,55.68,55.80,74800,,
2025-05-22,55.37,56.17,55.37,56.01,35500,,
2025-05-23,54.96,55.78,54.78,55.53,50400,,
2025-05-27,56.54,57.08,56.48,57.00,47600,,
2025-05-28,56.99,57.09,56.49,56.52,31600,,
2025-05-29,57.29,57.29,56.36,56.75,38500,,
2025-05-30,56.22,56.29,55.33,55.94,49500,,
2025-06-02,55.70,56.22,55.47,56.14,43700,,
2025-06-03,56.21,56.61,55.77,56.46,60100,,
2025-06-04,56.83,56.93,56.68,56.69,58000,,
2025-06-05,56.78,57.14,56.36,56.64,86000,,
2025-06-06,56.96,57.14,56.72,57.07,59700,,
2025-06-09,57.28,57.52,57.05,57.30,29400,,
2025-06-10,57.28,57.60,57.22,57.43,52300,,
2025-06-11,57.66,58.12,57.47,57.68,46800,,
2025-06-12,57.49,57.88,57.49,57.64,42100,,
2025-06-13,56.85,57.06,56.36,56.50,42200,,
2025-06-16,56.96,57.60,56.96,57.39,40800,,
2025-06-17,57.24,57.35,56.66,56.70,38400,,
2025-06-18,56.89,57.27,56.70,56.89,38500,,
2025-06-20,56.92,57.10,56.21,56.26,64000,,
2025-06-23,56.12,56.83,55.84,56.71,46900,,
2025-06-24,57.54,57.96,57.29,57.86,40800,,
2025-06-25,58.20,58.29,57.75,57.95,48400,,
2025-06-26,58.50,59.19,58.36,59.17,52300,,
2025-06-27,59.40,59.92,59.16,59.68,44400,,
2025-06-30,59.70,59.88,59.37,59.78,42800,,
2025-07-01,59.48,59.86,59.25,59.63,74100,,
2025-07-02,59.44,60.29,59.44,60.29,39500,,
2025-07-03,61.02,61.25,60.95,61.16,56700,,
2025-07-07,60.41,60.41,59.32,59.49,76500,,
2025-07-08,59.97,60.22,59.74,60.16,45900,,
2025-07-09,60.30,60.62,59.99,60.62,29800,,
2025-07-10,60.61,61.12,60.36,60.97,42000,,
2025-07-11,60.72,60.77,60.41,60.54,82700,,
2025-07-14,60.19,60.34,59.82,60.20,41000,,
2025-07-15,60.98,60.98,60.15,60.15,57600,,
2025-07-16,60.26,60.81,59.90,60.72,33500,,
2025-07-17,60.86,61.79,60.86,61.59,51800,,
2025-07-18,61.84,61.93,61.28,61.39,39300,,
2025-07-21,61.75,61.97,61.21,61.34,56300,,
2025-07-22,61.00,61.55,60.72,61.40,206700,,
2025-07-23,62.63,63.63,62.63,63.63,189700,,
2025-07-24,63.68,63.68,63.21,63.21,115500,,
2025-07-25,63.17,63.52,62.77,63.44,48800,,
2025-07-28,63.55,63.64,63.00,63.13,222900,,
2025-07-29,63.29,63.67,62.65,63.04,226100,,
2025-07-30,63.00,63.13,62.20,62.58,93900,,
2025-07-31,62.76,63.35,62.33,62.33,59900,,
2025-08-01,62.00,62.00,60.96,61.80,62500,,
2025-08-04,62.25,63.10,62.25,63.04,63600,,
2025-08-05,63.31,63.61,62.71,63.00,48400,,
2025-08-06,62.85,62.97,62.34,62.92,48900,,
2025-08-07,63.29,63.39,62.20,62.79,39100,,
2025-08-08,63.00,63.33,63.00,63.12,50900,,
2025-08-11,63.24,63.24,62.50,62.60,60100,,
2025-08-12,62.79,63.98,62.79,63.94,53500,,
2025-08-13,64.00,64.27,63.77,64.23,58100,,
2025-08-14,64.02,64.02,63.28,63.83,40200,,
2025-08-15,64.21,64.21,63.50,63.55,52900,,
2025-08-18,63.76,63.86,63.38,63.84,49200,,
2025-08-19,63.55,63.90,63.11,63.16,48800,,
2025-08-20,62.56,62.91,61.93,62.35,73000,,
2025-08-21,62.41,62.54,62.10,62.34,31200,,
2025-08-22,62.41,64.29,62.41,64.10,51200,,
2025-08-25,63.82,64.07,63.62,63.62,46200,,
2025-08-26,63.88,64.24,63.71,63.96,23300,,
2025-08-27,63.77,64.31,63.66,64.29,23500,,
2025-08-28,64.28,64.75,64.20,64.57,37800,,
2025-08-29,64.43,64.43,63.50,63.75,54300,,
2025-09-02,62.64,62.65,61.95,62.54,81200,,
2025-09-03,62.62,62.87,62.36,62.58,26500,,
2025-09-04,62.45,63.18,62.24,63.18,46600,,
2025-09-05,63.78,64.45,63.48,63.97,37300,,
2025-09-08,64.54,64.90,64.47,64.71,60100,,
2025-09-09,64.82,64.82,64.12,64.30,39900,,
2025-09-10,64.44,64.68,64.11,64.19,53700,,
2025-09-11,64.47,65.46,64.47,65.36,100000,,
2025-09-12,65.17,65.40,64.75,64.85,44600,,
2025-09-15,65.20,65.48,64.85,65.29,50600,,
2025-09-16,65.49,65.50,65.01,65.50,43100,,
2025-09-17,65.22,65.67,64.37,65.06,58700,,
2025-09-18,66.00,66.44,65.72,66.34,72600,,
2025-09-19,66.21,66.47,65.86,66.40,55600,,
2025-09-22,66.75,67.28,66.46,67.23,98200,,
2025-09-23,67.37,67.56,66.72,67.02,69400,,
2025-09-24,66.52,66.88,65.91,66.00,58500,,
2025-09-25,65.47,65.47,64.65,65.43,148600,,
2025-09-26,65.40,65.40,64.80,65.27,72600,,
2025-09-29,65.45,65.58,65.14,65.27,56400,,
2025-09-30,65.39,65.61,65.17,65.56,38700,,
2025-10-01,65.69,66.49,65.69,66.33,42900,,
2025-10-02,67.14,67.32,66.65,67.28,38100,,
2025-10-03,67.73,68.09,67.53,67.82,148700,,
2025-10-06,68.60,69.07,68.46,69.00,271600,,
2025-10-07,68.78,69.02,67.68,67.80,117100,,
2025-10-08,68.52,68.59,67.92,68.50,60000,,
2025-10-09,69.13,69.14,68.21,68.61,80200,,
2025-10-10,68.30,68.44,65.17,65.31,132500,,
2025-10-13,67.08,67.34,66.32,67.11,94000,,
2025-10-14,66.18,67.09,65.38,66.65,96500,,
2025-10-15,67.52,68.00,66.81,67.61,57300,,
2025-10-16,68.22,68.22,67.15,67.42,59000,,
2025-10-17,66.80,67.31,66.48,66.92,54400,,
2025-10-20,68.12,68.77,68.11,68.71,91900,,
2025-10-21,68.61,69.04,68.17,68.70,75200,,
2025-10-22,68.84,68.84,67.46,67.93,78100,,
2025-10-23,68.02,69.00,68.02,68.96,49500,,
2025-10-24,69.51,69.78,69.41,69.46,83600,,
2025-10-27,70.14,70.29,69.91,70.26,117500,,
2025-10-28,70.32,70.32,69.44,69.67,102300,,
2025-10-29,70.18,70.31,69.34,69.85,86100,,
2025-10-30,69.25,69.51,68.86,68.92,55700,,
2025-10-31,69.22,69.70,69.08,69.62,89600,,
2025-11-03,69.95,69.99,69.05,69.73,89700,,
2025-11-04,68.72,68.94,68.09,68.21,74400,,
2025-11-05,68.54,69.31,68.25,68.99,350800,,
2025-11-06,69.50,69.50,67.88,68.22,117300,,
2025-11-07,67.48,68.06,66.54,68.06,211500,,
2025-11-10,69.02,69.26,68.34,69.13,435600,,
2025-11-11,68.87,68.89,68.34,68.79,88100,,
2025-11-12,69.05,69.40,68.87,69.10,62500,,
2025-11-13,68.85,68.85,66.85,67.12,117900,,
2025-11-14,66.07,67.39,65.83,66.71,202300,,
2025-11-17,66.31,66.50,65.00,65.40,176800,,
2025-11-18,64.48,64.72,63.77,64.24,134300,,
2025-11-19,64.30,64.84,63.91,64.36,77600,,
2025-11-20,65.48,65.69,62.80,63.04,122400,,
2025-11-21,63.15,64.41,62.80,64.07,111000,,
2025-11-24,64.41,65.39,64.41,65.34,58900,,
2025-11-25,65.67,66.64,65.25,66.52,59400,,
2025-11-26,66.79,67.58,66.69,67.32,70900,,
2025-11-28,67.84,68.39,67.77,68.33,50700,,
2025-12-01,68.02,68.40,67.83,67.94,68400,,
2025-12-02,68.14,68.33,67.73,67.85,62800,,
2025-12-03,68.35,69.13,68.13,69.03,93700,,
2025-12-04,70.03,70.44,69.81,70.35,221800,,
2025-12-05,70.87,71.20,70.59,70.97,171100,,
2025-12-08,71.29,71.29,70.43,70.91,163000,,
2025-12-09,70.82,71.24,70.59,70.90,212400,,
2025-12-10,71.10,71.80,70.60,71.59,90600,,
2025-12-11,71.45,71.94,70.99,71.88,118200,,
2025-12-12,71.98,71.98,70.23,70.45,124200,,
2025-12-15,70.91,70.91,69.96,70.03,76600,,
2025-12-16,69.30,69.73,68.92,69.29,64400,,
2025-12-17,69.36,69.36,67.73,67.91,94200,,
2025-12-18,68.73,68.83,68.15,68.37,37900,,
2025-12-19,68.51,69.26,68.51,69.26,79600,,
2025-12-22,69.74,70.31,69.73,69.93,145600,,
2025-12-23,69.72,69.99,69.48,69.88,65600,,
2025-12-24,69.97,70.00,69.69,69.89,30300,,
2025-12-26,69.98,70.12,69.62,69.90,54700,,
2025-12-29,69.83,70.20,69.55,69.87,67400,,
2025-12-30,69.75,70.03,69.63,69.79,67000,0.292,
2025-12-31,69.79,69.79,69.24,69.31,84600,,
2026-01-02,70.31,70.71,69.87,70.71,130900,,
2026-01-05,71.25,72.00,71.00,72.00,263100,,
2026-01-06,72.04,73.23,71.78,73.15,284900,,
2026-01-07,73.51,73.51,72.51,72.71,252800,,
2026-01-08,72.56,72.77,72.23,72.67,111300,,
2026-01-09,73.10,73.44,72.71,73.20,406700,,
2026-01-12,73.25,73.70,73.11,73.68,211800,,
2026-01-13,73.67,73.67,73.01,73.33,242700,,
2026-01-14,73.23,73.57,72.81,73.52,139300,,
2026-01-15,74.26,74.62,74.03,74.06,609400,,
2026-01-16,74.71,74.79,74.00,74.10,244700,,
2026-01-20,72.55,73.21,71.96,72.21,334800,,
2026-01-21,72.96,73.95,72.43,73.46,190700,,
2026-01-22,74.19,74.50,73.71,74.15,168100,,
2026-01-23,73.87,74.06,73.28,73.76,166400,,
2026-01-26,73.78,74.00,73.50,73.73,343700,,
2026-01-27,74.03,74.71,74.00,74.71,184100,,
2026-01-28,74.91,74.91,74.19,74.37,176200,,
2026-01-29,74.43,74.43,72.32,73.62,500200,,
2026-01-30,73.38,73.68,72.35,72.38,926800,,
2026-02-02,72.00,72.86,71.64,72.42,147900,,
2026-02-03,73.00,73.22,71.65,72.86,293200,,
2026-02-04,73.38,73.54,71.78,72.47,138400,,
2026-02-05,71.60,72.36,71.25,71.58,142700,,
2026-02-06,72.85,74.53,72.85,74.41,169100,,
2026-02-09,74.40,75.57,74.23,75.36,216100,,
2026-02-10,75.87,76.65,75.85,76.16,161700,,
2026-02-11,76.63,76.88,75.58,76.32,170400,,
2026-02-12,77.28,77.66,76.00,76.40,287700,,
2026-02-13,76.46,77.67,75.97,77.31,115500,,
2026-02-17,76.94,77.40,75.71,77.14,162600,,
2026-02-18,77.36,78.16,77.09,77.58,137600,,
2026-02-19,77.55,77.80,77.07,77.74,167800,,
2026-02-20,77.50,78.87,77.50,78.60,205900,,
2026-02-23,78.00,78.27,76.90,77.60,118700,,
2026-02-24,77.98,79.06,77.80,78.79,325400,,
2026-02-25,79.43,79.73,79.06,79.58,174300,,
2026-02-26,79.57,79.57,78.00,79.04,156800,,
2026-02-27,78.10,78.46,77.75,78.41,190800,,
2026-03-02,76.72,78.15,76.50,78.01,191800,,
2026-03-03,74.95,75.38,73.10,74.79,259800,,
2026-03-04,75.45,75.77,74.42,75.27,289000,,
2026-03-05,74.70,75.14,72.81,73.35,206300,,
2026-03-06,72.59,73.06,71.87,71.98,501700,,
2026-03-09,70.45,72.63,69.22,72.47,382500,,
2026-03-10,73.00,73.82,72.41,72.54,156000,,
2026-03-11,72.42,72.87,71.79,72.49,146600,,
2026-03-12,72.00,72.00,70.72,70.94,136300,,
2026-03-13,71.09,71.66,69.64,69.86,168100,,
2026-03-16,71.00,71.66,70.85,71.11,109000,,
2026-03-17,71.74,71.95,71.27,71.77,152800,,
2026-03-18,71.49,71.86,70.56,70.75,109000,,
2026-03-19,69.25,71.09,68.88,70.66,395300,,
2026-03-20,70.37,70.37,67.64,68.15,164200,,
2026-03-23,69.87,71.09,69.50,70.25,127000,,
2026-03-24,69.11,70.37,69.10,69.77,117200,,
2026-03-25,71.40,71.62,70.43,71.07,519900,,
2026-03-26,69.94,70.45,68.91,68.96,81300,,
2026-03-27,68.14,68.14,66.65,66.88,164400,,
2026-03-30,67.44,67.44,65.33,65.77,189800,,
2026-03-31,66.37,68.63,66.37,68.43,205400,,
2026-04-01,70.00,70.88,69.82,70.14,113000,,
2026-04-02,67.91,69.91,67.50,69.24,85800,,
2026-04-06,69.45,70.05,69.24,69.90,83400,,
2026-04-07,69.40,69.55,68.19,69.35,81600,,
2026-04-08,73.60,74.37,73.09,73.44,312100,,
2026-04-09,72.89,73.37,72.40,73.24,111300,,
2026-04-10,74.22,74.36,73.52,73.78,84800,,
2026-04-13,73.28,75.16,73.22,75.16,173500,,
2026-04-14,75.94,76.44,75.80,76.22,101000,,
2026-04-15,76.26,76.58,75.88,76.42,69600,,
2026-04-16,77.00,77.23,76.26,77.12,172200,,
2026-04-17,78.85,79.85,78.58,79.36,167900,,
2026-04-20,78.85,79.72,78.68,79.56,88200,,
2026-04-21,79.58,80.13,78.40,78.46,76400,,
2026-04-22,79.44,79.85,79.01,79.53,102800,,
2026-04-23,79.23,79.54,77.57,78.81,128800,,
2026-04-24,79.49,80.23,79.17,79.99,128900,,
2026-04-27,81.02,81.35,80.20,80.85,154300,,
2026-04-28,79.44,79.99,78.50,79.35,85400,,
2026-04-29,79.26,79.26,78.20,78.66,69000,,
2026-04-30,80.00,81.67,79.62,81.65,150800,,
2026-05-01,81.59,81.97,81.22,81.94,67300,,
2026-05-04,81.79,81.94,80.32,81.08,107000,,
2026-05-05,81.83,82.37,81.24,82.36,137800,,
2026-05-06,83.91,84.75,83.57,84.62,234400,,
2026-05-07,85.23,85.44,83.49,83.81,198300,,
2026-05-08,85.84,86.61,85.47,86.58,145100,,
2026-05-11,86.71,87.49,86.40,87.02,229700,,
2026-05-12,86.24,86.96,84.64,86.04,162300,,
2026-05-13,86.96,87.50,86.28,87.26,485700,,
2026-05-14,87.02,87.25,86.55,86.94,231700,,
2026-05-15,85.29,85.55,84.59,84.99,108900,,
2026-05-18,85.38,85.38,83.62,84.24,320300,,
2026-05-19,82.50,83.09,81.36,82.51,640200,,
2026-05-20,82.15,84.31,81.93,84.06,236800,,
2026-05-21,83.57,85.48,83.35,85.24,221500,,
2026-05-22,86.03,87.96,86.03,87.30,297100,,
2026-05-26,89.14,90.10,89.14,89.99,447500,,
2026-05-27,89.86,89.86,87.87,88.66,479500,,
2026-05-28,88.23,89.39,87.50,88.92,286300,,
2026-05-29,88.77,88.79,87.83,88.64,234000,,
2026-06-01,88.27,89.90,88.10,89.57,284600,,
2026-06-02,89.03,90.36,89.01,90.34,297600,,
2026-06-03,90.22,90.51,88.82,89.64,226100,,
2026-06-04,88.37,88.94,87.73,88.58,253200,,
2026-06-05,87.20,87.20,82.96,83.38,539400,,
2026-06-08,84.56,85.10,84.03,84.33,391800,,
2026-06-09,84.93,85.56,80.55,82.99,442600,,
2026-06-10,81.38,82.34,79.50,79.50,719800,,
2026-06-11,80.35,82.73,79.74,82.43,177800,,
2026-06-12,82.49,83.46,81.59,83.00,142900,,
2026-06-15,85.33,85.73,85.14,85.21,200600,,
2026-06-16,85.15,85.70,84.01,84.13,192400,,
2026-06-17,85.35,85.67,83.60,83.92,131800,,
2026-06-18,85.40,86.05,85.00,86.00,144000,,
2026-06-22,86.24,87.27,86.20,86.65,571600,,
2026-06-23,83.18,83.80,82.53,82.80,338400,,
2026-06-24,82.46,83.05,81.77,82.35,109500,,
2026-06-25,83.84,84.25,82.17,83.44,266900,,
2026-06-26,81.75,82.46,81.29,82.00,168100,,
2026-06-29,82.34,83.44,81.25,83.40,101800,,
2026-06-30,83.63,85.79,83.63,85.66,377200,,
2026-07-01,85.51,86.53,85.25,85.39,243500,,
2026-07-02,85.21,86.00,82.73,83.39,148400,,
2026-07-06,85.27,86.43,84.98,86.19,285400,,
2026-07-07,83.50,83.84,81.46,81.92,287500,,
2026-07-08,80.49,81.14,79.62,81.01,225300,,
2026-07-09,81.78,82.90,81.73,82.59,124500,,
2026-07-10,82.80,83.43,82.40,82.96,192000,,
2026-07-13,81.46,81.88,80.35,80.56,106100,,
2026-07-14,81.00,81.48,80.26,80.78,114200,,
2026-07-15,81.06,81.27,79.50,80.55,101600,,
2026-07-16,79.65,80.07,79.12,79.39,177200,,
2026-07-17,77.09,78.49,76.64,77.89,223800,,
2026-07-20,78.24,78.41,77.26,77.31,150700,,
2026-07-21,78.56,79.58,78.18,79.38,273600,,
2026-07-22,79.36,80.20,78.92,79.40,93800,,
2026-07-23,78.34,79.14,77.82,78.32,77200,,
2026-07-24,78.53,78.69,77.49,77.83,97600,,
2026-07-27,78.98,79.17,77.53,78.58,92800,,
2026-07-28,76.83,77.81,76.35,77.50,124700,,
2026-07-29,77.25,77.76,75.43,75.76,151600,,
2026-07-30,77.39,78.89,77.25,78.58,101500,,
2026-07-31,79.75,79.90,78.19,79.25,125600,,
2026-08-03,79.91,81.24,79.72,81.19,221364,,
