date,open,high,low,close,volume,div,split
2016-08-04,34.29,34.54,34.23,34.52,1218600,,
2016-08-05,34.73,35.00,34.68,34.96,1239000,,
2016-08-08,35.08,35.17,34.86,34.92,695700,,
2016-08-09,35.12,35.32,35.06,35.21,1128000,,
2016-08-10,35.24,35.28,34.82,34.97,2446800,,
2016-08-11,35.12,35.15,34.92,35.10,1129500,,
2016-08-12,35.17,35.34,35.13,35.26,575100,,
2016-08-15,35.34,35.83,35.34,35.74,683100,,
2016-08-16,35.69,35.69,35.45,35.49,1883100,,
2016-08-17,35.51,35.51,35.30,35.49,1782300,,
2016-08-18,35.50,35.75,35.47,35.74,693000,,
2016-08-19,35.78,36.14,35.78,36.05,1472400,,
2016-08-22,35.99,36.15,35.91,36.07,770700,,
2016-08-23,36.23,36.40,36.23,36.24,825600,,
2016-08-24,36.29,36.32,35.85,35.94,917700,,
2016-08-25,35.83,36.26,35.83,36.09,940200,,
2016-08-26,36.15,36.52,36.01,36.25,932100,,
2016-08-29,36.40,36.53,36.35,36.39,810900,,
2016-08-30,36.40,36.60,36.19,36.32,3181200,,
2016-08-31,36.31,36.35,36.10,36.30,1447200,,
2016-09-01,36.40,36.61,36.12,36.59,1393800,,
2016-09-02,36.75,36.78,36.38,36.55,1664400,,
2016-09-06,36.61,36.66,36.28,36.47,1085400,,
2016-09-07,36.52,36.53,36.12,36.19,3814200,,
2016-09-08,36.07,36.22,35.91,36.13,1353300,,
2016-09-09,35.84,35.84,34.74,34.84,2546400,,
2016-09-12,34.56,35.53,34.44,35.49,2162700,,
2016-09-13,35.32,35.62,35.00,35.18,1202100,,
2016-09-14,35.09,35.58,35.04,35.49,1094100,,
2016-09-15,35.47,36.38,35.43,36.31,1795500,,
2016-09-16,36.58,36.69,36.04,36.32,1916100,,
2016-09-19,36.55,36.90,36.24,36.36,1180500,,
2016-09-20,36.57,36.60,36.11,36.20,1076100,,
2016-09-21,36.38,36.76,36.22,36.70,1295700,,
2016-09-22,36.94,37.05,36.71,36.82,1056600,,
2016-09-23,36.77,36.78,36.40,36.44,818100,,
2016-09-26,36.03,36.15,35.78,35.93,1149300,0.152333,
2016-09-27,35.85,36.56,35.83,36.55,1034700,,
2016-09-28,36.69,36.81,36.40,36.63,840600,,
2016-09-29,36.64,37.31,36.24,37.08,2580900,,
2016-09-30,37.30,37.91,37.30,37.66,1372500,,
2016-10-03,37.75,37.92,37.34,37.41,3632100,,
2016-10-04,37.57,37.68,37.17,37.31,1019400,,
2016-10-05,37.43,37.85,37.34,37.59,3852600,,
2016-10-06,37.56,37.84,37.33,37.81,2603700,,
2016-10-07,37.87,37.87,37.41,37.75,1383900,,
2016-10-10,37.93,38.07,37.55,37.56,1210500,,
2016-10-11,37.51,37.51,36.45,36.77,1871400,,
2016-10-12,36.75,36.76,36.32,36.65,1567500,,
2016-10-13,36.32,36.32,35.63,36.22,2082000,,
2016-10-14,36.55,36.92,36.46,36.49,1365000,,
2016-10-17,36.45,36.65,36.28,36.30,701100,,
2016-10-18,36.75,36.87,36.65,36.72,891600,,
2016-10-19,36.40,36.61,36.22,36.57,1192200,,
2016-10-20,36.50,36.96,36.28,36.82,2059800,,
2016-10-21,36.53,36.77,36.38,36.73,1095900,,
2016-10-24,36.92,37.43,36.92,37.40,711000,,
2016-10-25,37.42,37.54,37.30,37.37,823500,,
2016-10-26,37.08,37.54,37.05,37.32,1119900,,
2016-10-27,37.68,37.77,37.09,37.14,1385700,,
2016-10-28,37.29,37.52,36.88,36.92,1798500,,
2016-10-31,37.05,37.30,37.05,37.12,913200,,
2016-11-01,37.13,37.42,36.39,36.79,1674000,,
2016-11-02,36.81,37.02,36.43,36.55,2461200,,
2016-11-03,36.56,36.80,36.35,36.48,1512600,,
2016-11-04,36.27,36.57,36.00,36.25,1259100,,
2016-11-07,36.93,37.30,36.78,37.27,4797900,,
2016-11-08,37.26,37.59,37.05,37.35,1226100,,
2016-11-09,36.51,37.29,36.33,37.17,3111000,,
2016-11-10,37.39,37.63,36.03,36.37,6669000,,
2016-11-11,36.78,37.82,36.78,37.76,2595300,,
2016-11-14,37.95,37.95,37.47,37.57,1340100,,
2016-11-15,37.72,38.37,37.63,38.27,1415100,,
2016-11-16,38.20,38.74,38.19,38.71,1212300,,
2016-11-17,38.86,39.32,38.62,39.13,1084500,,
2016-11-18,39.01,39.46,39.01,39.41,1064400,,
2016-11-21,39.53,39.73,39.39,39.67,1140300,,
2016-11-22,39.88,40.13,39.85,40.10,1418700,,
2016-11-23,40.11,40.23,39.90,40.15,1044000,,
2016-11-25,40.22,40.24,40.04,40.22,411900,,
2016-11-28,40.12,40.28,40.03,40.10,661500,,
2016-11-29,40.07,40.26,39.83,40.02,1172700,,
2016-11-30,40.00,40.11,39.78,39.79,591900,,
2016-12-01,39.76,39.76,37.62,37.85,3488400,,
2016-12-02,37.80,38.38,37.67,38.32,2997000,,
2016-12-05,38.65,38.91,38.40,38.78,1120500,,
2016-12-06,38.89,39.36,38.89,39.32,1454700,,
2016-12-07,39.30,40.23,39.17,40.13,1300500,,
2016-12-08,40.24,40.72,40.19,40.48,1262700,,
2016-12-09,40.81,40.89,40.06,40.34,1004400,,
2016-12-12,40.18,40.25,39.71,40.03,2093700,,
2016-12-13,40.17,40.76,40.11,40.49,1004100,,
2016-12-14,40.51,40.72,40.32,40.46,1989300,,
2016-12-15,40.62,41.32,40.55,41.15,2221200,,
2016-12-16,41.39,41.47,40.55,40.73,1474200,,
2016-12-19,40.84,41.29,40.79,41.13,1245600,,
2016-12-20,41.55,41.61,41.35,41.53,2156700,,
2016-12-21,41.52,41.62,41.36,41.43,787200,0.096667,
2016-12-22,41.89,41.90,41.47,41.63,869400,,
2016-12-23,41.59,41.87,41.52,41.84,480000,,
2016-12-27,41.93,42.42,41.91,42.36,1408500,,
2016-12-28,42.60,42.64,41.53,41.56,1738500,,
2016-12-29,41.37,41.55,41.11,41.55,1046700,,
2016-12-30,41.70,41.89,40.77,40.91,3403800,,
2017-01-03,41.05,41.49,40.56,40.91,2654100,,
2017-01-04,41.11,41.22,40.83,41.02,1354200,,
2017-01-05,41.04,41.26,40.59,40.67,942000,,
2017-01-06,40.77,41.11,40.51,40.99,875100,,
2017-01-09,41.14,41.59,41.11,41.43,883800,,
2017-01-10,41.46,41.72,41.40,41.63,690900,,
2017-01-11,41.67,41.78,41.47,41.77,1630200,,
2017-01-12,41.54,41.65,40.79,41.42,1354500,,
2017-01-13,41.48,41.79,41.43,41.69,849600,,
2017-01-17,41.54,41.56,40.88,41.02,1092600,,
2017-01-18,41.07,41.61,41.03,41.58,1156500,,
2017-01-19,41.52,41.86,41.37,41.39,2727600,,
2017-01-20,41.81,42.18,41.76,41.93,1929900,,
2017-01-23,41.77,41.86,41.35,41.67,1053900,,
2017-01-24,41.85,42.56,41.79,42.48,3734100,,
2017-01-25,43.05,43.21,42.71,43.11,2025600,,
2017-01-26,43.19,43.19,42.68,42.86,1262400,,
2017-01-27,43.08,43.41,43.08,43.40,977400,,
2017-01-30,43.20,43.20,42.64,43.18,1517400,,
2017-01-31,42.93,42.96,42.36,42.62,1455000,,
2017-02-01,43.08,43.32,42.86,43.30,1792200,,
2017-02-02,43.00,43.41,42.79,43.28,1416000,,
2017-02-03,43.52,43.58,43.35,43.50,869400,,
2017-02-06,43.59,43.69,43.31,43.65,923100,,
2017-02-07,43.91,43.98,43.59,43.81,594900,,
2017-02-08,43.94,44.07,43.67,43.90,771600,,
2017-02-09,43.87,44.02,43.46,43.51,1358100,,
2017-02-10,43.81,43.81,43.06,43.49,1551600,,
2017-02-13,43.61,43.87,43.51,43.58,929400,,
2017-02-14,43.59,43.59,43.19,43.46,608400,,
2017-02-15,43.58,43.84,43.36,43.79,703800,,
2017-02-16,43.84,43.94,43.58,43.86,930600,,
2017-02-17,43.64,44.10,43.49,44.09,996300,,
2017-02-21,44.24,44.73,44.24,44.71,2010900,,
2017-02-22,44.63,44.78,44.54,44.72,674700,,
2017-02-23,44.67,44.67,43.71,44.00,1778100,,
2017-02-24,43.29,43.97,43.13,43.97,1569600,,
2017-02-27,43.99,44.40,43.89,44.39,3659400,,
2017-02-28,44.47,44.47,43.73,43.82,1295400,,
2017-03-01,44.35,44.56,43.92,44.50,1316700,,
2017-03-02,44.61,44.72,44.00,44.05,1290300,,
2017-03-03,44.10,44.13,43.77,44.02,1290000,,
2017-03-06,43.90,44.12,43.54,44.05,1598400,,
2017-03-07,43.97,44.43,43.84,44.14,1624500,,
2017-03-08,44.32,44.61,44.16,44.25,1757100,,
2017-03-09,44.22,44.41,43.98,44.33,1020600,,
2017-03-10,44.60,44.93,44.60,44.84,2136300,,
2017-03-13,44.98,45.19,44.89,45.18,1147500,,
2017-03-14,45.06,45.09,44.67,45.04,1066800,,
2017-03-15,45.10,45.48,44.88,45.40,1108200,,
2017-03-16,45.55,45.56,45.27,45.35,932700,,
2017-03-17,45.51,45.51,45.30,45.45,1832100,,
2017-03-20,45.56,45.94,45.41,45.78,1138200,,
2017-03-21,45.90,45.99,44.62,44.71,1962600,,
2017-03-22,44.75,45.23,44.60,45.18,1676400,,
2017-03-23,45.18,45.28,44.95,45.08,1530900,,
2017-03-24,45.54,45.86,45.12,45.29,1596000,0.117667,
2017-03-27,44.86,45.47,44.67,45.36,1449900,,
2017-03-28,45.45,45.68,45.23,45.50,851400,,
2017-03-29,45.52,45.52,45.26,45.39,1064400,,
2017-03-30,45.42,45.73,45.35,45.63,831000,,
2017-03-31,45.67,45.86,45.48,45.63,616500,,
2017-04-03,45.65,45.76,45.05,45.34,2164800,,
2017-04-04,45.06,45.41,44.98,45.11,1366800,,
2017-04-05,45.24,45.55,44.77,44.80,1259400,,
2017-04-06,44.77,44.97,44.41,44.87,1165500,,
2017-04-07,44.89,45.20,44.76,45.06,757200,,
2017-04-10,45.07,45.11,44.61,44.72,810300,,
2017-04-11,44.50,44.51,43.70,44.36,1602000,,
2017-04-12,44.23,44.29,43.49,43.59,1704600,,
2017-04-13,43.33,43.96,43.29,43.30,1309200,,
2017-04-17,43.47,43.87,43.47,43.84,1329900,,
2017-04-18,43.60,44.07,43.57,44.05,1325700,,
2017-04-19,44.41,44.68,44.21,44.28,1701600,,
2017-04-20,44.60,45.06,44.38,44.98,1669800,,
2017-04-21,44.83,44.88,44.41,44.79,1922400,,
2017-04-24,45.44,45.58,45.27,45.43,1482300,,
2017-04-25,45.65,45.96,45.54,45.89,1269900,,
2017-04-26,45.83,45.92,45.35,45.52,3504000,,
2017-04-27,45.84,46.22,45.75,46.16,1099200,,
2017-04-28,46.05,46.05,45.25,45.37,3133800,,
2017-05-01,45.48,45.83,45.25,45.82,2065500,,
2017-05-02,45.70,45.70,45.10,45.34,3398700,,
2017-05-03,45.10,45.56,45.08,45.49,1144800,,
2017-05-04,45.65,45.65,45.27,45.46,1219500,,
2017-05-05,45.58,45.64,45.21,45.64,902100,,
2017-05-08,45.62,45.70,45.37,45.46,801900,,
2017-05-09,45.52,46.04,45.46,45.91,1281000,,
2017-05-10,46.48,46.97,46.46,46.88,2503500,,
2017-05-11,46.85,47.27,46.47,47.05,2091000,,
2017-05-12,47.12,47.24,46.92,47.19,573300,,
2017-05-15,47.39,47.95,47.25,47.92,1123200,,
2017-05-16,48.14,48.62,47.92,48.60,1067400,,
2017-05-17,48.03,48.13,46.47,46.51,3091200,,
2017-05-18,46.53,47.51,46.39,47.37,2103600,,
2017-05-19,47.82,48.06,47.77,47.90,2681100,,
2017-05-22,48.21,48.44,48.10,48.42,2000100,,
2017-05-23,48.46,48.47,47.86,48.23,760200,,
2017-05-24,48.55,48.63,48.32,48.54,1018800,,
2017-05-25,48.69,48.96,48.47,48.79,1013400,,
2017-05-26,48.75,49.03,48.47,49.01,789600,,
2017-05-30,49.01,49.46,48.95,49.34,1176900,,
2017-05-31,49.69,49.79,49.09,49.33,1605300,,
2017-06-01,49.52,49.52,49.10,49.38,1063200,,
2017-06-02,49.69,49.94,49.32,49.88,1297500,,
2017-06-05,49.87,50.27,49.85,50.00,986700,,
2017-06-06,49.82,50.51,49.74,50.17,1240800,,
2017-06-07,50.42,50.74,50.28,50.54,1262700,,
2017-06-08,50.95,51.48,50.51,51.46,1617600,,
2017-06-09,51.84,51.98,48.30,49.30,5103600,,
2017-06-12,48.68,49.20,47.60,49.02,5277300,,
2017-06-13,49.76,49.83,48.75,49.35,3216600,,
2017-06-14,49.55,49.55,48.29,48.83,2112300,,
2017-06-15,48.02,48.60,47.95,48.45,3531900,,
2017-06-16,48.57,48.81,48.10,48.25,1588800,,
2017-06-19,48.79,49.25,48.75,49.17,1455600,,
2017-06-20,49.43,49.49,48.61,48.62,1193100,,
2017-06-21,48.84,49.19,48.65,49.18,1386900,,
2017-06-22,49.17,49.29,48.83,49.07,1299900,,
2017-06-23,49.15,49.49,48.92,49.21,973200,,
2017-06-26,49.49,49.76,48.53,48.79,1882800,,
2017-06-27,48.50,48.50,47.35,47.37,1921500,0.12,
2017-06-28,47.64,48.24,47.19,48.19,2285400,,
2017-06-29,48.00,48.00,46.35,46.99,2949300,,
2017-06-30,47.14,47.38,46.53,46.73,1492800,,
2017-07-03,47.11,47.17,46.08,46.09,1771800,,
2017-07-05,46.24,47.11,46.24,47.04,1918200,,
2017-07-06,46.60,47.23,46.38,46.83,2063100,,
2017-07-07,47.06,47.81,47.06,47.62,3374400,,
2017-07-10,47.80,48.29,47.50,48.17,978300,,
2017-07-11,48.04,48.59,48.01,48.57,965400,,
2017-07-12,49.06,49.45,48.88,49.35,1678200,,
2017-07-13,49.40,49.72,49.05,49.19,1532700,,
2017-07-14,49.46,49.88,49.35,49.85,1234500,,
2017-07-17,50.02,50.04,49.48,49.65,693300,,
2017-07-18,49.35,49.81,49.17,49.80,1017000,,
2017-07-19,50.09,50.28,49.92,50.26,1410600,,
2017-07-20,50.28,50.48,49.87,50.41,1527000,,
2017-07-21,50.08,50.08,49.73,49.98,984000,,
2017-07-24,50.05,50.05,49.73,49.83,1212600,,
2017-07-25,49.73,49.91,49.27,49.79,1203600,,
2017-07-26,50.23,50.55,50.05,50.33,2004600,,
2017-07-27,50.48,50.55,48.98,49.57,2827800,,
2017-07-28,49.34,49.58,49.13,49.38,1205700,,
2017-07-31,49.38,49.64,48.86,48.99,1517400,,
2017-08-01,49.14,49.30,48.90,49.30,1002000,,
2017-08-02,49.58,49.69,48.60,48.94,1741200,,
2017-08-03,48.91,49.07,48.52,48.76,1347300,,
2017-08-04,48.79,49.17,48.63,48.78,1283700,,
2017-08-07,48.90,49.64,48.90,49.62,949200,,
2017-08-08,49.66,50.05,49.31,49.47,818700,,
2017-08-09,49.08,49.35,48.86,49.31,706500,,
2017-08-10,48.99,49.01,47.89,47.93,1627500,,
2017-08-11,47.71,48.28,47.59,48.20,1044300,,
2017-08-14,48.78,49.48,48.78,49.43,1610100,,
2017-08-15,49.64,49.65,49.20,49.55,531300,,
2017-08-16,49.65,49.84,49.39,49.63,777900,,
2017-08-17,49.39,49.52,48.35,48.38,1209000,,
2017-08-18,48.66,48.81,48.21,48.45,1026900,,
2017-08-21,48.52,48.60,47.79,48.09,945900,,
2017-08-22,48.51,48.98,48.45,48.88,1046700,,
2017-08-23,48.42,49.23,48.37,49.09,1983900,,
2017-08-24,49.29,49.36,48.82,49.10,1294200,,
2017-08-25,49.28,49.37,48.78,48.86,684900,,
2017-08-28,48.93,49.02,48.74,49.01,552600,,
2017-08-29,48.39,49.21,48.37,49.08,1068900,,
2017-08-30,49.35,50.00,49.17,49.92,1998900,,
2017-08-31,50.09,50.48,50.02,50.42,1072200,,
2017-09-01,50.51,50.90,50.51,50.64,1591200,,
2017-09-05,50.46,50.52,49.52,49.94,2806500,,
2017-09-06,50.22,50.25,49.79,50.02,1044000,,
2017-09-07,50.12,50.31,49.89,50.11,873300,,
2017-09-08,50.08,50.11,49.34,49.52,1454100,,
2017-09-11,49.90,50.58,49.90,50.46,1305300,,
2017-09-12,50.53,50.84,50.41,50.69,742200,,
2017-09-13,50.67,50.91,50.41,50.79,772800,,
2017-09-14,50.58,51.29,50.57,50.99,1656900,,
2017-09-15,51.23,51.94,51.13,51.88,1424100,,
2017-09-18,52.18,52.88,52.18,52.56,1476900,,
2017-09-19,52.68,52.93,52.40,52.73,1382700,,
2017-09-20,52.79,52.79,51.30,52.00,2274900,,
2017-09-21,51.90,51.96,51.33,51.78,864300,,
2017-09-22,51.64,52.11,51.63,52.04,742200,,
2017-09-25,51.85,51.85,50.80,51.04,1795500,,
2017-09-26,51.40,51.40,50.64,50.79,1474200,0.166333,
2017-09-27,51.40,52.23,51.34,52.02,1166400,,
2017-09-28,51.97,52.43,51.83,52.40,819900,,
2017-09-29,52.61,52.93,52.35,52.86,918600,,
2017-10-02,53.09,53.42,52.81,53.21,1240500,,
2017-10-03,53.27,53.48,53.10,53.36,536100,,
2017-10-04,53.29,53.48,52.98,53.48,873900,,
2017-10-05,53.71,53.71,53.22,53.53,538200,,
2017-10-06,53.33,53.75,53.33,53.74,742800,,
2017-10-09,53.95,54.19,53.89,54.15,835200,,
2017-10-10,54.63,54.63,53.91,54.45,756300,,
2017-10-11,54.42,54.84,54.34,54.82,859200,,
2017-10-12,54.80,55.01,54.61,54.65,584400,,
2017-10-13,54.91,55.19,54.76,55.00,531900,,
2017-10-16,55.17,55.27,54.89,55.26,543300,,
2017-10-17,55.29,55.29,54.95,55.21,558900,,
2017-10-18,55.42,55.50,54.67,55.40,712200,,
2017-10-19,54.97,55.27,54.41,55.26,1063800,,
2017-10-20,55.69,55.82,55.46,55.54,1083600,,
2017-10-23,55.81,56.11,55.55,55.82,898500,,
2017-10-24,55.97,56.26,55.76,56.21,643500,,
2017-10-25,55.90,56.05,54.90,55.47,1568100,,
2017-10-26,55.57,55.91,55.49,55.80,1145100,,
2017-10-27,56.17,57.04,55.93,56.96,1058400,,
2017-10-30,56.78,57.36,56.78,57.12,1579200,,
2017-10-31,57.26,57.74,57.10,57.57,1031400,,
2017-11-01,58.04,58.08,56.86,57.36,1516500,,
2017-11-02,57.47,57.80,57.03,57.65,4100100,,
2017-11-03,57.93,58.67,57.45,58.67,2683800,,
2017-11-06,59.24,59.52,58.81,59.50,3057600,,
2017-11-07,59.43,59.58,59.04,59.44,1299300,,
2017-11-08,59.39,59.68,59.15,59.63,1204500,,
2017-11-09,59.12,59.12,57.72,58.44,3302400,,
2017-11-10,58.64,58.86,58.48,58.83,1166400,,
2017-11-13,58.60,59.06,58.52,59.00,1308900,,
2017-11-14,58.89,59.11,58.51,58.94,801900,,
2017-11-15,58.53,58.66,57.94,58.41,1175700,,
2017-11-16,58.66,59.53,58.66,59.28,1093500,,
2017-11-17,59.63,59.64,58.92,59.02,1887300,,
2017-11-20,59.36,59.82,59.20,59.73,1792800,,
2017-11-21,60.12,60.49,60.00,60.41,3603000,,
2017-11-22,60.62,60.63,59.95,60.04,1203900,,
2017-11-24,60.30,60.62,60.22,60.58,556800,,
2017-11-27,60.22,60.22,59.72,59.82,1692900,,
2017-11-28,60.06,60.06,59.48,59.85,1971300,,
2017-11-29,59.78,59.80,56.63,57.21,5576700,,
2017-11-30,57.84,58.12,57.16,57.52,4293300,,
2017-12-01,56.98,57.24,55.50,56.90,4877700,,
2017-12-04,57.57,57.64,55.18,55.53,4886400,,
2017-12-05,55.25,56.59,54.85,55.57,5340300,,
2017-12-06,55.03,55.85,54.79,55.75,2170500,,
2017-12-07,56.16,56.47,55.93,56.30,2917500,,
2017-12-08,56.94,56.97,55.96,56.01,1965900,,
2017-12-11,56.10,56.49,55.94,56.34,5248200,,
2017-12-12,56.22,56.22,55.72,55.79,1307700,,
2017-12-13,55.99,56.28,55.75,55.78,980100,,
2017-12-14,55.82,56.10,55.59,55.73,889200,,
2017-12-15,56.02,56.75,55.71,56.60,3382500,,
2017-12-18,57.29,57.84,57.00,57.81,3488700,,
2017-12-19,57.70,57.86,57.35,57.65,2278500,0.105667,
2017-12-20,58.25,58.32,57.57,58.07,1342200,,
2017-12-21,58.26,58.26,57.37,57.45,1750500,,
2017-12-22,57.25,57.45,57.03,57.42,877800,,
2017-12-26,56.70,56.90,56.37,56.85,680100,,
2017-12-27,56.85,57.32,56.78,57.03,794100,,
2017-12-28,57.21,57.33,57.09,57.19,789000,,
2017-12-29,57.28,57.28,56.60,56.60,760200,,
2018-01-02,56.91,58.16,56.84,58.14,2860200,,
2018-01-03,58.46,59.17,58.32,59.16,1326900,,
2018-01-04,59.59,59.69,59.01,59.49,1335000,,
2018-01-05,59.76,60.08,59.41,59.83,1170600,,
2018-01-08,59.87,60.49,59.68,60.30,1622700,,
2018-01-09,60.46,60.46,59.64,59.71,1464600,,
2018-01-10,59.03,59.27,58.52,58.99,2030400,,
2018-01-11,59.18,59.37,58.94,59.34,1047300,,
2018-01-12,59.41,59.79,59.19,59.66,1101900,,
2018-01-16,60.17,60.56,59.51,59.86,1462500,,
2018-01-17,60.42,61.68,60.36,61.60,1136700,,
2018-01-18,61.58,62.18,61.50,61.87,3163800,,
2018-01-19,62.15,62.25,61.57,61.94,1188600,,
2018-01-22,62.05,62.41,61.76,62.40,1247700,,
2018-01-23,62.69,62.90,62.46,62.90,1467000,,
2018-01-24,62.25,62.46,61.02,61.46,3006000,,
2018-01-25,62.13,62.28,60.39,60.39,2254800,,
2018-01-26,61.21,62.33,61.18,62.32,1667700,,
2018-01-29,62.09,62.67,61.49,62.23,1626000,,
2018-01-30,61.33,61.69,60.91,60.99,1948500,,
2018-01-31,61.71,61.93,61.15,61.49,1163700,,
2018-02-01,61.00,62.09,60.91,61.19,1255500,,
2018-02-02,60.68,60.73,59.51,59.54,3241800,,
2018-02-05,58.66,59.97,56.57,56.74,3915600,,
2018-02-06,55.87,58.86,55.74,58.79,4045500,,
2018-02-07,58.41,58.93,57.52,57.53,3262200,,
2018-02-08,57.80,57.96,55.07,55.11,4162200,,
2018-02-09,56.37,57.10,54.39,56.70,5947800,,
2018-02-12,57.45,58.17,56.92,57.79,2956200,,
2018-02-13,57.43,57.84,57.24,57.72,1481700,,
2018-02-14,57.27,59.17,57.16,59.08,1199100,,
2018-02-15,59.63,59.79,58.39,59.78,1732500,,
2018-02-16,59.48,60.31,59.48,59.57,929700,,
2018-02-20,59.38,61.17,59.32,60.62,2507400,,
2018-02-21,60.95,61.00,59.88,59.92,1435500,,
2018-02-22,60.27,60.41,59.59,59.79,1460700,,
2018-02-23,60.43,61.07,60.23,61.07,1424700,,
2018-02-26,61.43,62.40,61.43,62.39,1090500,,
2018-02-27,62.41,63.24,62.18,62.18,1369200,,
2018-02-28,62.62,62.74,61.57,61.63,1266600,,
2018-03-01,61.84,61.88,59.95,60.65,2850300,,
2018-03-02,59.97,61.80,59.83,61.68,1392600,,
2018-03-05,61.35,62.54,61.08,62.24,1251000,,
2018-03-06,62.83,63.35,62.50,63.17,1779000,,
2018-03-07,62.52,63.46,62.52,63.38,1167300,,
2018-03-08,63.75,63.79,63.08,63.43,1147200,,
2018-03-09,63.94,64.78,63.79,64.75,1586400,,
2018-03-12,65.23,65.77,65.02,65.44,1860300,,
2018-03-13,65.23,65.77,64.15,64.43,4230000,,
2018-03-14,64.78,64.78,63.83,64.42,1641000,,
2018-03-15,64.59,64.79,64.04,64.37,1073100,,
2018-03-16,64.46,64.73,64.27,64.34,1035000,,
2018-03-19,63.76,64.06,62.22,63.12,2781600,,
2018-03-20,63.25,63.79,63.17,63.58,760800,,
2018-03-21,63.51,64.52,63.43,63.70,1380300,,
2018-03-22,62.59,63.24,61.85,61.90,1752000,0.125,
2018-03-23,61.79,61.90,59.82,59.84,3847500,,
2018-03-26,61.24,62.35,60.46,62.34,2399700,,
2018-03-27,62.82,62.99,59.53,60.04,3221700,,
2018-03-28,59.63,60.18,58.48,58.74,2980200,,
2018-03-29,59.14,60.59,58.71,60.02,2504100,,
2018-04-02,59.49,59.93,57.15,57.72,2379600,,
2018-04-03,58.44,58.98,57.81,58.82,1673400,,
2018-04-04,57.12,59.73,57.11,59.57,2024700,,
2018-04-05,59.95,60.02,58.58,58.96,1725000,,
2018-04-06,58.16,58.79,56.92,57.18,1179900,,
2018-04-09,57.85,59.20,57.51,57.54,1113000,,
2018-04-10,58.86,59.73,58.49,59.38,1904100,,
2018-04-11,59.05,59.93,58.94,59.40,1226400,,
2018-04-12,59.88,60.69,59.82,60.52,1911300,,
2018-04-13,61.23,61.34,59.86,60.08,1289400,,
2018-04-16,60.43,60.51,59.68,60.18,849300,,
2018-04-17,60.66,61.47,60.54,61.32,1097700,,
2018-04-18,60.93,61.07,60.18,60.72,1453500,,
2018-04-19,59.55,59.62,57.89,58.09,5532900,,
2018-04-20,58.08,58.38,57.15,57.41,3552000,,
2018-04-23,57.62,57.75,56.50,56.64,2047200,,
2018-04-24,57.14,57.66,55.69,56.19,3480900,,
2018-04-25,56.44,56.52,55.23,56.12,4432800,,
2018-04-26,57.00,57.32,56.64,57.26,4609200,,
2018-04-27,57.99,58.05,56.58,56.86,3309000,,
2018-04-30,56.77,57.20,56.00,56.24,1802100,,
2018-05-01,56.10,57.23,56.03,57.16,3127800,,
2018-05-02,57.22,57.40,56.67,56.91,1543200,,
2018-05-03,56.46,57.50,56.03,57.25,2396700,,
2018-05-04,56.94,58.70,56.68,58.59,1977900,,
2018-05-07,59.07,59.44,58.86,59.16,1185000,,
2018-05-08,59.12,59.59,58.89,59.51,1206300,,
2018-05-09,59.73,60.46,59.60,60.42,1043700,,
2018-05-10,60.76,61.54,60.72,61.52,1242900,,
2018-05-11,61.17,61.64,60.96,61.07,1857900,,
2018-05-14,61.83,62.56,61.70,61.81,1653900,,
2018-05-15,61.41,61.58,60.70,61.14,1263900,,
2018-05-16,61.63,62.06,61.11,61.93,1221300,,
2018-05-17,61.79,62.25,61.29,61.75,1301400,,
2018-05-18,61.20,61.29,60.65,60.87,2072700,,
2018-05-21,61.76,62.08,60.94,61.48,1473300,,
2018-05-22,62.00,62.29,61.61,61.82,1496400,,
2018-05-23,61.34,62.17,61.08,62.15,1039200,,
2018-05-24,62.20,62.54,61.63,62.40,1136100,,
2018-05-25,62.40,63.00,62.30,62.91,1400700,,
2018-05-29,62.64,63.05,62.09,62.53,1538400,,
2018-05-30,62.87,63.40,62.62,62.93,2143500,,
2018-05-31,62.83,63.12,62.38,62.48,1606500,,
2018-06-01,63.04,63.90,62.81,63.90,1060500,,
2018-06-04,64.07,64.48,63.83,64.41,1170900,,
2018-06-05,64.58,64.89,64.33,64.71,641400,,
2018-06-06,64.79,65.12,64.44,65.12,1268100,,
2018-06-07,65.19,65.26,64.08,64.54,2082900,,
2018-06-08,63.81,64.09,63.45,63.97,2429700,,
2018-06-11,63.87,64.17,63.63,63.84,1277700,,
2018-06-12,64.01,64.22,63.60,64.17,932400,,
2018-06-13,64.21,64.76,64.01,64.08,9156900,,
2018-06-14,64.45,64.77,64.07,64.46,1635600,,
2018-06-15,64.04,64.48,63.82,64.40,1122600,,
2018-06-18,63.99,63.99,63.19,63.78,1675800,,
2018-06-19,62.83,63.13,62.12,63.08,2631000,,
2018-06-20,63.44,63.71,63.10,63.39,2007300,,
2018-06-21,63.81,63.84,62.51,62.60,1245900,,
2018-06-22,62.90,62.94,61.98,62.10,1116300,,
2018-06-25,61.44,61.44,59.50,60.28,5441100,,
2018-06-26,60.27,60.58,59.98,60.28,11004000,0.206667,
2018-06-27,60.60,60.74,58.81,58.84,2364000,,
2018-06-28,58.67,59.42,58.59,59.29,4067700,,
2018-06-29,59.83,60.14,59.41,59.41,1278000,,
2018-07-02,58.90,59.80,58.45,59.79,2097300,,
2018-07-03,60.04,60.13,58.64,58.70,1141500,,
2018-07-05,59.22,60.28,59.22,60.27,1341000,,
2018-07-06,60.26,61.11,59.94,61.01,2263200,,
2018-07-09,61.62,61.64,60.68,61.40,1360200,,
2018-07-10,61.51,62.18,61.42,62.05,1403400,,
2018-07-11,61.05,61.41,60.40,60.45,1998600,,
2018-07-12,60.30,60.94,59.92,60.86,2267400,,
2018-07-13,61.03,61.03,60.55,60.64,802200,,
2018-07-16,60.73,60.96,60.51,60.56,612600,,
2018-07-17,60.15,61.45,60.05,61.43,4140600,,
2018-07-18,61.70,62.01,61.50,61.90,923400,,
2018-07-19,61.78,62.01,61.36,61.76,871500,,
2018-07-20,61.70,61.82,61.16,61.47,871800,,
2018-07-23,61.16,61.66,60.36,61.56,1001100,,
2018-07-24,61.94,62.24,60.80,60.89,1884000,,
2018-07-25,60.86,61.17,60.08,61.12,10230000,,
2018-07-26,61.52,62.35,61.52,62.31,7296300,,
2018-07-27,62.35,62.91,61.58,62.03,5193300,,
2018-07-30,62.01,62.18,61.12,61.43,2500200,,
2018-07-31,61.84,62.70,61.72,61.83,2271000,,
2018-08-01,61.89,62.39,61.48,61.74,3727800,,
2018-08-02,61.19,62.43,60.97,62.35,2253300,,
2018-08-03,62.39,62.54,62.10,62.48,1344300,,
2018-08-06,62.36,62.87,62.02,62.86,777900,,
2018-08-07,63.16,63.40,62.92,63.36,9879900,,
2018-08-08,63.37,63.63,63.12,63.50,1116600,,
2018-08-09,63.22,63.31,62.86,62.88,2218800,,
2018-08-10,61.57,61.84,61.03,61.32,3248100,,
2018-08-13,61.43,61.94,61.33,61.41,1687500,,
2018-08-14,61.77,61.86,61.23,61.28,1609500,,
2018-08-15,60.76,61.01,59.81,60.43,3067800,,
2018-08-16,60.83,60.92,60.19,60.36,1419900,,
2018-08-17,59.82,60.07,59.01,59.91,2195400,,
2018-08-20,59.99,60.21,59.18,59.85,957300,,
2018-08-21,60.04,61.18,60.03,61.02,2549100,,
2018-08-22,60.89,61.39,60.52,61.31,1440300,,
2018-08-23,61.28,61.83,61.28,61.38,1847700,,
2018-08-24,61.65,62.30,61.64,62.27,1685100,,
2018-08-27,62.77,63.73,62.64,63.26,17873700,,
2018-08-28,63.59,63.77,62.89,63.50,1616100,,
2018-08-29,63.50,63.86,63.28,63.67,4280400,,
2018-08-30,63.52,63.76,63.01,63.10,1811400,,
2018-08-31,63.01,63.54,63.01,63.44,1099800,,
2018-09-04,63.21,63.98,63.07,63.95,1289700,,
2018-09-05,63.89,64.06,63.10,63.64,1579500,,
2018-09-06,63.40,63.45,61.89,61.95,1494000,,
2018-09-07,61.84,62.59,61.55,61.70,8400900,,
2018-09-10,62.14,62.37,61.77,62.35,951000,,
2018-09-11,62.10,62.18,61.42,61.75,1734900,,
2018-09-12,60.95,61.06,59.70,61.03,2111400,,
2018-09-13,61.71,62.50,61.51,61.73,2159700,,
2018-09-14,62.09,62.67,61.91,62.42,1979100,,
2018-09-17,62.19,62.36,61.48,61.55,1527600,,
2018-09-18,61.80,62.46,61.80,62.08,1312800,,
2018-09-19,62.11,62.48,61.92,62.18,1104900,,
2018-09-20,62.67,63.17,62.58,62.93,1450200,,
2018-09-21,62.99,63.23,62.60,62.76,1707600,,
2018-09-24,62.26,63.01,62.13,62.98,833400,,
2018-09-25,62.83,62.83,61.81,61.98,1470300,,
2018-09-26,61.42,61.79,61.00,61.07,1049700,0.272333,
2018-09-27,61.26,61.54,61.08,61.30,1055700,,
2018-09-28,61.23,61.90,61.04,61.68,2376600,,
2018-10-01,62.00,62.40,61.75,61.90,1025100,,
2018-10-02,61.73,62.75,61.73,61.90,2016900,,
2018-10-03,62.17,62.39,61.40,61.95,1986300,,
2018-10-04,61.53,61.63,60.33,60.86,1919100,,
2018-10-05,60.87,60.93,58.86,59.42,2436900,,
2018-10-08,58.93,59.47,58.25,58.75,2152200,,
2018-10-09,58.43,58.98,58.32,58.69,1609800,,
2018-10-10,57.92,57.96,56.05,56.10,6056400,,
2018-10-11,55.99,57.21,55.10,55.54,4370400,,
2018-10-12,57.04,57.36,55.72,56.55,4856100,,
2018-10-15,56.30,56.71,55.88,56.08,3884100,,
2018-10-16,56.71,57.99,56.64,57.91,1955100,,
2018-10-17,58.33,58.45,57.28,57.68,2425500,,
2018-10-18,57.44,57.45,56.03,56.24,4058700,,
2018-10-19,56.58,56.91,55.16,55.39,3382800,,
2018-10-22,55.68,56.06,55.22,55.73,3923700,,
2018-10-23,54.28,55.75,53.67,55.44,4304700,,
2018-10-24,54.52,54.52,51.71,51.81,9218700,,
2018-10-25,52.10,53.37,52.02,52.96,9226500,,
2018-10-26,51.81,52.96,51.20,52.04,3910200,,
2018-10-29,53.10,53.34,50.53,51.50,4422600,,
2018-10-30,51.35,53.69,51.35,53.64,2495700,,
2018-10-31,54.47,54.74,53.84,54.32,3495900,,
2018-11-01,54.71,57.00,54.67,56.87,3511500,,
2018-11-02,56.62,56.92,55.32,56.01,3240000,,
2018-11-05,55.93,55.93,54.57,55.50,2405100,,
2018-11-06,55.38,56.37,55.38,56.15,1184400,,
2018-11-07,56.89,56.97,56.17,56.79,1827900,,
2018-11-08,56.34,57.00,56.08,56.63,1706100,,
2018-11-09,55.99,56.04,55.07,55.55,1690200,,
2018-11-12,54.61,54.72,52.90,53.07,2249100,,
2018-11-13,53.51,54.87,53.51,53.80,2411100,,
2018-11-14,54.31,54.82,53.52,54.04,3722100,,
2018-11-15,53.76,56.06,53.74,55.87,4985100,,
2018-11-16,53.84,55.44,53.83,55.19,4494300,,
2018-11-19,54.92,55.08,53.03,53.08,2579100,,
2018-11-20,51.57,53.84,51.51,53.15,3124200,,
2018-11-21,53.74,54.16,53.35,53.37,2259900,,
2018-11-23,52.96,53.82,52.93,53.40,1488000,,
2018-11-26,54.11,54.37,53.59,54.37,1907400,,
2018-11-27,54.07,54.91,53.80,54.45,2013000,,
2018-11-28,55.07,55.74,53.98,55.72,1681200,,
2018-11-29,55.58,55.85,55.17,55.31,2874300,,
2018-11-30,55.28,56.09,54.76,56.08,1842600,,
2018-12-03,57.77,57.98,56.99,57.56,2338500,,
2018-12-04,57.10,57.23,54.73,54.80,2076900,,
2018-12-06,53.27,54.52,53.00,54.52,5354400,,
2018-12-07,54.44,54.52,52.19,52.49,1956000,,
2018-12-10,52.31,53.41,52.17,53.16,1613100,,
2018-12-11,54.11,54.76,53.20,53.50,2491500,,
2018-12-12,54.38,55.10,53.94,54.26,1403700,,
2018-12-13,54.67,54.94,53.92,54.15,1341000,,
2018-12-14,53.52,54.44,53.34,53.38,1363500,,
2018-12-17,53.19,53.97,52.25,52.58,1176300,0.113,
2018-12-18,53.02,54.10,53.01,53.27,2520300,,
2018-12-19,52.98,53.58,50.79,51.01,3022800,,
2018-12-20,50.98,51.81,49.98,50.65,3256500,,
2018-12-21,50.98,51.56,49.66,49.79,2780100,,
2018-12-24,49.36,49.91,48.33,48.33,2641800,,
2018-12-26,49.13,51.23,48.26,51.23,4233900,,
2018-12-27,50.45,51.58,49.84,51.57,2700600,,
2018-12-28,51.83,52.88,51.53,51.94,1011000,,
2018-12-31,52.48,52.71,51.76,52.30,2207700,,
2019-01-02,51.23,53.11,51.18,52.64,2292000,,
2019-01-03,51.44,51.76,49.55,49.57,3070200,,
2019-01-04,50.50,51.99,50.32,51.81,2537400,,
2019-01-07,51.96,53.27,51.74,52.76,1679700,,
2019-01-08,53.33,53.33,51.86,52.53,1529700,,
2019-01-09,53.01,54.11,53.01,53.88,2304600,,
2019-01-10,53.35,54.45,53.31,54.36,1256700,,
2019-01-11,54.12,55.39,53.95,54.94,1290300,,
2019-01-14,54.32,54.42,53.77,54.05,853500,,
2019-01-15,54.19,54.79,53.98,54.21,882000,,
2019-01-16,54.30,54.63,53.71,53.71,856800,,
2019-01-17,53.34,54.63,53.04,54.21,3133500,,
2019-01-18,54.78,55.95,54.61,55.62,1574400,,
2019-01-22,55.08,55.08,53.62,54.02,2130600,,
2019-01-23,54.32,54.54,53.16,53.64,2110500,,
2019-01-24,54.86,56.95,54.84,56.75,5947200,,
2019-01-25,56.98,58.17,56.58,57.93,3126600,,
2019-01-28,55.82,57.24,55.64,56.79,2450400,,
2019-01-29,56.79,56.97,55.87,55.97,4396500,,
2019-01-30,56.97,57.79,56.32,57.59,3142800,,
2019-01-31,57.47,58.08,57.03,57.56,1481700,,
2019-02-01,57.63,58.53,57.60,58.25,1515000,,
2019-02-04,58.22,58.55,57.80,58.55,627600,,
2019-02-05,58.50,59.10,58.39,58.81,1295400,,
2019-02-06,59.54,60.88,59.54,60.40,2575800,,
2019-02-07,59.66,59.93,58.57,59.09,3459900,,
2019-02-08,58.27,59.11,57.95,58.98,1882800,,
2019-02-11,59.12,59.43,58.80,59.27,741600,,
2019-02-12,60.00,60.68,59.92,60.53,2019900,,
2019-02-13,60.83,61.19,60.54,60.72,906600,,
2019-02-14,60.51,61.33,60.45,60.88,1004700,,
2019-02-15,61.37,61.53,60.87,61.20,742500,,
2019-02-19,60.92,61.51,60.84,61.11,1182900,,
2019-02-20,61.26,62.02,61.26,61.63,1036800,,
2019-02-21,61.64,61.78,61.00,61.18,1152900,,
2019-02-22,61.66,61.92,61.42,61.83,880800,,
2019-02-25,62.76,63.08,62.30,62.34,2355600,,
2019-02-26,62.17,62.42,61.76,61.95,865200,,
2019-02-27,61.70,61.70,60.54,61.21,2977800,,
2019-02-28,60.95,61.42,60.75,61.25,1236000,,
2019-03-01,61.83,62.09,61.15,61.79,1433400,,
2019-03-04,62.22,62.43,61.03,61.80,1755600,,
2019-03-05,61.63,61.91,61.28,61.56,1330500,,
2019-03-06,61.39,61.54,60.50,60.54,1412400,,
2019-03-07,60.30,60.30,59.48,59.89,2994000,,
2019-03-08,58.85,59.89,58.64,59.84,1491000,,
2019-03-11,60.14,61.52,60.07,61.23,1993800,,
2019-03-12,61.45,61.82,60.93,61.46,1968300,,
2019-03-13,61.88,62.23,61.66,61.71,1230000,,
2019-03-14,61.74,62.03,61.37,61.37,1775700,,
2019-03-15,62.11,63.64,62.09,63.15,3952800,,
2019-03-18,63.29,63.61,62.65,63.05,2697000,,
2019-03-19,63.48,64.06,63.48,63.87,1991400,,
2019-03-20,63.73,64.06,62.71,63.10,2508600,0.173333,
2019-03-21,63.16,65.71,63.16,65.28,2802300,,
2019-03-22,65.01,65.10,63.39,63.44,4417200,,
2019-03-25,62.99,63.58,62.12,62.65,2944800,,
2019-03-26,63.53,63.81,62.77,63.25,3840900,,
2019-03-27,63.32,63.53,61.88,62.36,3970800,,
2019-03-28,62.46,63.02,61.82,62.26,1386600,,
2019-03-29,63.00,63.33,62.82,63.18,1725900,,
2019-04-01,64.11,64.83,63.88,64.76,1964400,,
2019-04-02,64.79,65.01,64.47,64.85,1459500,,
2019-04-03,65.64,66.88,65.62,66.29,3218100,,
2019-04-04,66.20,66.84,66.07,66.43,1617300,,
2019-04-05,66.83,66.94,66.43,66.91,1223700,,
2019-04-08,66.62,67.14,66.48,67.07,1380300,,
2019-04-09,66.68,66.68,66.02,66.37,1483500,,
2019-04-10,66.29,67.10,66.24,66.88,1267500,,
2019-04-11,67.06,67.31,66.66,66.83,935400,,
2019-04-12,67.45,67.80,67.24,67.75,1030500,,
2019-04-15,67.86,67.86,66.89,67.25,1770000,,
2019-04-16,67.68,69.46,67.68,69.40,3216900,,
2019-04-17,70.83,71.41,70.00,70.55,3275700,,
2019-04-18,70.67,70.76,70.23,70.56,1083900,,
2019-04-22,70.34,70.71,69.92,70.51,912300,,
2019-04-23,70.90,71.50,70.74,71.24,2014800,,
2019-04-24,71.28,72.67,71.25,71.90,2025900,,
2019-04-25,71.66,71.76,70.04,70.63,2073300,,
2019-04-26,69.29,70.08,68.61,70.05,3381000,,
2019-04-29,70.08,70.23,69.63,69.97,2680200,,
2019-04-30,69.81,70.64,69.81,70.52,3088800,,
2019-05-01,71.10,71.53,69.88,69.96,4019100,,
2019-05-02,69.92,71.41,69.75,70.63,3420000,,
2019-05-03,71.06,71.20,70.33,71.18,2269800,,
2019-05-06,68.70,70.05,68.55,70.02,2262900,,
2019-05-07,69.10,69.26,67.52,68.30,3237000,,
2019-05-08,67.74,68.78,67.59,67.72,3103200,,
2019-05-09,66.67,67.27,65.45,66.97,2978700,,
2019-05-10,66.36,67.43,65.45,67.07,3901200,,
2019-05-13,64.83,65.23,63.63,63.93,4856400,,
2019-05-14,64.73,65.75,64.42,65.40,2954100,,
2019-05-15,64.73,66.36,64.66,65.91,5173800,,
2019-05-16,64.99,65.56,64.46,64.87,6997800,,
2019-05-17,63.83,65.11,63.33,63.60,5014200,,
2019-05-20,61.53,62.04,60.63,61.07,4640700,,
2019-05-21,62.29,62.65,61.80,62.32,5167500,,
2019-05-22,61.12,61.63,60.81,61.00,3254100,,
2019-05-23,59.93,60.08,59.07,60.05,3725400,,
2019-05-24,60.34,60.79,59.47,59.53,2273100,,
2019-05-28,59.87,60.07,58.88,59.02,2389200,,
2019-05-29,58.53,59.51,58.36,59.23,4244400,,
2019-05-30,59.38,60.21,59.25,59.73,2000100,,
2019-05-31,58.98,59.81,58.80,58.84,3330600,,
2019-06-03,59.51,60.14,58.68,58.98,2988000,,
2019-06-04,60.10,61.56,59.59,61.56,3156600,,
2019-06-05,62.08,62.24,60.32,61.12,3273600,,
2019-06-06,61.21,62.18,60.99,61.96,957000,,
2019-06-07,62.23,62.79,62.02,62.66,1468500,,
2019-06-10,63.44,64.97,63.44,64.19,3907800,,
2019-06-11,65.38,65.51,63.96,64.45,3400500,,
2019-06-12,63.76,63.84,62.86,62.95,1450500,,
2019-06-13,63.40,63.53,62.82,63.25,1143000,,
2019-06-14,61.40,61.93,61.24,61.66,2081700,,
2019-06-17,61.40,61.62,60.93,60.95,1074600,0.252333,
2019-06-18,61.60,64.03,61.60,63.59,2850000,,
2019-06-19,64.03,64.13,63.35,63.72,1431300,,
2019-06-20,64.94,65.23,63.96,64.25,3371400,,
2019-06-21,64.03,64.52,63.77,63.89,1333200,,
2019-06-24,63.97,64.26,63.80,63.95,2115900,,
2019-06-25,64.11,64.34,63.01,63.07,1416600,,
2019-06-26,64.48,65.45,64.37,65.11,1755300,,
2019-06-27,65.43,66.38,65.43,66.05,1559700,,
2019-06-28,66.59,66.72,65.99,66.14,2529900,,
2019-07-01,69.02,69.59,67.35,67.80,4752000,,
2019-07-02,67.60,67.67,66.65,66.96,1378800,,
2019-07-03,66.95,67.00,66.15,66.65,738000,,
2019-07-05,65.78,66.32,65.52,66.27,934200,,
2019-07-08,65.67,65.95,65.34,65.76,581400,,
2019-07-09,65.38,66.27,65.21,66.17,1347300,,
2019-07-10,66.89,67.63,66.59,66.70,1424100,,
2019-07-11,67.00,67.14,66.49,66.89,2578800,,
2019-07-12,67.06,68.17,67.06,68.10,1315500,,
2019-07-15,68.42,68.96,68.31,68.70,684300,,
2019-07-16,68.38,68.52,67.61,67.97,1124400,,
2019-07-17,68.36,68.48,67.93,68.17,786900,,
2019-07-18,68.15,69.32,68.15,69.16,1041600,,
2019-07-19,69.42,69.72,69.01,69.08,1311900,,
2019-07-22,69.38,70.50,69.38,70.40,2729700,,
2019-07-23,70.81,71.30,70.50,71.30,1297500,,
2019-07-24,71.80,73.61,71.80,73.48,2436300,,
2019-07-25,72.95,72.99,72.03,72.24,1846500,,
2019-07-26,72.76,72.76,72.17,72.22,626400,,
2019-07-29,72.10,72.49,71.49,72.42,2041800,,
2019-07-30,71.71,72.41,71.43,72.26,789600,,
2019-07-31,71.71,71.82,69.16,69.86,1374600,,
2019-08-01,69.56,71.56,67.89,68.48,2578800,,
2019-08-02,67.79,68.38,66.87,67.47,2328900,,
2019-08-05,65.49,65.55,63.97,64.56,2511300,,
2019-08-06,65.63,66.21,64.65,65.38,1479000,,
2019-08-07,64.34,66.00,64.34,65.79,2180400,,
2019-08-08,66.41,67.64,65.97,67.62,2165400,,
2019-08-09,66.90,67.18,65.98,66.44,1893600,,
2019-08-12,65.75,66.33,65.28,65.57,1178100,,
2019-08-13,65.57,68.08,65.13,67.50,2205000,,
2019-08-14,65.94,66.46,65.09,65.43,2766300,,
2019-08-15,65.79,65.97,64.74,65.31,965700,,
2019-08-16,65.99,67.23,65.99,67.05,1509900,,
2019-08-19,68.65,68.90,67.98,68.28,4550400,,
2019-08-20,68.26,68.44,67.66,68.03,732600,,
2019-08-21,68.59,68.93,68.29,68.58,700200,,
2019-08-22,68.73,68.97,67.87,68.58,5985600,,
2019-08-23,67.74,68.22,65.42,65.60,1682700,,
2019-08-26,66.60,66.70,65.90,66.16,997800,,
2019-08-27,66.64,66.97,65.60,65.91,1290600,,
2019-08-28,65.67,66.48,65.20,66.33,726000,,
2019-08-29,67.50,68.33,67.35,67.92,3748500,,
2019-08-30,68.58,68.86,67.94,68.24,1014600,,
2019-09-03,67.49,67.77,66.73,67.12,2833500,,
2019-09-04,68.15,68.97,68.15,68.92,1387800,,
2019-09-05,70.41,71.88,70.21,71.04,2037600,,
2019-09-06,71.23,71.43,70.76,71.23,1273500,,
2019-09-09,71.52,72.09,71.22,71.49,962400,,
2019-09-10,71.27,71.81,70.71,71.81,1291800,,
2019-09-11,72.23,72.93,71.77,72.89,1415400,,
2019-09-12,73.62,73.77,72.63,73.05,1719900,,
2019-09-13,73.15,73.26,72.57,72.91,1309500,,
2019-09-16,72.36,72.74,71.75,72.44,840900,,
2019-09-17,72.31,72.69,71.86,72.60,667800,,
2019-09-18,72.68,72.73,71.66,72.73,654900,,
2019-09-19,72.82,73.05,72.24,72.25,1057500,,
2019-09-20,72.45,72.45,70.67,70.92,1944900,,
2019-09-23,70.91,72.10,70.86,71.76,2110800,,
2019-09-24,71.73,71.97,69.88,70.26,1169400,0.32,
2019-09-25,69.90,71.67,69.29,71.44,1033500,,
2019-09-26,71.43,71.74,70.82,71.53,1050600,,
2019-09-27,71.15,71.29,69.29,69.85,2070000,,
2019-09-30,70.16,70.60,69.85,70.47,1079700,,
2019-10-01,70.96,71.86,69.62,69.81,1820400,,
2019-10-02,69.43,69.45,68.34,68.79,1328700,,
2019-10-03,68.86,70.02,67.98,70.00,1603500,,
2019-10-04,70.36,71.27,70.21,71.16,1213200,,
2019-10-07,71.12,71.44,70.71,70.75,1224600,,
2019-10-08,69.84,70.03,68.48,68.56,2052000,,
2019-10-09,69.44,70.15,69.30,69.68,1358400,,
2019-10-10,69.75,71.12,69.75,70.36,1116300,,
2019-10-11,71.67,72.85,71.64,72.02,1947300,,
2019-10-14,71.97,72.12,71.61,72.01,1111200,,
2019-10-15,72.45,73.74,72.33,73.59,1204800,,
2019-10-16,73.17,73.51,72.34,72.55,1761600,,
2019-10-17,73.38,73.57,72.27,72.67,1289700,,
2019-10-18,72.54,72.77,71.26,71.90,807600,,
2019-10-21,72.60,73.32,72.42,73.32,1299900,,
2019-10-22,73.53,73.57,72.68,72.68,1130400,,
2019-10-23,71.34,71.96,70.84,71.28,1599300,,
2019-10-24,72.24,73.11,72.15,73.04,1912200,,
2019-10-25,73.28,74.64,73.24,74.57,1859700,,
2019-10-28,75.12,75.98,75.01,75.92,1158600,,
2019-10-29,75.99,76.50,75.14,75.14,1158300,,
2019-10-30,75.71,75.73,74.67,75.16,1061400,,
2019-10-31,75.04,75.04,73.81,74.78,862800,,
2019-11-01,75.49,76.50,75.14,76.50,1989600,,
2019-11-04,77.47,78.28,77.45,78.20,1991100,,
2019-11-05,78.44,78.88,78.02,78.25,1091700,,
2019-11-06,78.10,78.12,76.93,77.72,1633800,,
2019-11-07,78.88,79.05,77.87,78.19,1491600,,
2019-11-08,77.89,78.64,77.43,78.59,1048500,,
2019-11-11,77.92,78.38,77.63,78.26,836400,,
2019-11-12,78.46,79.03,78.12,78.42,1444200,,
2019-11-13,77.99,78.70,77.61,78.51,929700,,
2019-11-14,78.09,78.32,77.65,78.25,973800,,
2019-11-15,79.28,79.63,78.60,78.96,977400,,
2019-11-18,78.96,79.27,78.40,78.78,777000,,
2019-11-19,79.15,79.27,77.96,78.39,731700,,
2019-11-20,78.02,78.41,76.87,77.47,1412700,,
2019-11-21,76.93,77.32,76.30,76.64,2084400,,
2019-11-22,76.86,77.28,76.38,76.56,1028400,,
2019-11-25,77.29,78.47,77.29,78.40,1229100,,
2019-11-26,78.27,78.39,77.75,78.10,2139600,,
2019-11-27,78.42,78.68,78.32,78.67,775200,,
2019-11-29,78.40,78.40,77.72,77.82,615000,,
2019-12-02,77.90,77.98,76.46,76.63,1428900,,
2019-12-03,74.98,75.52,74.62,75.44,1932300,,
2019-12-04,76.48,76.97,76.41,76.63,1081500,,
2019-12-05,77.16,77.33,76.68,77.02,1404600,,
2019-12-06,77.97,78.36,77.83,78.13,1002300,,
2019-12-09,78.31,78.38,77.76,77.77,492900,,
2019-12-10,78.18,78.61,77.81,78.10,522600,,
2019-12-11,78.31,79.82,78.25,79.70,1458900,,
2019-12-12,79.58,82.00,79.58,81.86,2190300,,
2019-12-13,81.91,82.75,81.13,81.50,1735800,,
2019-12-16,82.11,82.70,81.93,81.99,2099100,0.287333,
2019-12-17,82.44,82.52,81.93,82.36,974100,,
2019-12-18,82.53,82.53,82.02,82.32,963900,,
2019-12-19,82.65,82.98,82.25,82.98,1063500,,
2019-12-20,83.56,83.97,83.17,83.77,1035600,,
2019-12-23,84.43,84.47,83.93,84.04,1356300,,
2019-12-24,84.23,84.25,83.75,84.18,504300,,
2019-12-26,84.53,84.53,83.96,84.27,654000,,
2019-12-27,84.62,84.62,83.82,84.11,1104000,,
2019-12-30,84.09,84.09,82.90,83.47,1118700,,
2019-12-31,83.04,83.74,83.00,83.70,604500,,
2020-01-02,84.75,85.43,84.33,85.43,1275300,,
2020-01-03,84.11,84.57,83.65,83.84,1235100,,
2020-01-06,82.78,83.23,82.42,82.96,1615200,,
2020-01-07,84.00,84.82,83.50,84.49,1146600,,
2020-01-08,84.66,84.98,84.05,84.41,1297800,,
2020-01-09,85.59,85.59,84.15,84.95,639600,,
2020-01-10,85.49,85.49,84.21,84.45,1952100,,
2020-01-13,85.04,85.56,84.78,85.44,950100,,
2020-01-14,85.67,86.35,85.18,85.63,896400,,
2020-01-15,85.75,85.79,84.37,84.72,1516500,,
2020-01-16,85.37,86.09,85.31,86.06,1708500,,
2020-01-17,86.58,86.71,86.03,86.71,1016700,,
2020-01-21,86.37,86.96,86.29,86.66,1653300,,
2020-01-22,87.29,88.21,87.04,87.24,1251300,,
2020-01-23,87.57,87.98,86.78,87.90,1077300,,
2020-01-24,89.18,89.31,86.36,86.97,1626300,,
2020-01-27,84.50,84.67,83.48,83.65,3212100,,
2020-01-28,84.59,85.89,84.12,85.59,2410500,,
2020-01-29,85.28,85.50,83.96,84.01,1242300,,
2020-01-30,83.55,84.26,82.37,84.02,1741800,,
2020-01-31,83.25,83.31,80.63,81.02,2155500,,
2020-02-03,81.27,82.13,81.21,81.93,1719300,,
2020-02-04,84.11,84.61,83.69,84.49,2465100,,
2020-02-05,86.10,86.58,85.16,86.43,2009100,,
2020-02-06,86.40,86.53,85.44,86.48,1068600,,
2020-02-07,85.47,85.62,84.34,84.44,1550700,,
2020-02-10,83.66,85.67,83.66,85.63,1212900,,
2020-02-11,86.46,87.86,86.46,87.36,1132500,,
2020-02-12,88.33,88.83,88.25,88.70,1554900,,
2020-02-13,87.97,89.37,87.86,88.80,1681800,,
2020-02-14,89.49,89.79,88.06,88.50,1366800,,
2020-02-18,87.16,87.50,86.70,87.36,2409900,,
2020-02-19,88.47,89.73,88.47,89.57,1575300,,
2020-02-20,89.29,89.52,86.97,88.27,2301300,,
2020-02-21,87.65,87.73,85.30,85.64,2479200,,
2020-02-24,81.62,82.79,81.00,81.54,3786600,,
2020-02-25,82.63,82.76,78.64,79.11,5127600,,
2020-02-26,79.76,80.96,78.73,79.22,4525200,,
2020-02-27,76.86,78.44,75.42,75.56,4172100,,
2020-02-28,72.93,77.77,72.71,77.26,4788900,,
2020-03-02,78.63,80.00,76.10,80.00,4137600,,
2020-03-03,80.36,81.40,76.67,77.18,2729700,,
2020-03-04,78.89,81.13,77.73,81.13,3355800,,
2020-03-05,79.12,80.72,78.03,78.68,3548700,,
2020-03-06,76.29,77.69,75.11,76.96,4851600,,
2020-03-09,70.82,74.26,70.00,70.39,6082500,,
2020-03-10,73.33,75.08,70.70,75.01,3859500,,
2020-03-11,72.64,73.69,70.03,70.81,2262900,,
2020-03-12,65.86,68.56,62.94,63.04,5859900,,
2020-03-13,66.80,70.06,63.05,69.81,4420200,,
2020-03-16,62.67,65.62,58.55,59.18,4817100,,
2020-03-17,60.75,65.00,58.11,64.38,4079100,,
2020-03-18,60.10,62.26,55.93,59.09,4131600,,
2020-03-19,58.01,62.50,56.79,60.61,2945100,,
2020-03-20,62.82,63.92,58.59,58.89,2942700,,
2020-03-23,59.54,61.97,58.10,60.99,2787600,,
2020-03-24,64.82,67.78,64.62,67.59,5754600,,
2020-03-25,67.95,70.17,65.52,66.48,2496000,0.232,
2020-03-26,68.22,71.24,67.60,70.95,3301800,,
2020-03-27,68.71,69.71,67.20,67.43,2500800,,
2020-03-30,68.13,69.98,67.63,69.77,3341400,,
2020-03-31,69.78,70.96,67.81,68.40,4342200,,
2020-04-01,66.15,67.74,63.97,64.66,2938800,,
2020-04-02,64.10,66.74,63.97,66.59,3537900,,
2020-04-03,66.48,67.33,64.47,65.33,3110400,,
2020-04-06,68.16,72.32,68.16,71.99,5011800,,
2020-04-07,74.51,74.79,71.65,71.73,6696300,,
2020-04-08,72.94,74.41,71.92,74.13,3915900,,
2020-04-09,75.19,75.77,71.82,72.53,6792300,,
2020-04-13,72.25,73.57,71.67,73.35,3968100,,
2020-04-14,75.13,76.73,74.95,76.73,5871300,,
2020-04-15,75.12,75.12,73.75,74.45,3620400,,
2020-04-16,75.80,76.70,74.79,76.54,3338100,,
2020-04-17,77.89,78.04,76.18,77.13,2772600,,
2020-04-20,75.97,77.10,75.36,75.46,2713200,,
2020-04-21,74.28,74.66,71.53,71.76,3653100,,
2020-04-22,74.10,76.46,73.72,76.10,3341100,,
2020-04-23,76.11,76.89,75.08,75.34,2933100,,
2020-04-24,75.29,77.08,74.66,76.91,2887200,,
2020-04-27,77.90,78.71,77.58,77.94,3212400,,
2020-04-28,79.39,79.79,77.45,77.53,4094100,,
2020-04-29,78.91,81.54,78.76,81.21,3975900,,
2020-04-30,80.87,80.97,78.21,78.35,5172300,,
2020-05-01,76.29,76.70,74.17,74.53,6033600,,
2020-05-04,73.82,75.24,73.52,75.15,3381300,,
2020-05-05,76.55,77.83,75.95,76.41,4506300,,
2020-05-06,77.24,78.54,77.12,77.35,4407900,,
2020-05-07,78.71,79.01,77.65,78.04,2825700,,
2020-05-08,78.86,80.43,78.64,80.35,3885600,,
2020-05-11,79.59,80.99,79.45,80.27,3498300,,
2020-05-12,80.81,81.08,78.07,78.14,3764100,,
2020-05-13,78.52,78.88,75.47,76.63,6889500,,
2020-05-14,75.98,78.76,74.70,78.68,6521700,,
2020-05-15,76.05,77.32,75.58,77.06,5657100,,
2020-05-18,78.89,81.03,78.89,80.60,4940700,,
2020-05-19,80.61,82.19,80.30,80.33,4308000,,
2020-05-20,81.99,83.84,81.99,83.29,3791100,,
2020-05-21,83.32,83.38,81.06,81.20,3809700,,
2020-05-22,81.28,81.69,80.27,81.56,2462400,,
2020-05-26,83.74,84.14,82.30,82.41,4310400,,
2020-05-27,82.67,83.68,80.33,83.68,5297400,,
2020-05-28,83.07,84.19,81.41,81.86,4460100,,
2020-05-29,82.13,84.18,81.87,83.95,6282000,,
2020-06-01,83.52,83.89,82.76,83.50,2780100,,
2020-06-02,83.74,85.37,83.35,85.30,3159900,,
2020-06-03,86.57,88.17,86.55,87.77,1781700,,
2020-06-04,87.43,89.22,87.16,88.57,1948500,,
2020-06-05,90.68,92.05,90.26,90.74,2878200,,
2020-06-08,91.28,91.42,89.66,90.55,2531400,,
2020-06-09,89.64,90.94,89.24,90.62,1958400,,
2020-06-10,91.22,91.80,90.57,90.94,2579400,,
2020-06-11,88.63,88.92,85.07,85.16,3992100,,
2020-06-12,87.34,88.06,84.40,86.32,4613400,,
2020-06-15,84.24,87.43,83.95,87.30,2132400,0.187667,
2020-06-16,89.86,90.43,87.41,89.00,3384300,,
2020-06-17,89.85,90.50,89.16,89.69,1371300,,
2020-06-18,89.57,90.01,89.13,89.53,1340400,,
2020-06-19,90.65,90.93,88.85,89.09,2271300,,
2020-06-22,89.00,89.96,88.14,89.75,1286100,,
2020-06-23,90.62,91.01,89.91,90.07,1177800,,
2020-06-24,89.58,90.05,87.41,88.09,1974000,,
2020-06-25,87.99,88.90,86.64,88.72,1376400,,
2020-06-26,88.83,88.92,86.84,87.06,1637700,,
2020-06-29,87.08,88.04,85.99,88.01,2664900,,
2020-06-30,88.41,90.63,88.34,90.29,4086000,,
2020-07-01,90.37,90.41,89.05,89.13,1909200,,
2020-07-02,90.51,91.06,89.95,90.22,1787400,,
2020-07-06,92.00,92.96,91.71,92.61,2312700,,
2020-07-07,92.41,92.98,91.37,91.51,1893000,,
2020-07-08,92.21,92.83,91.49,92.75,1610700,,
2020-07-09,93.20,94.55,91.78,93.98,2007900,,
2020-07-10,94.23,94.35,92.76,93.67,966000,,
2020-07-13,94.99,96.02,91.95,92.13,2951700,,
2020-07-14,91.48,93.88,90.28,93.65,3124200,,
2020-07-15,94.40,94.40,92.05,93.49,2247000,,
2020-07-16,92.40,93.44,91.99,93.14,1344600,,
2020-07-17,93.44,93.99,93.15,93.61,1340400,,
2020-07-20,93.76,95.72,93.15,95.46,1783200,,
2020-07-21,96.16,96.29,94.58,94.97,1593900,,
2020-07-22,95.23,96.01,94.51,95.28,1240500,,
2020-07-23,95.33,96.08,93.00,93.83,2006100,,
2020-07-24,92.17,93.67,90.92,92.35,2717400,,
2020-07-27,93.52,95.27,93.45,95.23,2324400,,
2020-07-28,94.53,94.66,93.20,93.39,1822500,,
2020-07-29,94.22,95.70,94.12,95.31,1452000,,
2020-07-30,95.04,97.28,95.01,97.19,2717400,,
2020-07-31,97.43,97.48,95.32,96.80,1928400,,
2020-08-03,97.39,98.79,97.37,98.55,1654200,,
2020-08-04,98.55,100.09,98.50,100.00,1452900,,
2020-08-05,99.84,100.34,99.20,99.90,1741500,,
2020-08-06,99.82,100.01,98.83,99.84,1096200,,
2020-08-07,99.73,100.10,97.53,98.73,1364700,,
2020-08-10,99.03,99.15,97.30,98.73,1326900,,
2020-08-11,98.62,99.64,97.40,97.70,2116500,,
2020-08-12,98.53,101.12,98.21,100.86,1945800,,
2020-08-13,100.86,100.96,99.36,99.85,1522200,,
2020-08-14,100.17,100.96,99.44,99.79,1088700,,
2020-08-17,100.62,101.39,100.39,100.92,928500,,
2020-08-18,101.49,101.56,100.10,100.38,1020300,,
2020-08-19,100.51,100.69,99.51,99.81,1197600,,
2020-08-20,98.67,99.38,98.19,98.93,1899300,,
2020-08-21,98.73,99.67,98.36,99.60,1239300,,
2020-08-24,100.75,100.99,99.85,100.63,1043700,,
2020-08-25,100.83,101.69,100.63,101.61,1089900,,
2020-08-26,101.84,102.30,101.42,101.94,1019700,,
2020-08-27,102.38,102.38,100.14,100.78,1660200,,
2020-08-28,100.90,102.68,100.72,102.64,1711200,,
2020-08-31,102.57,103.27,101.75,102.41,1013400,,
2020-09-01,103.23,104.51,102.69,104.44,1414200,,
2020-09-02,106.09,108.09,105.07,107.47,2971800,,
2020-09-03,105.74,105.98,100.77,101.47,3921000,,
2020-09-04,100.80,102.15,96.84,100.42,3466800,,
2020-09-08,96.81,98.59,95.59,95.73,3036000,,
2020-09-09,98.15,99.15,96.86,98.33,1914600,,
2020-09-10,99.66,99.96,96.43,97.00,1914000,,
2020-09-11,97.68,98.69,95.92,96.97,1524300,,
2020-09-14,98.92,99.53,98.15,98.91,1155600,,
2020-09-15,100.27,101.31,100.09,100.62,1259700,,
2020-09-16,101.34,101.46,99.52,99.68,1217400,,
2020-09-17,97.14,99.79,96.80,99.63,1714800,,
2020-09-18,100.08,100.34,96.79,98.07,1210800,,
2020-09-21,96.22,97.89,95.39,97.89,2331600,,
2020-09-22,98.52,99.04,96.80,98.90,1096200,,
2020-09-23,98.57,99.10,95.91,96.27,1896000,0.356333,
2020-09-24,95.47,98.43,95.40,97.08,2350500,,
2020-09-25,97.25,98.73,95.80,98.42,1614300,,
2020-09-28,99.81,101.23,99.17,101.13,1836000,,
2020-09-29,101.21,102.31,101.06,101.36,1915500,,
2020-09-30,101.30,102.54,100.94,101.54,1947600,,
2020-10-01,102.92,103.91,102.44,103.71,2045400,,
2020-10-02,101.03,102.70,100.46,100.60,2008500,,
2020-10-05,101.52,103.84,101.38,103.74,1540200,,
2020-10-06,103.83,105.74,102.83,103.25,1888800,,
2020-10-07,104.72,105.55,104.70,105.23,1249200,,
2020-10-08,106.19,106.75,105.86,106.53,979800,,
2020-10-09,108.07,108.71,107.66,108.40,1967400,,
2020-10-12,109.84,110.58,109.29,110.01,1591500,,
2020-10-13,110.20,110.75,109.32,109.82,2298900,,
2020-10-14,110.27,110.61,108.75,109.37,1562400,,
2020-10-15,107.33,109.29,107.11,109.08,1207200,,
2020-10-16,109.83,110.03,108.47,108.56,865800,,
2020-10-19,109.45,110.10,107.60,108.01,1208700,,
2020-10-20,108.50,108.79,107.58,107.84,1048800,,
2020-10-21,108.09,108.31,107.03,107.11,1074300,,
2020-10-22,107.25,107.71,105.86,107.16,905100,,
2020-10-23,106.75,106.78,105.77,106.78,786000,,
2020-10-26,105.87,106.25,103.10,104.47,1671300,,
2020-10-27,105.19,105.45,103.70,104.06,890100,,
2020-10-28,102.42,102.42,100.48,100.65,1481100,,
2020-10-29,100.67,104.28,100.53,103.20,1504500,,
2020-10-30,102.11,102.78,100.48,101.83,1337100,,
2020-11-02,102.78,103.25,101.31,102.19,1456200,,
2020-11-03,103.09,105.00,103.07,104.12,1385100,,
2020-11-04,106.34,108.32,105.07,107.76,3026700,,
2020-11-05,110.87,112.88,110.77,112.60,2808600,,
2020-11-06,112.33,114.85,111.97,114.43,2016000,,
2020-11-09,117.51,117.92,113.09,113.10,1920900,,
2020-11-10,112.09,112.57,109.42,109.71,1862100,,
2020-11-11,111.40,113.86,111.39,113.66,1670400,,
2020-11-12,113.84,114.11,111.66,112.26,1203600,,
2020-11-13,113.59,114.58,112.82,113.63,1070700,,
2020-11-16,114.56,116.46,114.25,116.46,1456200,,
2020-11-17,116.05,116.08,114.64,115.50,1371600,,
2020-11-18,115.70,116.50,114.57,114.64,1361100,,
2020-11-19,114.23,116.44,113.71,116.33,1056300,,
2020-11-20,116.37,117.36,115.65,115.79,1369500,,
2020-11-23,116.31,117.85,115.93,117.44,1374900,,
2020-11-24,118.28,118.29,116.26,118.08,1824600,,
2020-11-25,118.25,118.73,117.33,117.82,974100,,
2020-11-27,118.57,119.92,118.57,119.22,1713300,,
2020-11-30,119.42,120.74,117.91,120.60,1874100,,
2020-12-01,121.67,123.37,121.27,122.59,2005200,,
2020-12-02,122.25,123.56,122.13,122.95,2141400,,
2020-12-03,123.67,124.39,122.95,123.11,1096800,,
2020-12-04,123.67,126.55,123.47,126.47,1624500,,
2020-12-07,127.19,127.20,125.90,127.11,1657800,,
2020-12-08,127.02,128.02,126.40,127.52,1203000,,
2020-12-09,127.04,127.88,123.17,123.93,1949400,,
2020-12-10,122.87,124.82,122.45,123.75,1967400,,
2020-12-11,122.88,123.41,121.20,122.55,1605900,,
2020-12-14,123.44,124.41,123.17,123.67,1313400,0.249,
2020-12-15,125.33,125.81,124.51,125.39,1102500,,
2020-12-16,125.98,125.98,124.47,125.46,1342500,,
2020-12-17,126.29,126.29,125.14,125.69,1240200,,
2020-12-18,125.86,126.09,124.30,124.95,1160100,,
2020-12-21,123.37,124.50,122.32,124.39,1799700,,
2020-12-22,124.42,124.50,123.17,124.21,668700,,
2020-12-23,124.41,124.62,123.17,123.27,1257000,,
2020-12-24,123.93,124.43,123.56,124.37,574200,,
2020-12-28,125.83,125.90,124.05,124.24,1108500,,
2020-12-29,124.88,124.88,122.54,123.92,1334700,,
2020-12-30,124.60,126.20,124.49,125.99,1159800,,
2020-12-31,126.12,126.59,125.21,126.39,1193100,,
2021-01-04,127.21,129.93,124.95,125.86,2487600,,
2021-01-05,125.76,128.44,125.67,128.44,1670700,,
2021-01-06,127.03,130.54,126.86,128.02,3215100,,
2021-01-07,129.89,133.18,129.89,132.85,1809000,,
2021-01-08,134.75,135.37,131.36,132.92,2119800,,
2021-01-11,131.77,135.33,131.67,134.27,1627500,,
2021-01-12,135.13,136.39,133.90,135.08,4503900,,
2021-01-13,136.33,136.63,134.77,135.30,1200000,,
2021-01-14,136.98,139.75,136.98,138.17,1748400,,
2021-01-15,138.01,138.17,134.58,135.36,2403900,,
2021-01-19,137.58,140.09,137.26,140.00,2517000,,
2021-01-20,141.52,142.00,139.17,139.50,1851000,,
2021-01-21,140.82,142.08,139.37,141.52,2540400,,
2021-01-22,140.37,140.97,139.04,139.12,1668300,,
2021-01-25,140.28,140.64,136.63,139.32,1683300,,
2021-01-26,139.39,139.39,137.04,137.05,1224900,,
2021-01-27,134.67,134.68,129.41,129.94,5391300,,
2021-01-28,132.56,134.70,131.51,132.79,3369900,,
2021-01-29,133.24,133.71,130.04,130.47,2761800,,
2021-02-01,132.70,136.04,132.26,135.63,1923300,,
2021-02-02,137.89,138.00,135.97,137.83,2429400,,
2021-02-03,138.35,138.75,134.67,135.03,2767800,,
2021-02-04,134.60,136.24,133.65,136.13,1832400,,
2021-02-05,137.15,137.15,135.00,135.20,1462800,,
2021-02-08,136.11,139.36,136.11,139.26,1947300,,
2021-02-09,138.86,139.83,138.08,138.85,1383300,,
2021-02-10,140.00,140.73,137.34,139.12,2220300,,
2021-02-11,140.27,144.04,140.27,143.94,2112600,,
2021-02-12,143.52,146.00,142.78,145.72,1925100,,
2021-02-16,147.46,147.99,145.83,146.45,3152400,,
2021-02-17,145.20,145.73,141.97,143.94,2785200,,
2021-02-18,142.16,143.12,140.68,142.46,2247600,,
2021-02-19,144.62,146.76,144.33,145.90,2254500,,
2021-02-22,144.00,145.01,140.12,140.61,2652000,,
2021-02-23,138.03,140.61,134.03,139.55,4029300,,
2021-02-24,138.68,144.23,137.43,144.08,3144900,,
2021-02-25,142.40,143.34,135.31,135.87,5339700,,
2021-02-26,138.10,140.25,135.35,138.97,4558800,,
2021-03-01,141.08,143.55,140.01,143.40,2316600,,
2021-03-02,143.98,143.98,138.94,139.10,3177600,,
2021-03-03,139.25,139.55,133.58,134.84,4425900,,
2021-03-04,134.41,135.04,126.45,128.35,7243500,,
2021-03-05,131.31,132.65,125.18,132.20,6307800,,
2021-03-08,132.03,132.57,125.02,125.07,7349100,,
2021-03-09,129.60,133.73,129.22,132.84,4132800,,
2021-03-10,135.13,135.17,130.33,130.33,4082400,,
2021-03-11,134.21,136.59,133.50,135.82,3689400,,
2021-03-12,133.33,134.63,132.37,134.39,3153600,,
2021-03-15,135.11,137.41,134.13,137.22,3894900,,
2021-03-16,138.84,141.20,138.18,138.99,6785100,,
2021-03-17,137.07,141.85,136.03,140.74,5773800,,
2021-03-18,138.79,139.06,134.76,134.92,6042900,,
2021-03-19,135.19,137.79,133.47,136.59,6614100,,
2021-03-22,138.26,141.11,137.74,139.48,3130200,,
2021-03-23,140.02,140.26,135.18,135.81,5638800,,
2021-03-24,138.07,138.63,133.88,133.95,6608100,,
2021-03-25,131.63,134.49,130.27,133.84,5580000,0.252,
2021-03-26,133.94,140.70,133.85,140.44,6493800,,
2021-03-29,139.13,139.66,136.63,138.29,6540600,,
2021-03-30,137.20,138.25,136.33,137.96,4263600,,
2021-03-31,139.26,142.40,138.99,141.33,5968200,,
2021-04-01,143.79,146.61,143.74,146.53,7380000,,
2021-04-05,148.94,149.92,147.15,149.48,6504000,,
2021-04-06,148.60,149.52,146.34,147.81,5913000,,
2021-04-07,147.97,148.47,146.60,147.72,3296400,,
2021-04-08,149.30,149.57,148.03,149.40,4276500,,
2021-04-09,148.19,149.08,147.57,148.93,2466000,,
2021-04-12,148.15,148.15,146.07,147.33,2607900,,
2021-04-13,148.46,148.67,145.63,147.10,3328500,,
2021-04-14,146.82,147.93,144.69,145.48,4996200,,
2021-04-15,146.98,148.23,145.85,147.92,5672400,,
2021-04-16,147.92,148.22,146.90,147.23,2712600,,
2021-04-19,146.14,146.63,142.04,143.36,8922300,,
2021-04-20,142.89,143.48,140.48,141.31,5374500,,
2021-04-21,141.42,145.07,140.84,145.02,4321800,,
2021-04-22,144.72,144.91,141.00,141.86,5433000,,
2021-04-23,142.44,145.05,142.27,144.45,3996300,,
2021-04-26,144.64,147.28,144.38,147.10,3577800,,
2021-04-27,147.67,147.78,145.55,145.99,4878300,,
2021-04-28,145.18,145.25,143.61,143.78,2356200,,
2021-04-29,145.82,145.91,142.61,144.71,3237000,,
2021-04-30,142.59,143.43,140.34,140.68,3900000,,
2021-05-03,141.68,141.82,138.44,139.21,3222900,,
2021-05-04,137.40,137.45,134.34,136.87,6061800,,
2021-05-05,138.58,139.43,136.69,137.72,4808700,,
2021-05-06,137.47,138.89,135.90,138.85,3656400,,
2021-05-07,140.27,141.72,139.60,140.76,2871600,,
2021-05-10,139.53,139.53,134.26,134.50,6354600,,
2021-05-11,130.40,135.05,129.93,134.68,6719400,,
2021-05-12,131.86,132.64,128.67,129.19,7754100,,
2021-05-13,131.43,132.87,129.53,130.84,4862400,,
2021-05-14,132.75,136.11,131.46,134.89,4663500,,
2021-05-17,133.64,133.83,131.48,133.71,3365100,,
2021-05-18,134.97,135.23,132.56,132.64,2354700,,
2021-05-19,130.07,135.36,129.52,135.22,4127400,,
2021-05-20,136.23,139.35,136.13,138.78,5020800,,
2021-05-21,139.76,139.81,137.78,138.01,5250000,,
2021-05-24,139.46,142.26,139.33,141.50,3373800,,
2021-05-25,142.54,142.99,141.12,141.92,4363500,,
2021-05-26,142.02,142.92,141.01,142.30,2492400,,
2021-05-27,142.04,143.62,141.67,142.90,3302700,,
2021-05-28,143.44,144.92,143.19,144.23,2179500,,
2021-06-01,145.32,146.46,143.08,143.82,3373500,,
2021-06-02,143.71,145.29,143.26,144.70,2140500,,
2021-06-03,143.08,143.70,141.55,142.21,3247500,,
2021-06-04,143.43,145.96,143.43,145.67,2821500,,
2021-06-07,144.98,145.24,143.69,144.53,2376300,,
2021-06-08,145.66,145.91,142.62,143.71,2534400,,
2021-06-09,144.18,144.60,143.00,143.00,2607000,,
2021-06-10,143.06,145.03,142.76,144.47,2165100,0.170667,
2021-06-11,144.90,145.20,144.09,145.20,1765200,,
2021-06-14,145.57,147.26,144.71,147.26,3673800,,
2021-06-15,146.87,147.77,145.58,146.06,2388300,,
2021-06-16,146.51,146.93,143.53,144.68,3614700,,
2021-06-17,144.29,147.31,144.18,146.24,3873000,,
2021-06-18,145.24,145.35,141.96,142.74,2889900,,
2021-06-21,142.91,143.52,141.69,143.27,2233200,,
2021-06-22,143.48,144.36,142.68,143.95,1737900,,
2021-06-23,144.31,145.36,144.26,144.55,1889400,,
2021-06-24,145.95,147.39,145.80,147.00,1428300,,
2021-06-25,147.63,147.86,146.19,146.60,1343100,,
2021-06-28,147.51,150.73,147.51,150.10,2651100,,
2021-06-29,149.93,151.50,149.43,151.28,1748100,,
2021-06-30,151.14,151.70,150.40,151.41,1317300,,
2021-07-01,151.25,151.25,148.73,149.24,2264100,,
2021-07-02,150.16,150.51,148.97,150.15,1827000,,
2021-07-06,150.55,151.04,147.98,149.89,2001900,,
2021-07-07,150.83,150.85,147.00,147.62,1888200,,
2021-07-08,144.51,146.42,143.40,145.72,2000100,,
2021-07-09,146.20,148.38,145.15,148.10,1833000,,
2021-07-12,148.73,150.00,148.17,150.00,3949800,,
2021-07-13,149.37,150.05,148.61,149.40,2122200,,
2021-07-14,150.42,151.70,148.28,148.71,2256600,,
2021-07-15,147.99,148.31,144.31,145.41,2657100,,
2021-07-16,145.86,146.60,141.91,142.25,2571600,,
2021-07-19,140.31,142.34,139.50,142.11,4068000,,
2021-07-20,142.79,145.14,141.00,144.04,3201000,,
2021-07-21,144.59,148.54,144.59,148.47,2039400,,
2021-07-22,147.72,148.40,146.50,147.59,1185000,,
2021-07-23,148.28,148.49,146.51,148.34,1312500,,
2021-07-26,147.77,148.72,147.41,148.39,1123200,,
2021-07-27,147.97,147.97,142.59,145.67,2508000,,
2021-07-28,146.20,148.67,145.49,148.05,2289600,,
2021-07-29,148.61,151.53,148.55,151.07,2303700,,
2021-07-30,149.70,152.61,149.70,152.30,2320200,,
2021-08-02,153.76,155.17,152.89,153.27,2864100,,
2021-08-03,153.61,154.43,151.81,154.43,1769100,,
2021-08-04,154.73,156.76,154.50,156.01,1626000,,
2021-08-05,156.76,157.13,155.15,156.03,1420200,,
2021-08-06,155.12,156.04,154.85,155.26,1233000,,
2021-08-09,155.88,155.97,154.08,154.73,1065900,,
2021-08-10,154.96,155.23,151.82,152.93,2695500,,
2021-08-11,153.35,153.56,150.62,152.41,1296900,,
2021-08-12,151.91,151.91,149.52,150.77,1531500,,
2021-08-13,150.43,151.74,150.30,151.72,1060200,,
2021-08-16,151.15,151.55,149.89,151.16,1143900,,
2021-08-17,149.90,149.90,146.84,148.23,1850700,,
2021-08-18,148.02,148.93,146.08,146.27,1879200,,
2021-08-19,145.35,148.28,144.23,147.47,2175600,,
2021-08-20,147.86,148.84,146.81,148.58,1798200,,
2021-08-23,150.12,152.96,150.12,152.76,2181000,,
2021-08-24,153.20,153.67,152.50,152.76,1662900,,
2021-08-25,153.36,155.06,153.28,153.92,2274300,,
2021-08-26,153.74,154.67,152.81,154.07,2284500,,
2021-08-27,154.15,157.19,153.94,157.01,2404500,,
2021-08-30,157.65,158.84,156.76,157.32,2519400,,
2021-08-31,157.49,157.70,154.85,156.06,2107800,,
2021-09-01,156.85,157.00,155.21,155.21,1632600,,
2021-09-02,155.95,156.27,155.19,155.79,1501500,,
2021-09-03,155.82,157.57,155.47,156.96,1356000,,
2021-09-07,157.04,157.05,155.46,156.38,1640700,,
2021-09-08,155.67,155.83,153.03,154.38,3087900,,
2021-09-09,154.28,155.84,154.18,154.92,3921000,,
2021-09-10,156.20,158.53,156.14,156.15,2959200,,
2021-09-13,157.73,157.98,155.52,157.65,2835900,,
2021-09-14,158.05,158.85,156.94,157.66,2581500,,
2021-09-15,157.78,158.57,156.44,158.56,3770400,,
2021-09-16,157.42,159.40,156.76,158.87,1655100,,
2021-09-17,158.45,158.45,155.63,156.33,2426700,,
2021-09-20,153.00,153.59,150.22,152.46,3124800,,
2021-09-21,153.60,154.06,151.52,152.91,2214000,,
2021-09-22,154.12,156.45,153.55,156.09,1309200,,
2021-09-23,156.83,158.67,156.26,158.17,2407200,,
2021-09-24,156.58,157.94,156.33,157.60,1191900,0.385667,
2021-09-27,155.91,157.83,154.99,157.22,1339800,,
2021-09-28,154.25,155.14,151.07,151.07,5448000,,
2021-09-29,151.40,151.85,148.39,148.68,6776400,,
2021-09-30,150.09,151.07,148.58,148.62,4524900,,
2021-10-01,149.21,149.49,146.28,148.72,3114900,,
2021-10-04,147.95,148.04,144.45,144.89,4161900,,
2021-10-05,145.58,148.10,145.34,147.08,3156000,,
2021-10-06,145.45,147.77,144.94,147.66,3410700,,
2021-10-07,149.56,151.36,149.19,149.38,1913400,,
2021-10-08,149.92,150.11,147.73,147.85,1672200,,
2021-10-11,147.27,149.35,146.81,146.86,1532100,,
2021-10-12,147.79,148.01,144.42,145.03,3201900,,
2021-10-13,146.08,146.77,145.39,145.87,1756500,,
2021-10-14,148.56,150.41,148.14,150.39,2486100,,
2021-10-15,151.50,151.85,150.63,151.40,1639500,,
2021-10-18,150.50,152.67,149.63,152.62,1352700,,
2021-10-19,152.97,154.49,152.27,154.49,1394100,,
2021-10-20,153.93,154.77,153.50,154.17,1261500,,
2021-10-21,153.18,155.92,153.11,155.72,1303200,,
2021-10-22,154.90,156.50,153.71,153.97,3284400,,
2021-10-25,154.76,155.92,154.20,155.03,1684800,,
2021-10-26,156.24,156.80,154.60,155.15,1879200,,
2021-10-27,154.20,155.84,153.49,154.03,3226200,,
2021-10-28,156.09,157.63,155.81,157.51,3278100,,
2021-10-29,156.18,158.23,156.00,158.21,2135700,,
2021-11-01,158.40,160.83,158.00,160.79,2547300,,
2021-11-02,160.70,162.80,160.70,162.79,2225400,,
2021-11-03,163.00,164.87,162.37,164.67,2175000,,
2021-11-04,166.53,170.97,165.62,170.21,4080900,,
2021-11-05,171.27,173.42,170.39,172.10,4534800,,
2021-11-08,173.16,175.56,172.54,174.42,2921400,,
2021-11-09,176.16,176.36,172.54,174.42,2722800,,
2021-11-10,171.15,173.49,168.54,169.28,3934200,,
2021-11-11,172.08,173.27,170.75,172.86,2283000,,
2021-11-12,173.46,175.38,172.50,174.55,1970400,,
2021-11-15,175.86,175.86,172.63,174.42,2318100,,
2021-11-16,173.63,177.35,173.42,177.03,2023200,,
2021-11-17,177.12,177.12,174.94,175.80,1575600,,
2021-11-18,179.00,179.64,177.03,178.74,1997100,,
2021-11-19,178.77,180.45,177.88,179.24,3405900,,
2021-11-22,180.27,182.71,176.40,176.64,4422600,,
2021-11-23,176.45,177.64,172.97,175.93,2422800,,
2021-11-24,174.55,177.95,172.80,177.86,2117100,,
2021-11-26,174.51,176.09,171.64,172.91,2448000,,
2021-11-29,175.48,179.96,174.82,179.56,2412300,,
2021-11-30,178.85,180.53,174.91,176.41,3264300,,
2021-12-01,179.00,182.16,174.99,175.00,3112500,,
2021-12-02,173.20,176.48,171.88,175.26,3124500,,
2021-12-03,177.74,179.50,172.85,174.81,2490900,,
2021-12-06,174.47,175.12,169.13,174.59,2091600,,
2021-12-07,178.49,183.76,178.49,183.40,2692200,,
2021-12-08,182.43,182.59,180.33,182.21,1666500,,
2021-12-09,181.13,182.94,177.86,178.02,1674000,,
2021-12-10,181.34,182.20,177.47,179.70,2020500,,
2021-12-13,180.11,180.19,174.32,174.63,2286600,0.291,
2021-12-14,172.48,174.70,171.52,173.79,2888100,,
2021-12-15,174.14,180.33,171.80,180.17,2344200,,
2021-12-16,180.90,181.41,171.27,172.31,2797800,,
2021-12-17,170.61,174.64,170.04,171.90,2702100,,
2021-12-20,169.40,171.88,168.69,170.55,2145900,,
2021-12-21,174.40,176.79,172.01,176.71,1624200,,
2021-12-22,175.80,178.54,174.88,178.54,2134800,,
2021-12-23,178.90,181.44,178.90,180.27,2100300,,
2021-12-27,180.93,185.25,180.89,185.21,2503500,,
2021-12-28,186.07,186.09,182.32,183.17,1974900,,
2021-12-29,183.10,184.59,182.32,183.45,1254900,,
2021-12-30,183.00,183.76,180.76,181.32,1361700,0.051667,
2021-12-31,181.51,182.71,180.75,180.77,1217400,,
2022-01-03,181.99,184.55,181.27,184.37,1699800,,
2022-01-04,185.19,186.34,179.37,183.80,3504600,,
2022-01-05,182.39,183.96,177.40,177.56,3751800,,
2022-01-06,177.53,179.77,175.61,178.94,2934300,,
2022-01-07,178.76,179.42,173.20,173.75,2284500,,
2022-01-10,171.60,174.19,168.00,173.81,5377500,,
2022-01-11,173.23,177.29,171.95,177.08,3157200,,
2022-01-12,178.79,180.02,176.60,178.38,3571500,,
2022-01-13,181.11,182.62,173.77,174.22,3268800,,
2022-01-14,172.84,178.55,172.81,178.39,3401700,,
2022-01-18,175.54,175.56,170.04,170.41,7686000,,
2022-01-19,171.80,172.85,165.28,165.40,9931800,,
2022-01-20,166.68,168.00,160.00,160.21,8349900,,
2022-01-21,159.09,163.62,157.20,157.55,13946100,,
2022-01-24,154.25,159.64,148.98,159.35,15465300,,
2022-01-25,155.25,157.16,152.52,153.40,10710300,,
2022-01-26,157.71,162.26,153.40,155.76,8508000,,
2022-01-27,157.30,157.49,148.32,148.82,8400900,,
2022-01-28,148.70,151.68,144.43,151.68,7173000,,
2022-01-31,152.44,160.07,151.60,159.82,7846800,,
2022-02-01,161.39,161.65,157.13,161.15,4068900,,
2022-02-02,164.41,165.64,162.09,165.22,5229000,,
2022-02-03,161.07,163.73,157.43,158.03,6506400,,
2022-02-04,157.30,160.30,155.17,158.94,5061300,,
2022-02-07,159.33,161.50,158.25,158.85,3501900,,
2022-02-08,158.18,163.20,157.91,162.87,2941200,,
2022-02-09,165.01,168.23,162.95,168.21,5061000,,
2022-02-10,164.11,169.29,162.04,162.97,4614000,,
2022-02-11,163.24,164.43,153.56,154.67,7881900,,
2022-02-14,155.20,157.95,152.80,154.82,5697300,,
2022-02-15,158.17,163.79,157.75,163.36,4881000,,
2022-02-16,161.36,164.02,159.93,163.42,2713200,,
2022-02-17,161.25,161.47,157.04,157.28,6003000,,
2022-02-18,157.35,157.93,153.36,155.52,5866200,,
2022-02-22,153.84,158.29,152.12,154.58,8370000,,
2022-02-23,156.37,158.00,150.41,150.89,6525600,,
2022-02-24,145.03,156.66,144.68,156.41,8669100,,
2022-02-25,156.41,159.02,154.19,159.02,7065000,,
2022-02-28,156.95,159.46,154.87,158.05,4359300,,
2022-03-01,157.41,158.33,150.65,152.32,4265700,,
2022-03-02,153.59,158.26,153.23,157.17,2850600,,
2022-03-03,158.13,158.17,152.93,153.87,4177800,,
2022-03-04,152.37,153.71,148.10,149.79,4443300,,
2022-03-07,150.23,151.30,142.24,142.27,5869200,,
2022-03-08,143.24,150.30,140.85,145.00,7909500,,
2022-03-09,149.88,152.22,148.17,151.08,4699800,,
2022-03-10,148.40,148.55,145.07,147.98,4805700,,
2022-03-11,150.12,150.40,144.51,144.80,6524400,,
2022-03-14,144.37,145.12,139.45,140.11,5683800,,
2022-03-15,141.52,146.90,140.63,146.55,3980400,,
2022-03-16,149.04,154.12,147.42,154.10,4868700,,
2022-03-17,152.35,155.05,151.18,155.05,4133100,,
2022-03-18,153.97,158.72,153.02,158.08,5004600,,
2022-03-21,157.47,159.06,154.94,157.76,4801500,,
2022-03-22,157.48,160.51,157.32,158.64,2886600,,
2022-03-23,157.19,159.11,154.60,154.64,3530400,,
2022-03-24,155.94,162.27,155.30,162.14,5002500,0.291667,
2022-03-25,161.96,162.40,159.09,161.77,3103200,,
2022-03-28,160.80,163.03,158.49,163.03,2735700,,
2022-03-29,165.63,167.03,163.40,166.77,3093600,,
2022-03-30,165.48,166.06,160.58,161.43,3269100,,
2022-03-31,161.31,162.03,157.34,157.76,3369300,,
2022-04-01,158.43,158.80,152.39,154.70,5391900,,
2022-04-04,155.11,157.44,154.52,157.22,2705100,,
2022-04-05,155.93,156.06,149.58,149.98,4054800,,
2022-04-06,146.67,148.91,145.00,146.25,4836900,,
2022-04-07,146.05,147.88,143.50,146.57,3511800,,
2022-04-08,145.35,145.41,142.70,142.93,4500300,,
2022-04-11,140.82,142.00,139.67,140.00,4291800,,
2022-04-12,142.96,144.01,138.84,139.57,5894700,,
2022-04-13,140.47,143.56,139.61,142.57,3309000,,
2022-04-14,143.50,143.54,138.45,138.63,5903400,,
2022-04-18,137.94,142.28,137.77,141.03,3630300,,
2022-04-19,140.47,144.42,139.75,144.12,3036600,,
2022-04-20,146.40,147.67,143.29,143.80,3826200,,
2022-04-21,145.57,147.19,139.24,139.96,3600300,,
2022-04-22,139.74,140.52,136.62,136.85,4569000,,
2022-04-25,135.73,139.20,135.33,139.16,6353700,,
2022-04-26,137.28,137.52,132.84,132.99,5844000,,
2022-04-27,131.53,135.57,131.23,132.27,4350300,,
2022-04-28,134.92,141.05,133.22,139.56,4923300,,
2022-04-29,137.60,140.27,133.21,133.59,4188300,,
2022-05-02,133.72,138.21,132.67,138.05,4635300,,
2022-05-03,137.69,140.29,136.73,139.20,2300100,,
2022-05-04,140.23,144.84,135.90,144.60,4259400,,
2022-05-05,142.00,142.22,135.54,137.59,4597200,,
2022-05-06,136.33,139.40,133.79,136.37,3950400,,
2022-05-09,133.42,135.05,128.66,129.42,5058600,,
2022-05-10,133.33,134.81,129.48,132.37,4476600,,
2022-05-11,131.24,134.33,128.08,128.46,5066100,,
2022-05-12,126.87,130.31,125.78,129.24,5345100,,
2022-05-13,131.50,136.78,130.81,135.83,4724400,,
2022-05-16,134.45,135.87,133.26,133.77,2372400,,
2022-05-17,137.26,140.62,136.74,140.26,3193200,,
2022-05-18,137.95,139.86,132.63,133.19,3581100,,
2022-05-19,132.54,135.79,131.23,132.39,3303300,,
2022-05-20,134.99,135.00,126.39,132.32,4083900,,
2022-05-23,131.29,133.24,130.28,132.89,3639300,,
2022-05-24,130.75,131.19,128.17,129.65,2865600,,
2022-05-25,128.77,133.22,128.65,131.98,2512500,,
2022-05-26,130.75,137.75,130.54,137.14,2966700,,
2022-05-27,139.30,143.02,139.30,142.78,3165600,,
2022-05-31,142.53,143.31,139.87,142.05,2807100,,
2022-06-01,142.77,143.49,137.86,139.79,2466000,,
2022-06-02,139.31,144.81,139.04,144.66,2005800,,
2022-06-03,141.53,142.33,139.69,140.34,2065500,,
2022-06-06,143.29,143.76,139.65,140.58,2241900,,
2022-06-07,138.91,142.10,137.84,141.70,1866600,,
2022-06-08,140.93,141.50,137.64,138.69,3396000,,
2022-06-09,137.28,139.68,134.54,134.55,2517000,0.209333,
2022-06-10,132.33,133.48,129.50,129.77,3599100,,
2022-06-13,125.00,126.64,121.81,122.28,4042800,,
2022-06-14,123.62,124.17,121.52,122.96,2831100,,
2022-06-15,124.41,127.27,122.27,125.07,3811200,,
2022-06-16,121.42,121.54,116.06,117.54,3921300,,
2022-06-17,117.80,118.87,115.31,118.01,3400200,,
2022-06-21,120.50,122.92,120.42,121.10,2830200,,
2022-06-22,119.02,121.55,118.84,119.84,4106700,,
2022-06-23,120.55,120.65,117.15,119.03,2178900,,
2022-06-24,120.89,124.30,120.63,124.30,3783600,,
2022-06-27,125.42,125.73,123.01,123.96,2497500,,
2022-06-28,124.69,126.15,120.75,120.94,3039900,,
2022-06-29,119.28,119.42,116.62,118.08,3393600,,
2022-06-30,116.43,118.86,114.70,116.54,3285600,,
2022-07-01,114.60,115.22,110.96,112.41,3875100,,
2022-07-05,109.57,113.30,108.90,113.30,3391200,,
2022-07-06,113.41,115.19,112.17,113.85,2672100,,
2022-07-07,116.53,119.55,116.53,118.95,2866200,,
2022-07-08,117.23,120.33,116.87,119.52,2334000,,
2022-07-11,117.71,118.29,116.00,116.76,2490000,,
2022-07-12,117.52,118.39,116.24,117.09,4494300,,
2022-07-13,114.70,118.69,114.47,117.75,3564600,,
2022-07-14,117.44,120.76,115.72,120.25,3186900,,
2022-07-15,122.08,123.31,120.17,123.12,2984100,,
2022-07-18,125.16,126.12,121.94,122.72,2959200,,
2022-07-19,124.66,128.83,124.30,128.13,3116700,,
2022-07-20,127.94,132.02,127.15,131.40,4845300,,
2022-07-21,132.08,133.63,130.20,133.55,2753400,,
2022-07-22,133.12,133.17,129.08,130.26,4548000,,
2022-07-25,129.26,129.53,127.27,129.43,2862900,,
2022-07-26,128.57,129.22,126.80,127.28,2510400,,
2022-07-27,129.56,134.17,129.17,133.10,3214200,,
2022-07-28,133.39,135.03,130.49,134.74,3532200,,
2022-07-29,132.79,136.16,132.33,135.78,3840900,,
2022-08-01,134.81,137.48,133.93,136.30,3812100,,
2022-08-02,134.76,138.11,134.19,136.04,2124900,,
2022-08-03,136.02,140.09,135.93,139.82,2860800,,
2022-08-04,139.50,141.25,139.09,140.83,1919100,,
2022-08-05,138.36,140.94,137.73,139.73,3279900,,
2022-08-08,137.81,139.34,135.50,137.62,3061200,,
2022-08-09,134.44,134.58,129.51,131.31,4368900,,
2022-08-10,134.81,137.02,133.02,136.76,3456000,,
2022-08-11,137.92,140.62,136.29,136.59,2403900,,
2022-08-12,137.50,140.96,137.00,140.58,2049600,,
2022-08-15,139.96,141.50,139.00,141.11,1325100,,
2022-08-16,140.38,141.00,138.10,139.66,1566900,,
2022-08-17,137.52,137.59,134.38,136.29,2640000,,
2022-08-18,136.66,140.33,136.17,139.40,1698900,,
2022-08-19,137.48,138.17,134.94,135.63,2323500,,
2022-08-22,132.88,133.13,129.90,130.53,2903400,,
2022-08-23,130.62,133.18,130.47,131.18,2430600,,
2022-08-24,131.03,131.96,129.99,131.51,1251900,,
2022-08-25,131.64,136.49,131.56,136.33,2679300,,
2022-08-26,136.02,136.34,128.39,128.60,2838000,,
2022-08-29,127.23,128.70,125.79,126.00,2575200,,
2022-08-30,127.36,127.41,123.00,124.53,3212700,,
2022-08-31,125.08,125.09,122.15,123.23,2974800,,
2022-09-01,120.09,120.96,117.20,120.94,4537800,,
2022-09-02,122.81,123.66,119.09,119.62,3841200,,
2022-09-06,119.60,120.25,117.33,118.24,2692500,,
2022-09-07,118.71,121.25,117.82,120.24,1699500,,
2022-09-08,119.07,122.72,118.33,122.26,2823300,,
2022-09-09,123.87,125.84,123.87,125.20,2066400,,
2022-09-12,125.74,126.43,124.30,125.81,2610900,,
2022-09-13,121.02,122.06,117.64,117.99,4065000,,
2022-09-14,118.88,120.16,117.55,119.33,2722800,,
2022-09-15,118.53,119.92,116.56,117.35,2432700,,
2022-09-16,116.06,118.18,115.18,118.06,3392100,,
2022-09-19,116.55,119.30,116.50,118.68,2146200,,
2022-09-20,117.53,118.10,116.17,117.10,2630700,,
2022-09-21,117.32,121.12,115.92,115.92,3535200,,
2022-09-22,115.25,115.74,112.10,112.76,2936100,,
2022-09-23,111.43,111.73,109.24,111.25,3881700,,
2022-09-26,110.27,111.96,108.80,108.99,2881500,0.600667,
2022-09-27,110.97,111.79,108.43,110.01,2977200,,
2022-09-28,109.10,112.00,108.64,111.57,4045200,,
2022-09-29,109.53,109.73,106.37,108.10,3009000,,
2022-09-30,106.70,109.45,106.08,106.24,2722800,,
2022-10-03,107.45,111.15,106.68,109.92,3747300,,
2022-10-04,113.46,115.21,113.17,115.07,3182400,,
2022-10-05,113.17,117.19,112.16,116.01,2505600,,
2022-10-06,115.89,118.03,115.12,115.55,2850000,,
2022-10-07,112.11,112.42,107.97,108.62,3969000,,
2022-10-10,108.19,108.32,103.42,104.92,4665000,,
2022-10-11,103.05,104.01,100.54,101.97,4818600,,
2022-10-12,101.84,102.38,100.66,100.98,3107400,,
2022-10-13,97.03,105.80,95.94,103.89,4911600,,
2022-10-14,105.34,105.34,99.24,99.56,3887100,,
2022-10-17,102.21,103.07,100.87,101.67,3760500,,
2022-10-18,104.85,105.54,100.22,102.02,3558900,,
2022-10-19,101.29,103.65,100.98,102.67,3043500,,
2022-10-20,103.24,106.46,102.72,103.31,3567300,,
2022-10-21,103.04,107.42,102.59,107.15,3703200,,
2022-10-24,107.51,108.08,105.10,107.61,3784200,,
2022-10-25,108.07,110.81,107.89,110.07,2770800,,
2022-10-26,107.80,111.57,107.27,108.99,4811700,,
2022-10-27,109.70,110.73,106.91,107.05,3589500,,
2022-10-28,107.25,111.41,106.97,111.25,4192500,,
2022-10-31,110.25,110.55,108.27,108.83,2394900,,
2022-11-01,111.01,111.38,109.05,109.70,2810400,,
2022-11-02,110.40,112.33,106.10,106.24,3193800,,
2022-11-03,104.25,106.44,103.16,104.82,3752100,,
2022-11-04,108.60,109.95,107.09,109.67,4601700,,
2022-11-07,110.68,112.47,109.24,112.04,3548700,,
2022-11-08,114.13,115.85,112.18,114.50,3901200,,
2022-11-09,112.56,113.01,110.67,110.84,3578700,,
2022-11-10,117.18,122.62,116.21,122.31,5347500,,
2022-11-11,122.91,126.80,121.50,126.06,6114000,,
2022-11-14,125.37,127.13,124.63,124.68,3683100,,
2022-11-15,129.84,130.20,126.55,128.29,4897800,,
2022-11-16,125.37,125.62,122.22,122.99,4775700,,
2022-11-17,120.44,124.51,120.22,123.96,3961500,,
2022-11-18,126.03,126.06,122.89,124.23,3105300,,
2022-11-21,122.88,123.32,121.79,122.17,1815000,,
2022-11-22,123.22,125.91,122.19,125.81,3290700,,
2022-11-23,125.68,128.56,125.66,127.33,3905400,,
2022-11-25,126.56,127.00,125.64,125.64,1164000,,
2022-11-28,124.08,125.39,121.65,122.50,3197700,,
2022-11-29,122.86,123.55,121.28,122.02,1828200,,
2022-11-30,122.48,129.43,121.34,129.34,4166100,,
2022-12-01,130.11,130.24,126.62,128.41,4130700,,
2022-12-02,125.19,127.16,124.55,126.96,3110400,,
2022-12-05,126.10,127.32,124.22,125.36,2709300,,
2022-12-06,125.34,125.47,121.48,122.72,2182200,,
2022-12-07,121.41,123.32,121.18,122.46,2111400,,
2022-12-08,123.20,126.09,122.38,126.00,2694300,,
2022-12-09,125.44,127.04,124.38,124.83,1749000,,
2022-12-12,124.22,127.18,123.58,127.04,2178900,,
2022-12-13,132.40,132.98,127.25,128.86,4521000,0.354,
2022-12-14,128.55,130.09,125.45,126.93,3972000,,
2022-12-15,124.26,124.80,121.39,121.56,3881100,,
2022-12-16,120.91,121.96,119.45,120.64,2465700,,
2022-12-19,120.51,120.79,117.92,119.15,2231700,,
2022-12-20,117.66,119.51,117.39,118.42,2275500,,
2022-12-21,119.25,121.49,119.02,121.09,2291700,,
2022-12-22,118.73,118.92,113.75,116.19,5403300,,
2022-12-23,115.19,116.30,114.01,116.29,2571900,,
2022-12-27,115.37,115.48,113.67,114.19,3494400,,
2022-12-28,113.46,114.85,112.05,112.51,2682000,,
2022-12-29,114.34,116.64,113.92,116.10,3263100,,
2022-12-30,114.44,116.19,113.61,115.99,2010000,,
2023-01-03,117.96,118.17,114.17,114.86,2844600,,
2023-01-04,117.05,118.47,115.70,117.82,3257100,,
2023-01-05,116.66,117.49,115.64,115.83,2671800,,
2023-01-06,117.40,121.86,115.81,121.22,4898400,,
2023-01-09,123.45,126.26,122.66,123.46,4581300,,
2023-01-10,123.03,125.22,122.39,125.05,2825400,,
2023-01-11,125.13,126.72,124.08,126.67,2682000,,
2023-01-12,127.35,128.98,124.72,128.21,3324000,,
2023-01-13,126.54,128.75,126.39,128.74,2079000,,
2023-01-17,128.30,130.19,127.69,128.88,3017400,,
2023-01-18,130.33,131.24,128.16,128.21,3512700,,
2023-01-19,127.07,127.13,124.21,124.61,3775200,,
2023-01-20,125.95,128.59,124.67,128.51,3352500,,
2023-01-23,129.71,135.41,129.50,134.96,5726700,,
2023-01-24,133.32,135.20,133.13,133.94,2370300,,
2023-01-25,131.59,134.55,130.58,134.31,3301200,,
2023-01-26,135.85,136.74,133.60,136.57,3896700,,
2023-01-27,134.21,136.87,133.86,135.70,4289700,,
2023-01-30,133.85,134.66,131.99,132.10,4384500,,
2023-01-31,131.84,134.62,131.72,134.56,3104100,,
2023-02-01,135.23,143.01,135.11,141.58,7244100,,
2023-02-02,143.03,146.04,142.21,144.86,7456200,,
2023-02-03,141.64,145.29,141.28,142.03,5555400,,
2023-02-06,139.81,141.87,139.10,139.72,2496300,,
2023-02-07,140.26,144.86,139.91,144.17,3285300,,
2023-02-08,143.21,144.38,140.74,141.07,3522000,,
2023-02-09,143.58,145.19,140.38,141.43,3015600,,
2023-02-10,139.98,140.39,137.66,139.18,2947800,,
2023-02-13,139.83,141.63,138.61,141.22,2122500,,
2023-02-14,139.98,144.22,138.93,143.79,3252000,,
2023-02-15,142.29,144.45,141.24,144.37,2143500,,
2023-02-16,141.77,143.26,140.60,140.83,3444900,,
2023-02-17,140.00,140.41,137.38,138.64,3064200,,
2023-02-21,136.48,138.09,133.89,134.15,2208600,,
2023-02-22,134.46,135.47,132.70,133.51,2285700,,
2023-02-23,138.00,138.55,135.19,137.90,4617000,,
2023-02-24,135.45,136.14,134.41,135.43,2842200,,
2023-02-27,137.69,137.71,136.09,136.14,2040900,,
2023-02-28,135.83,138.46,135.53,136.61,1582500,,
2023-03-01,137.11,138.31,136.11,136.65,1922400,,
2023-03-02,134.52,138.40,133.48,137.74,3108300,,
2023-03-03,137.71,140.02,136.67,139.86,2408700,,
2023-03-06,140.25,141.46,137.91,138.24,2177100,,
2023-03-07,138.38,138.97,136.23,136.78,1899000,,
2023-03-08,137.33,140.57,137.33,140.42,2088300,,
2023-03-09,140.24,142.41,137.42,137.63,3889800,,
2023-03-10,138.37,138.72,134.33,134.97,3320700,,
2023-03-13,133.56,136.67,132.16,135.01,3512700,,
2023-03-14,137.36,139.81,136.71,138.95,2743200,,
2023-03-15,136.97,137.65,134.43,137.33,3527100,,
2023-03-16,136.73,143.01,136.14,142.70,3730200,,
2023-03-17,142.97,144.08,141.04,141.81,2828400,,
2023-03-20,142.09,143.77,140.92,143.31,2155800,,
2023-03-21,144.48,146.00,141.47,143.60,2899500,,
2023-03-22,143.60,147.42,142.13,142.17,3313200,,
2023-03-23,144.28,147.63,143.13,145.68,4039800,0.357333,
2023-03-24,144.50,144.89,141.70,143.15,3120600,,
2023-03-27,143.67,144.11,140.97,141.47,1806300,,
2023-03-28,141.14,141.26,138.27,140.41,2737500,,
2023-03-29,142.75,145.93,142.49,144.92,3140400,,
2023-03-30,146.76,148.27,146.27,147.31,2602200,,
2023-03-31,146.19,148.45,145.95,148.22,2151000,,
2023-04-03,147.36,147.92,145.13,146.94,1876800,,
2023-04-04,147.21,147.25,143.40,144.20,2324100,,
2023-04-05,142.66,142.78,140.21,141.70,3343800,,
2023-04-06,140.41,142.01,139.32,140.97,1894800,,
2023-04-10,139.76,143.56,139.54,143.46,1927200,,
2023-04-11,144.26,144.36,142.44,142.71,1823100,,
2023-04-12,144.12,144.17,139.96,140.10,2598900,,
2023-04-13,140.42,142.08,139.29,141.25,3013500,,
2023-04-14,141.12,142.83,139.50,141.03,1963500,,
2023-04-17,139.52,141.12,139.10,141.03,2206500,,
2023-04-18,142.13,143.36,140.57,141.64,2765100,,
2023-04-19,139.76,140.43,139.24,140.09,1264500,,
2023-04-20,138.69,142.06,138.55,139.96,2391900,,
2023-04-21,139.48,139.48,137.71,138.94,2157600,,
2023-04-24,138.69,139.48,137.38,138.31,2074800,,
2023-04-25,137.49,137.50,133.58,133.67,2482500,,
2023-04-26,135.06,135.76,133.69,134.38,1926300,,
2023-04-27,134.21,135.12,131.53,134.95,3116700,,
2023-04-28,135.57,137.41,134.97,137.38,2359200,,
2023-05-01,137.93,139.03,137.57,138.62,1803900,,
2023-05-02,138.68,139.47,136.29,137.63,2115600,,
2023-05-03,136.86,138.51,135.95,136.05,2525400,,
2023-05-04,134.98,136.45,134.08,135.29,2102700,,
2023-05-05,135.46,138.88,134.77,138.30,1619400,,
2023-05-08,138.15,138.98,137.00,138.88,1365300,,
2023-05-09,136.91,137.09,135.96,136.52,2348400,,
2023-05-10,138.05,138.89,136.58,137.91,2766600,,
2023-05-11,137.95,138.25,135.71,137.01,1854600,,
2023-05-12,137.50,138.07,135.59,136.88,1383300,,
2023-05-15,137.27,140.62,136.87,140.60,1799100,,
2023-05-16,140.14,141.93,140.14,140.33,2047500,,
2023-05-17,141.62,144.35,140.73,143.80,1986000,,
2023-05-18,144.44,148.70,144.33,148.34,3429300,,
2023-05-19,147.91,148.25,146.66,147.58,2877600,,
2023-05-22,146.25,148.48,146.19,148.09,2299800,,
2023-05-23,147.10,148.07,145.94,146.26,1553100,,
2023-05-24,143.32,144.24,142.13,143.64,4341000,,
2023-05-25,150.25,153.80,148.62,153.21,12973800,,
2023-05-26,155.55,164.06,155.49,163.22,8010900,,
2023-05-30,167.00,167.67,162.42,163.09,7862700,,
2023-05-31,160.33,162.54,158.83,158.90,5358600,,
2023-06-01,159.87,163.01,158.23,161.63,7343700,,
2023-06-02,162.87,163.33,160.08,161.25,3318900,,
2023-06-05,160.66,160.75,157.94,158.76,2710800,,
2023-06-06,157.64,161.45,157.40,160.67,3235500,,
2023-06-07,161.52,163.79,159.86,160.22,3906300,0.217,
2023-06-08,160.69,162.26,159.86,161.86,2724900,,
2023-06-09,163.69,164.80,161.52,162.29,2519400,,
2023-06-12,164.19,167.67,163.99,167.51,2638500,,
2023-06-13,170.21,170.86,167.83,169.76,4164300,,
2023-06-14,169.12,172.25,168.14,172.17,8500500,,
2023-06-15,170.18,172.00,169.52,170.74,6561300,,
2023-06-16,172.46,172.48,168.92,169.17,4956300,,
2023-06-20,168.39,169.87,166.32,167.80,2024400,,
2023-06-21,166.74,167.58,163.52,163.71,4128300,,
2023-06-22,162.59,165.15,162.37,164.47,3656400,,
2023-06-23,161.82,162.60,160.84,161.57,2057400,,
2023-06-26,162.71,165.20,162.09,162.10,2434800,,
2023-06-27,162.67,168.04,162.05,167.76,2763600,,
2023-06-28,165.05,167.88,164.87,166.47,2912400,,
2023-06-29,167.14,167.26,165.13,166.51,1674600,,
2023-06-30,168.35,169.76,167.75,169.09,1618200,,
2023-07-03,169.86,171.00,168.72,170.59,809400,,
2023-07-05,169.45,169.80,166.77,166.82,2821800,,
2023-07-06,163.99,164.99,162.64,164.72,3454200,,
2023-07-07,165.03,167.41,164.52,164.79,1824300,,
2023-07-10,165.30,168.36,165.14,168.22,1833600,,
2023-07-11,168.80,169.11,165.80,168.22,2370300,,
2023-07-12,170.66,171.67,169.69,171.36,4269300,,
2023-07-13,173.17,175.29,172.51,174.90,2791200,,
2023-07-14,174.92,176.48,172.00,172.71,5124900,,
2023-07-17,172.77,177.72,171.71,176.84,2926200,,
2023-07-18,176.08,177.75,174.70,177.17,2669400,,
2023-07-19,177.40,177.53,174.63,175.07,2483400,,
2023-07-20,171.94,172.54,167.93,168.70,5085600,,
2023-07-21,170.54,171.81,169.27,170.22,2527800,,
2023-07-24,170.22,171.43,169.33,170.22,1544400,,
2023-07-25,171.20,174.11,171.20,173.08,1869300,,
2023-07-26,170.92,172.13,168.82,170.69,2618700,,
2023-07-27,175.13,177.54,172.93,173.90,3826500,,
2023-07-28,177.21,178.30,175.48,177.70,2821500,,
2023-07-31,178.35,178.96,177.33,178.43,1628400,,
2023-08-01,176.80,178.92,176.25,178.55,1343400,,
2023-08-02,176.28,176.33,170.69,171.71,4657800,,
2023-08-03,169.66,172.51,169.02,171.27,4354800,,
2023-08-04,170.65,173.38,169.12,171.00,4139400,,
2023-08-07,172.23,173.02,171.19,172.80,2262900,,
2023-08-08,170.10,170.25,167.77,170.05,2767500,,
2023-08-09,169.94,170.00,166.60,166.93,3228000,,
2023-08-10,168.27,170.05,165.13,166.26,3831600,,
2023-08-11,164.22,164.33,161.94,162.23,3882000,,
2023-08-14,161.61,166.95,161.05,166.91,3127200,,
2023-08-15,166.05,166.58,163.93,164.12,2276700,,
2023-08-16,163.95,164.11,160.82,160.95,2840100,,
2023-08-17,161.25,161.61,158.87,159.37,2624400,,
2023-08-18,157.64,160.80,157.31,160.23,2315700,,
2023-08-21,160.99,165.08,160.73,164.83,2757900,,
2023-08-22,166.85,167.05,162.82,163.38,2055300,,
2023-08-23,162.44,167.31,162.25,166.72,3027300,,
2023-08-24,169.87,169.96,160.84,161.21,4848600,,
2023-08-25,161.17,163.29,158.67,161.90,3435900,,
2023-08-28,163.50,164.41,162.28,163.95,1689300,,
2023-08-29,163.13,168.81,162.90,168.26,2730000,,
2023-08-30,167.76,169.75,166.56,169.05,3073800,,
2023-08-31,168.44,171.20,168.44,170.22,2109000,,
2023-09-01,171.36,171.75,169.43,170.67,1891200,,
2023-09-05,170.06,171.95,169.15,170.61,1871100,,
2023-09-06,170.13,171.26,167.47,169.38,2008200,,
2023-09-07,165.49,165.97,163.41,165.50,3877500,,
2023-09-08,165.15,166.35,163.96,164.64,1333800,,
2023-09-11,166.71,166.74,162.33,164.55,1422900,,
2023-09-12,163.46,165.94,163.04,163.15,1720500,,
2023-09-13,163.11,165.65,162.93,163.99,2927700,,
2023-09-14,165.58,165.86,163.60,165.16,2022000,,
2023-09-15,164.18,164.18,159.58,160.40,2901000,,
2023-09-18,159.17,161.53,158.84,160.94,1722600,,
2023-09-19,160.46,160.55,158.74,159.59,1553700,,
2023-09-20,160.31,160.99,156.91,156.97,2122800,,
2023-09-21,155.09,156.08,154.00,154.07,2532900,,
2023-09-22,155.54,156.90,154.74,155.35,2395500,,
2023-09-25,154.63,156.63,153.91,156.49,1587600,,
2023-09-26,154.67,155.06,152.42,153.10,2349000,0.555333,
2023-09-27,154.36,155.62,152.16,154.45,2727300,,
2023-09-28,154.13,158.97,153.50,157.31,3674400,,
2023-09-29,159.59,160.17,157.40,157.88,2802600,,
2023-10-02,158.23,159.93,156.76,158.68,2466600,,
2023-10-03,157.20,159.41,154.30,155.40,2685900,,
2023-10-04,156.15,157.93,155.01,157.46,3280200,,
2023-10-05,157.50,158.11,155.25,156.70,1902300,,
2023-10-06,155.89,160.84,154.86,160.06,3818700,,
2023-10-09,158.39,160.11,157.17,159.66,2082000,,
2023-10-10,160.16,163.15,159.50,161.71,1863300,,
2023-10-11,162.26,163.26,160.99,162.93,2983200,,
2023-10-12,163.20,165.69,161.77,163.34,3051600,,
2023-10-13,163.67,163.86,158.59,158.90,2544900,,
2023-10-16,159.43,161.74,159.28,161.15,1732500,,
2023-10-17,157.93,161.11,156.11,159.97,2450100,,
2023-10-18,157.24,158.43,156.26,157.09,2865900,,
2023-10-19,158.52,158.94,154.11,154.67,4398300,,
2023-10-20,154.66,155.75,152.15,152.43,3013200,,
2023-10-23,151.53,154.17,149.92,151.56,2846100,,
2023-10-24,152.49,153.92,151.77,153.62,2233500,,
2023-10-25,151.59,152.10,146.64,147.41,3244200,,
2023-10-26,148.06,149.80,145.87,146.53,4508100,,
2023-10-27,148.61,149.51,147.43,148.11,2436900,,
2023-10-30,147.05,148.00,144.54,146.13,2743200,,
2023-10-31,146.25,147.84,144.40,147.46,1911600,,
2023-11-01,147.48,151.07,147.48,150.93,3542100,,
2023-11-02,153.93,155.47,152.35,154.36,2726700,,
2023-11-03,156.07,159.57,155.78,158.42,2326800,,
2023-11-06,158.68,159.12,156.63,158.13,1740000,,
2023-11-07,157.78,159.83,157.54,159.13,1556400,,
2023-11-08,159.28,160.04,158.19,159.29,2233800,,
2023-11-09,160.33,162.24,158.21,158.53,2383200,,
2023-11-10,160.52,165.44,159.85,164.92,2229000,,
2023-11-13,163.63,163.88,162.25,163.32,1956000,,
2023-11-14,167.45,169.86,167.16,169.36,2765100,,
2023-11-15,170.41,171.86,169.30,170.59,5104800,,
2023-11-16,169.87,171.18,169.30,170.67,2275500,,
2023-11-17,170.14,172.20,169.86,171.87,1815300,,
2023-11-20,171.68,175.00,171.63,174.40,1482000,,
2023-11-21,172.97,172.97,170.26,171.14,3018600,,
2023-11-22,172.29,174.40,171.21,171.69,2044200,,
2023-11-24,171.68,172.01,171.08,171.81,516600,,
2023-11-27,171.18,173.03,170.75,171.57,1816800,,
2023-11-28,170.59,171.47,169.20,170.57,1852200,,
2023-11-29,172.99,175.01,172.13,172.42,3665700,,
2023-11-30,172.69,172.86,169.84,171.22,2419500,,
2023-12-01,170.33,172.34,169.00,172.02,1719600,,
2023-12-04,170.27,170.44,167.64,170.09,1810500,,
2023-12-05,168.46,169.58,167.72,169.13,2568300,,
2023-12-06,171.58,171.68,167.89,168.08,2683500,,
2023-12-07,169.67,173.12,168.99,172.59,1916700,,
2023-12-08,172.18,174.71,172.11,173.95,4207200,,
2023-12-11,175.58,180.45,175.40,179.89,3977100,,
2023-12-12,178.98,181.21,178.66,181.18,2226600,,
2023-12-13,181.21,185.02,180.54,183.97,5724900,,
2023-12-14,185.46,189.61,185.46,189.07,3372300,,
2023-12-15,189.63,191.91,189.37,189.78,3956100,,
2023-12-18,189.77,190.09,187.53,189.25,2272200,,
2023-12-19,189.52,190.64,189.28,190.26,1910100,,
2023-12-20,188.47,189.56,184.26,184.26,3355800,0.374333,
2023-12-21,188.24,189.70,187.36,189.36,2589300,,
2023-12-22,190.26,191.10,188.61,189.96,2363400,,
2023-12-26,190.83,194.09,190.83,193.32,1906500,,
2023-12-27,194.20,194.53,192.75,193.82,1877400,,
2023-12-28,194.27,194.64,193.20,193.45,1053000,,
2023-12-29,193.49,193.88,191.00,192.03,1452300,,
2024-01-02,188.78,188.78,183.54,185.12,3256800,,
2024-01-03,181.84,182.87,180.42,181.14,4069800,,
2024-01-04,178.28,181.44,177.88,179.62,3737100,,
2024-01-05,179.95,182.20,179.39,180.61,3888900,,
2024-01-08,181.86,186.98,181.81,186.50,3202200,,
2024-01-09,184.39,187.99,184.12,186.56,2944200,,
2024-01-10,186.98,187.02,183.58,185.93,2821800,,
2024-01-11,186.20,187.83,182.97,186.62,3692100,,
2024-01-12,186.87,187.78,184.90,185.80,2277000,,
2024-01-16,186.03,189.70,185.07,188.43,4151400,,
2024-01-17,186.51,186.92,183.54,186.70,4971000,,
2024-01-18,191.89,193.12,189.81,192.87,3552000,,
2024-01-19,195.30,200.67,194.30,200.41,5326800,,
2024-01-22,202.07,203.69,199.22,201.07,5288400,,
2024-01-23,201.14,202.64,199.23,202.40,3282000,,
2024-01-24,204.74,208.08,203.13,205.35,6283800,,
2024-01-25,209.13,209.26,203.74,204.78,3916800,,
2024-01-26,200.59,201.95,198.57,199.26,5781300,,
2024-01-29,199.65,201.33,198.19,201.33,3467400,,
2024-01-30,200.13,201.35,197.39,198.22,3059100,,
2024-01-31,195.14,198.92,193.61,195.35,6573600,,
2024-02-01,196.14,196.80,193.75,196.32,3464100,,
2024-02-02,196.31,199.28,195.78,198.82,4801200,,
2024-02-05,200.52,202.54,198.31,201.54,4735200,,
2024-02-06,202.11,202.27,196.95,199.19,3624000,,
2024-02-07,200.60,202.43,198.51,202.24,4839300,,
2024-02-08,202.87,207.20,202.80,205.71,2760900,,
2024-02-09,206.97,210.14,205.75,209.81,3518700,,
2024-02-12,209.83,213.31,208.59,209.43,4299900,,
2024-02-13,203.36,207.35,202.37,205.13,6551400,,
2024-02-14,207.76,209.87,206.85,209.76,3236400,,
2024-02-15,211.12,211.38,208.63,209.56,2845500,,
2024-02-16,211.13,212.75,207.76,208.37,4103100,,
2024-02-20,206.42,207.16,201.71,204.87,5547600,,
2024-02-21,202.55,204.45,201.48,204.40,4471500,,
2024-02-22,212.44,215.63,211.50,214.47,6676500,,
2024-02-23,215.55,216.66,211.03,212.16,5105100,,
2024-02-26,214.30,215.21,212.76,214.25,3759000,,
2024-02-27,215.28,215.83,213.48,214.04,4560900,,
2024-02-28,211.67,212.76,210.64,211.63,2923800,,
2024-02-29,214.25,217.80,213.58,217.36,3382800,,
2024-03-01,219.88,227.59,219.63,226.61,6123000,,
2024-03-04,229.13,231.34,227.58,228.84,7328400,,
2024-03-05,226.07,227.64,221.89,224.35,7260000,,
2024-03-06,229.03,232.28,227.31,229.87,5531700,,
2024-03-07,232.79,238.71,232.65,237.75,4799600,,3
2024-03-08,238.55,240.01,227.97,228.13,10483000,,
2024-03-11,225.50,226.79,222.52,225.10,4499800,,
2024-03-12,227.98,229.89,223.99,229.77,3598400,,
2024-03-13,227.05,227.37,222.81,224.17,3264600,,
2024-03-14,223.57,224.84,218.12,220.34,4662100,,
2024-03-15,217.40,221.37,217.10,218.76,4105300,,
2024-03-18,222.50,223.34,218.37,218.59,3143300,,
2024-03-19,215.75,217.69,212.65,216.76,3558700,,
2024-03-20,217.28,221.03,215.53,220.45,3386600,,
2024-03-21,227.37,229.28,224.76,225.18,4059800,0.225,
2024-03-22,224.16,227.10,223.45,225.45,2658900,,
2024-03-25,222.25,226.61,221.71,224.57,2283500,,
2024-03-26,226.19,226.88,222.83,222.88,4414200,,
2024-03-27,225.39,225.76,221.40,225.68,4161700,,
2024-03-28,225.42,227.00,224.91,225.92,1794300,,
2024-04-01,226.06,231.45,226.06,228.30,3000900,,
2024-04-02,224.54,225.26,222.40,224.78,2383500,,
2024-04-03,222.17,226.99,222.14,225.41,1860600,,
2024-04-04,228.51,229.17,218.56,219.03,3744000,,
2024-04-05,220.00,223.00,218.58,221.63,2428300,,
2024-04-08,222.94,224.11,221.31,222.20,1866900,,
2024-04-09,224.44,225.30,220.76,224.59,3170100,,
2024-04-10,220.84,223.43,219.23,220.49,3610500,,
2024-04-11,221.88,225.87,220.06,225.47,2455300,,
2024-04-12,221.49,221.76,217.64,218.07,3210400,,
2024-04-15,221.05,221.86,214.24,215.31,3170800,,
2024-04-16,215.40,218.00,214.51,216.94,2452300,,
2024-04-17,217.10,217.44,209.90,210.36,4798600,,
2024-04-18,208.86,210.23,205.97,206.63,5372700,,
2024-04-19,204.80,206.12,197.43,198.39,6406600,,
2024-04-22,200.44,203.11,198.02,201.66,4493800,,
2024-04-23,203.05,206.86,202.50,205.87,3645400,,
2024-04-24,211.38,212.50,206.74,208.54,4077600,,
2024-04-25,208.04,213.83,206.93,212.41,3902900,,
2024-04-26,212.15,217.82,211.66,216.90,3812600,,
2024-04-29,216.52,218.76,214.97,218.55,3247300,,
2024-04-30,217.60,220.00,213.93,213.99,3583500,,
2024-05-01,210.01,213.84,205.59,206.76,7023200,,
2024-05-02,210.30,212.16,206.52,211.41,3955500,,
2024-05-03,215.85,217.41,214.48,216.17,3467100,,
2024-05-06,218.01,220.68,217.16,220.66,2441500,,
2024-05-07,220.98,221.57,218.71,218.71,2859500,,
2024-05-08,216.60,219.13,216.37,218.92,3212000,,
2024-05-09,218.93,219.34,217.06,218.10,1874300,,
2024-05-10,220.49,222.42,219.27,220.24,3079200,,
2024-05-13,221.20,222.08,220.33,220.70,1843200,,
2024-05-14,220.53,224.56,220.32,224.37,2149400,,
2024-05-15,226.75,230.82,225.50,230.67,3106200,,
2024-05-16,230.62,232.44,229.46,229.54,2878400,,
2024-05-17,231.00,231.40,226.42,228.24,1806100,,
2024-05-20,229.27,234.72,228.85,233.26,2555300,,
2024-05-21,230.18,232.89,230.07,232.51,2178700,,
2024-05-22,234.67,235.85,232.81,235.24,3488500,,
2024-05-23,240.83,240.92,232.16,233.92,4704800,,
2024-05-24,236.04,239.35,235.00,238.56,2450100,,
2024-05-28,241.35,243.63,238.85,242.59,2824200,,
2024-05-29,238.13,239.18,237.26,237.58,2061100,,
2024-05-30,237.65,238.33,234.69,235.93,1536800,,
2024-05-31,236.78,237.36,227.50,234.01,2991000,,
2024-06-03,237.80,237.95,230.20,234.39,1815900,,
2024-06-04,234.00,234.36,230.79,232.56,2246900,,
2024-06-05,236.70,242.89,235.86,242.73,3749400,,
2024-06-06,242.97,242.97,238.94,240.74,2261300,,
2024-06-07,240.84,241.55,238.35,240.02,2052600,,
2024-06-10,238.16,244.17,237.83,243.48,1824300,,
2024-06-11,241.90,243.71,239.50,243.37,1662100,0.31,
2024-06-12,247.70,251.16,247.17,250.23,3101600,,
2024-06-13,252.06,254.08,249.51,252.95,3469400,,
2024-06-14,250.80,252.78,249.73,252.04,2567600,,
2024-06-17,253.73,256.50,250.62,256.02,3057900,,
2024-06-18,257.00,260.65,256.49,259.28,3071500,,
2024-06-20,259.66,260.12,250.82,252.24,3921500,,
2024-06-21,250.14,252.69,246.94,249.78,3156800,,
2024-06-24,247.53,249.04,242.52,242.65,3958300,,
2024-06-25,244.60,246.52,241.79,246.38,2551800,,
2024-06-26,246.21,247.66,242.71,245.42,1933800,,
2024-06-27,244.94,246.75,242.70,244.16,2363600,,
2024-06-28,245.85,251.46,244.67,246.63,3851300,,
2024-07-01,246.49,246.91,241.97,246.62,2330400,,
2024-07-02,245.20,250.17,245.00,250.09,1617400,,
2024-07-03,250.72,255.58,249.38,254.26,1392200,,
2024-07-05,256.28,256.83,253.28,254.76,1823900,,
2024-07-08,256.71,259.90,256.69,259.59,2295500,,
2024-07-09,260.75,262.08,257.13,259.47,2374700,,
2024-07-10,261.87,266.00,260.58,265.49,3075800,,
2024-07-11,267.15,267.24,255.97,256.76,4689600,,
2024-07-12,257.84,264.42,256.56,259.89,2929500,,
2024-07-15,261.35,263.63,258.59,260.18,3202200,,
2024-07-16,261.53,262.14,257.59,261.79,2595100,,
2024-07-17,252.75,253.66,242.78,243.17,9101600,,
2024-07-18,247.41,247.52,239.65,243.90,5274000,,
2024-07-19,243.56,243.70,236.04,236.44,4983500,,
2024-07-22,241.52,246.44,239.50,246.24,4941700,,
2024-07-23,242.89,245.08,241.84,242.57,2418700,,
2024-07-24,239.26,239.89,229.35,229.67,5738900,,
2024-07-25,227.71,232.06,220.63,224.55,8437600,,
2024-07-26,229.67,231.21,226.91,229.37,3805500,,
2024-07-29,231.60,234.83,228.03,228.89,2926800,,
2024-07-30,230.00,230.56,219.82,220.58,8083500,,
2024-07-31,230.72,235.60,228.97,235.38,7494100,,
2024-08-01,231.40,233.21,215.59,218.42,8576300,,
2024-08-02,209.06,211.45,204.21,206.81,13105400,,
2024-08-05,193.09,208.68,192.87,203.16,9247100,,
2024-08-06,205.06,210.48,201.74,205.00,6602300,,
2024-08-07,211.50,213.18,198.85,199.29,5292500,,
2024-08-08,205.47,213.26,201.24,213.04,6243200,,
2024-08-09,211.49,213.68,208.75,211.78,3454500,,
2024-08-12,212.10,215.55,210.30,213.00,4365200,,
2024-08-13,215.99,221.98,214.67,221.65,4525400,,
2024-08-14,223.65,224.54,217.49,221.09,3769900,,
2024-08-15,226.07,232.62,225.04,231.72,4332100,,
2024-08-16,229.59,232.22,228.03,231.23,3966100,,
2024-08-19,230.33,235.20,227.66,235.16,2197800,,
2024-08-20,233.95,235.55,230.27,232.05,2587700,,
2024-08-21,233.21,236.51,232.64,235.34,1832200,,
2024-08-22,236.70,237.50,226.62,227.30,2969600,,
2024-08-23,230.92,235.00,229.70,233.39,3452900,,
2024-08-26,232.47,233.21,226.70,227.53,2148200,,
2024-08-27,225.88,230.81,223.81,230.05,2024700,,
2024-08-28,229.09,230.70,223.62,225.90,3480000,,
2024-08-29,227.10,231.02,224.21,225.25,4084600,,
2024-08-30,230.56,231.75,227.28,231.14,3249700,,
2024-09-03,226.80,226.83,212.28,213.50,7214300,,
2024-09-04,211.11,217.49,210.52,214.20,4435800,,
2024-09-05,211.20,216.38,210.86,213.05,3988300,,
2024-09-06,211.45,211.61,202.86,203.93,5596300,,
2024-09-09,207.24,208.68,204.56,207.96,4078600,,
2024-09-10,208.34,210.38,204.96,210.15,2390600,,
2024-09-11,211.59,220.34,207.17,219.91,6521400,,
2024-09-12,218.70,220.97,215.63,218.94,4739100,,
2024-09-13,220.85,223.45,220.32,222.85,5268000,,
2024-09-16,219.67,221.00,217.04,219.88,2469800,,
2024-09-17,222.65,223.17,218.23,220.15,2304100,,
2024-09-18,221.18,224.21,217.50,217.72,4671900,,
2024-09-19,225.97,230.06,224.16,226.99,4624700,,
2024-09-20,224.71,225.57,220.44,223.67,4550800,,
2024-09-23,224.75,225.55,222.95,224.54,2454200,,
2024-09-24,226.55,228.63,223.97,227.26,4314700,,
2024-09-25,225.98,229.77,225.85,228.27,2191200,0.552,
2024-09-26,237.72,238.38,230.29,236.43,5537400,,
2024-09-27,237.15,237.18,231.47,232.68,2303600,,
2024-09-30,229.79,232.11,227.30,230.59,2693300,,
2024-10-01,230.50,231.20,222.33,224.13,3926500,,
2024-10-02,224.57,229.65,223.26,227.15,1762100,,
2024-10-03,225.36,230.83,225.21,227.96,2110700,,
2024-10-04,232.49,232.88,228.39,231.08,2685000,,
2024-10-07,229.60,232.26,228.78,230.45,2006800,,
2024-10-08,230.45,233.54,228.94,232.72,2508500,,
2024-10-09,232.49,235.48,230.88,235.15,2019100,,
2024-10-10,231.99,234.79,230.65,233.50,1886400,,
2024-10-11,231.79,236.19,231.67,235.46,4572900,,
2024-10-14,236.96,240.29,236.81,239.80,2142500,,
2024-10-15,239.24,240.47,225.72,227.36,6421200,,
2024-10-16,230.12,230.12,226.41,227.36,3776600,,
2024-10-17,233.30,233.87,229.15,229.15,2407800,,
2024-10-18,231.30,231.31,228.42,229.36,1643700,,
2024-10-21,228.44,229.54,225.98,228.93,2034300,,
2024-10-22,227.68,228.81,226.28,228.08,2476400,,
2024-10-23,227.65,228.51,222.87,226.04,2260000,,
2024-10-24,228.07,228.21,225.58,227.30,2247900,,
2024-10-25,229.45,233.07,229.37,229.58,2209600,,
2024-10-28,229.50,231.31,228.37,229.72,1508500,,
2024-10-29,229.92,236.46,228.86,235.37,3135000,,
2024-10-30,229.29,230.74,226.98,227.07,4324400,,
2024-10-31,224.90,224.99,216.56,218.26,6120800,,
2024-11-01,220.02,222.76,219.31,220.58,2130100,,
2024-11-04,219.93,222.46,218.50,219.31,1727700,,
2024-11-05,219.41,222.07,219.14,221.87,2273700,,
2024-11-06,226.36,229.17,224.31,228.34,3644000,,
2024-11-07,231.83,233.41,231.32,233.10,3154600,,
2024-11-08,231.83,233.19,230.14,231.36,1769200,,
2024-11-11,229.18,229.18,222.78,225.57,4250400,,
2024-11-12,224.78,225.15,220.15,223.11,3259700,,
2024-11-13,221.50,222.13,217.97,218.37,3057500,,
2024-11-14,220.50,221.37,217.84,218.24,2523600,,
2024-11-15,214.57,215.67,210.59,211.21,4748200,,
2024-11-18,211.15,214.33,210.24,213.94,2422300,,
2024-11-19,213.33,214.81,212.47,214.35,2363400,,
2024-11-20,213.07,213.68,209.65,212.71,3995000,,
2024-11-21,215.05,217.26,210.90,216.08,4245400,,
2024-11-22,215.62,216.70,214.56,216.17,2672600,,
2024-11-25,218.97,220.30,216.88,218.28,2787700,,
2024-11-26,220.00,220.59,213.77,215.45,2783900,,
2024-11-27,214.25,214.41,208.89,212.56,3122300,,
2024-11-29,214.12,218.02,214.08,215.40,2505300,,
2024-12-02,216.70,222.47,216.52,221.06,3707000,,
2024-12-03,219.65,221.06,219.02,219.81,1914900,,
2024-12-04,224.15,224.32,221.14,222.72,2681200,,
2024-12-05,222.33,222.66,217.89,218.51,2422000,,
2024-12-06,218.60,220.38,218.00,219.83,1822900,,
2024-12-09,218.50,221.54,217.38,218.77,1574800,,
2024-12-10,219.43,219.58,212.19,213.57,2566600,,
2024-12-11,216.73,220.23,215.40,218.94,3233900,,
2024-12-12,217.39,218.18,215.46,217.24,2680200,,
2024-12-13,222.30,224.66,220.01,223.30,3720600,,
2024-12-16,224.01,228.58,222.39,227.44,4774000,,
2024-12-17,224.84,226.18,222.56,223.87,2397300,0.358,
2024-12-18,225.35,227.16,213.95,215.59,4426000,,
2024-12-19,216.09,216.56,211.45,211.97,3255700,,
2024-12-20,210.81,217.78,210.30,214.82,4681100,,
2024-12-23,216.47,221.60,216.47,221.32,3044300,,
2024-12-24,222.78,223.68,221.35,223.60,1252300,,
2024-12-26,221.98,224.95,221.69,223.53,1303500,,
2024-12-27,222.19,222.72,218.85,221.64,1933000,,
2024-12-30,217.84,219.31,215.67,217.28,2566900,,
2024-12-31,217.93,218.82,214.64,215.49,1354500,,
2025-01-02,217.68,220.22,214.96,216.82,2409100,,
2025-01-03,218.25,223.04,217.96,222.47,2623200,,
2025-01-06,227.26,231.80,227.26,228.91,4176500,,
2025-01-07,231.70,231.89,224.56,225.79,3694800,,
2025-01-08,225.05,225.46,221.11,223.54,3141400,,
2025-01-10,220.74,220.88,216.78,218.20,4038000,,
2025-01-13,213.85,217.84,213.66,217.53,2310000,,
2025-01-14,219.35,220.75,216.12,218.96,1492800,,
2025-01-15,222.48,224.65,221.67,223.21,2900200,,
2025-01-16,227.25,227.79,223.53,223.54,3029500,,
2025-01-17,228.58,230.32,227.36,229.74,3785500,,
2025-01-21,231.81,234.58,229.80,232.45,3201500,,
2025-01-22,234.83,238.34,234.32,235.81,3461100,,
2025-01-23,232.03,235.38,231.18,235.37,2567100,,
2025-01-24,235.48,235.48,229.71,230.64,2229900,,
2025-01-27,219.00,219.61,209.74,212.55,16943600,,
2025-01-28,213.62,214.77,208.98,213.50,9118300,,
2025-01-29,215.56,216.18,212.15,214.38,2430800,,
2025-01-30,217.01,219.99,215.76,218.74,4653800,,
2025-01-31,219.99,224.29,217.47,218.13,3867800,,
2025-02-03,212.39,216.85,210.96,214.20,3646800,,
2025-02-04,213.72,217.27,213.43,216.40,3742300,,
2025-02-05,215.83,221.04,214.48,220.59,2200500,,
2025-02-06,219.05,220.70,217.88,220.30,3111700,,
2025-02-07,220.81,222.08,215.39,216.87,3297400,,
2025-02-10,218.45,220.25,218.42,219.70,2698600,,
2025-02-11,217.89,221.17,217.89,219.90,1549700,,
2025-02-12,216.44,220.22,215.95,220.14,2017500,,
2025-02-13,219.95,222.99,219.89,222.84,2546800,,
2025-02-14,222.82,223.77,221.92,223.07,1566200,,
2025-02-18,224.70,227.47,223.47,226.76,3605000,,
2025-02-19,227.15,231.62,226.26,230.53,2635700,,
2025-02-20,232.00,233.44,228.75,231.07,2642300,,
2025-02-21,231.76,231.85,223.13,223.98,2947000,,
2025-02-24,224.97,225.34,218.54,218.72,3372800,,
2025-02-25,218.45,219.22,213.58,214.21,3514200,,
2025-02-26,216.95,219.80,215.58,217.94,2562600,,
2025-02-27,219.18,219.50,204.92,205.25,4349100,,
2025-02-28,205.37,210.05,203.12,208.52,3722100,,
2025-03-03,211.51,211.65,199.32,201.15,5067800,,
2025-03-04,200.80,207.62,196.70,202.27,5487900,,
2025-03-05,204.54,207.29,200.57,206.63,3312100,,
2025-03-06,199.58,203.72,197.33,198.04,5088700,,
2025-03-07,198.80,204.54,196.48,203.85,3713300,,
2025-03-10,198.82,200.28,191.56,194.42,5410800,,
2025-03-11,194.52,196.31,189.11,192.12,3776600,,
2025-03-12,196.70,198.69,194.32,196.08,3143000,,
2025-03-13,196.07,199.24,193.18,195.10,2504200,,
2025-03-14,198.50,201.71,198.32,201.12,3696800,,
2025-03-17,200.31,206.26,200.21,204.44,2743100,,
2025-03-18,202.11,203.05,200.18,201.47,2470800,0.261,
2025-03-19,201.50,206.43,200.00,203.11,2330800,,
2025-03-20,200.52,203.72,200.36,201.49,2265900,,
2025-03-21,197.94,200.14,196.37,199.38,2873400,,
2025-03-24,203.57,206.66,203.33,205.30,3947000,,
2025-03-25,205.05,205.71,203.56,204.19,1419100,,
2025-03-26,203.22,204.06,196.44,198.47,3595300,,
2025-03-27,195.87,197.04,193.38,194.56,3545900,,
2025-03-28,193.29,194.24,187.44,188.68,4122300,,
2025-03-31,184.70,188.30,182.12,188.17,3843000,,
2025-04-01,187.45,188.34,183.80,188.27,3108800,,
2025-04-02,185.39,192.02,184.73,189.48,2784800,,
2025-04-03,179.75,181.14,169.99,170.36,9982600,,
2025-04-04,163.92,165.77,154.61,157.63,13988400,,
2025-04-07,152.03,170.42,148.31,161.27,18686500,,
2025-04-08,167.64,169.85,151.11,154.86,11023300,,
2025-04-09,156.10,185.56,154.94,183.62,23539500,,
2025-04-10,174.56,175.65,162.39,168.61,14499000,,
2025-04-11,166.98,173.11,164.42,172.26,9890900,,
2025-04-14,177.55,177.55,170.79,173.40,5657400,,
2025-04-15,174.32,176.63,173.25,174.11,3201100,,
2025-04-16,166.33,169.58,161.83,167.39,10205000,,
2025-04-17,168.57,168.75,164.81,166.55,4921000,,
2025-04-21,163.14,163.90,160.26,163.64,4769700,,
2025-04-22,165.23,168.02,164.62,166.82,4996000,,
2025-04-23,175.25,177.14,172.35,173.07,7323800,,
2025-04-24,177.80,183.56,176.54,183.03,6873400,,
2025-04-25,181.20,186.12,180.66,184.81,4224900,,
2025-04-28,183.89,185.76,180.44,184.48,2875400,,
2025-04-29,182.24,184.54,181.25,182.51,3527000,,
2025-04-30,178.00,184.38,176.77,183.84,3580500,,
2025-05-01,186.00,187.35,183.47,183.59,3997600,,
2025-05-02,187.95,191.87,187.83,190.03,4581400,,
2025-05-05,188.19,190.46,187.93,188.57,3323200,,
2025-05-06,185.26,188.25,184.27,186.77,2844600,,
2025-05-07,186.58,190.58,184.81,190.04,3001100,,
2025-05-08,192.51,195.04,190.47,191.74,3457700,,
2025-05-09,194.48,195.63,192.28,193.94,2808500,,
2025-05-12,206.80,209.39,204.99,207.87,10675600,,
2025-05-13,208.70,214.82,208.41,213.76,5693600,,
2025-05-14,215.21,216.70,213.21,214.79,4162800,,
2025-05-15,212.69,215.00,210.91,213.41,4216900,,
2025-05-16,213.56,213.56,210.68,213.13,2521500,,
2025-05-19,208.22,212.39,208.17,211.85,5334700,,
2025-05-20,210.04,211.62,209.41,211.54,2968000,,
2025-05-21,209.75,213.90,206.35,207.67,5007700,,
2025-05-22,207.53,209.47,205.58,205.75,5397300,,
2025-05-23,200.47,203.66,199.93,202.56,9527500,,
2025-05-27,206.96,210.23,205.27,209.29,6057600,,
2025-05-28,209.84,210.46,207.75,208.24,6769200,,
2025-05-29,213.03,213.17,207.75,209.09,8600400,,
2025-05-30,207.82,207.87,201.12,204.94,10781000,,
2025-06-02,204.42,208.83,204.29,208.03,6034900,,
2025-06-03,208.15,214.14,206.71,213.62,8905100,,
2025-06-04,215.39,217.62,213.54,216.80,7339500,,
2025-06-05,218.47,220.28,214.41,215.89,10941600,,
2025-06-06,218.00,220.23,217.21,217.34,7582100,,
2025-06-09,219.33,224.41,219.13,222.46,7712000,,
2025-06-10,223.54,228.08,222.99,227.32,7676200,,
2025-06-11,228.90,229.80,224.27,226.56,10405600,,
2025-06-12,224.94,228.00,224.60,226.87,5149200,,
2025-06-13,221.99,224.58,220.30,220.96,10484600,,
2025-06-16,223.59,228.58,223.24,227.44,5772500,0.483,
2025-06-17,226.45,229.64,225.48,225.64,7290000,,
2025-06-18,226.85,229.19,225.10,226.56,6657600,,
2025-06-20,228.79,229.08,222.16,225.11,8202300,,
2025-06-23,225.02,227.89,221.86,226.51,7115100,,
2025-06-24,230.57,235.36,230.46,235.10,7017500,,
2025-06-25,236.66,237.24,234.80,237.21,5252500,,
2025-06-26,239.04,239.65,237.18,239.07,4350100,,
2025-06-27,239.31,241.23,236.37,238.86,4520500,,
2025-06-30,240.17,240.17,237.56,238.70,4925300,,
2025-07-01,236.70,239.18,234.08,237.62,10892900,,
2025-07-02,237.09,243.12,237.00,242.14,5979000,,
2025-07-03,243.15,244.20,242.70,243.34,3069400,,
2025-07-07,241.29,242.13,237.75,238.78,4859200,,
2025-07-08,241.06,245.40,240.11,243.34,7276200,,
2025-07-09,244.01,246.53,241.88,244.12,4415300,,
2025-07-10,246.42,247.52,244.27,246.55,4868500,,
2025-07-11,245.01,247.07,244.06,246.17,2649600,,
2025-07-14,244.15,244.74,240.35,243.83,5522600,,
2025-07-15,248.79,249.96,246.10,246.26,6042100,,
2025-07-16,244.28,245.67,239.22,245.59,8348900,,
2025-07-17,245.54,247.13,243.91,246.53,4801100,,
2025-07-18,247.95,248.37,244.88,246.73,3758500,,
2025-07-21,247.36,250.19,246.95,246.95,4672600,,
2025-07-22,246.04,246.50,240.69,243.54,6871000,,
2025-07-23,241.72,242.40,239.06,242.06,5952600,,
2025-07-24,241.59,242.09,239.46,241.56,4166800,,
2025-07-25,240.10,241.67,239.10,241.54,3511400,,
2025-07-28,244.21,246.00,243.91,245.75,6433000,,
2025-07-29,247.29,249.53,244.50,246.19,5299700,,
2025-07-30,248.36,249.50,245.87,247.95,5300500,,
2025-07-31,245.04,245.29,237.66,240.03,9419300,,
2025-08-01,235.51,239.61,232.33,237.24,8549000,,
2025-08-04,238.76,240.86,237.77,240.40,6189500,,
2025-08-05,241.76,242.45,235.88,238.73,5149700,,
2025-08-06,236.56,237.46,233.67,236.93,4966500,,
2025-08-07,242.04,243.37,238.89,240.84,6073400,,
2025-08-08,241.01,243.18,240.29,242.87,5301300,,
2025-08-11,243.78,246.51,241.95,242.41,4127900,,
2025-08-12,244.24,250.38,242.71,250.16,10091500,,
2025-08-13,252.13,254.10,251.04,253.88,6022400,,
2025-08-14,250.36,255.06,250.05,254.14,5315700,,
2025-08-15,252.19,252.27,247.62,248.32,6840100,,
2025-08-18,247.54,249.34,247.48,249.05,4978200,,
2025-08-19,249.07,250.04,244.72,245.15,3508000,,
2025-08-20,244.64,244.64,237.10,243.74,9423100,,
2025-08-21,242.47,244.12,241.00,242.36,4581100,,
2025-08-22,243.12,251.99,242.44,249.09,6527700,,
2025-08-25,248.85,249.63,247.27,248.51,3654200,,
2025-08-26,249.57,251.61,249.51,250.85,3762000,,
2025-08-27,249.88,251.66,248.82,251.34,4195400,,
2025-08-28,252.32,254.32,250.90,252.55,5060200,,
2025-08-29,248.94,248.94,244.17,245.32,8672600,,
2025-09-02,238.67,242.93,238.15,242.83,6659200,,
2025-09-03,243.23,243.42,239.23,241.68,5473300,,
2025-09-04,240.06,244.52,238.75,244.17,11842200,,
2025-09-05,247.85,248.50,244.13,247.05,17105500,,
2025-09-08,248.41,249.92,247.56,248.85,10290500,,
2025-09-09,249.11,249.68,247.23,249.06,9305200,,
2025-09-10,253.03,254.21,251.86,253.45,13398400,,
2025-09-11,254.81,256.51,254.62,255.19,10286200,,
2025-09-12,255.81,256.40,254.16,255.64,7144200,,
2025-09-15,255.20,257.84,254.53,257.80,7239200,,
2025-09-16,258.29,259.05,256.58,258.58,7543300,0.541,
2025-09-17,257.94,260.74,254.83,258.53,6566900,,
2025-09-18,265.06,268.98,264.14,267.57,12601600,,
2025-09-19,267.30,267.40,263.60,265.86,5839100,,
2025-09-22,266.65,270.66,266.58,269.83,5721400,,
2025-09-23,270.79,272.13,267.91,269.51,6068300,,
2025-09-24,268.74,269.76,265.61,269.10,7825500,,
2025-09-25,264.58,268.94,261.80,268.24,11157800,,
2025-09-26,268.53,269.42,265.74,268.83,7244300,,
2025-09-29,271.72,272.80,268.87,268.93,5954900,,
2025-09-30,268.85,271.45,267.76,271.12,7091800,,
2025-10-01,269.38,276.70,268.88,276.34,9339600,,
2025-10-02,281.50,282.54,279.61,281.69,7250000,,
2025-10-03,282.95,284.34,278.48,279.96,8629100,,
2025-10-06,290.99,292.51,288.35,288.36,11275000,,
2025-10-07,290.98,291.48,281.53,281.91,9952000,,
2025-10-08,282.00,291.86,281.48,291.54,9301700,,
2025-10-09,291.08,291.61,287.47,290.19,7603500,,
2025-10-10,290.82,291.63,271.46,271.99,26691200,,
2025-10-13,282.78,285.95,280.34,284.87,8703400,,
2025-10-14,278.50,284.77,277.36,279.03,8476000,,
2025-10-15,286.25,288.02,281.84,287.64,7595200,,
2025-10-16,291.08,292.26,285.94,288.98,7410400,,
2025-10-17,286.89,289.64,283.72,288.17,6261500,,
2025-10-20,290.61,295.00,290.50,292.97,5832300,,
2025-10-21,292.50,292.70,289.22,291.33,3965200,,
2025-10-22,288.11,289.83,278.46,284.13,7875300,,
2025-10-23,282.49,291.86,282.25,291.06,5374800,,
2025-10-24,296.33,298.22,295.44,295.86,4621200,,
2025-10-27,301.43,305.01,300.41,304.08,5165000,,
2025-10-28,303.46,305.97,302.38,304.45,4156400,,
2025-10-29,309.87,312.79,306.97,309.60,4503100,,
2025-10-30,307.94,311.12,305.38,305.41,4630700,,
2025-10-31,308.70,311.32,304.26,306.55,5163900,,
2025-11-03,310.40,311.75,307.13,308.38,3750800,,
2025-11-04,300.34,304.75,295.55,296.26,5288800,,
2025-11-05,297.21,309.17,296.89,305.47,4949400,,
2025-11-06,305.00,305.89,295.35,297.50,8548300,,
2025-11-07,292.64,294.45,283.59,294.38,13798600,,
2025-11-10,302.44,303.36,298.54,302.00,6030800,,
2025-11-11,299.04,300.02,294.69,295.15,5877900,,
2025-11-12,300.22,301.69,297.50,299.67,4145000,,
2025-11-13,295.94,297.13,286.45,289.38,10980600,,
2025-11-14,280.62,292.80,279.41,288.52,7142000,,
2025-11-17,286.07,291.53,280.24,283.56,8188700,,
2025-11-18,279.54,281.41,274.09,276.98,11103100,,
2025-11-19,278.14,285.14,276.82,281.61,5108100,,
2025-11-20,288.90,289.99,267.00,268.10,13398300,,
2025-11-21,268.27,274.76,260.44,270.83,15355900,,
2025-11-24,273.78,284.05,273.62,282.70,6424800,,
2025-11-25,278.96,284.34,272.76,283.58,5942800,,
2025-11-26,286.72,294.08,286.61,291.39,5818300,,
2025-11-28,293.25,296.99,291.83,296.74,3038000,,
2025-12-01,292.87,299.42,292.53,296.92,3933000,,
2025-12-02,300.45,304.84,298.69,302.84,5086900,,
2025-12-03,304.50,309.57,301.47,309.36,3867100,,
2025-12-04,307.84,308.27,304.59,306.28,4639700,,
2025-12-05,309.30,312.83,308.93,309.40,4338100,,
2025-12-08,311.93,314.08,309.87,312.76,3620900,,
2025-12-09,310.78,312.85,309.44,312.18,2775300,,
2025-12-10,312.01,317.35,310.56,316.33,5093800,,
2025-12-11,312.80,314.78,305.79,314.52,6504700,,
2025-12-12,310.80,311.60,297.96,299.48,13813600,,
2025-12-15,302.60,303.50,297.23,298.01,5241800,,
2025-12-16,296.71,298.92,293.08,296.20,5850400,0.436,
2025-12-17,297.32,298.18,284.43,285.23,10422000,,
2025-12-18,295.72,296.96,290.84,292.04,6740400,,
2025-12-19,294.67,301.69,294.50,299.81,5075000,,
2025-12-22,306.73,306.94,302.55,303.84,4019000,,
2025-12-23,302.21,305.12,301.37,304.96,2708600,,
2025-12-24,305.00,306.50,304.71,306.14,1723200,,
2025-12-26,307.40,307.54,305.29,306.04,1860900,,
2025-12-29,303.37,306.46,301.89,305.32,3620700,,
2025-12-30,306.08,307.48,304.70,304.92,2984800,,
2025-12-31,305.64,306.12,301.11,301.15,2954200,,
2026-01-02,308.56,315.81,308.56,313.69,8491300,,
2026-01-05,320.70,322.64,316.88,318.06,7923200,,
2026-01-06,322.07,329.15,322.00,328.35,7579900,,
2026-01-07,325.05,325.95,322.11,324.89,4528500,,
2026-01-08,324.19,324.19,316.40,319.58,5408300,,
2026-01-09,322.80,330.67,321.11,328.78,7323100,,
2026-01-12,325.70,331.38,325.53,330.35,5159600,,
2026-01-13,332.85,336.42,331.89,333.30,3835900,,
2026-01-14,331.03,331.99,327.18,331.90,5468900,,
2026-01-15,343.10,344.55,337.22,337.22,6531500,,
2026-01-16,343.51,345.41,340.22,342.47,5127300,,
2026-01-20,336.20,343.19,335.96,337.35,6232600,,
2026-01-21,341.84,351.33,340.30,348.14,7204200,,
2026-01-22,354.36,354.60,347.37,348.67,4662000,,
2026-01-23,346.39,348.03,342.17,344.71,4335900,,
2026-01-26,343.29,345.50,341.13,343.07,4458700,,
2026-01-27,348.16,353.20,346.65,351.08,5293600,,
2026-01-28,358.53,362.04,356.72,360.46,5364000,,
2026-01-29,361.18,363.80,347.72,361.13,8446200,,
2026-01-30,356.00,360.19,343.71,346.30,8719100,,
2026-02-02,342.37,356.11,341.90,352.69,7758000,,
2026-02-03,355.91,357.12,338.09,345.64,8371200,,
2026-02-04,342.18,345.39,323.33,330.38,15231400,,
2026-02-05,326.54,335.47,324.04,330.83,10406500,,
2026-02-06,337.40,349.56,335.87,348.51,9096100,,
2026-02-09,344.84,354.74,343.88,352.77,7091400,,
2026-02-10,353.52,355.04,348.12,351.43,6252400,,
2026-02-11,358.82,362.28,351.40,360.20,7497000,,
2026-02-12,363.46,365.38,351.05,351.50,9488000,,
2026-02-13,352.80,357.61,348.68,354.66,5963000,,
2026-02-17,349.81,357.10,345.32,354.10,4068900,,
2026-02-18,355.82,361.67,353.60,357.92,5681200,,
2026-02-19,354.18,356.32,351.77,355.84,5576400,,
2026-02-20,353.59,361.33,352.80,359.43,6013600,,
2026-02-23,357.57,360.38,352.85,356.82,6339800,,
2026-02-24,361.60,364.74,358.04,362.04,6206000,,
2026-02-25,366.20,368.82,365.51,368.00,4539900,,
2026-02-26,366.38,366.48,350.41,356.80,13329100,,
2026-02-27,349.60,354.03,348.34,352.29,6250200,,
2026-03-02,343.79,352.33,343.34,352.05,7284000,,
2026-03-03,338.09,339.31,330.89,334.78,17946100,,
2026-03-04,339.96,343.81,336.79,341.54,10649900,,
2026-03-05,338.90,343.72,330.57,337.76,7239300,,
2026-03-06,328.40,335.04,321.49,323.51,8733700,,
2026-03-09,318.31,337.17,316.22,336.37,9824600,,
2026-03-10,336.31,345.56,336.31,338.81,7471000,,
2026-03-11,340.50,345.40,340.45,342.09,6215100,,
2026-03-12,337.34,337.55,328.64,330.19,8008100,,
2026-03-13,333.88,338.40,329.79,331.32,6450800,,
2026-03-16,338.89,342.04,336.32,337.83,8018200,,
2026-03-17,340.56,341.16,336.79,340.25,4472100,0.208,
2026-03-18,340.53,343.44,338.29,338.29,6363900,,
2026-03-19,328.76,342.77,326.76,340.20,8292100,,
2026-03-20,339.71,341.25,327.94,332.51,9441300,,
2026-03-23,340.12,344.93,335.12,336.59,8151000,,
2026-03-24,333.79,343.22,333.62,341.02,5287500,,
2026-03-25,344.17,347.68,342.14,345.25,5869000,,
2026-03-26,339.45,339.89,328.52,328.85,10172400,,
2026-03-27,326.84,329.95,322.16,323.48,6334800,,
2026-03-30,326.75,327.63,307.26,309.79,13204800,,
2026-03-31,315.60,329.18,314.88,328.66,14036500,,
2026-04-01,333.49,342.65,332.35,338.54,10130800,,
2026-04-02,325.11,340.39,325.03,339.61,6521000,,
2026-04-06,341.52,345.77,339.92,344.10,3105000,,
2026-04-07,343.04,347.94,338.47,347.76,4026000,,
2026-04-08,367.89,371.15,362.13,370.40,9868700,,
2026-04-09,371.30,378.95,371.30,378.63,6036700,,
2026-04-10,382.67,389.60,382.67,386.60,5596900,,
2026-04-13,384.88,393.57,384.37,393.34,4377400,,
2026-04-14,397.84,401.44,393.51,401.24,5202600,,
2026-04-15,400.31,402.09,392.39,401.86,5570200,,
2026-04-16,400.60,407.48,397.99,405.95,4400500,,
2026-04-17,413.38,415.73,409.58,415.71,5729100,,
2026-04-20,417.43,418.86,411.79,417.55,3493500,,
2026-04-21,420.40,423.35,416.67,420.70,3676800,,
2026-04-22,427.26,432.16,422.82,431.77,6557600,,
2026-04-23,435.34,446.64,434.04,441.00,10812400,,
2026-04-24,457.59,463.87,450.97,461.60,9072000,,
2026-04-27,461.75,463.00,448.93,455.41,8924600,,
2026-04-28,437.63,446.14,431.74,438.71,11014900,,
2026-04-29,445.26,450.37,442.41,449.99,5972800,,
2026-04-30,455.70,462.14,449.34,461.44,5170200,,
2026-05-01,458.47,466.91,455.07,465.75,4155900,,
2026-05-04,467.93,469.61,457.81,462.06,5233100,,
2026-05-05,471.14,486.18,470.23,482.73,7203000,,
2026-05-06,497.96,506.94,487.86,506.87,9768600,,
2026-05-07,502.93,503.68,488.13,492.36,9913700,,
2026-05-08,504.24,520.46,502.75,520.30,7754500,,
2026-05-11,524.08,533.74,521.66,532.76,7492600,,
2026-05-12,520.85,525.15,495.71,515.99,14660600,,
2026-05-13,527.62,532.25,515.94,528.29,7346400,,
2026-05-14,526.50,533.13,522.21,530.03,5212400,,
2026-05-15,511.67,518.79,506.26,508.52,9388200,,
2026-05-18,518.02,519.96,486.92,495.87,9999000,,
2026-05-19,484.40,506.04,477.95,496.74,12217000,,
2026-05-20,507.73,520.54,506.55,520.31,9457600,,
2026-05-21,518.17,526.78,515.00,524.71,6749900,,
2026-05-22,531.88,541.89,530.17,537.33,7671100,,
2026-05-26,556.99,572.95,555.41,570.09,8926200,,
2026-05-27,584.38,584.50,551.89,563.98,11412400,,
2026-05-28,564.32,575.80,554.83,569.47,6763900,,
2026-05-29,576.44,582.23,564.60,569.08,7323900,,
2026-06-01,563.67,577.99,557.38,571.93,6999500,,
2026-06-02,585.17,605.44,581.93,605.02,7475400,,
2026-06-03,616.21,618.84,598.01,615.68,8564700,,
2026-06-04,587.64,611.26,577.54,602.72,11445300,,
2026-06-05,577.86,580.50,539.57,539.77,22377300,,
2026-06-08,569.77,581.38,560.79,571.45,12843000,,
2026-06-09,585.45,588.58,522.24,562.14,24548100,,
2026-06-10,551.66,572.51,539.38,541.51,16672200,,
2026-06-11,555.42,588.00,554.81,586.93,12295400,,
2026-06-12,584.11,602.69,578.53,596.25,9928200,,
2026-06-15,622.61,629.72,618.45,628.45,8170800,0.283,
2026-06-16,623.84,629.64,590.63,591.24,11204900,,
2026-06-17,611.56,621.99,598.95,599.73,8948400,,
2026-06-18,626.52,644.43,626.15,639.45,9666000,,
2026-06-22,653.96,655.95,643.93,655.01,7782700,,
2026-06-23,607.64,619.94,598.19,603.39,12712200,,
2026-06-24,606.19,609.69,586.66,601.50,9230700,,
2026-06-25,637.33,638.47,598.83,625.20,12713200,,
2026-06-26,601.44,605.89,588.51,589.94,11017500,,
2026-06-29,593.71,615.35,571.60,614.35,11036800,,
2026-06-30,616.15,644.94,616.15,640.76,10112600,,
2026-07-01,616.82,622.89,597.88,599.70,9983000,,
2026-07-02,601.24,608.11,554.91,566.32,16092600,,
2026-07-06,583.15,598.00,580.48,581.51,8419400,,
2026-07-07,551.93,558.06,536.12,551.69,12285700,,
2026-07-08,544.66,564.50,543.87,562.03,7195400,,
2026-07-09,589.50,594.99,579.14,581.70,10026200,,
2026-07-10,571.99,585.79,566.67,581.34,5861000,,
2026-07-13,563.58,566.65,550.26,553.61,8307000,,
2026-07-14,580.51,580.67,560.24,567.92,7372300,,
2026-07-15,575.12,575.88,538.53,555.27,10199600,,
2026-07-16,539.05,545.55,525.43,530.50,10343300,,
2026-07-17,508.55,533.19,498.54,521.81,15576800,,
2026-07-20,534.00,539.54,522.84,524.14,6533100,,
2026-07-21,549.10,555.16,540.15,552.69,10079700,,
2026-07-22,538.75,561.18,538.72,555.52,6268400,,
2026-07-23,545.50,558.09,543.79,551.24,6689500,,
2026-07-24,544.36,548.00,522.21,527.01,10952000,,
2026-07-27,532.64,534.31,500.00,516.23,13472800,,
2026-07-28,496.74,498.48,480.50,491.46,14904200,,
2026-07-29,488.65,496.06,464.08,465.00,18817200,,
2026-07-30,491.57,509.98,488.01,504.53,17477800,,
2026-07-31,527.10,532.67,501.30,504.89,13113700,,
2026-08-03,491.92,510.95,485.71,507.68,10302000,,
2026-08-04,529.31,545.39,526.57,542.21,10577900,,
