date,open,high,low,close,volume,div,split
2016-08-04,28.22,28.43,28.12,28.40,3165000,,
2016-08-05,28.65,28.85,28.63,28.79,5573000,,
2016-08-08,28.76,29.14,28.71,29.09,8731700,,
2016-08-09,29.18,29.43,29.14,29.40,6660600,,
2016-08-10,29.42,29.45,29.18,29.22,8229100,,
2016-08-11,29.14,29.37,28.80,29.14,9134000,,
2016-08-12,29.17,29.27,29.06,29.24,3481800,,
2016-08-15,29.38,29.45,29.31,29.39,3187000,,
2016-08-16,29.16,29.20,28.98,29.08,5914400,,
2016-08-17,29.00,29.00,28.74,28.98,6996800,,
2016-08-18,28.91,29.20,28.84,29.16,4254200,,
2016-08-19,28.63,28.69,28.51,28.64,6241800,,
2016-08-22,28.30,28.48,28.22,28.40,6415400,,
2016-08-23,28.60,28.69,28.46,28.50,5501800,,
2016-08-24,28.57,28.60,28.34,28.39,5391500,,
2016-08-25,28.63,28.84,28.52,28.60,6388200,,
2016-08-26,28.60,28.90,28.43,28.64,5267500,,
2016-08-29,28.58,28.77,28.56,28.70,3143900,,
2016-08-30,28.59,28.69,28.53,28.62,5001800,,
2016-08-31,28.76,28.98,28.67,28.74,4674700,,
2016-09-01,28.69,29.03,28.63,28.96,6066600,,
2016-09-02,29.10,29.21,29.03,29.14,6050200,,
2016-09-06,29.51,29.72,29.30,29.49,6433000,,
2016-09-07,30.35,30.55,29.78,29.82,14429800,,
2016-09-08,29.90,29.92,29.64,29.79,6361600,,
2016-09-09,29.30,29.33,28.55,28.59,8325600,,
2016-09-12,28.55,29.04,28.20,28.99,5844500,,
2016-09-13,28.71,28.78,28.31,28.49,6857800,,
2016-09-14,28.52,28.76,28.36,28.62,5088700,,
2016-09-15,28.61,29.27,28.61,29.18,6305100,,
2016-09-16,29.13,29.22,28.77,28.91,7329300,,
2016-09-19,29.91,30.12,29.87,29.93,7696400,,
2016-09-20,30.16,30.24,29.89,29.90,5763300,,
2016-09-21,30.09,30.56,30.05,30.50,8097200,,
2016-09-22,30.76,30.95,30.51,30.66,5329000,,
2016-09-23,30.65,30.67,30.02,30.12,7959800,,
2016-09-26,30.02,30.07,29.71,29.84,4363300,,
2016-09-27,29.80,30.43,29.65,30.40,5707200,,
2016-09-28,30.47,30.50,30.13,30.33,4125100,,
2016-09-29,30.31,30.65,30.17,30.40,5985800,,
2016-09-30,30.29,30.68,30.23,30.59,5725700,,
2016-10-03,30.64,30.81,30.57,30.72,4198500,,
2016-10-04,30.82,30.92,30.36,30.39,5104800,,
2016-10-05,30.67,30.71,30.50,30.53,6205000,,
2016-10-06,30.70,30.81,30.38,30.77,4099900,,
2016-10-07,30.88,31.21,30.65,31.18,5753400,,
2016-10-10,31.19,31.48,31.16,31.28,7810500,,
2016-10-11,30.99,30.99,30.51,30.73,10157600,,
2016-10-12,30.90,31.41,30.70,31.35,9587000,,
2016-10-13,30.93,30.93,29.52,30.53,17323000,,
2016-10-14,31.06,31.27,30.57,30.66,9822900,,
2016-10-17,30.52,30.76,30.38,30.57,7598400,,
2016-10-18,30.91,30.98,30.69,30.86,5487500,,
2016-10-19,30.95,31.04,30.66,30.98,6733000,,
2016-10-20,30.93,31.15,30.80,31.06,7329800,,
2016-10-21,30.92,31.14,30.76,31.08,3817100,,
2016-10-24,31.14,31.41,31.08,31.41,3768900,,
2016-10-25,31.40,31.62,31.38,31.55,3214700,,
2016-10-26,31.19,31.43,31.07,31.21,4121500,,
2016-10-27,31.23,31.26,30.75,30.77,6243200,,
2016-10-28,30.94,31.10,30.76,30.77,5210800,,
2016-10-31,30.93,31.13,30.84,31.10,3212300,,
2016-11-01,31.12,31.20,30.48,30.71,5815800,,
2016-11-02,30.67,30.73,30.24,30.39,5274700,,
2016-11-03,30.35,30.50,30.18,30.28,4890800,,
2016-11-04,30.21,30.45,30.02,30.24,4431900,,
2016-11-07,30.72,31.38,30.68,31.35,3981800,,
2016-11-08,31.20,31.50,31.01,31.34,4077100,,
2016-11-09,30.64,30.99,30.31,30.59,8996700,,
2016-11-10,30.55,30.55,29.37,29.44,10104300,,
2016-11-11,29.06,30.08,28.76,29.93,7506800,,
2016-11-14,29.28,29.60,28.81,28.85,8551400,,
2016-11-15,29.31,29.44,28.77,29.20,11135600,,
2016-11-16,29.09,29.90,29.09,29.86,8802600,,
2016-11-17,30.00,30.02,29.35,29.47,7065100,,
2016-11-18,29.43,29.57,29.19,29.47,5136600,,
2016-11-21,29.60,29.74,29.46,29.65,4477100,,
2016-11-22,29.97,30.15,29.77,29.91,8937500,,
2016-11-23,29.90,30.13,29.74,29.89,4017500,,
2016-11-25,29.75,29.81,29.61,29.66,2101800,,
2016-11-28,29.71,29.94,29.54,29.66,5435000,,
2016-11-29,29.58,29.75,29.14,29.55,9254600,,
2016-11-30,29.55,29.82,29.40,29.69,6403400,,
2016-12-01,29.50,29.52,28.34,28.55,12499600,,
2016-12-02,28.52,28.87,28.39,28.86,5195800,,
2016-12-05,28.94,29.29,28.87,29.02,3953100,,
2016-12-06,29.31,29.61,29.20,29.51,4336200,,
2016-12-07,29.48,29.94,29.25,29.93,3911600,,
2016-12-08,30.27,30.27,29.86,30.04,4094600,,
2016-12-09,30.32,30.63,29.96,30.12,4387400,,
2016-12-12,29.97,29.97,29.63,29.90,3428000,,
2016-12-13,30.06,30.64,30.03,30.36,5857700,,
2016-12-14,30.26,30.39,29.85,29.87,6108400,,
2016-12-15,30.16,30.29,30.03,30.16,5073300,,
2016-12-16,30.05,30.08,29.39,29.48,6662100,,
2016-12-19,29.49,29.54,29.17,29.27,6157000,,
2016-12-20,29.35,29.56,29.14,29.31,5570800,,
2016-12-21,29.23,29.28,28.91,29.14,6267500,,
2016-12-22,28.99,29.00,28.50,28.74,7455900,,
2016-12-23,28.78,29.13,28.69,29.05,4853500,,
2016-12-27,29.00,29.23,29.00,29.10,3083000,,
2016-12-28,29.26,29.32,29.04,29.12,3663300,,
2016-12-29,28.99,29.16,28.81,29.13,5323900,,
2016-12-30,29.20,29.23,28.62,28.75,4862800,,
2017-01-03,29.25,29.51,29.06,29.31,6280300,,
2017-01-04,29.39,29.46,29.20,29.30,4391800,,
2017-01-05,29.53,29.91,29.52,29.80,4775700,,
2017-01-06,29.74,29.85,29.46,29.63,4878700,,
2017-01-09,29.79,30.14,29.72,30.04,8371700,,
2017-01-10,30.04,30.30,29.90,30.07,7582000,,
2017-01-11,29.78,30.20,29.72,30.17,7467300,,
2017-01-12,29.32,29.86,28.98,29.29,13032200,,
2017-01-13,29.50,29.65,29.22,29.44,9811100,,
2017-01-17,29.61,29.65,29.46,29.62,7679800,,
2017-01-18,29.55,29.68,29.44,29.49,7692800,,
2017-01-19,29.49,29.69,29.39,29.63,8493200,,
2017-01-20,29.62,30.26,29.57,30.07,7399400,,
2017-01-23,30.31,30.49,30.21,30.33,6959800,,
2017-01-24,30.53,30.90,30.51,30.82,7213600,,
2017-01-25,31.10,31.33,30.94,31.31,8025800,,
2017-01-26,31.26,31.45,31.01,31.11,8308700,,
2017-01-27,31.17,31.35,31.00,31.25,5982200,,
2017-01-30,31.07,31.20,30.94,31.19,7253100,,
2017-01-31,31.04,31.16,30.73,30.91,6263100,,
2017-02-01,31.24,31.31,30.84,31.08,5036900,,
2017-02-02,30.71,30.89,30.62,30.78,5794800,,
2017-02-03,30.96,31.08,30.80,30.97,5249100,,
2017-02-06,30.95,30.95,30.70,30.87,3523700,,
2017-02-07,30.91,30.97,30.50,30.52,6209500,,
2017-02-08,30.69,30.70,30.29,30.33,7776600,,
2017-02-09,30.33,30.50,30.17,30.21,8547000,,
2017-02-10,30.44,30.81,30.35,30.71,6749400,,
2017-02-13,30.94,31.80,30.94,31.69,10203800,,
2017-02-14,31.47,31.47,31.11,31.33,5208600,,
2017-02-15,31.50,31.80,31.50,31.75,4577200,,
2017-02-16,31.72,32.49,31.63,32.32,13197100,,
2017-02-17,32.10,32.38,32.02,32.34,7518200,,
2017-02-21,32.39,32.47,32.17,32.33,5475400,,
2017-02-22,32.20,32.20,31.91,32.07,5296200,,
2017-02-23,32.15,32.15,31.73,31.75,5291200,,
2017-02-24,31.61,31.92,31.47,31.92,3687100,,
2017-02-27,31.82,31.82,31.48,31.53,5841900,,
2017-02-28,31.59,31.68,31.40,31.47,6040800,,
2017-03-01,31.42,31.60,31.26,31.58,4910300,,
2017-03-02,31.19,31.24,30.79,30.87,8561100,,
2017-03-03,30.87,30.92,30.54,30.85,6120700,,
2017-03-06,30.80,30.94,30.71,30.85,5467400,,
2017-03-07,31.01,31.40,30.96,31.31,7014000,,
2017-03-08,31.47,31.52,31.20,31.22,4528500,,
2017-03-09,30.89,31.06,30.72,30.98,6120700,,
2017-03-10,30.87,31.08,30.82,31.06,5655300,,
2017-03-13,31.27,31.57,31.24,31.50,3965700,,
2017-03-14,31.38,31.47,31.20,31.21,5967200,,
2017-03-15,31.38,32.03,31.34,31.91,4571400,,
2017-03-16,32.25,32.47,32.20,32.41,6489000,,
2017-03-17,32.60,32.76,32.44,32.59,6199800,,
2017-03-20,32.80,33.11,32.71,32.85,5126700,,
2017-03-21,33.24,33.53,32.44,32.48,9159900,,
2017-03-22,32.57,32.85,32.48,32.69,6713500,,
2017-03-23,32.47,32.66,32.37,32.56,5909900,,
2017-03-24,32.73,33.10,32.61,32.81,5899900,,
2017-03-27,32.85,33.26,32.78,33.17,5661500,,
2017-03-28,33.36,33.43,33.13,33.35,4527000,,
2017-03-29,32.95,32.97,32.77,32.93,4083900,,
2017-03-30,32.84,33.15,32.78,33.07,3890600,,
2017-03-31,32.70,32.94,32.57,32.84,4853500,,
2017-04-03,32.94,33.00,32.71,32.89,4283100,,
2017-04-04,32.80,32.95,32.77,32.86,3756600,,
2017-04-05,33.06,33.33,32.87,32.90,5112900,,
2017-04-06,32.88,32.94,32.73,32.86,3990800,,
2017-04-07,32.86,33.04,32.77,32.87,3366300,,
2017-04-10,32.87,32.87,32.42,32.52,4937100,,
2017-04-11,32.69,32.69,31.98,32.40,6293800,,
2017-04-12,32.47,32.64,32.02,32.28,6136500,,
2017-04-13,32.10,32.45,31.82,31.83,8781700,,
2017-04-17,32.04,32.07,31.77,32.03,6918900,,
2017-04-18,31.76,31.86,31.63,31.79,5468600,,
2017-04-19,31.92,31.95,31.49,31.61,4739200,,
2017-04-20,31.77,31.87,31.64,31.79,4237700,,
2017-04-21,32.09,32.14,31.95,32.08,4530400,,
2017-04-24,32.58,32.80,32.49,32.70,5717000,,
2017-04-25,32.76,33.18,32.75,33.07,5614300,,
2017-04-26,33.06,33.11,32.82,33.00,6027700,,
2017-04-27,33.11,33.30,33.01,33.02,5625600,,
2017-04-28,33.15,33.25,33.04,33.07,5250500,,
2017-05-01,33.16,33.41,33.14,33.40,4015100,,
2017-05-02,33.57,33.99,33.57,33.93,5989300,,
2017-05-03,33.88,34.29,33.84,34.29,6660700,,
2017-05-04,34.19,34.19,33.97,34.14,5697300,,
2017-05-05,34.16,34.44,34.03,34.42,5249800,,
2017-05-08,34.70,35.10,34.63,34.98,6906900,,
2017-05-09,35.13,35.46,35.13,35.41,7297900,,
2017-05-10,35.27,35.63,35.08,35.41,9936700,,
2017-05-11,35.62,35.80,35.37,35.56,6648900,,
2017-05-12,35.50,35.52,35.25,35.37,4905000,,
2017-05-15,35.36,35.39,34.88,35.06,9784700,,
2017-05-16,35.01,35.03,34.80,35.03,6046200,,
2017-05-17,34.80,34.81,34.39,34.42,8128100,,
2017-05-18,34.44,34.99,34.41,34.90,8303700,,
2017-05-19,35.08,35.23,34.94,35.20,7283300,,
2017-05-22,35.39,35.51,35.26,35.40,5914200,,
2017-05-23,35.39,35.49,35.30,35.40,6612800,,
2017-05-24,35.42,35.59,35.34,35.52,7812500,,
2017-05-25,35.66,35.79,35.49,35.57,4514900,,
2017-05-26,35.55,35.58,35.33,35.51,3109800,,
2017-05-30,35.68,35.81,35.48,35.78,4219300,,
2017-05-31,35.32,35.36,35.10,35.36,7663100,,
2017-06-01,35.70,35.92,35.53,35.89,6016100,,
2017-06-02,35.91,36.23,35.85,36.18,5779200,,
2017-06-05,36.56,36.67,36.30,36.39,4819600,,
2017-06-06,36.38,36.58,36.24,36.43,5028000,,
2017-06-07,36.59,36.71,36.38,36.46,6537700,,
2017-06-08,36.75,36.90,36.54,36.83,7593900,,
2017-06-09,36.58,36.70,35.20,35.79,12040100,,
2017-06-12,35.79,35.79,35.01,35.24,11057000,,
2017-06-13,35.46,35.59,35.25,35.56,4969400,,
2017-06-14,35.47,35.77,35.37,35.65,7016400,,
2017-06-15,35.11,35.47,35.01,35.44,4623300,,
2017-06-16,35.87,35.95,35.72,35.87,7432400,,
2017-06-19,36.13,36.36,36.07,36.21,4523700,,
2017-06-20,36.52,36.74,36.12,36.13,4987400,,
2017-06-21,36.21,36.78,36.21,36.71,6329400,,
2017-06-22,36.72,36.92,36.63,36.71,6273400,,
2017-06-23,36.72,36.78,36.54,36.73,5558600,,
2017-06-26,36.44,36.52,35.92,36.13,10127200,1.159,
2017-06-27,35.79,35.79,34.97,35.09,8081100,,
2017-06-28,35.27,35.39,34.75,35.35,8306200,,
2017-06-29,35.23,35.23,34.53,34.81,7332200,,
2017-06-30,34.84,35.09,34.70,34.96,5177500,,
2017-07-03,35.04,35.17,34.83,34.88,4470600,,
2017-07-05,35.08,35.08,34.63,34.82,9222200,,
2017-07-06,34.50,34.64,34.31,34.50,6493700,,
2017-07-07,34.55,34.67,34.48,34.63,7937800,,
2017-07-10,34.61,35.16,34.55,35.00,7779700,,
2017-07-11,35.43,35.43,35.05,35.38,9300800,,
2017-07-12,35.65,35.80,35.50,35.69,9211200,,
2017-07-13,35.46,36.16,35.46,36.15,9943900,,
2017-07-14,36.13,36.35,35.98,36.25,7196600,,
2017-07-17,36.03,36.06,35.64,35.91,4649800,,
2017-07-18,35.88,36.04,35.72,35.87,6185300,,
2017-07-19,36.06,36.42,36.06,36.41,7033800,,
2017-07-20,36.41,36.41,36.08,36.10,6996600,,
2017-07-21,36.06,36.06,35.70,35.85,5023500,,
2017-07-24,36.11,36.22,36.01,36.22,6842100,,
2017-07-25,36.01,36.25,35.97,36.10,5276300,,
2017-07-26,36.10,36.25,35.94,36.22,4342200,,
2017-07-27,36.54,36.61,35.96,36.18,7243100,,
2017-07-28,36.05,36.07,35.70,35.86,3678400,,
2017-07-31,36.03,36.40,35.85,35.96,7757600,,
2017-08-01,35.95,35.99,35.71,35.84,5437300,,
2017-08-02,36.40,36.47,35.86,36.07,6064600,,
2017-08-03,36.11,36.11,35.65,35.79,3919800,,
2017-08-04,35.93,36.08,35.76,36.03,4071400,,
2017-08-07,36.26,36.82,36.26,36.79,4860200,,
2017-08-08,36.71,36.96,36.64,36.70,3301200,,
2017-08-09,36.20,36.47,36.03,36.46,3153700,,
2017-08-10,36.00,36.03,35.34,35.34,5605400,,
2017-08-11,35.52,36.20,35.43,36.14,4291100,,
2017-08-14,36.03,36.10,35.85,36.05,3875600,,
2017-08-15,36.19,36.49,36.09,36.42,3820400,,
2017-08-16,36.20,36.44,36.14,36.34,3232000,,
2017-08-17,36.30,36.34,35.77,35.79,3324000,,
2017-08-18,36.00,36.10,35.61,35.86,3692800,,
2017-08-21,35.91,36.01,35.63,35.98,3588100,,
2017-08-22,36.47,36.67,36.34,36.52,3202300,,
2017-08-23,36.47,36.60,36.37,36.58,2956400,,
2017-08-24,36.78,36.93,36.58,36.83,4544500,,
2017-08-25,36.93,37.06,36.75,36.85,2975200,,
2017-08-28,36.59,36.87,36.57,36.77,2199900,,
2017-08-29,36.52,36.97,36.50,36.88,2997700,,
2017-08-30,36.88,37.08,36.80,36.93,2838900,,
2017-08-31,36.95,36.98,36.70,36.97,4288600,,
2017-09-01,37.00,37.24,36.91,37.22,4100000,,
2017-09-05,37.25,37.40,36.65,36.85,7123000,,
2017-09-06,37.06,37.37,37.00,37.27,4187700,,
2017-09-07,37.24,37.54,37.18,37.54,3597500,,
2017-09-08,37.57,37.68,37.35,37.50,5581800,,
2017-09-11,37.39,37.88,37.35,37.84,6920100,,
2017-09-12,37.85,37.94,37.65,37.86,3524500,,
2017-09-13,37.67,37.79,37.49,37.53,4983400,,
2017-09-14,37.50,37.73,37.37,37.38,5799000,,
2017-09-15,37.52,37.67,37.40,37.65,7245600,,
2017-09-18,37.87,38.12,37.83,38.07,6179600,,
2017-09-19,38.18,38.43,38.13,38.30,6559400,,
2017-09-20,38.36,38.39,37.44,37.82,7961100,,
2017-09-21,37.79,38.33,37.67,38.24,8458000,,
2017-09-22,37.70,37.83,37.59,37.77,4529900,,
2017-09-25,37.50,37.50,36.86,37.07,5895000,,
2017-09-26,37.09,37.32,36.93,37.14,5995400,,
2017-09-27,37.29,37.36,37.01,37.25,4802700,,
2017-09-28,36.96,37.10,36.79,37.05,7618700,,
2017-09-29,37.26,37.60,37.26,37.55,3818500,,
2017-10-02,37.83,38.18,37.77,38.13,5096200,,
2017-10-03,38.36,38.47,38.25,38.44,3727100,,
2017-10-04,38.25,38.34,38.13,38.27,2717200,,
2017-10-05,38.66,38.85,38.39,38.46,4456400,,
2017-10-06,38.41,38.48,38.21,38.46,3086100,,
2017-10-09,38.60,38.81,38.50,38.77,1963500,,
2017-10-10,39.11,39.16,38.82,38.97,4112000,,
2017-10-11,39.80,40.39,39.68,40.35,9015400,,
2017-10-12,40.49,40.66,40.32,40.44,5524100,,
2017-10-13,40.70,40.86,40.63,40.82,3913100,,
2017-10-16,40.88,40.92,40.65,40.89,2707000,,
2017-10-17,40.83,41.25,40.54,41.25,7582200,,
2017-10-18,41.40,41.72,40.93,41.50,6653200,,
2017-10-19,41.02,41.29,40.50,41.07,5710500,,
2017-10-20,41.02,41.12,40.83,41.12,5251600,,
2017-10-23,41.37,41.48,41.11,41.21,5092400,,
2017-10-24,41.26,41.38,40.97,41.32,4251600,,
2017-10-25,41.30,41.41,40.70,41.16,3360000,,
2017-10-26,41.18,41.34,41.07,41.20,3651500,,
2017-10-27,41.48,42.18,41.42,42.15,4822800,,
2017-10-30,42.36,42.66,42.08,42.13,5200800,,
2017-10-31,42.18,42.52,42.10,42.33,3704500,,
2017-11-01,42.48,42.50,41.86,42.10,4235700,,
2017-11-02,42.09,42.24,41.95,42.15,3255800,,
2017-11-03,41.90,42.23,41.59,42.19,6140900,,
2017-11-06,42.19,42.48,42.08,42.43,5650500,,
2017-11-07,42.64,42.71,42.26,42.51,2761600,,
2017-11-08,42.42,42.54,42.21,42.43,2378400,,
2017-11-09,42.14,42.22,41.29,41.64,4680100,,
2017-11-10,41.79,41.82,41.59,41.72,5333900,,
2017-11-13,41.72,42.01,41.51,42.01,2222000,,
2017-11-14,41.78,41.89,41.51,41.86,2799400,,
2017-11-15,41.39,41.65,41.28,41.54,3417300,,
2017-11-16,41.75,42.24,41.75,42.10,3304500,,
2017-11-17,42.24,42.42,41.97,42.07,3702000,,
2017-11-20,42.07,42.28,41.96,42.21,4455300,,
2017-11-21,42.62,42.87,42.55,42.58,3668500,,
2017-11-22,42.59,42.74,42.29,42.41,2768600,,
2017-11-24,42.67,43.02,42.61,42.99,1499700,,
2017-11-27,41.67,41.68,41.06,41.09,8188400,,
2017-11-28,41.03,41.22,40.81,40.93,4864800,,
2017-11-29,40.88,40.91,39.24,39.41,11796100,,
2017-11-30,39.60,39.74,39.17,39.60,9357100,,
2017-12-01,39.95,39.99,39.00,39.70,7192200,,
2017-12-04,40.05,40.13,39.30,39.39,7109000,,
2017-12-05,39.20,39.52,38.93,39.20,4504000,,
2017-12-06,38.96,39.09,38.52,38.68,8622000,,
2017-12-07,38.75,39.03,38.61,39.01,11285400,,
2017-12-08,39.38,39.55,38.95,39.00,5071600,,
2017-12-11,39.19,39.58,39.18,39.37,5272500,,
2017-12-12,39.22,39.38,39.08,39.30,5488100,,
2017-12-13,39.47,39.49,39.22,39.29,4227100,,
2017-12-14,39.50,39.65,39.32,39.40,4737600,,
2017-12-15,39.40,39.62,39.25,39.50,7156400,,
2017-12-18,39.38,39.47,39.20,39.40,5746900,,
2017-12-19,39.21,39.41,39.12,39.34,4454900,,
2017-12-20,39.38,39.61,39.17,39.44,6330100,,
2017-12-21,39.56,39.66,39.20,39.23,3563100,,
2017-12-22,39.60,39.63,39.30,39.63,2523600,,
2017-12-26,39.31,39.31,38.81,38.95,2861500,,
2017-12-27,39.00,39.11,38.88,39.08,3092900,,
2017-12-28,39.51,39.89,39.40,39.74,4279500,,
2017-12-29,39.85,40.22,39.65,39.65,3870900,,
2018-01-02,40.51,41.05,40.42,41.02,4984000,,
2018-01-03,41.59,41.81,41.44,41.71,6963200,,
2018-01-04,41.92,42.00,41.45,41.49,4876600,,
2018-01-05,41.89,42.57,41.79,42.46,5330800,,
2018-01-08,42.40,42.48,42.19,42.44,3538200,,
2018-01-09,42.49,42.50,42.13,42.18,5729900,,
2018-01-10,41.35,41.45,40.72,41.30,7102700,,
2018-01-11,41.22,41.40,40.95,41.03,5701800,,
2018-01-12,41.04,41.30,40.76,41.19,5028000,,
2018-01-16,42.01,42.35,41.81,42.23,9081600,,
2018-01-17,42.66,43.27,42.50,43.13,7117700,,
2018-01-18,43.86,44.85,43.50,44.57,11866200,,
2018-01-19,45.07,45.54,44.58,44.67,6543700,,
2018-01-22,46.00,46.40,45.94,46.38,8335800,,
2018-01-23,46.48,46.57,46.06,46.28,5659600,,
2018-01-24,45.64,45.67,45.25,45.33,7400600,,
2018-01-25,45.71,45.78,45.04,45.10,7655700,,
2018-01-26,45.50,45.74,45.03,45.72,7057300,,
2018-01-29,45.47,45.69,45.20,45.40,11604400,,
2018-01-30,44.57,45.03,44.40,44.88,10224600,,
2018-01-31,45.43,45.80,45.12,45.31,6333300,,
2018-02-01,45.33,45.93,45.30,45.45,6706500,,
2018-02-02,45.01,45.32,44.45,44.51,12051800,,
2018-02-05,44.05,44.81,42.81,42.95,11748300,,
2018-02-06,42.27,43.70,42.10,43.59,13414100,,
2018-02-07,42.99,42.99,41.88,41.88,15239500,,
2018-02-08,42.11,42.12,40.36,40.36,11356000,,
2018-02-09,40.74,41.68,39.96,41.47,10588400,,
2018-02-12,42.03,42.79,41.96,42.53,6573300,,
2018-02-13,42.54,42.66,41.88,42.38,5831900,,
2018-02-14,42.17,43.09,41.92,43.05,6860100,,
2018-02-15,43.52,43.75,42.75,43.52,6116500,,
2018-02-16,43.35,43.96,43.31,43.48,4792100,,
2018-02-20,43.08,44.16,43.00,43.74,9291700,,
2018-02-21,43.66,43.82,42.87,42.89,6612600,,
2018-02-22,42.67,42.74,42.18,42.39,7984000,,
2018-02-23,43.39,43.90,43.11,43.90,7204900,,
2018-02-26,44.11,44.41,43.80,44.41,3897600,,
2018-02-27,44.05,44.30,43.61,43.62,5999100,,
2018-02-28,43.67,43.91,43.29,43.35,6400100,,
2018-03-01,43.35,43.56,42.31,42.72,7792400,,
2018-03-02,42.39,43.05,42.15,43.01,4819600,,
2018-03-05,43.05,43.76,42.87,43.49,5977200,,
2018-03-06,44.34,44.40,43.43,43.54,8632000,,
2018-03-07,43.31,44.28,43.18,44.20,4482900,,
2018-03-08,44.30,44.39,43.59,43.80,7092400,,
2018-03-09,44.05,44.60,43.52,44.59,8336200,,
2018-03-12,44.79,45.35,44.75,45.22,5176100,,
2018-03-13,45.50,45.75,44.91,44.99,5842300,,
2018-03-14,45.43,45.45,44.83,45.15,4300500,,
2018-03-15,45.10,45.65,44.89,45.31,3942200,,
2018-03-16,45.00,45.52,44.93,44.97,8125600,,
2018-03-19,44.72,44.87,44.19,44.60,5116500,,
2018-03-20,44.70,44.91,44.52,44.83,6404200,,
2018-03-21,44.57,44.85,44.25,44.70,7036400,,
2018-03-22,44.10,44.37,43.69,43.69,6318500,,
2018-03-23,43.63,43.70,42.58,42.58,5923500,,
2018-03-26,43.81,44.28,43.18,44.27,5395200,,
2018-03-27,44.72,44.84,43.13,43.29,6995000,,
2018-03-28,42.98,43.17,42.44,42.69,8563100,,
2018-03-29,43.00,43.92,42.96,43.76,7758900,,
2018-04-02,43.34,43.59,42.42,42.50,6361200,,
2018-04-03,44.27,44.28,43.03,43.48,6174500,,
2018-04-04,42.37,43.94,42.35,43.94,5497100,,
2018-04-05,44.03,44.23,43.14,43.32,6115100,,
2018-04-06,42.88,43.17,42.26,42.42,5133100,,
2018-04-09,43.09,44.04,42.91,43.07,6696400,,
2018-04-10,43.87,44.22,43.03,43.58,5682300,,
2018-04-11,43.25,43.79,43.25,43.38,4788000,,
2018-04-12,43.33,43.85,43.05,43.85,7574700,,
2018-04-13,43.69,43.74,42.56,42.65,5749900,,
2018-04-16,42.81,43.01,42.68,42.87,5206900,,
2018-04-17,42.09,42.36,41.77,42.31,9831100,,
2018-04-18,42.10,42.26,41.21,41.92,8947400,,
2018-04-19,39.93,40.08,39.11,39.53,27527000,,
2018-04-20,39.37,39.54,38.82,38.95,15313300,,
2018-04-23,38.96,39.08,38.53,38.75,11178300,,
2018-04-24,39.04,39.21,38.30,38.75,13004000,,
2018-04-25,38.36,38.49,38.02,38.17,12359200,,
2018-04-26,38.08,38.56,38.08,38.17,7685800,,
2018-04-27,38.74,38.74,37.99,38.17,8276100,,
2018-04-30,38.69,38.84,38.38,38.45,7968000,,
2018-05-01,38.34,38.94,38.26,38.93,5507000,,
2018-05-02,38.60,38.60,37.65,37.75,11522200,,
2018-05-03,37.55,38.19,37.30,38.10,7021400,,
2018-05-04,38.00,38.66,37.94,38.59,9474000,,
2018-05-07,38.45,38.65,38.24,38.45,4590100,,
2018-05-08,38.98,39.38,38.94,39.18,8116600,,
2018-05-09,39.37,39.46,39.16,39.35,5861400,,
2018-05-10,39.57,39.87,39.44,39.77,7957900,,
2018-05-11,40.04,40.18,39.64,39.91,4184400,,
2018-05-14,40.13,40.55,39.88,39.95,5014000,,
2018-05-15,39.36,39.40,38.96,39.30,5622800,,
2018-05-16,39.40,39.83,39.28,39.79,7671500,,
2018-05-17,39.07,39.24,38.67,38.96,7964200,,
2018-05-18,38.47,38.55,38.28,38.42,7783900,,
2018-05-21,39.34,39.70,39.12,39.47,7902200,,
2018-05-22,39.47,39.79,39.45,39.64,5752000,,
2018-05-23,39.14,39.65,39.09,39.65,4815400,,
2018-05-24,39.37,39.45,38.78,39.27,7930800,,
2018-05-25,39.10,39.49,38.93,39.30,5403000,,
2018-05-29,38.49,38.56,38.03,38.16,7198200,,
2018-05-30,38.30,38.40,38.07,38.34,8413400,,
2018-05-31,38.33,38.86,38.29,38.70,8129400,,
2018-06-01,38.99,39.20,38.80,39.20,5970000,,
2018-06-04,39.85,40.00,39.67,39.97,8927200,,
2018-06-05,39.70,39.86,39.40,39.54,6345900,,
2018-06-06,39.85,39.93,39.56,39.56,9829700,,
2018-06-07,39.56,39.94,39.46,39.52,8216900,,
2018-06-08,39.16,39.16,38.52,38.93,8081300,,
2018-06-11,39.00,39.15,38.76,38.76,4511600,,
2018-06-12,39.13,39.36,38.98,39.20,6582600,,
2018-06-13,39.73,39.89,39.05,39.05,9616600,,
2018-06-14,39.03,39.07,38.60,38.60,7636000,,
2018-06-15,38.82,38.94,38.55,38.69,11235700,,
2018-06-18,38.31,38.36,37.84,38.25,8921400,,
2018-06-19,37.70,37.97,37.35,37.56,9848900,,
2018-06-20,38.34,38.59,38.01,38.35,8668600,,
2018-06-21,37.87,38.01,37.55,37.62,9246700,,
2018-06-22,38.27,38.31,37.97,38.12,10338500,,
2018-06-25,36.30,36.56,36.05,36.51,10528100,1.345,
2018-06-26,36.33,36.70,36.11,36.46,8817000,,
2018-06-27,36.25,36.32,35.51,35.51,8798100,,
2018-06-28,35.50,35.94,35.35,35.94,7199000,,
2018-06-29,36.55,36.77,36.44,36.56,8088200,,
2018-07-02,36.21,36.57,36.04,36.54,7365500,,
2018-07-03,36.39,36.61,36.35,36.39,6512600,,
2018-07-05,36.40,36.60,36.24,36.59,9230900,,
2018-07-06,36.82,37.35,36.76,37.27,7251600,,
2018-07-09,37.87,38.03,37.57,37.83,7124100,,
2018-07-10,37.47,37.95,37.47,37.93,7211500,,
2018-07-11,37.33,37.35,36.90,36.97,7316200,,
2018-07-12,37.33,37.59,37.20,37.31,5275300,,
2018-07-13,37.54,37.80,37.48,37.77,4947500,,
2018-07-16,37.88,37.89,37.65,37.79,5399200,,
2018-07-17,37.50,38.12,37.35,38.04,6238500,,
2018-07-18,38.04,38.47,37.88,38.41,10532200,,
2018-07-19,39.44,40.39,38.62,39.81,17762300,,
2018-07-20,39.99,40.85,39.84,40.73,14481000,,
2018-07-23,40.82,40.98,40.63,40.74,6832800,,
2018-07-24,41.10,41.21,40.38,40.39,7018300,,
2018-07-25,40.53,40.90,40.31,40.89,7725700,,
2018-07-26,40.70,40.94,40.44,40.82,8476600,,
2018-07-27,40.94,41.92,40.94,41.45,9468500,,
2018-07-30,41.45,41.52,40.89,41.09,5174300,,
2018-07-31,41.26,41.58,41.09,41.21,4908300,,
2018-08-01,41.44,41.73,41.32,41.71,6115000,,
2018-08-02,41.10,41.65,41.00,41.55,4669300,,
2018-08-03,41.64,41.95,41.56,41.69,4575200,,
2018-08-06,41.20,41.42,41.00,41.07,7245800,,
2018-08-07,41.07,41.25,40.84,41.24,7494900,,
2018-08-08,41.56,42.11,41.45,41.97,5089600,,
2018-08-09,41.94,41.95,41.68,41.84,4513300,,
2018-08-10,41.30,41.30,40.79,41.03,7053200,,
2018-08-13,40.69,40.99,40.47,40.71,6708600,,
2018-08-14,41.00,41.19,40.87,40.91,5339100,,
2018-08-15,40.45,40.55,40.12,40.45,6052800,,
2018-08-16,40.45,40.73,40.37,40.41,5544000,,
2018-08-17,40.19,40.22,39.79,40.13,7897200,,
2018-08-20,40.02,40.24,39.90,40.10,4156700,,
2018-08-21,40.37,41.04,40.36,40.89,6075100,,
2018-08-22,40.85,41.05,40.54,40.90,5512700,,
2018-08-23,41.30,41.35,40.68,40.68,4126100,,
2018-08-24,40.93,41.41,40.83,41.24,4232000,,
2018-08-27,41.43,41.71,41.37,41.53,5733000,,
2018-08-28,42.39,42.76,42.25,42.35,10683500,,
2018-08-29,43.19,44.38,43.09,44.13,12278200,,
2018-08-30,44.35,44.49,43.41,43.46,7826200,,
2018-08-31,43.12,43.61,42.96,43.60,8782900,,
2018-09-04,43.26,44.12,43.19,44.11,8174900,,
2018-09-05,44.09,44.57,44.02,44.22,7262400,,
2018-09-06,43.94,44.07,43.58,44.05,10424900,,
2018-09-07,44.00,45.24,43.98,44.88,14256000,,
2018-09-10,45.00,45.06,44.52,44.62,6824900,,
2018-09-11,43.64,44.57,43.58,44.55,12509700,,
2018-09-12,43.92,44.30,43.82,43.94,10303700,,
2018-09-13,43.99,43.99,43.27,43.43,9624500,,
2018-09-14,44.02,44.56,43.95,44.41,5295400,,
2018-09-17,43.63,44.14,43.47,43.76,6210300,,
2018-09-18,43.50,44.09,43.35,43.56,8814200,,
2018-09-19,44.20,44.39,43.74,44.02,6393200,,
2018-09-20,44.25,44.43,43.90,44.17,4728000,,
2018-09-21,44.25,44.41,44.02,44.06,6668600,,
2018-09-24,43.84,44.94,43.79,44.89,8229100,,
2018-09-25,44.80,44.91,44.13,44.17,6678200,,
2018-09-26,44.25,44.73,44.25,44.27,4564300,,
2018-09-27,44.60,45.23,44.58,44.76,6711700,,
2018-09-28,44.50,44.62,43.97,44.16,7727700,,
2018-10-01,44.55,44.96,44.42,44.66,5029800,,
2018-10-02,43.75,43.99,43.45,43.62,5440300,,
2018-10-03,44.04,44.24,43.57,43.96,5631100,,
2018-10-04,43.07,43.08,41.97,42.43,7885000,,
2018-10-05,41.88,42.07,41.17,41.63,7921400,,
2018-10-08,40.76,41.17,40.40,40.96,7761800,,
2018-10-09,41.00,41.30,40.58,40.90,5678700,,
2018-10-10,40.35,40.44,39.35,39.35,12853500,,
2018-10-11,38.50,39.60,38.33,38.94,10209000,,
2018-10-12,40.14,40.58,39.19,39.66,7578600,,
2018-10-15,39.47,39.59,38.72,38.75,8209000,,
2018-10-16,39.84,40.06,39.40,40.01,10748100,,
2018-10-17,40.00,40.09,39.18,39.57,8173600,,
2018-10-18,39.80,39.95,38.46,38.54,9555600,,
2018-10-19,39.16,39.32,38.34,38.45,11266200,,
2018-10-22,39.19,39.23,38.54,38.72,8165700,,
2018-10-23,37.42,38.18,37.26,38.00,12350000,,
2018-10-24,37.56,37.56,36.43,36.48,13312400,,
2018-10-25,36.78,37.55,36.49,37.39,9927300,,
2018-10-26,36.55,37.29,36.14,36.67,11973200,,
2018-10-29,37.17,37.41,35.97,36.33,8269300,,
2018-10-30,36.84,37.80,36.67,37.78,12106400,,
2018-10-31,38.69,38.99,38.03,38.10,12610900,,
2018-11-01,38.78,39.08,38.39,39.05,14348600,,
2018-11-02,39.18,39.49,38.43,38.78,9736200,,
2018-11-05,38.72,38.82,38.31,38.48,8591900,,
2018-11-06,38.50,38.85,38.42,38.73,8578100,,
2018-11-07,39.29,39.30,38.72,39.18,6568700,,
2018-11-08,38.79,39.06,38.69,38.70,7953700,,
2018-11-09,38.09,38.39,37.81,38.07,5975400,,
2018-11-12,37.86,37.92,37.01,37.06,11666700,,
2018-11-13,37.39,38.12,37.24,37.40,15057100,,
2018-11-14,38.20,38.34,37.37,37.84,10404900,,
2018-11-15,38.07,38.57,37.89,38.52,10840400,,
2018-11-16,37.07,37.20,36.66,36.87,16382400,,
2018-11-19,36.64,36.68,35.96,36.05,15191700,,
2018-11-20,35.40,35.99,35.22,35.64,11673500,,
2018-11-21,36.42,36.72,36.14,36.17,7013100,,
2018-11-23,35.83,36.20,35.75,35.96,2320500,,
2018-11-26,36.71,36.89,36.47,36.84,7077300,,
2018-11-27,36.39,36.82,36.39,36.80,6870200,,
2018-11-28,37.27,38.02,37.07,38.01,8380200,,
2018-11-29,37.95,38.37,37.87,37.93,7056600,,
2018-11-30,37.24,37.60,37.08,37.59,8734400,,
2018-12-03,38.82,39.00,38.38,38.73,7457600,,
2018-12-04,38.53,38.78,37.43,37.44,13321200,,
2018-12-06,35.70,36.86,35.61,36.86,12075700,,
2018-12-07,36.65,36.94,36.14,36.52,10802700,,
2018-12-10,36.31,36.83,36.08,36.43,12439100,,
2018-12-11,37.24,37.35,36.30,36.70,8635800,,
2018-12-12,37.61,37.70,37.27,37.38,8405400,,
2018-12-13,37.49,37.66,37.19,37.33,5825900,,
2018-12-14,36.80,37.11,36.53,36.53,5969600,,
2018-12-17,36.63,36.94,36.12,36.22,10733100,,
2018-12-18,36.61,37.00,36.61,36.76,7100400,,
2018-12-19,36.62,37.28,36.10,36.23,11786400,,
2018-12-20,36.41,36.75,35.54,35.88,12540400,,
2018-12-21,36.64,36.93,35.65,35.71,16981000,,
2018-12-24,35.56,35.89,35.27,35.29,6288500,,
2018-12-26,35.33,36.77,35.33,36.76,10063400,,
2018-12-27,36.20,36.80,35.96,36.78,8688600,,
2018-12-28,37.13,37.68,37.02,37.14,7369000,,
2018-12-31,37.43,37.59,36.77,36.91,4600600,,
2019-01-02,36.20,36.75,36.00,36.52,5273100,,
2019-01-03,35.34,35.52,34.27,34.36,15998000,,
2019-01-04,34.46,35.03,34.21,34.97,14178200,,
2019-01-07,35.01,35.47,34.97,35.23,6850800,,
2019-01-08,35.11,35.18,34.64,34.94,11462600,,
2019-01-09,35.33,35.96,35.33,35.61,11770300,,
2019-01-10,35.46,36.48,35.40,36.42,7894600,,
2019-01-11,36.45,36.77,36.24,36.61,7232700,,
2019-01-14,36.13,36.19,35.72,35.76,6146200,,
2019-01-15,36.04,36.23,35.80,36.04,10165800,,
2019-01-16,35.90,36.03,35.64,35.64,8727400,,
2019-01-17,34.92,36.55,34.83,36.29,21916900,,
2019-01-18,36.24,37.01,36.16,36.84,12905900,,
2019-01-22,36.50,36.76,36.10,36.37,13381700,,
2019-01-23,36.53,36.74,36.24,36.49,13918600,,
2019-01-24,36.88,37.64,36.78,37.64,14094100,,
2019-01-25,38.00,38.26,37.88,38.14,16763700,,
2019-01-28,36.92,37.66,36.90,37.44,14086500,,
2019-01-29,37.29,37.29,36.30,36.33,10100800,,
2019-01-30,36.81,37.45,36.29,37.38,9281600,,
2019-01-31,37.31,38.10,37.31,37.62,7633400,,
2019-02-01,37.75,37.87,37.44,37.57,6438300,,
2019-02-04,37.50,38.01,37.38,37.94,7283800,,
2019-02-05,37.92,38.27,37.88,38.25,7314000,,
2019-02-06,38.42,38.82,38.31,38.74,8795200,,
2019-02-07,38.37,38.46,37.83,38.12,7916200,,
2019-02-08,37.71,37.92,37.50,37.79,7147200,,
2019-02-11,37.92,38.29,37.83,38.29,8860700,,
2019-02-12,38.64,38.77,38.44,38.64,8831200,,
2019-02-13,38.37,38.48,38.05,38.13,7155600,,
2019-02-14,37.92,38.21,37.76,38.06,7782800,,
2019-02-15,37.91,38.28,37.87,38.09,6257600,,
2019-02-19,38.22,38.66,38.10,38.46,8105700,,
2019-02-20,38.93,39.51,38.89,39.00,7178600,,
2019-02-21,39.07,39.18,38.80,38.98,4607300,,
2019-02-22,39.12,39.41,39.08,39.39,5117800,,
2019-02-25,39.87,39.92,39.48,39.58,5101500,,
2019-02-26,39.41,39.67,39.38,39.60,5587300,,
2019-02-27,39.51,39.59,39.06,39.45,8194900,,
2019-02-28,39.12,39.29,39.00,39.05,5705100,,
2019-03-01,39.36,39.52,39.20,39.39,5299200,,
2019-03-04,39.33,39.33,38.71,39.15,7081100,,
2019-03-05,38.95,39.23,38.66,39.02,7192400,,
2019-03-06,39.06,39.22,38.78,38.79,4433400,,
2019-03-07,38.77,38.88,38.37,38.63,4231300,,
2019-03-08,37.95,38.38,37.94,38.20,5066200,,
2019-03-11,38.23,38.69,38.20,38.64,6005400,,
2019-03-12,39.05,39.17,38.86,38.90,5580200,,
2019-03-13,39.22,39.44,39.02,39.21,6086400,,
2019-03-14,39.00,39.05,38.74,38.82,4935000,,
2019-03-15,39.41,40.07,39.41,39.65,8871300,,
2019-03-18,39.86,39.98,39.64,39.85,6290900,,
2019-03-19,39.98,40.08,39.60,39.76,8033600,,
2019-03-20,39.77,40.15,39.64,39.85,5394000,,
2019-03-21,40.25,41.24,40.22,41.04,6509600,,
2019-03-22,40.84,41.02,40.34,40.43,6759100,,
2019-03-25,40.00,40.46,39.77,39.92,4901800,,
2019-03-26,40.11,40.63,40.07,40.40,5573500,,
2019-03-27,40.19,40.26,39.80,40.20,7660300,,
2019-03-28,40.24,40.54,40.20,40.34,6632700,,
2019-03-29,40.82,41.05,40.60,40.96,6116300,,
2019-04-01,41.08,41.37,40.74,41.37,6834200,,
2019-04-02,41.18,41.36,41.00,41.27,5580200,,
2019-04-03,41.60,41.96,41.51,41.79,6821100,,
2019-04-04,41.73,42.18,41.65,42.04,7610300,,
2019-04-05,42.34,42.34,42.06,42.23,4430600,,
2019-04-08,42.24,42.49,42.08,42.39,6830300,,
2019-04-09,42.24,42.30,42.03,42.21,5049900,,
2019-04-10,42.26,42.50,42.18,42.37,4040200,,
2019-04-11,42.09,42.20,41.95,42.10,5172200,,
2019-04-12,42.47,42.65,42.28,42.58,6555700,,
2019-04-15,42.58,42.77,42.46,42.61,5274400,,
2019-04-16,42.83,43.08,42.75,43.01,6639100,,
2019-04-17,43.90,44.46,43.86,44.39,15795700,,
2019-04-18,44.06,45.64,44.00,45.40,16569800,,
2019-04-22,44.79,45.16,44.59,45.15,10872000,,
2019-04-23,45.15,45.42,45.06,45.42,11437500,,
2019-04-24,45.08,45.59,44.94,45.41,10776800,,
2019-04-25,44.93,45.04,44.43,44.48,10149800,,
2019-04-26,43.65,44.00,43.32,43.94,12745000,,
2019-04-29,43.85,43.92,43.58,43.83,9272100,,
2019-04-30,43.40,43.94,43.26,43.82,11863900,,
2019-05-01,44.29,44.56,43.82,43.82,7319000,,
2019-05-02,43.86,44.47,43.75,44.40,10717200,,
2019-05-03,44.93,45.14,44.56,44.71,5479900,,
2019-05-06,43.32,43.82,43.21,43.76,10756400,,
2019-05-07,43.83,44.05,43.29,43.76,10225200,,
2019-05-08,43.52,44.00,43.46,43.70,8112600,,
2019-05-09,42.92,43.30,42.28,43.25,11229400,,
2019-05-10,42.86,43.09,42.19,42.83,8313900,,
2019-05-13,41.37,41.51,40.74,40.99,11046000,,
2019-05-14,41.59,42.08,41.40,41.97,7107800,,
2019-05-15,41.55,42.33,41.46,41.97,5347700,,
2019-05-16,41.63,41.64,41.22,41.53,9214700,,
2019-05-17,40.39,40.95,40.09,40.25,11271000,,
2019-05-20,39.25,39.30,38.52,38.66,13979700,,
2019-05-21,39.15,39.34,38.66,39.30,11806400,,
2019-05-22,39.20,39.39,38.89,38.90,12217600,,
2019-05-23,37.98,38.18,37.41,38.07,14708800,,
2019-05-24,38.42,38.74,38.20,38.20,10540700,,
2019-05-28,38.13,38.20,37.65,37.65,12484600,,
2019-05-29,37.46,37.75,37.18,37.69,13043000,,
2019-05-30,37.95,38.37,37.84,38.04,7351600,,
2019-05-31,38.27,38.97,38.25,38.35,9302700,,
2019-06-03,38.96,39.09,38.66,38.82,9618300,,
2019-06-04,38.64,39.10,38.42,39.06,6985600,,
2019-06-05,39.24,39.26,38.10,38.23,8219800,,
2019-06-06,38.18,38.59,37.92,38.44,6234000,,
2019-06-07,38.74,39.00,38.56,38.82,4456900,,
2019-06-10,39.49,40.13,39.45,39.62,8351800,,
2019-06-11,40.47,40.60,39.94,39.96,6100600,,
2019-06-12,40.00,40.19,39.45,39.46,6163200,,
2019-06-13,39.62,39.62,39.03,39.45,6646800,,
2019-06-14,38.63,38.70,37.83,37.84,11281500,,
2019-06-17,37.92,38.05,37.66,37.66,6500700,,
2019-06-18,38.27,39.42,38.22,39.21,12303200,,
2019-06-19,39.94,39.96,39.30,39.40,10217600,,
2019-06-20,40.45,40.72,40.14,40.51,10400000,,
2019-06-21,40.52,40.70,40.42,40.52,12766200,,
2019-06-24,39.56,40.07,39.44,39.98,6571000,1.276,
2019-06-25,39.52,39.52,38.91,38.92,6790500,,
2019-06-26,39.38,39.38,38.98,39.08,9133300,,
2019-06-27,39.58,39.76,39.29,39.59,11375200,,
2019-06-28,39.73,39.73,39.12,39.17,7040000,,
2019-07-01,41.54,41.90,41.15,41.38,11046800,,
2019-07-02,41.19,41.31,40.74,40.80,4445600,,
2019-07-03,40.35,40.37,40.01,40.33,3125000,,
2019-07-05,39.87,40.10,39.64,39.93,3149300,,
2019-07-08,39.57,39.69,39.24,39.32,6772300,,
2019-07-09,39.65,40.01,39.42,39.67,6577000,,
2019-07-10,40.83,41.14,40.55,40.71,7945000,,
2019-07-11,41.14,41.19,40.83,40.90,6126600,,
2019-07-12,41.11,41.27,40.82,41.23,4695800,,
2019-07-15,41.75,41.93,41.66,41.82,5784300,,
2019-07-16,41.80,41.95,41.57,41.77,6529500,,
2019-07-17,41.68,41.91,41.52,41.63,5514600,,
2019-07-18,42.52,43.23,42.31,43.19,11257600,,
2019-07-19,43.08,44.02,43.07,43.83,11438800,,
2019-07-22,44.20,44.88,44.13,44.60,10035800,,
2019-07-23,44.54,44.58,44.24,44.42,6565800,,
2019-07-24,44.50,44.63,44.24,44.54,7130400,,
2019-07-25,44.21,44.24,43.62,43.62,6593900,,
2019-07-26,43.73,43.89,43.38,43.46,4399000,,
2019-07-29,43.52,43.95,43.40,43.94,4138600,,
2019-07-30,43.40,43.40,42.77,43.11,4938500,,
2019-07-31,43.03,43.17,42.05,42.63,7592300,,
2019-08-01,42.75,43.39,41.60,41.87,9662800,,
2019-08-02,41.15,41.78,41.01,41.65,9317000,,
2019-08-05,40.41,40.52,39.78,39.87,6668400,,
2019-08-06,41.18,41.51,40.89,41.26,8667700,,
2019-08-07,41.05,41.45,40.80,41.26,5484700,,
2019-08-08,41.85,42.18,41.75,41.90,7795900,,
2019-08-09,41.59,41.71,41.00,41.41,3480500,,
2019-08-12,41.05,41.27,40.85,40.96,3463500,,
2019-08-13,40.63,41.99,40.55,41.84,7697800,,
2019-08-14,40.85,41.09,40.25,40.43,9621800,,
2019-08-15,40.38,40.99,40.34,40.86,7690100,,
2019-08-16,41.18,41.73,41.15,41.54,4845700,,
2019-08-19,42.16,42.21,41.65,41.78,3797600,,
2019-08-20,42.00,42.22,41.72,41.94,7540300,,
2019-08-21,42.41,42.64,42.29,42.58,3914600,,
2019-08-22,42.39,42.49,41.73,42.13,3145600,,
2019-08-23,41.94,42.15,40.86,40.95,7526900,,
2019-08-26,41.37,41.55,41.13,41.34,5519000,,
2019-08-27,41.55,41.68,41.27,41.35,4192800,,
2019-08-28,41.32,41.77,41.05,41.65,3586000,,
2019-08-29,42.34,42.57,42.23,42.28,5171600,,
2019-08-30,42.71,42.89,42.36,42.63,5382200,,
2019-09-03,42.15,42.16,41.58,41.72,4748000,,
2019-09-04,42.61,43.15,42.39,43.15,4460900,,
2019-09-05,43.76,44.51,43.76,44.24,7698300,,
2019-09-06,44.00,44.04,43.69,43.71,4325300,,
2019-09-09,43.91,44.08,43.54,43.85,4677000,,
2019-09-10,43.60,44.10,43.36,44.10,5001600,,
2019-09-11,43.91,44.27,43.84,44.22,4016800,,
2019-09-12,44.29,44.46,43.93,44.07,6577900,,
2019-09-13,44.43,44.83,44.19,44.74,6231100,,
2019-09-16,44.53,44.74,44.49,44.60,3716300,,
2019-09-17,44.28,45.15,44.21,45.13,6110900,,
2019-09-18,45.17,45.20,44.61,45.04,4044800,,
2019-09-19,44.80,45.22,44.76,44.90,6422700,0.322,
2019-09-20,44.77,44.90,43.87,43.87,7249200,,
2019-09-23,44.18,44.29,43.85,44.07,4347000,,
2019-09-24,44.40,44.55,44.06,44.12,7592200,,
2019-09-25,44.20,45.10,44.00,45.01,6719500,,
2019-09-26,45.10,46.51,45.10,46.46,15832500,,
2019-09-27,46.00,46.48,45.19,45.51,9610400,,
2019-09-30,46.57,46.74,46.12,46.48,8396900,,
2019-10-01,46.96,47.85,46.96,47.19,11575200,,
2019-10-02,46.71,46.94,46.33,46.43,5785200,,
2019-10-03,46.45,47.14,46.24,47.13,6091600,,
2019-10-04,47.03,47.45,46.78,47.42,5704200,,
2019-10-07,47.73,48.15,47.43,47.95,11059000,,
2019-10-08,48.26,48.40,47.60,47.86,13089700,,
2019-10-09,48.20,49.06,48.17,48.68,11033100,,
2019-10-10,48.91,49.39,48.49,48.93,9566500,,
2019-10-11,49.45,49.79,49.33,49.42,7499100,,
2019-10-14,49.42,50.13,49.30,49.91,7974000,,
2019-10-15,50.20,50.64,50.11,50.39,9323200,,
2019-10-16,50.34,51.13,50.07,50.13,13615700,,
2019-10-17,51.14,51.21,49.26,49.75,12410200,,
2019-10-18,49.65,50.09,49.13,49.28,9169200,,
2019-10-21,49.53,50.11,49.33,50.00,6538900,,
2019-10-22,50.30,50.83,50.18,50.64,10697300,,
2019-10-23,50.10,50.40,49.92,50.17,7118800,,
2019-10-24,50.49,51.05,50.23,50.95,7006600,,
2019-10-25,50.80,51.23,50.69,51.13,6303500,,
2019-10-28,51.40,51.48,51.05,51.31,7725500,,
2019-10-29,51.50,51.84,51.44,51.47,5303900,,
2019-10-30,51.79,52.06,51.57,51.91,5198100,,
2019-10-31,51.89,51.93,51.35,51.63,5140800,,
2019-11-01,51.89,52.10,51.70,52.10,5226600,,
2019-11-04,53.55,53.79,53.12,53.49,7233400,,
2019-11-05,53.63,53.97,53.49,53.55,5287100,,
2019-11-06,53.70,53.75,53.10,53.64,4545100,,
2019-11-07,53.90,54.37,53.52,53.67,7890900,,
2019-11-08,53.53,53.53,52.53,52.83,6558400,,
2019-11-11,52.39,52.75,52.16,52.60,4046500,,
2019-11-12,52.69,52.69,52.03,52.15,8625100,,
2019-11-13,52.58,52.94,52.15,52.88,5336200,,
2019-11-14,52.50,52.73,52.13,52.48,5308600,,
2019-11-15,53.01,53.39,52.88,53.29,5986400,,
2019-11-18,53.39,53.96,53.39,53.42,4774400,,
2019-11-19,54.05,54.14,53.68,53.76,4731100,,
2019-11-20,53.55,53.78,53.21,53.50,5264800,,
2019-11-21,53.50,53.51,52.94,52.98,6037000,,
2019-11-22,52.92,53.16,52.74,52.79,4172300,,
2019-11-25,53.09,53.94,52.80,53.76,5021500,,
2019-11-26,53.50,53.79,53.38,53.63,5672800,,
2019-11-27,54.03,54.06,53.54,53.89,2786100,,
2019-11-29,53.06,53.16,52.80,53.09,3391700,,
2019-12-02,53.55,53.59,52.78,52.98,4475800,,
2019-12-03,52.42,52.93,52.18,52.78,5468100,,
2019-12-04,53.27,53.57,53.11,53.18,3905200,,
2019-12-05,53.62,54.54,53.49,54.40,7624300,,
2019-12-06,54.50,55.03,54.50,54.94,5429100,,
2019-12-09,55.05,55.19,54.32,54.46,6541900,,
2019-12-10,54.68,55.06,54.33,54.52,4364800,,
2019-12-11,55.04,56.20,55.03,55.90,11028000,,
2019-12-12,57.25,58.62,57.02,58.61,15788700,,
2019-12-13,59.05,59.52,58.25,58.25,9886900,,
2019-12-16,58.29,58.70,58.29,58.54,5779400,,
2019-12-17,59.71,59.71,58.78,59.23,8407500,,
2019-12-18,59.60,59.64,58.72,59.10,10021200,,
2019-12-19,58.50,58.50,57.88,57.96,7228700,0.41,
2019-12-20,57.78,58.30,57.32,57.93,8043800,,
2019-12-23,58.03,58.34,57.95,58.22,4022000,,
2019-12-24,57.99,58.09,57.55,57.76,2692200,,
2019-12-26,57.80,58.35,57.76,58.25,2490400,,
2019-12-27,58.53,58.71,58.33,58.46,2847800,,
2019-12-30,58.66,58.69,57.62,57.85,3519900,,
2019-12-31,57.68,58.13,57.46,58.10,2950200,,
2020-01-02,59.60,60.12,59.60,60.04,8432600,,
2020-01-03,58.97,58.98,58.04,58.06,10546400,,
2020-01-06,57.60,57.69,57.13,57.39,8897200,,
2020-01-07,57.45,58.60,56.74,58.32,7444300,,
2020-01-08,58.19,58.98,58.11,58.75,5381500,,
2020-01-09,59.69,59.71,58.70,59.23,5112700,,
2020-01-10,59.70,59.70,58.77,58.86,4807700,,
2020-01-13,60.15,60.16,59.45,60.06,6613700,,
2020-01-14,60.16,60.64,59.92,60.32,6715200,,
2020-01-15,59.67,59.70,58.26,58.39,10075100,,
2020-01-16,59.20,59.69,58.30,58.75,11215700,,
2020-01-17,58.64,58.75,58.01,58.58,8125700,,
2020-01-21,57.99,59.00,57.47,58.24,9873700,,
2020-01-22,58.90,58.94,58.32,58.35,8124500,,
2020-01-23,57.86,58.07,56.62,57.48,9999200,,
2020-01-24,58.09,58.14,57.46,57.73,10402200,,
2020-01-27,55.62,55.99,55.06,55.26,9675500,,
2020-01-28,55.73,57.12,55.48,57.09,8124400,,
2020-01-29,57.52,57.52,56.85,57.19,7693400,,
2020-01-30,55.08,56.04,55.06,55.80,10295700,,
2020-01-31,55.43,55.48,53.60,53.94,13467200,,
2020-02-03,54.35,54.94,54.14,54.77,9594300,,
2020-02-04,56.92,57.64,56.90,57.52,12746600,,
2020-02-05,58.10,58.15,57.17,57.92,6594400,,
2020-02-06,58.27,58.28,57.28,58.02,4236300,,
2020-02-07,57.14,57.14,56.06,56.20,6808400,,
2020-02-10,56.44,57.05,56.34,57.02,4281200,,
2020-02-11,57.95,58.90,57.81,58.66,6523200,,
2020-02-12,59.25,59.75,58.90,59.63,5962900,,
2020-02-13,59.13,59.70,58.74,59.33,6460100,,
2020-02-14,59.02,59.17,57.87,58.19,6932400,,
2020-02-18,56.10,56.56,55.63,56.18,10989000,,
2020-02-19,57.25,57.94,57.00,57.64,7866300,,
2020-02-20,56.94,57.04,55.81,56.48,7192900,,
2020-02-21,56.65,56.65,55.52,55.59,6816600,,
2020-02-24,53.55,54.69,53.18,54.12,9968800,,
2020-02-25,55.33,55.47,53.83,53.86,12670700,,
2020-02-26,54.49,55.41,54.38,55.03,10969300,,
2020-02-27,54.20,54.60,53.27,53.29,11878900,,
2020-02-28,51.35,54.05,51.00,53.84,13604500,,
2020-03-02,54.37,56.01,53.83,55.98,13797700,,
2020-03-03,56.30,56.37,54.04,54.88,14661800,,
2020-03-04,55.97,57.09,55.55,57.08,9878200,,
2020-03-05,56.11,56.39,55.25,55.73,10004200,,
2020-03-06,54.60,55.08,53.97,55.07,12971200,,
2020-03-09,51.55,54.14,51.06,51.83,13781100,,
2020-03-10,53.71,54.62,52.49,54.51,11698700,,
2020-03-11,53.11,53.56,52.09,52.24,14498000,,
2020-03-12,49.66,50.99,48.51,48.69,15942200,,
2020-03-13,51.90,52.46,49.29,52.23,14948700,,
2020-03-16,46.34,48.35,44.90,44.90,16628200,,
2020-03-17,45.75,48.56,45.03,48.54,13415700,,
2020-03-18,43.80,46.09,43.26,44.37,15018500,,
2020-03-19,43.74,45.18,42.70,43.89,11182600,0.417,
2020-03-20,48.02,48.28,44.48,44.53,14157700,,
2020-03-23,45.12,45.61,43.52,45.26,10508600,,
2020-03-24,48.00,48.92,47.50,48.87,12216200,,
2020-03-25,49.30,50.05,48.05,49.00,9796600,,
2020-03-26,49.10,50.46,48.92,49.87,10577500,,
2020-03-27,47.23,48.09,46.51,46.91,12158500,,
2020-03-30,47.18,48.16,46.77,47.82,8428300,,
2020-03-31,47.80,49.03,47.66,47.79,9595700,,
2020-04-01,46.83,47.56,46.30,46.51,8755200,,
2020-04-02,46.92,48.22,46.61,48.13,6174700,,
2020-04-03,47.79,48.15,46.78,47.06,5486200,,
2020-04-06,48.63,50.10,48.51,49.97,7370300,,
2020-04-07,51.29,51.32,49.66,49.72,6568700,,
2020-04-08,50.21,50.60,49.54,50.27,6325900,,
2020-04-09,50.28,50.66,47.72,48.33,12274000,,
2020-04-13,48.74,49.09,47.96,48.75,9873200,,
2020-04-14,50.00,51.27,49.95,50.63,11068800,,
2020-04-15,49.76,49.97,49.04,49.66,9398100,,
2020-04-16,51.81,53.14,51.68,52.40,18615900,,
2020-04-17,54.13,54.19,53.00,53.69,11288500,,
2020-04-20,53.00,53.82,52.56,52.59,9901700,,
2020-04-21,51.60,51.81,50.52,51.37,13102500,,
2020-04-22,52.48,53.11,52.41,52.95,8255500,,
2020-04-23,52.81,53.13,52.26,52.64,7619900,,
2020-04-24,52.60,52.89,52.00,52.73,5701800,,
2020-04-27,53.15,53.75,52.97,53.51,5812300,,
2020-04-28,53.51,53.73,52.68,52.76,8561100,,
2020-04-29,53.75,54.69,53.43,54.48,8565500,,
2020-04-30,54.20,54.41,52.96,53.13,6337900,,
2020-05-01,52.48,52.56,51.09,51.10,10238700,,
2020-05-04,51.79,52.18,51.28,52.15,7514000,,
2020-05-05,52.21,52.58,51.58,51.71,7780700,,
2020-05-06,52.11,52.62,52.00,52.13,8206700,,
2020-05-07,52.95,52.98,52.10,52.33,5493400,,
2020-05-08,52.62,53.34,52.47,52.91,6086000,,
2020-05-11,52.61,52.83,52.38,52.40,6459300,,
2020-05-12,52.64,52.64,51.08,51.10,8584500,,
2020-05-13,51.91,52.02,50.48,50.92,8611000,,
2020-05-14,50.43,52.15,49.79,52.10,13695600,,
2020-05-15,50.56,51.05,49.38,49.80,17777200,,
2020-05-18,50.94,52.19,50.77,51.87,12726500,,
2020-05-19,51.35,51.46,50.80,50.81,12940300,,
2020-05-20,51.58,52.09,50.50,51.84,8406200,,
2020-05-21,52.10,52.21,50.69,50.75,7842600,,
2020-05-22,50.84,50.86,49.61,49.80,12462300,,
2020-05-26,51.30,51.40,50.79,50.82,8872000,,
2020-05-27,51.03,51.74,50.75,51.74,11405700,,
2020-05-28,51.46,51.62,50.10,50.28,8178700,,
2020-05-29,50.34,50.73,49.86,50.33,10918500,,
2020-06-01,50.91,51.28,50.54,51.03,6187300,,
2020-06-02,51.45,52.04,51.29,52.01,6063600,,
2020-06-03,52.64,53.25,52.42,53.06,8380200,,
2020-06-04,53.06,54.37,53.03,54.28,13269500,,
2020-06-05,55.50,56.34,55.06,55.20,9776100,,
2020-06-08,55.74,55.78,54.71,55.57,6302100,,
2020-06-09,55.29,56.63,54.95,56.61,9355100,,
2020-06-10,56.82,58.04,56.82,57.55,9194300,,
2020-06-11,55.85,56.41,55.01,55.04,9877100,,
2020-06-12,56.50,56.87,55.35,56.00,9838800,,
2020-06-15,54.71,56.12,54.52,56.02,7509700,,
2020-06-16,56.59,57.00,55.54,55.80,8827200,,
2020-06-17,56.15,56.82,55.89,56.60,8248700,,
2020-06-18,56.04,56.54,55.79,56.15,6831500,0.42,
2020-06-19,56.48,56.50,55.27,55.31,6965100,,
2020-06-22,55.50,56.00,55.32,56.00,4480400,,
2020-06-23,56.64,57.16,56.53,56.76,7836500,,
2020-06-24,56.71,57.06,56.16,56.58,7080200,,
2020-06-25,56.56,57.09,55.95,57.04,4509600,,
2020-06-26,57.00,57.26,56.21,56.33,6229300,,
2020-06-29,56.34,56.41,55.66,56.39,5016600,,
2020-06-30,56.25,56.99,56.19,56.77,7158700,,
2020-07-01,56.97,57.47,56.76,56.82,6866500,,
2020-07-02,57.95,59.07,57.95,58.62,10021200,,
2020-07-06,60.67,62.13,60.56,61.88,12725600,,
2020-07-07,61.26,61.50,60.68,60.71,6672300,,
2020-07-08,61.64,62.74,61.50,62.59,8721900,,
2020-07-09,62.95,64.97,62.89,64.78,16903300,,
2020-07-10,64.47,64.56,63.19,63.85,10700000,,
2020-07-13,65.20,67.08,64.98,65.07,16667700,,
2020-07-14,66.00,67.03,65.33,66.96,10482700,,
2020-07-15,67.18,67.21,65.16,66.06,12432500,,
2020-07-16,65.38,66.63,64.32,66.59,15709400,,
2020-07-17,67.31,68.00,66.37,66.40,11716600,,
2020-07-20,66.70,66.98,65.80,66.89,6357300,,
2020-07-21,68.84,69.25,67.71,67.81,10619700,,
2020-07-22,68.10,68.90,68.03,68.53,7366100,,
2020-07-23,68.26,68.50,66.75,67.37,8559500,,
2020-07-24,71.40,76.89,71.35,73.90,41226800,,
2020-07-27,81.36,83.40,80.43,83.25,39899200,,
2020-07-28,79.35,79.58,76.49,76.92,31500100,,
2020-07-29,77.11,83.37,77.06,82.67,28304000,,
2020-07-30,80.01,81.28,78.61,79.93,16820300,,
2020-07-31,79.63,79.77,77.51,78.89,12021200,,
2020-08-03,77.77,79.15,77.41,78.95,10129800,,
2020-08-04,79.33,80.19,78.74,80.19,12569400,,
2020-08-05,80.98,84.00,80.57,81.63,14436300,,
2020-08-06,82.04,82.10,80.22,80.52,9838700,,
2020-08-07,80.49,80.79,79.41,80.03,8705800,,
2020-08-10,80.55,80.85,79.22,79.87,7421400,,
2020-08-11,79.09,79.20,77.94,77.94,7056300,,
2020-08-12,78.16,79.55,77.73,79.39,8354400,,
2020-08-13,79.00,79.10,77.83,78.30,6551800,,
2020-08-14,78.42,79.23,78.05,78.41,5611200,,
2020-08-17,79.80,80.89,79.66,80.19,8663900,,
2020-08-18,80.22,80.82,79.25,79.41,6804800,,
2020-08-19,79.01,79.23,78.25,78.54,7976800,,
2020-08-20,76.32,77.10,75.98,76.81,11457100,,
2020-08-21,78.02,78.73,77.86,78.34,7942300,,
2020-08-24,79.73,79.91,78.49,78.90,6405600,,
2020-08-25,79.85,80.48,79.47,80.04,6113100,,
2020-08-26,81.25,82.17,81.01,81.75,7821600,,
2020-08-27,82.18,82.31,80.17,80.60,8018200,,
2020-08-28,80.06,80.88,79.91,80.44,5699500,,
2020-08-31,79.00,79.76,78.69,79.25,9812900,,
2020-09-01,80.12,81.60,79.99,81.55,10193300,,
2020-09-02,81.35,82.71,79.88,82.17,12567800,,
2020-09-03,81.12,81.81,78.38,81.18,20090100,,
2020-09-04,80.50,81.47,77.41,78.91,13638700,,
2020-09-08,78.02,79.15,77.22,77.32,11553500,,
2020-09-09,78.62,79.70,78.55,79.40,7867500,,
2020-09-10,80.74,81.23,78.76,78.90,11241800,,
2020-09-11,80.01,80.30,78.60,78.82,7853500,,
2020-09-14,80.50,81.12,79.95,80.50,7091100,,
2020-09-15,81.56,86.79,81.38,85.85,21048400,,
2020-09-16,86.49,86.49,83.04,83.13,14492600,,
2020-09-17,81.00,82.29,80.61,81.91,10090200,0.427,
2020-09-18,82.37,82.84,80.11,80.23,10528300,,
2020-09-21,79.80,80.65,79.08,80.59,8417100,,
2020-09-22,80.83,80.89,79.40,80.48,6375200,,
2020-09-23,79.70,79.93,77.89,77.92,9094700,,
2020-09-24,76.82,79.00,76.17,78.38,9940900,,
2020-09-25,78.17,78.92,77.39,78.88,6057500,,
2020-09-28,80.31,80.37,79.47,79.77,5999300,,
2020-09-29,79.70,81.24,79.31,80.51,6114600,,
2020-09-30,80.59,81.94,80.57,81.07,5878900,,
2020-10-01,82.06,82.72,81.74,82.62,6253800,,
2020-10-02,80.71,82.20,80.61,80.80,6145900,,
2020-10-05,81.55,84.63,81.55,84.54,10129100,,
2020-10-06,83.77,84.45,82.77,83.12,7795600,,
2020-10-07,84.78,87.00,84.78,86.92,11446400,,
2020-10-08,88.86,88.86,86.52,87.80,10920800,,
2020-10-09,88.34,88.80,87.64,88.78,7608800,,
2020-10-12,89.12,91.27,88.68,90.91,10022000,,
2020-10-13,90.50,90.65,89.43,89.64,8247000,,
2020-10-14,89.65,89.88,88.27,88.60,8159000,,
2020-10-15,87.29,89.49,87.19,88.15,10327900,,
2020-10-16,88.55,88.59,86.44,86.70,7457200,,
2020-10-19,88.34,89.62,87.29,87.56,7994500,,
2020-10-20,87.79,88.98,87.77,88.26,7357600,,
2020-10-21,88.00,88.87,87.57,87.64,7387600,,
2020-10-22,88.44,88.94,87.88,88.21,5656200,,
2020-10-23,88.25,88.45,87.43,88.31,4165400,,
2020-10-26,87.21,87.78,85.77,86.73,5568000,,
2020-10-27,86.96,87.22,85.98,86.71,5315800,,
2020-10-28,85.15,85.41,83.84,83.85,8727300,,
2020-10-29,84.27,85.33,84.02,84.89,5845600,,
2020-10-30,84.43,84.75,83.16,83.87,4963600,,
2020-11-02,84.60,85.96,84.53,85.71,6597100,,
2020-11-03,86.19,88.24,86.06,87.69,6274700,,
2020-11-04,88.72,89.77,88.46,89.45,7620800,,
2020-11-05,90.42,90.96,89.77,90.43,6670100,,
2020-11-06,89.81,91.50,89.05,91.41,6403000,,
2020-11-09,92.20,92.48,88.94,89.03,8978000,,
2020-11-10,88.40,88.80,86.70,87.66,8350100,,
2020-11-11,89.50,91.18,89.36,90.88,7707300,,
2020-11-12,90.88,91.89,89.78,89.82,7474600,,
2020-11-13,91.54,93.81,91.21,93.22,9170900,,
2020-11-16,96.42,102.44,96.36,99.27,18436200,,
2020-11-17,97.98,98.09,95.69,95.71,10843700,,
2020-11-18,98.52,98.80,96.37,96.93,8526600,,
2020-11-19,96.77,96.86,95.62,96.61,5542800,,
2020-11-20,96.66,97.20,95.30,95.33,5329800,,
2020-11-23,97.16,98.93,96.85,98.13,8802400,,
2020-11-24,98.49,98.59,96.02,96.64,7022800,,
2020-11-25,96.20,97.99,96.14,97.49,5194900,,
2020-11-27,98.54,99.27,98.05,98.74,4367100,,
2020-11-30,97.56,97.95,96.20,97.02,13840500,,
2020-12-01,98.69,104.30,98.52,100.86,16157300,,
2020-12-02,102.00,102.04,99.52,99.54,8676300,,
2020-12-03,101.06,101.19,99.43,99.50,7359000,,
2020-12-04,101.51,103.75,100.70,103.73,10824500,,
2020-12-07,106.02,107.61,104.97,106.39,11793000,,
2020-12-08,107.78,107.84,105.11,105.64,9876200,,
2020-12-09,106.01,106.60,103.51,104.42,8204100,,
2020-12-10,103.00,105.11,102.20,104.23,7135000,,
2020-12-11,104.01,105.12,103.22,104.03,7492600,,
2020-12-14,103.77,104.90,103.50,103.56,5878000,,
2020-12-15,105.68,106.38,104.42,105.09,7399900,,
2020-12-16,105.65,105.67,103.96,105.20,5986900,,
2020-12-17,104.90,105.32,103.85,103.90,7779300,0.442,
2020-12-18,104.00,104.80,103.16,104.28,7417000,,
2020-12-21,103.56,104.96,103.32,104.83,6116400,,
2020-12-22,105.07,105.22,102.91,103.94,5597100,,
2020-12-23,104.67,104.87,103.60,103.76,3320800,,
2020-12-24,104.76,106.34,104.67,105.97,3172100,,
2020-12-28,107.60,108.17,105.95,106.15,5157000,,
2020-12-29,107.00,107.15,105.22,105.56,4602400,,
2020-12-30,107.70,109.70,107.40,108.90,9571800,,
2020-12-31,109.66,109.67,108.44,109.04,4909500,,
2021-01-04,111.47,114.10,110.45,111.70,11262100,,
2021-01-05,112.41,114.95,112.01,112.77,10583600,,
2021-01-06,113.85,116.39,112.55,115.61,10609300,,
2021-01-07,119.34,122.94,117.59,121.43,13556100,,
2021-01-08,125.91,126.29,116.98,118.69,18976800,,
2021-01-11,119.74,123.60,118.80,122.60,12006800,,
2021-01-12,125.16,125.20,121.68,123.00,14163200,,
2021-01-13,124.40,124.80,118.00,119.23,20650500,,
2021-01-14,123.45,134.65,121.67,126.45,37125400,,
2021-01-15,128.47,128.54,123.21,125.23,17343100,,
2021-01-19,130.59,134.05,128.44,131.30,20443800,,
2021-01-20,135.19,136.13,130.10,130.64,17360700,,
2021-01-21,133.25,135.40,132.34,134.16,15460100,,
2021-01-22,130.04,131.25,128.81,129.14,19163200,,
2021-01-25,131.83,132.17,127.35,130.52,20469300,,
2021-01-26,129.05,129.32,126.25,126.65,17084600,,
2021-01-27,124.95,125.10,121.50,121.74,16732700,,
2021-01-28,124.50,127.58,123.58,125.83,14148100,,
2021-01-29,124.00,124.36,120.55,121.52,15169200,,
2021-02-01,124.54,126.85,123.38,126.66,10179900,,
2021-02-02,129.47,130.25,127.45,128.44,9302400,,
2021-02-03,129.00,129.14,126.06,127.50,9676600,,
2021-02-04,127.50,128.20,125.97,128.15,7445100,,
2021-02-05,128.79,128.88,126.70,127.78,6226800,,
2021-02-08,128.70,133.25,128.70,132.55,11160000,,
2021-02-09,133.98,134.41,131.75,132.68,7929100,,
2021-02-10,134.12,136.00,132.51,133.69,12196300,,
2021-02-11,135.40,139.23,134.06,139.16,12347900,,
2021-02-12,138.92,139.81,137.16,138.06,11114100,,
2021-02-16,141.61,142.20,139.42,140.05,11833600,,
2021-02-17,139.21,139.64,136.10,136.27,12311200,,
2021-02-18,134.85,135.88,133.40,134.63,11614600,,
2021-02-19,136.15,137.95,135.72,136.66,10771900,,
2021-02-22,133.59,135.28,133.18,133.57,10363800,,
2021-02-23,129.10,131.74,125.38,129.10,18444700,,
2021-02-24,129.51,132.38,127.68,132.30,12782900,,
2021-02-25,131.52,131.54,125.72,126.00,13581200,,
2021-02-26,125.43,127.39,122.83,125.94,17281000,,
2021-03-01,129.63,130.30,127.24,129.13,9714900,,
2021-03-02,128.43,128.52,126.00,126.00,8274500,,
2021-03-03,126.72,127.76,122.71,122.89,10660300,,
2021-03-04,121.95,123.15,113.49,115.59,24454200,,
2021-03-05,120.90,121.30,115.38,120.80,17448700,,
2021-03-08,120.54,121.00,113.70,113.93,17246900,,
2021-03-09,117.07,118.40,115.33,116.38,17717100,,
2021-03-10,117.80,118.03,113.41,113.83,15240300,,
2021-03-11,118.24,120.80,117.07,120.58,15091600,,
2021-03-12,119.00,119.00,117.28,118.30,8171000,,
2021-03-15,118.65,119.11,116.71,119.08,8935000,,
2021-03-16,119.72,121.25,118.10,119.35,10793400,,
2021-03-17,117.75,119.52,115.39,118.76,9890400,0.448,
2021-03-18,118.00,118.33,114.10,114.50,10283800,,
2021-03-19,114.38,114.89,113.21,113.63,11536000,,
2021-03-22,114.79,118.33,114.79,117.18,9376400,,
2021-03-23,116.10,116.75,114.62,114.89,8977400,,
2021-03-24,112.47,114.69,108.85,108.96,24196100,,
2021-03-25,108.00,112.75,107.89,110.45,16772400,,
2021-03-26,112.00,116.70,111.20,116.56,12910900,,
2021-03-29,116.55,116.76,112.39,114.39,10863600,,
2021-03-30,115.28,116.09,114.29,115.07,8206200,,
2021-03-31,115.79,118.36,115.56,118.28,9806500,,
2021-04-01,122.81,124.88,121.64,124.80,17904000,,
2021-04-05,127.07,127.40,122.68,124.50,14113900,,
2021-04-06,124.00,124.01,121.54,122.44,13042300,,
2021-04-07,122.44,122.61,119.84,119.89,11193200,,
2021-04-08,121.38,123.82,121.38,123.43,10226700,,
2021-04-09,122.75,123.44,121.70,122.80,8315200,,
2021-04-12,122.21,122.46,119.24,120.90,9868400,,
2021-04-13,122.40,122.90,120.35,121.27,8384800,,
2021-04-14,121.99,122.43,120.50,120.84,9521900,,
2021-04-15,121.70,122.00,116.56,118.35,18709100,,
2021-04-16,119.19,120.60,117.85,118.84,9512100,,
2021-04-19,118.00,118.88,115.20,115.40,12630300,,
2021-04-20,116.05,116.78,114.55,114.95,9299200,,
2021-04-21,114.50,117.49,113.77,117.40,8472200,,
2021-04-22,117.50,117.50,114.41,115.32,7411800,,
2021-04-23,116.58,118.72,115.93,118.64,8380300,,
2021-04-26,120.00,121.54,119.40,121.52,8444000,,
2021-04-27,121.50,121.65,119.89,121.27,5491800,,
2021-04-28,120.00,120.42,118.73,119.66,6476500,,
2021-04-29,120.72,120.83,117.61,119.10,8831800,,
2021-04-30,118.01,118.18,116.65,116.74,7950700,,
2021-05-03,117.47,117.55,115.73,115.94,10229500,,
2021-05-04,115.00,115.82,113.74,115.36,9638300,,
2021-05-05,116.00,116.49,114.85,115.38,7059000,,
2021-05-06,115.30,117.64,114.46,117.00,8581700,,
2021-05-07,118.40,119.42,116.05,116.83,9614300,,
2021-05-10,114.98,115.38,112.23,112.31,12281200,,
2021-05-11,109.73,112.99,109.13,112.85,10007700,,
2021-05-12,109.35,110.09,108.06,108.21,15058900,,
2021-05-13,109.36,111.43,107.90,108.75,10552000,,
2021-05-14,110.61,112.83,110.24,112.46,8425200,,
2021-05-17,109.07,110.03,107.87,109.80,10688600,,
2021-05-18,113.00,113.48,110.74,110.84,7476600,,
2021-05-19,108.50,112.49,108.00,112.40,7280500,,
2021-05-20,112.39,113.72,112.10,113.28,6442500,,
2021-05-21,114.00,114.00,111.69,111.85,5979400,,
2021-05-24,112.26,114.54,112.12,113.63,6653600,,
2021-05-25,114.85,114.94,113.60,114.28,5331700,,
2021-05-26,114.00,116.00,114.00,116.00,6605100,,
2021-05-27,116.00,116.53,115.00,115.77,6513700,,
2021-05-28,116.30,117.84,115.95,117.36,5386500,,
2021-06-01,119.71,120.04,117.43,118.51,7596100,,
2021-06-02,118.90,119.45,117.92,118.95,5383400,,
2021-06-03,118.05,118.26,116.46,116.82,4912200,,
2021-06-04,118.23,119.85,118.05,119.51,5352100,,
2021-06-07,118.14,118.75,117.57,118.22,6266000,,
2021-06-08,117.55,117.68,115.06,115.92,11564800,,
2021-06-09,116.00,117.65,115.97,117.13,6401600,,
2021-06-10,117.04,118.85,116.63,118.24,8566600,,
2021-06-11,118.29,118.42,117.16,118.25,6036600,,
2021-06-14,118.55,121.00,118.46,120.99,7610300,,
2021-06-15,120.35,122.00,119.27,119.45,8196900,,
2021-06-16,119.55,119.90,117.50,118.02,8059400,,
2021-06-17,117.68,120.24,117.59,119.12,7608100,0.451,
2021-06-18,117.51,117.89,115.21,115.79,12532800,,
2021-06-21,115.38,115.40,113.02,114.14,11116200,,
2021-06-22,113.50,114.49,112.01,114.33,11792400,,
2021-06-23,116.20,117.42,115.81,116.05,8913700,,
2021-06-24,116.72,117.67,116.27,117.24,6772200,,
2021-06-25,117.45,117.93,116.53,116.53,6712800,,
2021-06-28,117.29,119.95,117.18,119.61,11026600,,
2021-06-29,119.40,120.29,118.42,120.23,7874900,,
2021-06-30,120.16,120.76,119.01,120.16,7936400,,
2021-07-01,120.10,120.21,118.03,118.42,8295600,,
2021-07-02,118.75,119.18,118.41,118.91,5144300,,
2021-07-06,119.85,120.96,118.22,120.05,7181500,,
2021-07-07,120.64,121.05,118.21,118.25,7391800,,
2021-07-08,115.87,118.28,115.38,117.87,7565400,,
2021-07-09,118.00,120.79,117.62,120.56,8374200,,
2021-07-12,121.19,122.73,119.52,122.63,10668700,,
2021-07-13,123.19,125.48,122.13,123.90,13460200,,
2021-07-14,125.15,125.78,124.07,124.39,10587700,,
2021-07-15,120.12,120.70,116.87,117.53,23734500,,
2021-07-16,118.75,118.99,115.17,115.74,12110000,,
2021-07-19,114.00,115.62,113.23,115.35,9230200,,
2021-07-20,115.88,116.87,114.43,116.40,7108000,,
2021-07-21,116.23,117.87,115.93,117.87,5564700,,
2021-07-22,118.09,118.09,116.21,116.56,5746500,,
2021-07-23,117.65,117.65,115.33,116.79,5773900,,
2021-07-26,115.79,116.10,114.87,115.65,6440600,,
2021-07-27,115.32,115.40,112.05,113.54,11127500,,
2021-07-28,113.94,115.51,113.88,115.07,6819700,,
2021-07-29,116.00,117.11,115.61,116.15,7162000,,
2021-07-30,115.50,117.42,115.19,116.64,6482600,,
2021-08-02,117.50,118.38,116.66,116.86,6028800,,
2021-08-03,117.31,118.64,116.84,118.41,5874700,,
2021-08-04,118.43,119.55,118.28,118.74,4254000,,
2021-08-05,119.07,119.24,118.24,119.22,4452300,,
2021-08-06,118.37,118.60,117.45,118.21,4338100,,
2021-08-09,118.42,118.79,117.32,118.22,4280200,,
2021-08-10,118.50,119.05,114.08,116.36,5132800,,
2021-08-11,116.50,117.29,115.20,115.99,4490400,,
2021-08-12,115.55,115.95,114.44,115.70,6338400,,
2021-08-13,115.07,115.52,114.49,115.50,4593200,,
2021-08-16,115.10,115.48,114.10,114.63,5435900,,
2021-08-17,113.73,113.85,110.75,111.11,13398800,,
2021-08-18,111.74,113.00,110.38,110.45,9167300,,
2021-08-19,109.00,110.97,107.68,110.52,12146900,,
2021-08-20,109.14,109.71,107.73,108.12,13042000,,
2021-08-23,110.08,111.33,109.27,110.96,9533500,,
2021-08-24,111.82,113.07,111.80,112.11,6719800,,
2021-08-25,115.71,119.18,115.61,117.03,22106800,,
2021-08-26,117.98,118.46,116.35,118.10,9892100,,
2021-08-27,118.33,119.30,117.69,118.49,6827700,,
2021-08-30,118.88,119.50,118.47,118.99,6434200,,
2021-08-31,120.01,120.80,118.70,119.01,8424900,,
2021-09-01,120.22,121.36,119.56,120.46,8603900,,
2021-09-02,120.94,121.39,120.46,120.79,6866400,,
2021-09-03,121.58,124.48,121.26,123.97,10361400,,
2021-09-07,124.62,125.28,123.89,124.70,9739900,,
2021-09-08,122.97,123.14,121.23,121.89,7983300,,
2021-09-09,122.19,123.49,121.88,122.68,5101300,,
2021-09-10,123.02,124.34,122.89,122.97,5163900,,
2021-09-13,122.94,124.10,122.20,123.62,6622800,,
2021-09-14,123.63,123.63,122.40,123.09,5110500,,
2021-09-15,122.41,122.50,120.88,121.50,5566500,,
2021-09-16,120.00,121.13,119.35,120.79,7301400,0.497,
2021-09-17,120.19,120.47,117.69,117.75,10722700,,
2021-09-20,115.20,116.01,113.55,114.70,8991000,,
2021-09-21,115.65,115.87,114.55,114.96,8182200,,
2021-09-22,115.23,116.24,114.91,115.87,5345600,,
2021-09-23,116.97,116.97,115.59,116.19,5484700,,
2021-09-24,116.00,116.56,115.53,115.64,4455900,,
2021-09-27,115.70,116.57,115.01,116.15,5198800,,
2021-09-28,114.33,115.04,111.85,111.90,9792300,,
2021-09-29,112.30,112.85,111.02,111.62,6522400,,
2021-09-30,112.43,113.35,111.65,111.65,6433400,,
2021-10-01,112.00,112.30,110.30,111.56,5315200,,
2021-10-04,111.00,111.43,108.52,109.02,8514500,,
2021-10-05,109.80,110.35,109.22,109.26,8039600,,
2021-10-06,108.44,109.52,107.58,109.34,7553600,,
2021-10-07,111.00,111.71,110.49,110.83,7821900,,
2021-10-08,110.98,111.07,109.51,110.04,5143400,,
2021-10-11,110.08,111.71,109.90,110.26,5318500,,
2021-10-12,110.47,111.03,108.56,109.20,9294600,,
2021-10-13,109.32,110.05,108.95,109.98,7845100,,
2021-10-14,114.14,114.74,111.16,112.56,16930500,,
2021-10-15,114.78,114.95,112.96,114.86,11558800,,
2021-10-18,113.42,115.35,113.42,115.34,6773800,,
2021-10-19,115.80,116.98,115.63,116.96,5406100,,
2021-10-20,116.88,117.03,115.55,115.59,8205800,,
2021-10-21,115.01,116.35,114.61,116.29,4640300,,
2021-10-22,116.24,117.15,114.23,114.23,6283000,,
2021-10-25,114.40,114.55,113.11,113.64,6667700,,
2021-10-26,114.94,115.30,113.72,114.18,4852300,,
2021-10-27,114.03,115.06,113.71,113.75,5394500,,
2021-10-28,113.66,116.02,113.54,116.01,5714300,,
2021-10-29,114.07,114.19,113.22,113.70,7118900,,
2021-11-01,113.58,114.34,113.35,114.12,4955700,,
2021-11-02,113.59,114.80,113.54,114.11,4479700,,
2021-11-03,113.44,114.10,112.73,114.01,6073000,,
2021-11-04,113.37,117.85,112.41,117.79,14682800,,
2021-11-05,118.17,119.53,116.25,117.80,8668100,,
2021-11-08,118.39,122.25,117.05,120.91,15776300,,
2021-11-09,121.25,123.27,120.17,121.78,10874100,,
2021-11-10,119.60,120.80,117.68,118.20,9046100,,
2021-11-11,119.26,120.47,117.80,118.19,6994000,,
2021-11-12,118.39,118.82,117.27,118.69,6947200,,
2021-11-15,119.32,119.64,117.51,118.12,5157000,,
2021-11-16,117.69,118.38,117.16,118.08,5555100,,
2021-11-17,118.00,119.55,117.51,119.06,6391400,,
2021-11-18,119.97,123.56,119.80,123.39,13229700,,
2021-11-19,122.03,124.80,122.02,124.26,9071800,,
2021-11-22,123.50,128.09,123.21,124.75,16076100,,
2021-11-23,122.72,123.20,119.52,121.36,10984000,,
2021-11-24,120.00,120.87,118.40,120.71,6992600,,
2021-11-26,117.50,119.04,116.52,117.09,6766900,,
2021-11-29,118.36,119.88,117.90,119.28,7634000,,
2021-11-30,118.10,120.17,115.76,117.15,10561800,,
2021-12-01,119.22,123.51,119.22,120.63,12924400,,
2021-12-02,120.35,123.40,120.02,121.70,8425500,,
2021-12-03,121.00,121.85,117.98,119.33,7809000,,
2021-12-06,118.89,119.50,116.58,119.14,5681200,,
2021-12-07,120.54,122.58,120.26,122.32,7459200,,
2021-12-08,121.63,122.22,120.11,121.80,5795700,,
2021-12-09,121.18,122.09,119.49,119.50,6103900,,
2021-12-10,120.00,120.79,118.24,119.13,5973900,,
2021-12-13,118.86,119.03,116.39,116.42,5854300,,
2021-12-14,115.44,116.98,115.25,116.29,6267300,,
2021-12-15,116.79,120.51,116.48,120.40,6700700,,
2021-12-16,120.34,120.75,116.14,116.57,9116100,0.496,
2021-12-17,116.29,117.49,115.93,116.32,11725600,,
2021-12-20,115.92,116.62,113.91,114.94,6980800,,
2021-12-21,116.07,117.50,115.08,117.44,6122900,,
2021-12-22,116.92,121.44,116.83,121.30,9300100,,
2021-12-23,120.96,121.79,119.84,120.68,6512500,,
2021-12-27,121.22,123.26,121.20,122.70,6309900,,
2021-12-28,123.38,123.66,121.87,122.06,6321000,,
2021-12-29,121.80,123.15,120.97,121.41,5847700,,
2021-12-30,121.00,121.55,120.19,120.42,4187800,,
2021-12-31,121.35,121.75,120.22,120.31,3888200,,
2022-01-03,124.13,129.59,124.00,128.80,18592000,,
2022-01-04,130.87,135.50,130.30,133.40,25554900,,
2022-01-05,130.71,130.88,126.88,127.06,17891200,,
2022-01-06,127.00,129.00,124.81,128.47,16249000,,
2022-01-07,126.55,127.14,123.31,123.50,21248100,,
2022-01-10,125.11,125.87,123.26,125.01,11857700,,
2022-01-11,126.54,129.55,125.50,129.17,12113100,,
2022-01-12,130.50,132.92,130.22,132.23,16389200,,
2022-01-13,140.75,145.00,138.92,139.19,52020000,,
2022-01-14,136.09,143.88,136.09,140.66,28255300,,
2022-01-18,136.75,137.18,133.29,133.83,15191400,,
2022-01-19,134.62,135.90,130.94,131.01,11155100,,
2022-01-20,131.92,132.75,128.20,128.33,11421900,,
2022-01-21,127.08,127.98,124.27,124.53,15573700,,
2022-01-24,123.77,126.07,120.13,125.96,17083400,,
2022-01-25,125.49,125.82,121.70,122.48,11370500,,
2022-01-26,125.38,126.67,121.89,123.08,13592100,,
2022-01-27,124.00,124.14,116.03,116.38,18599800,,
2022-01-28,118.71,119.60,114.19,117.61,14005900,,
2022-01-31,119.52,122.77,118.81,122.63,10189100,,
2022-02-01,122.90,123.24,120.10,123.05,6956300,,
2022-02-02,126.23,126.47,122.55,124.15,8562900,,
2022-02-03,121.45,123.88,119.25,119.84,9926800,,
2022-02-04,120.44,121.83,119.39,121.02,5743200,,
2022-02-07,122.56,124.10,121.88,122.31,6562900,,
2022-02-08,122.00,123.86,121.61,123.71,7036200,,
2022-02-09,124.88,125.55,122.76,125.52,10979700,,
2022-02-10,124.80,128.66,124.36,124.71,10474900,,
2022-02-11,125.50,126.58,120.45,121.01,9845700,,
2022-02-14,119.95,121.55,118.00,119.77,8081800,,
2022-02-15,122.02,124.61,121.46,124.52,9248700,,
2022-02-16,123.14,124.29,121.57,123.60,5749500,,
2022-02-17,122.49,122.75,119.65,119.76,7976700,,
2022-02-18,120.52,120.69,118.45,119.31,8389000,,
2022-02-22,117.50,119.36,115.72,116.91,9793500,,
2022-02-23,118.55,119.43,115.76,115.90,8114700,,
2022-02-24,108.00,111.98,104.38,111.88,27539100,,
2022-02-25,112.29,113.00,109.36,111.23,14258900,,
2022-02-28,109.37,109.77,105.00,107.01,26390800,,
2022-03-01,110.00,111.11,107.05,108.05,20377900,,
2022-03-02,108.40,109.97,107.86,109.61,13342400,,
2022-03-03,109.91,110.00,107.60,108.79,10841700,,
2022-03-04,107.00,108.12,103.81,105.06,22372100,,
2022-03-07,103.29,104.09,99.06,99.29,29422900,,
2022-03-08,100.21,103.11,98.62,100.00,25650000,,
2022-03-09,104.51,105.72,102.76,104.95,14348400,,
2022-03-10,104.19,105.53,102.52,103.96,11811000,,
2022-03-11,105.36,105.36,101.30,101.41,18116400,,
2022-03-14,101.52,101.86,99.07,99.30,17959400,,
2022-03-15,98.03,102.14,97.62,102.09,13415600,,
2022-03-16,102.99,105.79,102.81,105.69,20347100,0.49,
2022-03-17,105.75,106.53,104.75,106.49,8042000,,
2022-03-18,105.71,107.04,104.89,106.72,10218200,,
2022-03-21,106.72,107.22,105.13,106.92,10366100,,
2022-03-22,106.39,107.96,106.23,107.04,10401200,,
2022-03-23,106.50,108.19,105.35,105.35,12905300,,
2022-03-24,106.78,107.98,105.83,107.92,10834000,,
2022-03-25,107.69,107.98,105.84,106.73,7432100,,
2022-03-28,105.62,106.72,104.61,106.33,8151200,,
2022-03-29,107.92,109.76,106.79,109.25,14076200,,
2022-03-30,107.79,109.34,106.51,106.73,15456300,,
2022-03-31,106.96,107.15,104.19,104.26,13021600,,
2022-04-01,105.77,105.95,102.21,102.79,12085100,,
2022-04-04,104.02,105.57,103.28,104.79,9077200,,
2022-04-05,104.48,104.60,102.11,102.50,12291000,,
2022-04-06,100.42,102.14,99.72,101.18,14902600,,
2022-04-07,100.42,101.23,99.65,100.52,12431000,,
2022-04-08,100.62,100.70,99.12,99.29,11796200,,
2022-04-11,98.22,98.38,96.91,97.57,12480500,,
2022-04-12,100.00,100.15,97.44,97.44,13291500,,
2022-04-13,99.80,102.22,99.50,101.50,15776800,,
2022-04-14,104.00,104.50,98.33,98.36,17828500,,
2022-04-18,97.95,99.84,97.47,98.77,10277400,,
2022-04-19,98.44,99.45,97.71,99.45,10103000,,
2022-04-20,100.40,101.00,98.90,99.01,8596900,,
2022-04-21,99.75,100.65,97.41,97.66,13038500,,
2022-04-22,97.03,97.79,95.36,95.68,11650100,,
2022-04-25,95.05,96.28,94.45,96.24,10654400,,
2022-04-26,94.94,95.02,92.77,92.77,14176000,,
2022-04-27,91.84,92.69,90.22,90.26,15846300,,
2022-04-28,92.16,96.20,91.78,95.22,15176200,,
2022-04-29,93.18,95.59,92.77,92.93,10629300,,
2022-05-02,92.50,94.27,91.24,93.76,8251900,,
2022-05-03,92.78,94.05,92.51,93.63,9511900,,
2022-05-04,93.91,96.07,91.92,95.99,9082500,,
2022-05-05,94.04,94.38,91.22,92.15,11517200,,
2022-05-06,91.40,92.88,90.27,91.63,7944900,,
2022-05-09,89.94,90.19,87.01,87.30,11428600,,
2022-05-10,90.02,90.29,88.09,88.82,11690400,,
2022-05-11,88.87,90.57,87.80,87.83,11531300,,
2022-05-12,86.22,88.21,85.39,87.69,11592900,,
2022-05-13,88.87,91.36,88.16,90.96,11180600,,
2022-05-16,89.87,91.37,89.50,90.41,6729100,,
2022-05-17,93.30,93.49,92.37,93.32,7668800,,
2022-05-18,92.07,93.23,90.37,90.53,9610900,,
2022-05-19,89.84,92.10,89.56,90.21,7739000,,
2022-05-20,93.04,93.04,88.83,90.78,10469900,,
2022-05-23,91.02,91.91,90.65,91.50,6920500,,
2022-05-24,89.52,89.80,88.52,88.72,8788600,,
2022-05-25,89.33,90.92,89.04,90.41,9113500,,
2022-05-26,89.41,91.37,89.04,91.00,9762700,,
2022-05-27,92.62,93.82,92.53,93.77,6279000,,
2022-05-31,95.54,96.29,94.51,95.30,9621700,,
2022-06-01,95.60,96.36,93.83,94.75,6152400,,
2022-06-02,93.99,96.37,93.62,96.34,6335000,,
2022-06-03,94.36,94.58,92.90,93.77,9137100,,
2022-06-06,95.00,95.54,92.87,93.11,9440200,,
2022-06-07,92.67,93.86,91.77,93.84,7360200,,
2022-06-08,94.00,94.93,93.14,93.47,6446300,,
2022-06-09,93.00,93.50,90.80,90.85,8086700,,
2022-06-10,90.54,90.72,88.63,88.68,10460400,,
2022-06-13,86.06,86.83,85.02,85.55,14603700,,
2022-06-14,86.74,87.88,86.29,87.19,10449600,,
2022-06-15,87.51,89.81,87.37,89.13,11742500,,
2022-06-16,85.22,85.93,83.99,84.52,10505200,0.467,
2022-06-17,85.00,85.60,83.95,85.00,9735500,,
2022-06-21,86.00,87.75,86.00,86.95,9604000,,
2022-06-22,84.64,86.18,84.55,84.91,7868700,,
2022-06-23,84.13,84.23,82.76,84.12,10370300,,
2022-06-24,84.15,86.55,84.15,85.92,10670100,,
2022-06-27,86.92,87.00,85.58,85.86,7358000,,
2022-06-28,86.15,86.81,84.34,84.34,8289200,,
2022-06-29,84.43,84.61,83.33,83.65,7981300,,
2022-06-30,81.46,82.22,80.12,81.75,14201600,,
2022-07-01,79.04,79.22,76.18,77.00,19531700,,
2022-07-05,74.55,76.15,73.74,76.11,22253100,,
2022-07-06,74.29,76.30,73.78,75.56,11530500,,
2022-07-07,78.60,80.96,78.34,80.65,15847800,,
2022-07-08,79.92,82.16,79.76,81.51,10004200,,
2022-07-11,79.77,80.27,78.82,79.11,9519600,,
2022-07-12,81.16,81.48,78.93,79.10,10363700,,
2022-07-13,79.28,81.72,78.90,81.29,14706500,,
2022-07-14,82.95,84.04,80.51,83.67,23377000,,
2022-07-15,85.58,86.04,83.97,85.63,14061000,,
2022-07-18,86.06,86.08,83.37,83.58,11352500,,
2022-07-19,85.00,86.47,84.56,86.15,10673100,,
2022-07-20,85.18,86.75,85.11,86.56,11664800,,
2022-07-21,86.68,87.80,86.40,87.79,7135000,,
2022-07-22,87.41,87.73,85.80,86.32,8612100,,
2022-07-25,86.30,86.70,85.63,86.30,5960900,,
2022-07-26,84.76,85.20,83.85,84.42,6977700,,
2022-07-27,85.31,87.90,85.31,87.63,9399500,,
2022-07-28,87.13,88.62,86.45,88.61,10668200,,
2022-07-29,87.82,89.21,87.79,88.48,10366200,,
2022-08-01,85.30,86.89,84.30,86.31,20102600,,
2022-08-02,84.52,87.51,84.17,86.05,15541600,,
2022-08-03,85.96,86.77,84.56,86.51,20779400,,
2022-08-04,87.00,88.42,86.62,88.42,13472500,,
2022-08-05,88.03,90.98,88.01,89.77,13293500,,
2022-08-08,88.98,89.10,86.91,87.94,12120300,,
2022-08-09,86.94,87.14,84.44,85.21,13075000,,
2022-08-10,86.81,88.67,86.31,88.67,10704600,,
2022-08-11,89.96,91.00,89.31,89.52,11158800,,
2022-08-12,89.68,91.35,89.64,90.86,12098800,,
2022-08-15,90.01,91.94,90.00,91.57,15949500,,
2022-08-16,91.14,91.35,88.57,89.95,10566100,,
2022-08-17,89.00,89.77,88.48,89.20,9093100,,
2022-08-18,88.71,89.67,88.42,89.27,10947700,,
2022-08-19,88.50,88.59,87.02,87.20,9602800,,
2022-08-22,85.41,86.03,84.94,85.24,8054000,,
2022-08-23,85.16,86.60,84.99,86.03,8462500,,
2022-08-24,85.80,86.13,85.20,85.56,7085800,,
2022-08-25,86.33,87.59,86.01,87.57,6602100,,
2022-08-26,87.50,87.79,84.65,84.74,9381500,,
2022-08-29,83.91,84.32,82.78,82.85,9639700,,
2022-08-30,83.78,83.98,81.73,82.79,8392300,,
2022-08-31,84.11,84.87,83.06,83.35,8887100,,
2022-09-01,81.45,81.83,80.12,81.64,11566000,,
2022-09-02,81.55,82.98,80.61,80.90,8850100,,
2022-09-06,81.03,81.03,79.52,80.03,12704400,,
2022-09-07,78.39,80.18,78.23,79.95,9843500,,
2022-09-08,79.01,80.74,78.77,80.24,8181700,,
2022-09-09,80.83,81.66,80.74,81.53,7084700,,
2022-09-12,81.97,82.50,81.76,82.15,7903000,,
2022-09-13,80.42,81.14,78.52,78.81,12835100,,
2022-09-14,79.74,80.16,78.98,79.66,8849600,,
2022-09-15,78.58,79.25,77.67,77.98,10533100,0.448,
2022-09-16,77.11,78.00,76.92,77.89,10604500,,
2022-09-19,76.55,78.23,76.55,78.23,10378600,,
2022-09-20,77.54,78.44,77.51,78.15,8202800,,
2022-09-21,77.58,79.31,77.14,77.14,10869000,,
2022-09-22,76.45,76.75,75.36,75.63,10817900,,
2022-09-23,74.30,74.39,73.09,73.87,12685500,,
2022-09-26,73.47,74.19,72.92,73.01,13441500,,
2022-09-27,73.51,74.04,72.35,73.03,12430600,,
2022-09-28,71.11,72.29,70.70,72.13,12943600,,
2022-09-29,70.52,70.68,68.48,69.28,16120300,,
2022-09-30,67.81,69.65,67.74,68.56,10472400,,
2022-10-03,68.08,69.57,67.65,69.25,11945100,,
2022-10-04,70.80,72.93,70.72,72.81,14900700,,
2022-10-05,72.92,74.91,72.58,74.48,14037100,,
2022-10-06,73.97,74.92,73.86,74.35,11796800,,
2022-10-07,71.81,72.03,69.75,69.75,14758600,,
2022-10-10,69.85,69.88,67.01,67.44,16042200,,
2022-10-11,64.20,64.91,62.62,63.45,28699300,,
2022-10-12,63.60,64.23,63.37,64.11,16468700,,
2022-10-13,63.06,70.20,62.32,66.62,36639300,,
2022-10-14,67.26,67.45,63.78,63.92,19440900,,
2022-10-17,64.98,65.35,64.04,64.89,11280100,,
2022-10-18,65.90,66.11,62.78,63.71,16656100,,
2022-10-19,62.74,64.11,62.17,63.66,12385200,,
2022-10-20,63.75,65.28,63.38,63.58,11300900,,
2022-10-21,62.02,63.78,62.02,63.75,13699000,,
2022-10-24,60.58,61.62,59.68,61.29,25010800,,
2022-10-25,59.96,61.36,59.51,61.14,21700600,,
2022-10-26,60.86,61.98,60.43,60.84,14006000,,
2022-10-27,61.85,62.45,60.91,60.95,12937600,,
2022-10-28,60.77,62.03,60.07,62.01,11972300,,
2022-10-31,61.59,62.27,61.07,61.55,10802800,,
2022-11-01,63.26,63.43,61.58,61.58,11561900,,
2022-11-02,62.50,62.89,60.52,60.52,16547200,,
2022-11-03,60.00,60.89,59.43,60.28,11040900,,
2022-11-04,61.51,62.50,61.02,62.48,14662800,,
2022-11-07,62.62,62.93,61.97,62.76,8507100,,
2022-11-08,64.37,65.75,64.22,65.02,14102800,,
2022-11-09,66.53,66.60,64.95,65.00,15086800,,
2022-11-10,67.74,70.87,67.32,70.84,21367900,,
2022-11-11,72.74,74.60,72.38,73.83,15524700,,
2022-11-14,73.24,73.68,72.24,72.80,11575300,,
2022-11-15,81.92,82.93,80.01,80.46,48742400,,
2022-11-16,80.56,80.57,78.90,79.45,24006600,,
2022-11-17,79.30,82.94,78.69,81.48,24278400,,
2022-11-18,82.78,82.84,81.00,82.27,18578400,,
2022-11-21,80.81,81.03,79.47,79.93,18659700,,
2022-11-22,81.35,83.19,81.23,82.54,16504700,,
2022-11-23,82.44,82.95,81.73,81.97,14683800,,
2022-11-25,82.14,82.37,81.40,81.40,5908300,,
2022-11-28,80.27,81.08,78.89,79.22,13214200,,
2022-11-29,79.91,80.21,78.96,79.33,11502300,,
2022-11-30,80.63,83.43,80.47,82.98,21667300,,
2022-12-01,83.04,83.63,81.14,82.68,15975100,,
2022-12-02,81.81,82.16,81.15,81.50,10519800,,
2022-12-05,81.94,82.18,80.95,81.62,11523300,,
2022-12-06,81.40,81.44,79.16,79.56,13992100,,
2022-12-07,79.00,79.71,78.59,79.24,14925300,,
2022-12-08,79.45,80.97,79.10,80.80,11197500,,
2022-12-09,80.85,82.19,80.69,80.69,13787900,,
2022-12-12,79.79,80.43,78.80,80.43,11516600,,
2022-12-13,82.09,82.09,79.63,80.51,16938000,,
2022-12-14,80.82,81.51,79.52,80.02,17910000,,
2022-12-15,79.21,79.21,77.39,77.61,17080200,0.451,
2022-12-16,77.61,78.06,76.23,76.30,11929100,,
2022-12-19,76.92,77.12,75.76,76.10,12561300,,
2022-12-20,75.11,76.20,74.90,75.62,12080600,,
2022-12-21,75.86,77.42,75.77,77.14,10806100,,
2022-12-22,76.28,76.43,74.02,75.28,13019700,,
2022-12-23,74.89,75.35,74.17,74.89,7452600,,
2022-12-27,74.33,74.74,74.16,74.32,8974800,,
2022-12-28,74.19,74.55,72.84,73.06,10275700,,
2022-12-29,74.35,76.04,74.15,76.00,11142500,,
2022-12-30,74.29,74.57,73.65,74.49,7784100,,
2023-01-03,75.85,75.97,73.77,74.03,9276200,,
2023-01-04,74.99,76.61,74.47,76.32,12316400,,
2023-01-05,76.00,76.44,75.34,75.73,10039200,,
2023-01-06,76.50,78.74,76.15,78.07,13744100,,
2023-01-09,80.56,81.22,80.06,80.31,22247600,,
2023-01-10,80.51,81.58,80.46,81.27,10269000,,
2023-01-11,81.57,81.89,80.63,81.78,11771400,,
2023-01-12,84.96,88.83,84.42,87.00,36086800,,
2023-01-13,85.41,87.10,84.90,86.80,18719900,,
2023-01-17,86.22,89.73,86.16,88.99,21850000,,
2023-01-18,90.48,91.22,89.36,89.47,19209800,,
2023-01-19,89.03,90.01,88.26,88.40,13651100,,
2023-01-20,90.00,91.03,89.20,91.03,14287200,,
2023-01-23,91.76,95.73,91.72,95.66,22875100,,
2023-01-24,95.79,98.00,91.55,94.56,11370500,,
2023-01-25,92.68,93.00,91.12,92.41,14147300,,
2023-01-26,93.89,94.28,92.64,93.45,15759400,,
2023-01-27,92.82,94.12,92.24,93.30,13646600,,
2023-01-30,92.85,94.25,92.58,93.13,14079800,,
2023-01-31,91.00,92.76,90.00,92.73,13342100,,
2023-02-01,93.00,95.77,92.57,94.74,16788500,,
2023-02-02,96.60,97.50,95.84,96.65,14925300,,
2023-02-03,95.04,96.95,94.31,94.66,12242200,,
2023-02-06,91.80,92.05,90.74,91.83,12425200,,
2023-02-07,91.78,94.70,91.68,94.55,15258900,,
2023-02-08,95.02,95.94,94.23,94.28,12899700,,
2023-02-09,96.00,98.57,95.62,96.69,16997400,,
2023-02-10,95.95,96.50,94.25,95.37,11511400,,
2023-02-13,95.47,96.39,94.91,96.11,7803500,,
2023-02-14,95.82,98.99,95.22,97.96,15345100,,
2023-02-15,92.33,93.68,90.77,92.76,30208300,,
2023-02-16,90.98,91.79,89.88,90.82,15568400,,
2023-02-17,89.97,90.30,88.94,90.10,11235300,,
2023-02-21,88.38,89.42,87.48,87.64,14007600,,
2023-02-22,87.75,88.09,86.66,86.83,10106400,,
2023-02-23,90.30,91.99,89.46,90.08,15468300,,
2023-02-24,88.09,88.15,87.24,88.11,8817600,,
2023-02-27,88.70,88.85,87.24,87.30,10609400,,
2023-02-28,87.14,88.15,86.90,87.07,7520400,,
2023-03-01,89.04,90.04,88.27,88.42,8176700,,
2023-03-02,87.64,89.34,87.12,89.03,9761600,,
2023-03-03,88.67,89.85,87.88,89.79,10844000,,
2023-03-06,90.08,91.33,89.51,89.58,9960000,,
2023-03-07,89.95,90.24,88.30,88.85,8761100,,
2023-03-08,88.35,90.84,88.14,90.83,8813000,,
2023-03-09,89.71,90.69,88.57,88.88,10354700,,
2023-03-10,88.03,89.17,87.20,87.25,11928800,,
2023-03-13,86.38,89.00,86.31,87.74,11847600,,
2023-03-14,88.03,89.63,87.71,89.29,11100100,,
2023-03-15,87.20,87.24,85.44,86.70,12171500,,
2023-03-16,85.95,89.47,85.82,89.30,13184600,0.449,
2023-03-17,89.06,90.03,89.00,89.47,13287700,,
2023-03-20,89.21,90.37,88.66,90.04,8217500,,
2023-03-21,91.00,93.00,90.80,92.50,12299700,,
2023-03-22,93.50,95.03,92.54,92.62,12812400,,
2023-03-23,94.49,95.82,93.43,94.59,11169700,,
2023-03-24,93.95,94.18,92.09,92.79,7653700,,
2023-03-27,92.04,92.18,90.55,90.66,9349800,,
2023-03-28,90.66,90.87,89.92,90.81,7521300,,
2023-03-29,91.76,93.22,91.45,92.76,9264000,,
2023-03-30,93.35,93.52,92.03,92.47,10232800,,
2023-03-31,91.24,93.26,91.13,93.02,8701800,,
2023-04-03,93.01,93.60,91.71,92.84,6863600,,
2023-04-04,93.04,93.28,91.72,92.17,6338400,,
2023-04-05,91.60,92.18,89.05,90.20,9171800,,
2023-04-06,89.66,90.91,89.40,90.24,5874500,,
2023-04-10,88.42,89.03,86.47,89.02,12232900,,
2023-04-11,88.64,89.84,88.47,89.24,11079200,,
2023-04-12,88.91,89.50,86.86,86.87,11299100,,
2023-04-13,86.56,87.63,85.97,87.05,7910500,,
2023-04-14,87.95,88.37,86.54,87.20,7656400,,
2023-04-17,87.75,88.05,87.16,87.99,8163600,,
2023-04-18,88.20,88.40,87.50,88.14,8468200,,
2023-04-19,86.23,87.38,86.04,87.23,11191300,,
2023-04-20,88.32,91.88,88.10,89.29,19206300,,
2023-04-21,87.78,87.91,85.28,85.37,13175400,,
2023-04-24,85.40,85.96,83.99,84.64,10567600,,
2023-04-25,83.27,83.40,82.26,82.29,13423700,,
2023-04-26,82.24,82.38,81.21,82.25,11583500,,
2023-04-27,82.90,83.86,82.16,83.67,10013700,,
2023-04-28,84.48,84.51,83.72,84.30,8262600,,
2023-05-01,84.30,84.69,83.90,83.98,4931100,,
2023-05-02,83.50,84.05,82.55,82.96,6875000,,
2023-05-03,82.62,83.76,82.44,82.70,7151600,,
2023-05-04,83.00,83.76,82.64,83.49,7290600,,
2023-05-05,84.30,85.57,83.75,84.97,6865000,,
2023-05-08,84.50,85.54,84.41,85.54,6746600,,
2023-05-09,85.25,85.48,84.30,85.06,7287800,,
2023-05-10,84.51,85.15,84.17,84.90,7442300,,
2023-05-11,84.14,84.14,82.53,83.43,8730900,,
2023-05-12,83.38,83.93,82.95,83.43,5069800,,
2023-05-15,83.33,85.67,83.23,85.66,8707300,,
2023-05-16,85.69,86.75,85.59,85.88,11283200,,
2023-05-17,88.30,91.80,88.06,90.88,23215600,,
2023-05-18,91.25,93.40,91.07,92.65,14879000,,
2023-05-19,92.13,92.79,91.56,92.58,9295200,,
2023-05-22,92.07,92.44,91.20,91.72,9259800,,
2023-05-23,91.00,91.34,90.33,90.44,7656700,,
2023-05-24,89.28,90.15,89.18,90.13,9443900,,
2023-05-25,97.06,102.37,96.98,100.95,60793200,,
2023-05-26,100.85,104.44,100.73,103.21,26135800,,
2023-05-30,103.79,105.24,101.53,101.98,25248000,,
2023-05-31,99.73,99.98,98.06,98.59,22206700,,
2023-06-01,98.68,100.59,98.60,98.84,14998500,,
2023-06-02,101.25,101.30,98.62,98.94,13085100,,
2023-06-05,98.01,98.81,94.25,98.05,10568500,,
2023-06-06,97.61,100.60,97.42,99.82,13827600,,
2023-06-07,101.38,103.02,99.54,100.29,14367500,,
2023-06-08,98.99,100.70,98.63,99.94,9074200,,
2023-06-09,102.70,104.68,102.25,102.80,14902400,,
2023-06-12,104.34,107.39,104.31,107.06,20568100,,
2023-06-13,110.00,110.69,106.74,106.80,17858600,,
2023-06-14,106.03,107.70,105.22,107.41,12862600,,
2023-06-15,106.27,106.66,105.07,105.18,11987900,0.448,
2023-06-16,105.43,105.75,104.35,104.57,11430800,,
2023-06-20,104.18,104.88,103.07,103.98,9295500,,
2023-06-21,103.15,103.73,101.62,101.64,9340400,,
2023-06-22,101.42,103.43,101.33,103.13,8575900,,
2023-06-23,101.52,102.19,101.01,101.91,8919000,,
2023-06-26,102.02,103.04,100.09,100.11,8560000,,
2023-06-27,101.15,102.79,100.02,102.08,9732000,,
2023-06-28,100.50,101.88,100.22,100.92,8160900,,
2023-06-29,101.34,101.52,100.02,100.64,7383900,,
2023-06-30,101.40,101.89,100.41,100.92,11704600,,
2023-07-03,102.25,103.68,102.07,103.15,5638400,,
2023-07-05,101.40,103.09,100.96,100.99,9010800,,
2023-07-06,99.10,99.56,98.60,99.41,9140800,,
2023-07-07,99.08,101.94,99.00,100.23,8036600,,
2023-07-10,100.25,100.75,99.40,99.77,8041600,,
2023-07-11,102.33,102.33,100.14,101.26,7677800,,
2023-07-12,102.83,104.43,102.76,103.90,10202000,,
2023-07-13,105.00,105.65,102.52,105.57,9265900,,
2023-07-14,106.00,107.30,104.86,105.14,9518300,,
2023-07-17,104.68,105.03,102.59,104.79,10722600,,
2023-07-18,103.69,103.73,102.01,103.15,10343600,,
2023-07-19,103.90,104.79,102.57,103.06,11204800,,
2023-07-20,98.55,100.45,97.05,97.86,22810200,,
2023-07-21,97.88,97.99,96.33,97.25,15381200,,
2023-07-24,97.27,98.27,96.78,98.25,9054900,,
2023-07-25,99.52,100.89,99.11,100.32,9202200,,
2023-07-26,99.49,100.13,98.57,99.41,8993500,,
2023-07-27,101.50,101.76,98.91,99.35,8049800,,
2023-07-28,100.11,100.99,99.78,100.86,6758700,,
2023-07-31,99.18,99.78,98.42,99.15,8647900,,
2023-08-01,99.14,99.19,98.09,98.40,6428500,,
2023-08-02,97.50,97.50,95.21,95.70,9820900,,
2023-08-03,94.84,95.81,94.58,94.98,8571700,,
2023-08-04,95.28,97.58,95.13,96.16,7562600,,
2023-08-07,96.73,96.94,95.23,96.35,6601400,,
2023-08-08,94.88,94.90,93.67,94.49,7659000,,
2023-08-09,95.83,95.85,93.71,93.98,6426900,,
2023-08-10,95.45,95.97,94.28,94.80,7459600,,
2023-08-11,93.50,93.50,91.97,91.99,10658400,,
2023-08-14,91.69,93.29,91.30,93.07,7489700,,
2023-08-15,92.52,92.71,91.49,91.68,6069500,,
2023-08-16,91.44,92.72,91.32,91.78,7439500,,
2023-08-17,92.92,92.92,91.35,91.64,7712500,,
2023-08-18,90.07,91.33,89.56,91.10,9066200,,
2023-08-21,90.50,92.91,90.50,92.56,8618300,,
2023-08-22,93.35,93.49,91.81,92.24,7059000,,
2023-08-23,93.79,95.10,93.24,94.22,10362600,,
2023-08-24,96.53,96.78,92.47,92.53,12254400,,
2023-08-25,92.25,93.41,91.41,93.10,10356000,,
2023-08-28,93.82,94.15,93.25,94.00,5174800,,
2023-08-29,93.77,95.62,93.51,95.08,8910300,,
2023-08-30,95.45,95.92,94.63,94.78,6073400,,
2023-08-31,93.34,94.40,93.27,93.57,8661200,,
2023-09-01,94.30,94.58,93.09,93.19,7094600,,
2023-09-05,93.40,95.05,92.87,94.60,6396500,,
2023-09-06,93.85,93.96,91.59,92.26,7933700,,
2023-09-07,90.07,90.29,88.43,90.05,14684400,,
2023-09-08,90.75,91.07,89.32,89.64,5820800,,
2023-09-11,90.10,90.39,89.16,89.60,7268600,,
2023-09-12,90.46,91.57,90.42,90.48,8242600,,
2023-09-13,90.60,91.89,90.48,91.22,5757800,,
2023-09-14,92.78,92.93,91.27,91.47,6506300,0.471,
2023-09-15,90.51,91.14,88.86,89.25,19940500,,
2023-09-18,88.54,89.67,88.43,88.83,6647400,,
2023-09-19,88.45,88.84,87.79,88.17,7172100,,
2023-09-20,88.52,89.32,87.29,87.29,6935300,,
2023-09-21,86.04,86.14,85.35,85.36,10652500,,
2023-09-22,86.25,86.77,85.45,85.64,7967200,,
2023-09-25,85.39,86.24,85.02,86.24,8758000,,
2023-09-26,84.95,85.23,84.02,84.29,8877600,,
2023-09-27,85.17,85.56,84.10,85.44,7860700,,
2023-09-28,85.25,87.13,84.98,86.41,6647700,,
2023-09-29,87.75,88.03,86.70,86.90,7338300,,
2023-10-02,87.18,88.42,87.02,87.65,6305000,,
2023-10-03,87.00,87.32,85.06,85.41,8201700,,
2023-10-04,85.47,86.76,85.38,86.67,7658500,,
2023-10-05,86.83,87.94,86.53,87.03,6651700,,
2023-10-06,88.09,90.02,87.38,89.29,9777100,,
2023-10-09,88.80,89.34,88.04,88.99,4781300,,
2023-10-10,89.27,90.66,89.14,90.61,7182900,,
2023-10-11,91.26,92.01,90.63,92.00,8051700,,
2023-10-12,92.51,93.44,91.84,92.42,8897800,,
2023-10-13,92.75,92.94,90.20,90.46,7985100,,
2023-10-16,90.48,91.90,90.43,91.22,8791800,,
2023-10-17,89.81,91.70,88.52,91.00,7997100,,
2023-10-18,88.88,90.01,88.58,89.60,9982700,,
2023-10-19,93.09,94.76,92.36,92.91,22751600,,
2023-10-20,92.00,94.32,91.09,91.31,12197300,,
2023-10-23,89.98,92.26,89.16,91.11,8227900,,
2023-10-24,91.20,92.00,90.86,91.64,7374800,,
2023-10-25,90.80,90.85,86.68,87.64,13027100,,
2023-10-26,87.12,88.14,86.54,87.45,9377300,,
2023-10-27,87.54,87.78,85.89,85.99,12480700,,
2023-10-30,87.31,88.30,86.00,86.06,9785500,,
2023-10-31,86.15,86.43,84.95,86.31,9004900,,
2023-11-01,86.47,87.87,86.34,87.80,9508800,,
2023-11-02,90.40,91.05,89.47,90.48,11032600,,
2023-11-03,91.65,92.45,90.84,91.79,9226700,,
2023-11-06,92.00,92.61,91.29,92.60,8402700,,
2023-11-07,92.25,93.05,91.75,92.41,6241300,,
2023-11-08,93.33,93.44,91.93,92.00,6537700,,
2023-11-09,92.63,93.37,91.60,91.62,8166000,,
2023-11-10,94.04,97.75,93.61,97.44,19281700,,
2023-11-13,97.01,97.18,95.72,96.42,9526300,,
2023-11-14,98.00,99.69,97.95,98.91,13873200,,
2023-11-15,99.95,100.70,98.42,98.80,10422900,,
2023-11-16,98.24,99.10,97.91,98.54,8459000,,
2023-11-17,98.94,99.72,98.32,99.58,7243000,,
2023-11-20,99.90,100.59,99.54,99.96,6448900,,
2023-11-21,100.00,100.15,98.24,98.41,10112600,,
2023-11-22,98.72,99.65,97.95,98.65,7413500,,
2023-11-24,98.48,98.73,97.47,97.83,4297600,,
2023-11-27,97.42,97.55,96.42,97.21,6856100,,
2023-11-28,97.87,98.25,97.24,97.98,6358100,,
2023-11-29,99.00,99.73,98.60,98.88,7091100,,
2023-11-30,98.93,98.98,96.90,97.31,9681400,,
2023-12-01,97.70,98.78,97.02,98.55,7500400,,
2023-12-04,97.05,97.20,95.25,97.01,10619400,,
2023-12-05,96.46,97.02,95.88,96.69,8009600,,
2023-12-06,97.80,98.57,97.45,97.85,11262300,,
2023-12-07,97.96,99.64,97.89,99.29,11373700,,
2023-12-08,99.12,100.37,98.95,100.35,10572500,,
2023-12-11,99.57,101.21,99.37,100.95,9482800,,
2023-12-12,100.15,101.65,99.95,101.60,7378600,,
2023-12-13,101.40,102.68,100.91,102.12,8988800,,
2023-12-14,103.35,103.81,102.80,103.45,10074500,0.479,
2023-12-15,103.50,104.76,102.39,102.54,16379200,,
2023-12-18,102.84,103.31,102.08,102.93,5660600,,
2023-12-19,103.24,103.98,103.09,103.87,8498500,,
2023-12-20,102.70,103.09,99.94,100.04,10814100,,
2023-12-21,101.30,102.72,101.16,102.55,9068200,,
2023-12-22,102.93,103.59,102.71,103.15,5566400,,
2023-12-26,103.61,104.96,103.57,104.45,6407500,,
2023-12-27,105.05,105.37,104.08,104.65,5889700,,
2023-12-28,105.00,105.52,104.70,104.70,5335100,,
2023-12-29,104.72,104.97,103.67,104.00,4409600,,
2024-01-02,102.25,102.62,100.59,101.53,9020900,,
2024-01-03,100.34,101.25,99.66,100.17,6650600,,
2024-01-04,99.53,100.44,99.12,99.13,7996700,,
2024-01-05,99.00,100.64,98.80,99.61,7347300,,
2024-01-08,100.63,102.79,100.50,102.24,12455600,,
2024-01-09,101.05,101.97,100.21,101.89,7764000,,
2024-01-10,102.52,102.78,99.98,100.80,6975700,,
2024-01-11,101.70,102.16,99.99,101.22,7862700,,
2024-01-12,100.89,102.38,100.87,101.24,6519700,,
2024-01-16,100.53,102.35,100.20,101.67,11185500,,
2024-01-17,100.87,103.33,100.00,102.95,17649500,,
2024-01-18,111.20,113.39,109.48,113.03,58783700,,
2024-01-19,113.22,115.15,111.02,114.20,37812600,,
2024-01-22,114.78,115.10,112.52,113.03,17755500,,
2024-01-23,113.52,114.62,113.16,114.13,11667900,,
2024-01-24,115.33,118.85,114.61,116.52,21859200,,
2024-01-25,118.02,118.84,116.48,116.56,15485300,,
2024-01-26,116.90,118.04,116.30,117.26,10196400,,
2024-01-29,117.17,117.87,115.76,116.98,10042200,,
2024-01-30,116.36,118.01,115.56,116.06,11030800,,
2024-01-31,113.50,114.74,112.88,112.96,12853900,,
2024-02-01,113.80,114.03,112.61,113.39,8807600,,
2024-02-02,114.86,115.96,113.92,115.75,10044000,,
2024-02-05,117.13,119.54,116.58,118.79,13267600,,
2024-02-06,120.12,120.99,118.28,119.38,11503800,,
2024-02-07,120.01,125.00,120.00,124.98,18172500,,
2024-02-08,127.00,134.75,126.11,133.73,33367000,,
2024-02-09,134.50,135.17,130.59,133.11,16984200,,
2024-02-12,133.27,133.51,130.26,130.46,14203800,,
2024-02-13,127.93,129.92,126.48,127.55,14494000,,
2024-02-14,129.63,130.79,127.96,129.27,13069700,,
2024-02-15,130.80,131.13,128.35,129.03,12554000,,
2024-02-16,127.13,128.64,125.81,126.69,13104400,,
2024-02-20,126.89,127.06,124.15,125.33,12038800,,
2024-02-21,124.43,125.38,122.91,125.34,11469700,,
2024-02-22,129.69,131.48,129.00,129.07,17014100,,
2024-02-23,130.50,131.01,127.73,129.53,10123300,,
2024-02-26,130.02,131.23,128.56,130.64,9526700,,
2024-02-27,130.77,131.97,128.59,128.59,8851800,,
2024-02-28,128.50,128.58,126.65,127.38,6519100,,
2024-02-29,128.03,129.19,127.15,128.67,9369900,,
2024-03-01,130.13,136.65,130.10,133.90,24393000,,
2024-03-04,139.94,141.99,137.68,138.26,26544600,,
2024-03-05,137.12,137.43,133.73,134.97,13694700,,
2024-03-06,138.80,144.00,138.61,141.57,22292700,,
2024-03-07,144.90,151.60,144.15,149.20,34675700,,
2024-03-08,153.90,158.40,144.93,146.37,43856900,,
2024-03-11,143.62,144.40,138.93,139.02,29227100,,
2024-03-12,144.52,146.70,140.57,144.40,21218500,,
2024-03-13,143.05,143.23,141.37,142.14,12923100,,
2024-03-14,142.61,143.10,139.02,139.62,14961900,,
2024-03-15,135.44,137.70,134.63,136.98,22751200,,
2024-03-18,140.18,141.54,136.61,136.64,14732900,0.554,
2024-03-19,135.30,136.27,133.03,134.87,17341100,,
2024-03-20,136.53,137.31,135.01,136.75,12750200,,
2024-03-21,142.55,142.60,139.04,139.45,17809400,,
2024-03-22,139.40,141.34,139.11,140.54,9944100,,
2024-03-25,140.16,141.68,139.26,140.23,9922200,,
2024-03-26,140.61,140.96,138.64,138.84,10786400,,
2024-03-27,138.86,139.28,135.15,136.69,13842800,,
2024-03-28,135.68,136.80,135.44,136.05,10019400,,
2024-04-01,137.29,142.96,137.05,141.49,14222700,,
2024-04-02,140.38,141.04,139.35,140.22,9869200,,
2024-04-03,138.58,142.93,138.39,142.00,9707500,,
2024-04-04,144.00,146.75,139.43,139.66,15759500,,
2024-04-05,140.00,142.00,138.92,141.36,8263600,,
2024-04-08,145.24,146.00,142.76,142.79,16307400,,
2024-04-09,146.26,148.17,142.95,145.40,18443400,,
2024-04-10,146.63,148.43,145.26,146.22,18861300,,
2024-04-11,147.20,147.56,144.13,147.20,11818800,,
2024-04-12,145.00,146.51,142.15,142.52,12024000,,
2024-04-15,145.02,145.48,139.88,140.14,13458800,,
2024-04-16,137.89,140.54,137.06,139.80,14218200,,
2024-04-17,141.13,142.57,137.36,139.03,18823200,,
2024-04-18,132.89,135.13,130.30,132.27,39306100,,
2024-04-19,129.37,131.55,126.64,127.70,28284000,,
2024-04-22,126.75,130.66,125.78,129.75,18556800,,
2024-04-23,131.36,133.71,130.66,133.43,12573800,,
2024-04-24,136.09,136.29,131.54,132.97,15558000,,
2024-04-25,130.00,137.84,128.86,136.58,18034300,,
2024-04-26,136.81,138.74,135.95,138.30,9453400,,
2024-04-29,138.00,138.65,135.91,138.50,9997100,,
2024-04-30,137.94,139.70,137.26,137.34,10980600,,
2024-05-01,137.42,139.43,133.21,134.94,12561800,,
2024-05-02,135.60,136.74,133.22,136.23,9261900,,
2024-05-03,138.90,142.11,138.76,141.56,13264300,,
2024-05-06,140.47,142.83,139.81,142.83,8601600,,
2024-05-07,141.87,142.29,140.51,141.11,8682900,,
2024-05-08,141.11,144.26,140.80,143.60,10202300,,
2024-05-09,142.94,143.35,141.13,142.79,8012700,,
2024-05-10,147.22,150.50,146.93,149.26,23671400,,
2024-05-13,148.02,148.44,146.30,146.41,8278700,,
2024-05-14,146.49,152.01,146.25,151.95,12316500,,
2024-05-15,153.36,156.00,152.73,155.58,14027100,,
2024-05-16,154.10,155.06,152.21,152.23,13394100,,
2024-05-17,154.00,154.00,150.84,151.68,7711200,,
2024-05-20,151.67,154.24,150.82,153.55,9261200,,
2024-05-21,152.30,153.99,151.95,153.67,7919400,,
2024-05-22,155.88,157.23,154.54,156.15,13455200,,
2024-05-23,159.18,160.78,155.87,157.09,20873000,,
2024-05-24,157.20,160.66,156.71,160.00,11908200,,
2024-05-28,159.68,160.38,157.60,159.41,13964400,,
2024-05-29,156.75,156.88,153.21,154.34,15780000,,
2024-05-30,153.59,154.05,151.89,152.96,9687800,,
2024-05-31,151.48,152.50,147.81,151.04,13782600,,
2024-06-03,155.12,157.15,152.46,154.95,12924400,,
2024-06-04,153.40,153.79,150.99,152.47,10066700,,
2024-06-05,158.59,163.73,157.95,162.92,23192600,,
2024-06-06,164.52,164.70,160.36,162.07,14819100,,
2024-06-07,163.57,166.12,161.96,164.39,14023300,,
2024-06-10,164.00,169.84,162.42,168.16,12418900,,
2024-06-11,168.18,168.41,163.79,165.71,11508600,,
2024-06-12,173.36,176.06,171.54,172.98,20309500,,
2024-06-13,172.95,174.07,170.51,172.91,15591800,0.544,
2024-06-14,172.00,173.64,170.36,172.51,9192500,,
2024-06-17,177.84,178.67,173.48,177.24,18593700,,
2024-06-18,180.02,184.86,178.99,179.69,27155100,,
2024-06-20,182.58,183.17,173.50,175.38,28403200,,
2024-06-21,172.71,177.48,172.21,173.96,20175600,,
2024-06-24,170.43,171.42,167.12,167.81,19741700,,
2024-06-25,169.95,172.64,169.01,172.60,13346800,,
2024-06-26,172.12,173.69,170.20,172.07,11901500,,
2024-06-27,173.79,175.48,171.15,171.63,10864600,,
2024-06-28,172.81,176.82,172.81,173.81,11216100,,
2024-07-01,174.24,175.30,170.45,172.33,10717000,,
2024-07-02,171.13,176.71,171.03,175.70,10655500,,
2024-07-03,177.99,182.49,177.88,182.49,11808700,,
2024-07-05,184.14,185.08,182.30,183.99,11372900,,
2024-07-08,190.00,192.80,185.13,186.63,22582400,,
2024-07-09,188.09,188.44,182.50,184.52,19935200,,
2024-07-10,188.28,191.42,186.70,191.05,19293500,,
2024-07-11,193.09,193.47,183.01,184.50,21584200,,
2024-07-12,183.07,190.38,182.75,187.35,19220300,,
2024-07-15,188.68,190.06,184.08,185.22,15683100,,
2024-07-16,188.27,189.59,185.02,186.04,16663300,,
2024-07-17,175.22,176.58,170.51,171.20,45052600,,
2024-07-18,175.50,178.69,164.51,171.87,52903600,,
2024-07-19,169.17,170.52,165.22,165.77,22585300,,
2024-07-22,166.61,170.88,166.18,169.35,21037200,,
2024-07-23,169.42,171.54,167.97,169.82,11690700,,
2024-07-24,165.09,165.45,159.59,159.80,19536600,,
2024-07-25,158.16,163.40,152.11,160.28,25731800,,
2024-07-26,164.30,164.59,159.19,161.94,13089200,,
2024-07-29,162.68,163.23,158.63,160.01,12663100,,
2024-07-30,160.44,161.15,152.55,154.54,22018000,,
2024-07-31,163.77,166.65,162.07,165.80,19860400,,
2024-08-01,163.48,167.67,156.84,158.18,21095600,,
2024-08-02,151.25,153.86,146.89,149.86,31095300,,
2024-08-05,133.86,150.00,133.57,147.95,31193100,,
2024-08-06,150.44,157.71,147.72,155.39,24528100,,
2024-08-07,161.55,162.65,154.52,155.04,22379000,,
2024-08-08,159.27,164.75,155.54,164.55,18889600,,
2024-08-09,166.32,167.80,163.24,167.12,20519400,,
2024-08-12,166.00,169.53,165.54,167.63,14727300,,
2024-08-13,168.00,172.45,166.34,172.34,15243500,,
2024-08-14,171.88,172.51,167.19,169.97,11510300,,
2024-08-15,172.43,175.44,170.82,173.96,15393500,,
2024-08-16,173.39,175.00,172.25,174.54,10710000,,
2024-08-19,174.76,175.45,171.10,175.45,11511000,,
2024-08-20,175.40,175.40,169.85,172.04,13555500,,
2024-08-21,170.36,173.08,169.91,171.44,9434800,,
2024-08-22,172.00,173.28,166.06,166.44,13546100,,
2024-08-23,169.00,173.29,167.92,171.28,12189100,,
2024-08-26,170.38,171.05,167.82,169.07,9611300,,
2024-08-27,166.42,170.58,165.04,170.55,9186000,,
2024-08-28,171.32,172.47,166.20,169.20,10581400,,
2024-08-29,168.65,175.42,167.51,169.15,13213200,,
2024-08-30,170.06,172.23,168.75,171.70,9481400,,
2024-09-03,168.00,168.68,159.80,160.49,18464400,,
2024-09-04,159.30,163.88,158.95,160.87,11317400,,
2024-09-05,161.54,164.59,161.05,163.70,10260600,,
2024-09-06,164.89,165.41,156.01,156.82,14964400,,
2024-09-09,160.76,163.10,160.25,162.78,10339000,,
2024-09-10,162.89,162.89,157.69,162.43,11910800,,
2024-09-11,163.80,170.38,161.42,170.23,15059500,,
2024-09-12,170.60,172.15,169.00,171.43,13399900,0.626,
2024-09-13,172.24,174.77,171.45,172.50,8787800,,
2024-09-16,169.91,170.56,166.77,169.08,12194300,,
2024-09-17,169.35,170.24,166.36,167.35,8629100,,
2024-09-18,168.46,171.60,167.00,167.28,9116000,,
2024-09-19,174.38,177.78,172.63,176.22,15855000,,
2024-09-20,174.87,176.02,173.65,174.08,18429800,,
2024-09-23,174.84,175.40,173.70,174.76,5794200,,
2024-09-24,179.50,182.78,177.05,181.97,14576100,,
2024-09-25,181.52,183.82,181.21,182.35,8280900,,
2024-09-26,188.50,189.33,183.80,186.83,15103400,,
2024-09-27,185.84,185.94,177.40,177.97,17908400,,
2024-09-30,174.27,176.82,171.93,173.67,13540200,,
2024-10-01,175.31,175.99,170.78,172.07,11850200,,
2024-10-02,172.96,176.97,170.79,175.80,11164400,,
2024-10-03,175.80,180.79,175.12,179.48,12555000,,
2024-10-04,179.70,181.23,177.55,181.16,9993800,,
2024-10-07,181.60,185.00,180.93,184.51,12054200,,
2024-10-08,184.96,186.54,182.03,186.05,10394200,,
2024-10-09,187.80,188.00,182.26,187.14,11925000,,
2024-10-10,185.86,187.08,184.40,185.78,6443800,,
2024-10-11,188.17,191.49,188.01,190.81,12163900,,
2024-10-14,190.61,194.25,190.50,192.21,11714400,,
2024-10-15,192.96,193.62,184.25,187.13,21812700,,
2024-10-16,189.78,190.01,186.66,187.48,18689200,,
2024-10-17,203.35,212.60,201.97,205.84,62274700,,
2024-10-18,205.95,205.95,200.76,200.78,21030800,,
2024-10-21,200.81,203.44,199.66,201.95,14820000,,
2024-10-22,199.07,200.17,197.11,198.48,11165100,,
2024-10-23,196.68,203.13,196.23,200.86,16535700,,
2024-10-24,198.96,200.50,197.41,197.93,9935800,,
2024-10-25,200.25,205.20,200.00,203.44,13434900,,
2024-10-28,199.26,199.74,194.52,194.68,20135300,,
2024-10-29,194.39,198.79,193.60,196.94,13779100,,
2024-10-30,194.38,195.45,192.61,194.48,10007800,,
2024-10-31,192.86,192.86,187.66,190.54,13062700,,
2024-11-01,194.20,198.17,192.55,192.95,12691200,,
2024-11-04,193.70,194.36,190.60,191.56,10917300,,
2024-11-05,193.58,198.34,193.49,195.76,10339200,,
2024-11-06,192.04,194.26,188.50,193.22,19834900,,
2024-11-07,196.31,202.01,196.25,201.19,14865200,,
2024-11-08,203.89,206.61,200.02,201.20,13112100,,
2024-11-11,197.96,198.20,191.49,194.05,16610000,,
2024-11-12,193.83,194.00,189.72,191.77,11819000,,
2024-11-13,192.44,192.48,186.50,186.66,13882200,,
2024-11-14,188.40,192.66,187.54,188.50,11453900,,
2024-11-15,188.18,188.80,184.81,186.01,9834800,,
2024-11-18,184.35,188.00,183.49,187.48,10681500,,
2024-11-19,189.13,190.02,188.02,189.67,9390100,,
2024-11-20,188.85,188.85,184.06,188.36,10624500,,
2024-11-21,189.41,192.30,186.74,191.24,18137300,,
2024-11-22,192.95,193.00,189.43,190.08,8838900,,
2024-11-25,188.09,188.25,183.71,185.08,14380000,,
2024-11-26,185.40,185.90,182.33,183.84,10186600,,
2024-11-27,182.00,182.45,178.05,181.19,9895200,,
2024-11-29,181.51,186.95,181.18,184.66,8045300,,
2024-12-02,189.34,195.29,188.94,194.40,16646900,,
2024-12-03,193.50,199.00,192.60,198.89,11217700,,
2024-12-04,199.85,202.60,198.27,200.69,12761100,,
2024-12-05,201.25,205.63,200.75,204.30,12483700,,
2024-12-06,202.00,203.19,199.93,203.02,9672900,,
2024-12-09,200.93,203.13,198.98,199.17,9699700,,
2024-12-10,199.10,199.91,190.37,191.94,15307900,,
2024-12-11,194.67,196.00,193.26,194.60,9027600,,
2024-12-12,194.63,195.42,191.29,191.46,7944900,0.616,
2024-12-13,198.51,202.54,197.27,200.99,19477000,,
2024-12-16,203.20,205.50,200.87,202.22,15139300,,
2024-12-17,201.00,202.40,197.47,200.66,11169400,,
2024-12-18,203.00,205.24,193.96,195.56,14721100,,
2024-12-19,198.40,198.57,193.95,194.64,10553400,,
2024-12-20,192.60,198.08,191.98,197.21,16170100,,
2024-12-23,201.00,208.05,200.91,207.36,17847000,,
2024-12-24,205.92,207.20,204.55,206.33,7634500,,
2024-12-26,205.50,208.16,202.89,203.06,8044900,,
2024-12-27,204.50,204.50,199.05,201.63,10664400,,
2024-12-30,199.84,201.97,198.48,200.39,11235200,,
2024-12-31,200.79,201.78,197.36,197.49,6427900,,
2025-01-02,197.00,203.77,196.69,201.58,10951400,,
2025-01-03,204.10,208.80,203.70,208.61,10261900,,
2025-01-06,218.77,222.20,215.69,220.01,24339900,,
2025-01-07,221.24,221.48,211.32,211.42,17010000,,
2025-01-08,209.97,210.30,205.92,207.12,13262700,,
2025-01-10,207.60,209.98,203.23,208.37,17265200,,
2025-01-13,200.52,203.59,200.05,201.36,16612400,,
2025-01-14,205.19,206.26,198.50,201.45,14182900,,
2025-01-15,202.49,209.04,199.35,206.80,18286500,,
2025-01-16,218.89,221.95,213.17,214.79,38539600,,
2025-01-17,215.17,215.68,211.06,211.50,21606100,,
2025-01-21,214.46,220.15,212.05,218.70,19061300,,
2025-01-22,221.95,225.43,219.31,223.20,17294500,,
2025-01-23,220.10,224.70,219.41,224.62,8986800,,
2025-01-24,226.22,226.40,220.96,221.88,13183800,,
2025-01-27,197.04,207.00,187.67,192.31,68667500,,
2025-01-28,195.65,202.84,192.46,202.40,31738800,,
2025-01-29,204.49,206.45,199.75,202.33,15199500,,
2025-01-30,206.57,209.62,205.42,208.15,13539000,,
2025-01-31,209.93,215.00,208.20,209.32,15746900,,
2025-02-03,199.63,204.99,197.98,199.80,17719800,,
2025-02-04,204.07,205.75,202.08,204.05,12692900,,
2025-02-05,206.00,210.48,203.83,208.57,10997800,,
2025-02-06,210.06,211.18,207.00,210.50,8491400,,
2025-02-07,213.01,213.18,205.72,206.12,11616200,,
2025-02-10,208.00,209.98,206.53,207.95,9296500,,
2025-02-11,205.13,209.84,201.00,208.74,9224500,,
2025-02-12,204.90,207.07,203.01,206.38,7373700,,
2025-02-13,201.88,202.30,199.23,201.83,15580900,,
2025-02-14,199.98,206.25,197.46,203.90,23220300,,
2025-02-18,204.76,205.85,200.52,202.74,14988100,,
2025-02-19,202.01,202.60,200.02,200.95,13163100,,
2025-02-20,200.28,200.34,197.61,200.10,10639300,,
2025-02-21,201.33,202.69,196.01,198.24,13757300,,
2025-02-24,196.88,198.79,191.46,191.65,15114300,,
2025-02-25,190.65,193.53,187.47,189.37,20581000,,
2025-02-26,191.09,196.08,191.09,194.62,14112300,,
2025-02-27,194.69,194.77,181.08,181.09,24219200,,
2025-02-28,179.31,182.16,175.52,180.53,27929400,,
2025-03-03,181.15,181.57,171.07,172.97,37403000,,
2025-03-04,175.06,183.60,174.18,180.00,29395200,,
2025-03-05,183.00,184.74,180.72,184.28,17334000,,
2025-03-06,178.58,181.55,175.79,175.85,17864300,,
2025-03-07,175.79,178.47,171.02,177.10,21012700,,
2025-03-10,172.47,174.89,167.91,170.65,18265100,,
2025-03-11,170.65,173.33,168.10,170.97,16561100,,
2025-03-12,175.60,178.13,174.76,177.17,14737600,,
2025-03-13,173.89,173.89,170.50,171.59,14381600,,
2025-03-14,172.65,174.37,171.93,174.09,11449400,,
2025-03-17,173.95,177.16,173.82,176.24,9678100,,
2025-03-18,174.38,174.58,170.43,173.13,9986000,0.684,
2025-03-19,173.00,175.73,171.74,173.76,10678500,,
2025-03-20,174.85,178.67,174.55,177.47,12209700,,
2025-03-21,174.91,177.20,173.79,176.73,9993200,,
2025-03-24,179.99,182.93,179.68,181.16,11440000,,
2025-03-25,182.47,182.51,179.80,180.90,8718800,,
2025-03-26,179.23,179.55,171.47,173.50,14612400,,
2025-03-27,171.39,171.61,167.55,168.24,17559100,,
2025-03-28,168.04,168.63,164.06,165.25,16332000,,
2025-03-31,160.36,166.13,159.73,166.00,19408300,,
2025-04-01,166.39,168.87,165.06,168.64,9180000,,
2025-04-02,166.85,171.75,166.35,170.39,10072700,,
2025-04-03,160.06,161.80,157.21,157.38,28370500,,
2025-04-04,150.89,151.31,144.84,146.80,36085100,,
2025-04-07,134.51,153.75,134.25,146.17,46388300,,
2025-04-08,151.98,152.61,138.98,141.37,30479700,,
2025-04-09,140.20,160.62,137.90,158.75,45612500,,
2025-04-10,155.50,156.00,146.91,151.13,24503500,,
2025-04-11,156.00,158.01,153.25,157.08,19632200,,
2025-04-14,158.30,158.59,154.03,155.84,17509400,,
2025-04-15,156.49,158.25,156.05,157.33,14306600,,
2025-04-16,150.60,153.54,148.49,151.67,23806100,,
2025-04-17,156.05,157.50,151.45,151.74,27239900,,
2025-04-21,149.99,150.28,145.84,147.86,15170500,,
2025-04-22,148.00,152.60,147.44,151.40,12668600,,
2025-04-23,159.37,160.38,156.00,157.81,17667900,,
2025-04-24,157.78,164.55,157.39,164.18,18761100,,
2025-04-25,163.93,165.91,161.16,165.10,14654800,,
2025-04-28,165.00,165.32,160.50,163.40,11415600,,
2025-04-29,164.38,166.00,163.50,164.48,9830100,,
2025-04-30,163.54,166.92,161.75,166.69,10073000,,
2025-05-01,172.80,174.78,170.95,172.72,22670600,,
2025-05-02,179.80,180.65,177.14,179.28,21691200,,
2025-05-05,179.00,180.08,176.25,176.40,14618900,,
2025-05-06,172.60,174.74,170.59,172.28,14565600,,
2025-05-07,174.10,175.98,171.37,174.54,9682500,,
2025-05-08,175.34,177.45,173.66,175.22,10343000,,
2025-05-09,179.80,180.46,176.47,176.52,11582800,,
2025-05-12,187.28,189.17,184.61,186.98,22064900,,
2025-05-13,187.72,194.28,187.72,193.99,19996000,,
2025-05-14,195.28,196.22,193.23,194.76,12359000,,
2025-05-15,193.10,194.49,191.63,194.22,10241800,,
2025-05-16,194.53,195.08,192.57,194.22,9146700,,
2025-05-19,189.00,193.50,188.81,193.50,10144400,,
2025-05-20,191.80,193.73,190.81,193.45,7054100,,
2025-05-21,193.10,195.27,190.53,191.76,7375700,,
2025-05-22,191.34,196.83,191.34,196.19,11825000,,
2025-05-23,192.02,192.80,190.03,191.98,9403100,,
2025-05-27,194.10,198.31,193.70,197.68,12228200,,
2025-05-28,196.09,198.07,195.48,196.14,17787600,,
2025-05-29,199.46,199.80,196.08,197.15,14609900,,
2025-05-30,195.77,195.91,190.56,193.32,11998300,,
2025-06-02,193.04,195.16,192.20,194.84,7447400,,
2025-06-03,194.35,198.17,193.64,197.61,9548300,,
2025-06-04,201.38,204.03,200.38,202.40,13531100,,
2025-06-05,204.88,205.76,202.28,203.34,12214300,,
2025-06-06,203.58,206.29,203.23,205.18,8532000,,
2025-06-09,206.40,209.27,205.87,207.00,11472300,,
2025-06-10,211.61,213.23,209.96,212.46,14514000,,
2025-06-11,215.00,217.43,212.95,214.10,13326400,,
2025-06-12,212.92,215.88,211.91,215.43,9796100,0.78,
2025-06-13,210.11,213.26,209.40,211.10,10152500,,
2025-06-16,213.00,217.60,212.73,215.68,10932900,,
2025-06-17,213.89,215.94,213.50,213.90,8389700,,
2025-06-18,214.70,215.17,212.89,213.50,6932000,,
2025-06-20,215.20,215.50,208.15,209.51,16992000,,
2025-06-23,206.63,210.59,206.20,210.32,7535500,,
2025-06-24,214.39,220.37,213.88,220.09,14814700,,
2025-06-25,220.80,223.50,220.80,222.74,9168400,,
2025-06-26,224.98,225.22,222.70,224.01,7982200,,
2025-06-27,224.30,228.88,224.03,228.57,13133000,,
2025-06-30,227.44,228.15,224.80,226.49,9279800,,
2025-07-01,227.43,228.60,221.18,224.68,9990200,,
2025-07-02,224.48,233.82,224.00,233.60,12012500,,
2025-07-03,233.87,237.58,233.27,234.80,7779600,,
2025-07-07,231.63,232.55,227.44,229.17,13817500,,
2025-07-08,229.78,230.33,227.54,227.86,8854400,,
2025-07-09,230.45,233.27,230.24,231.84,9475300,,
2025-07-10,232.78,233.05,227.77,229.76,13124700,,
2025-07-11,231.00,232.27,229.40,230.40,8817800,,
2025-07-14,229.33,229.85,226.31,228.67,10673500,,
2025-07-15,234.46,237.71,233.85,236.95,14270100,,
2025-07-16,236.40,238.31,234.15,237.56,15092800,,
2025-07-17,245.79,248.28,241.39,245.60,27395700,,
2025-07-18,245.31,245.97,238.69,240.40,16252000,,
2025-07-21,240.12,242.34,238.71,238.85,11971800,,
2025-07-22,237.83,238.00,231.76,234.60,11919500,,
2025-07-23,238.52,240.50,236.38,240.33,9885400,,
2025-07-24,240.21,241.95,238.03,241.60,9081900,,
2025-07-25,241.32,246.24,240.94,245.60,11593400,,
2025-07-28,243.00,243.95,241.05,242.75,11892200,,
2025-07-29,241.50,243.97,239.82,241.33,9411500,,
2025-07-30,242.12,244.57,241.22,242.91,6823800,,
2025-07-31,245.98,247.41,239.80,241.62,13490700,,
2025-08-01,235.62,237.19,231.84,235.21,13549800,,
2025-08-04,237.91,239.00,236.39,239.00,6450700,,
2025-08-05,238.33,238.63,230.17,232.47,11868900,,
2025-08-06,231.03,232.20,228.82,231.37,9457200,,
2025-08-07,244.47,247.84,240.80,242.62,17691000,,
2025-08-08,243.16,243.16,238.97,241.83,10552500,,
2025-08-11,242.04,245.35,241.54,242.09,8272900,,
2025-08-12,243.72,244.77,241.70,244.29,7295800,,
2025-08-13,246.43,246.43,239.94,241.44,7971900,,
2025-08-14,237.97,241.38,236.82,241.00,11040500,,
2025-08-15,240.33,240.80,237.26,238.88,8155500,,
2025-08-18,239.99,242.86,239.99,241.41,6919800,,
2025-08-19,240.02,240.17,232.58,232.70,14594700,,
2025-08-20,228.14,229.03,223.70,228.60,17165200,,
2025-08-21,228.15,230.33,226.26,227.33,7449100,,
2025-08-22,228.00,234.45,226.17,232.99,10299500,,
2025-08-25,234.30,237.28,232.25,235.59,7655000,,
2025-08-26,236.37,238.83,235.73,238.72,9793100,,
2025-08-27,236.87,239.40,235.44,239.29,9516400,,
2025-08-28,236.30,240.66,236.00,238.27,8466200,,
2025-08-29,235.84,235.95,230.58,230.87,15526000,,
2025-09-02,226.15,229.34,225.63,228.39,13974900,,
2025-09-03,231.52,232.45,228.60,231.39,7198500,,
2025-09-04,231.35,235.31,230.30,235.21,6241900,,
2025-09-05,240.24,244.55,237.90,243.41,14056600,,
2025-09-08,241.99,247.88,241.62,247.19,12986600,,
2025-09-09,246.93,254.73,246.93,250.92,13443400,,
2025-09-10,258.87,264.58,257.75,260.44,18822400,,
2025-09-11,260.35,261.64,258.23,258.91,10005000,,
2025-09-12,260.85,260.95,258.38,259.33,8496600,,
2025-09-15,260.00,262.80,258.75,261.38,8147700,,
2025-09-16,265.92,266.44,260.61,262.06,10381900,0.822,
2025-09-17,264.34,264.81,259.73,262.79,10422000,,
2025-09-18,258.00,270.54,257.98,268.64,16917300,,
2025-09-19,266.37,266.57,262.81,264.87,17640200,,
2025-09-22,266.54,276.36,265.45,272.63,15630300,,
2025-09-23,282.40,286.00,280.00,282.71,17830300,,
2025-09-24,280.31,281.21,276.72,280.71,10231000,,
2025-09-25,273.12,277.14,270.19,276.66,11863400,,
2025-09-26,273.89,275.50,270.62,273.36,10451900,,
2025-09-29,276.49,279.87,273.23,273.23,8046200,,
2025-09-30,275.32,279.49,273.83,279.29,8348800,,
2025-10-01,278.44,290.48,277.17,288.47,14620100,,
2025-10-02,296.52,296.72,287.03,288.11,10198000,,
2025-10-03,292.86,296.06,290.49,292.19,10572500,,
2025-10-06,300.01,307.30,299.94,302.40,15785000,,
2025-10-07,306.62,307.10,293.28,294.03,13081000,,
2025-10-08,295.00,306.40,293.98,304.52,12821200,,
2025-10-09,302.31,302.83,297.42,299.88,10259900,,
2025-10-10,299.96,300.20,280.33,280.66,23398000,,
2025-10-13,298.24,304.63,292.32,302.89,20318300,,
2025-10-14,295.63,301.75,291.34,295.94,16567900,,
2025-10-15,306.29,306.61,300.07,304.71,20788000,,
2025-10-16,310.93,311.37,296.69,299.84,26341500,,
2025-10-17,298.40,303.30,294.92,295.08,17633300,,
2025-10-20,300.00,303.65,297.06,297.70,13391600,,
2025-10-21,299.00,299.37,293.66,294.51,11190500,,
2025-10-22,293.00,295.20,284.40,288.88,15409100,,
2025-10-23,289.80,294.09,289.63,290.73,10379900,,
2025-10-24,295.57,297.95,294.39,294.96,8747000,,
2025-10-27,298.65,300.48,293.69,298.25,13615000,,
2025-10-28,298.32,302.13,296.08,301.53,11804200,,
2025-10-29,305.80,307.96,302.38,305.09,16177300,,
2025-10-30,303.08,307.31,300.82,303.22,14507100,,
2025-10-31,305.99,307.68,296.68,300.43,12667900,,
2025-11-03,302.59,310.12,302.12,304.86,12466600,,
2025-11-04,296.88,301.99,293.51,294.05,16224300,,
2025-11-05,292.62,298.22,291.50,293.64,10502500,,
2025-11-06,294.10,294.64,287.38,289.24,11516900,,
2025-11-07,285.21,287.89,277.13,286.50,15715700,,
2025-11-10,294.36,297.13,291.75,295.27,10869200,,
2025-11-11,292.06,294.92,288.91,291.17,9666300,,
2025-11-12,293.70,294.87,289.58,290.62,9715900,,
2025-11-13,289.17,289.50,280.00,282.20,13827600,,
2025-11-14,275.91,286.86,273.23,284.82,11486800,,
2025-11-17,281.44,286.53,279.80,282.01,10227100,,
2025-11-18,277.55,280.19,272.72,277.91,11850400,,
2025-11-19,276.92,284.55,276.32,282.37,11179200,,
2025-11-20,292.21,292.85,276.41,277.50,15747300,,
2025-11-21,272.81,278.69,266.82,275.06,20872800,,
2025-11-24,273.19,285.06,273.19,284.64,13570300,,
2025-11-25,282.73,285.40,273.08,284.68,13726800,,
2025-11-26,289.10,292.81,287.73,289.96,12220300,,
2025-11-28,292.48,292.67,289.00,291.51,5515400,,
2025-12-01,286.92,291.16,283.19,287.68,7713000,,
2025-12-02,292.00,294.50,289.18,292.09,10746400,,
2025-12-03,292.18,296.62,286.07,295.45,9599200,,
2025-12-04,293.98,294.03,290.20,292.93,6753000,,
2025-12-05,296.05,300.80,293.25,294.72,10275300,,
2025-12-08,301.20,302.62,296.72,301.87,16643100,,
2025-12-09,299.99,304.68,298.50,303.41,11349100,,
2025-12-10,305.37,313.98,302.50,310.14,12429200,,
2025-12-11,305.32,305.84,299.64,304.85,15028400,0.835,
2025-12-12,304.28,304.28,290.98,292.04,19306100,,
2025-12-15,295.15,295.80,287.55,287.74,12082400,,
2025-12-16,287.26,288.46,283.32,286.87,11418400,,
2025-12-17,288.53,289.10,275.08,276.96,16823000,,
2025-12-18,285.00,287.16,281.75,284.68,11260300,,
2025-12-19,286.38,292.17,286.38,288.95,12735800,,
2025-12-22,294.67,295.01,291.21,293.28,6091100,,
2025-12-23,293.40,297.91,292.20,296.95,6802300,,
2025-12-24,297.74,299.16,296.23,298.80,2753900,,
2025-12-26,299.90,303.38,298.52,302.84,5125900,,
2025-12-29,301.78,304.50,298.65,300.92,6205100,,
2025-12-30,302.36,304.55,299.45,299.58,6190600,,
2025-12-31,304.00,307.39,303.43,303.89,8175100,,
2026-01-02,311.98,321.59,311.70,319.61,18526900,,
2026-01-05,330.40,331.25,321.50,322.25,17446300,,
2026-01-06,330.22,333.08,324.59,327.43,15599600,,
2026-01-07,324.67,326.30,318.54,318.68,11744800,,
2026-01-08,324.39,324.50,316.14,318.01,10850800,,
2026-01-09,319.83,324.77,318.25,323.63,12325100,,
2026-01-12,322.10,333.55,321.06,331.77,12714800,,
2026-01-13,332.87,336.42,330.78,331.21,11473600,,
2026-01-14,329.86,329.86,324.82,327.11,11210800,,
2026-01-15,342.81,351.33,337.92,341.64,42188500,,
2026-01-16,346.51,349.85,341.46,342.40,18246100,,
2026-01-20,340.79,342.15,326.90,327.16,22809900,,
2026-01-21,333.43,333.64,325.68,326.12,16789800,,
2026-01-22,333.42,335.05,326.90,327.37,12801000,,
2026-01-23,332.07,337.15,331.37,334.87,12904400,,
2026-01-26,332.79,335.10,330.23,332.71,8646400,,
2026-01-27,336.50,341.25,334.56,338.34,11298100,,
2026-01-28,343.03,345.50,338.66,342.30,12140100,,
2026-01-29,339.80,343.74,328.20,339.55,13844800,,
2026-01-30,335.42,339.90,329.10,330.56,12028100,,
2026-02-02,330.76,344.20,329.10,341.36,12459100,,
2026-02-03,345.07,347.05,330.02,335.75,12540000,,
2026-02-04,335.60,338.80,319.07,325.74,18176000,,
2026-02-05,322.82,334.57,319.65,330.73,14812000,,
2026-02-06,337.50,349.72,336.65,348.85,17025500,,
2026-02-09,348.76,359.60,347.80,355.41,14594900,,
2026-02-10,364.33,364.76,356.39,361.91,14622100,,
2026-02-11,370.08,379.58,368.39,374.09,18651300,,
2026-02-12,379.00,380.00,322.10,368.10,16835400,,
2026-02-13,369.15,371.11,360.77,366.36,10468200,,
2026-02-17,361.87,366.20,356.24,364.20,10063800,,
2026-02-18,363.86,369.39,360.71,362.26,7310500,,
2026-02-19,359.72,362.80,357.44,360.39,6346500,,
2026-02-20,359.78,372.20,359.10,370.54,9009200,,
2026-02-23,367.01,373.43,366.46,370.04,9550200,,
2026-02-24,379.40,389.18,376.05,385.75,13269500,,
2026-02-25,390.21,390.21,384.83,387.73,10948400,,
2026-02-26,386.18,386.47,369.70,376.81,14535700,,
2026-02-27,370.14,376.68,368.62,374.58,9186600,,
2026-03-02,365.36,373.10,364.65,369.11,12571600,,
2026-03-03,349.55,355.98,344.14,353.13,18580200,,
2026-03-04,357.43,361.09,354.55,357.44,12131100,,
2026-03-05,354.90,359.47,343.80,353.86,16249800,,
2026-03-06,343.50,348.72,336.69,338.89,13803000,,
2026-03-09,335.60,349.40,331.92,348.70,19182800,,
2026-03-10,348.47,353.50,344.31,347.09,12985600,,
2026-03-11,353.93,357.35,350.36,354.56,10683300,,
2026-03-12,345.93,346.89,336.38,336.71,17549400,,
2026-03-13,343.92,344.52,336.22,338.31,17299900,,
2026-03-16,341.25,344.63,339.82,340.23,11123500,,
2026-03-17,340.60,346.76,338.40,345.98,11434600,0.956,
2026-03-18,345.78,347.95,339.34,339.57,12632600,,
2026-03-19,329.22,339.90,325.19,338.79,15411600,,
2026-03-20,336.68,337.60,325.90,329.24,17424200,,
2026-03-23,331.10,343.41,331.10,338.45,15857200,,
2026-03-24,335.57,344.88,334.02,343.25,9725000,,
2026-03-25,346.00,350.45,343.50,347.75,12166900,,
2026-03-26,339.82,340.91,325.37,326.11,14560200,,
2026-03-27,324.83,329.56,322.31,326.74,14484500,,
2026-03-30,327.20,329.60,313.80,316.50,15740000,,
2026-03-31,322.31,338.41,321.14,337.95,18488000,,
2026-04-01,343.90,348.68,339.75,341.49,15011600,,
2026-04-02,326.84,342.07,326.80,339.04,8994600,,
2026-04-06,339.75,344.20,338.62,341.76,5884800,,
2026-04-07,339.44,345.53,335.65,345.32,6823500,,
2026-04-08,370.29,374.30,359.24,365.90,16356900,,
2026-04-09,363.30,368.17,360.72,365.49,9246000,,
2026-04-10,375.59,378.00,369.75,370.60,13168200,,
2026-04-13,370.26,371.46,366.05,369.57,9596300,,
2026-04-14,379.04,382.16,373.22,379.89,12859500,,
2026-04-15,381.41,381.98,372.21,375.10,14955500,,
2026-04-16,368.86,370.20,360.55,363.35,26405800,,
2026-04-17,373.20,375.58,365.14,370.50,18419400,,
2026-04-20,369.22,370.07,364.25,366.24,11638300,,
2026-04-21,368.08,370.75,365.11,368.08,9808200,,
2026-04-22,371.78,387.91,370.64,387.44,16317200,,
2026-04-23,384.25,388.76,375.81,382.66,12224900,,
2026-04-24,396.14,409.49,393.85,402.46,21603600,,
2026-04-27,413.75,414.50,400.40,404.98,16561200,,
2026-04-28,392.12,397.87,384.70,392.34,14715800,,
2026-04-29,392.91,395.85,388.18,393.83,10313000,,
2026-04-30,397.81,398.79,385.71,396.06,12788100,,
2026-05-01,393.44,403.99,392.13,397.67,9926400,,
2026-05-04,404.52,407.70,395.20,401.61,9978500,,
2026-05-05,404.60,406.13,392.60,394.41,14579000,,
2026-05-06,402.40,419.70,400.65,419.50,17736400,,
2026-05-07,418.09,420.00,408.11,414.15,13403200,,
2026-05-08,416.95,417.00,400.88,411.68,18531200,,
2026-05-11,406.74,407.73,398.19,404.54,14680000,,
2026-05-12,397.75,402.24,386.12,397.28,18121800,,
2026-05-13,398.27,404.68,391.47,399.80,13127800,,
2026-05-14,403.21,421.97,402.10,417.72,18577100,,
2026-05-15,406.50,409.87,398.83,404.35,11868600,,
2026-05-18,406.88,406.88,391.05,395.95,12117200,,
2026-05-19,389.51,398.88,385.06,392.61,14083000,,
2026-05-20,397.00,403.88,395.95,401.62,10254300,,
2026-05-21,399.51,411.46,399.51,407.15,8937900,,
2026-05-22,409.43,410.67,402.86,404.52,7111900,,
2026-05-26,413.12,416.49,410.07,412.32,10132000,,
2026-05-27,427.02,430.55,415.38,422.73,14695600,,
2026-05-28,422.22,427.60,414.71,424.86,8905800,,
2026-05-29,427.07,430.44,417.25,418.45,11232300,,
2026-06-01,424.88,449.39,422.50,435.63,18040400,,
2026-06-02,440.58,448.38,436.01,446.69,10147900,,
2026-06-03,449.99,450.16,434.53,436.69,10245200,,
2026-06-04,430.63,448.01,427.30,444.92,10974100,,
2026-06-05,429.77,433.90,412.79,415.17,19644200,,
2026-06-08,423.77,433.81,422.53,426.80,11245400,,
2026-06-09,430.88,438.16,405.51,427.92,21199500,,
2026-06-10,413.96,426.32,407.70,408.75,13139700,,
2026-06-11,413.26,422.25,408.86,421.07,13826500,0.955,
2026-06-12,420.05,426.94,417.21,423.93,10362500,,
2026-06-15,438.68,442.58,431.93,441.40,11184900,,
2026-06-16,436.02,440.33,425.20,425.83,10943500,,
2026-06-17,434.75,442.50,431.64,432.15,10934100,,
2026-06-18,438.88,465.22,438.39,462.12,25817100,,
2026-06-22,476.09,476.79,465.17,467.67,13686200,,
2026-06-23,439.18,447.33,434.19,436.39,20364500,,
2026-06-24,433.98,443.86,432.58,440.83,9991200,,
2026-06-25,452.90,452.90,432.44,434.99,14769500,,
2026-06-26,425.00,436.13,419.19,432.35,17974100,,
2026-06-29,437.00,456.10,431.09,455.10,14881400,,
2026-06-30,455.61,479.00,453.00,477.57,15074300,,
2026-07-01,467.67,468.51,443.47,444.23,18534800,,
2026-07-02,450.54,461.47,429.50,434.16,18375000,,
2026-07-06,447.78,460.03,445.60,451.79,12788500,,
2026-07-07,438.02,439.80,428.11,432.57,14898400,,
2026-07-08,429.00,440.49,428.75,436.98,11411200,,
2026-07-09,446.73,447.69,436.39,436.96,11455600,,
2026-07-10,438.67,439.66,428.10,434.11,9595100,,
2026-07-13,433.82,437.99,420.29,421.58,14329800,,
2026-07-14,430.87,431.06,418.86,420.39,14279000,,
2026-07-15,425.75,428.89,410.75,419.48,17012300,,
2026-07-16,405.29,415.95,403.50,409.74,24891300,,
2026-07-17,392.12,404.70,386.02,398.37,20986500,,
2026-07-20,407.71,409.89,400.08,402.30,11653600,,
2026-07-21,418.74,425.40,413.56,424.61,18210100,,
2026-07-22,414.91,424.81,414.21,421.21,10259500,,
2026-07-23,415.84,420.84,411.80,415.58,11048800,,
2026-07-24,411.35,412.92,400.80,403.41,11525100,,
2026-07-27,406.08,407.43,388.80,399.09,17932300,,
2026-07-28,385.00,395.36,381.30,392.31,18276300,,
2026-07-29,388.08,391.25,372.72,374.67,21700200,,
2026-07-30,392.49,406.77,387.60,403.31,17474200,,
2026-07-31,419.50,420.35,398.80,404.25,11926500,,
2026-08-03,400.58,407.44,398.20,406.11,11345582,,
