date,open,high,low,close,volume,div,split
2016-10-05,16.00,16.50,15.50,15.50,569700,,
2016-10-06,15.50,15.90,15.50,15.75,264900,,
2016-10-07,15.90,15.90,15.70,15.90,110900,,
2016-10-10,15.95,25.24,15.90,16.00,6300,,
2016-10-11,16.10,16.50,16.00,16.35,158400,,
2016-10-12,16.35,17.00,16.00,16.35,160500,,
2016-10-13,16.50,16.50,16.00,16.10,265800,,
2016-10-14,16.05,16.10,16.05,16.10,45500,,
2016-10-17,16.15,16.15,16.10,16.10,20600,,
2016-10-18,16.14,16.14,15.96,16.00,464300,,
2016-10-19,15.75,16.00,15.75,15.99,140400,,
2016-10-20,15.90,16.00,15.75,15.90,653900,,
2016-10-21,15.65,15.80,15.50,15.70,27500,,
2016-10-24,15.75,15.75,15.50,15.68,130300,,
2016-10-25,15.51,15.58,15.25,15.58,6200,,
2016-10-26,15.50,15.50,15.35,15.45,52300,,
2016-10-27,15.35,15.35,15.16,15.20,271100,,
2016-10-28,15.20,15.45,15.00,15.20,2185200,,
2016-10-31,15.25,15.25,15.00,15.20,25900,,
2016-11-01,15.00,15.00,14.90,15.00,11800,,
2016-11-02,14.80,14.80,13.50,13.60,9900,,
2016-11-03,13.75,13.80,13.60,13.60,122300,,
2016-11-04,13.60,14.00,13.60,14.00,603600,,
2016-11-07,14.10,14.25,14.10,14.10,2300,,
2016-11-08,14.00,14.25,13.90,14.20,335100,,
2016-11-09,13.90,14.15,13.90,14.05,106300,,
2016-11-10,14.10,14.23,14.10,14.23,2629000,,
2016-11-11,14.40,14.90,14.40,14.71,13400,,
2016-11-14,14.70,14.95,14.40,14.40,121500,,
2016-11-15,14.40,14.45,14.32,14.32,798600,,
2016-11-16,14.35,14.35,14.10,14.10,65600,,
2016-11-17,14.10,14.10,14.00,14.05,60400,,
2016-11-18,14.10,14.15,13.90,14.10,728700,,
2016-11-21,14.00,14.04,14.00,14.00,28000,,
2016-11-22,14.05,14.05,14.05,14.05,100000,,
2016-11-23,14.00,14.00,14.00,14.00,50000,,
2016-11-25,14.00,14.00,14.00,14.00,0,,
2016-11-28,14.05,14.15,14.05,14.15,500,,
2016-11-29,14.15,14.15,13.75,13.75,124600,,
2016-11-30,13.85,13.95,13.80,13.95,291500,,
2016-12-01,14.01,14.01,13.96,13.96,127300,,
2016-12-02,13.90,13.90,13.65,13.85,18400,,
2016-12-05,14.15,14.50,14.00,14.45,530600,,
2016-12-06,15.30,15.65,15.00,15.60,925600,,
2016-12-07,15.58,15.60,15.45,15.50,523700,,
2016-12-08,15.55,16.00,15.50,15.90,625800,,
2016-12-09,16.00,16.55,15.90,16.40,588400,,
2016-12-12,16.50,16.50,16.25,16.25,982700,,
2016-12-13,16.30,16.30,16.15,16.23,2901100,,
2016-12-14,16.20,16.30,16.00,16.28,2399400,,
2016-12-15,14.00,14.28,14.00,14.19,1151700,2.32,
2016-12-16,14.19,14.20,14.06,14.06,70800,,
2016-12-19,14.10,14.23,13.96,14.23,1242500,,
2016-12-20,14.22,14.40,14.20,14.35,1128700,,
2016-12-21,14.38,14.44,14.30,14.35,607400,,
2016-12-22,14.35,14.45,14.24,14.29,525600,,
2016-12-23,14.25,14.40,14.22,14.38,35100,,
2016-12-27,14.45,15.03,14.45,15.00,149200,,
2016-12-28,15.01,15.25,14.95,15.00,121400,,
2016-12-29,15.00,15.60,15.00,15.50,414800,,
2016-12-30,15.50,15.80,15.46,15.50,72200,,
2017-01-03,15.50,15.50,15.15,15.36,3188000,,
2017-01-04,15.36,16.10,15.36,16.10,869100,,
2017-01-05,16.14,16.40,16.00,16.19,743200,,
2017-01-06,16.19,16.28,16.12,16.20,1096100,,
2017-01-09,16.20,16.30,15.90,15.90,655300,,
2017-01-10,15.91,15.95,15.84,15.85,169400,,
2017-01-11,15.85,16.25,15.58,15.67,660000,,
2017-01-12,15.74,16.00,15.69,16.00,278700,,
2017-01-13,16.04,16.65,16.04,16.45,191300,,
2017-01-17,16.58,16.89,16.40,16.85,903100,,
2017-01-18,16.85,17.10,16.77,17.05,1593400,,
2017-01-19,17.00,17.00,16.73,16.88,925000,,
2017-01-20,16.89,17.02,16.89,16.94,1252300,,
2017-01-23,16.95,17.05,16.77,16.95,1843200,,
2017-01-24,16.95,16.98,16.70,16.80,659400,,
2017-01-25,16.77,16.89,16.50,16.75,510500,,
2017-01-26,16.80,16.95,16.80,16.85,618200,,
2017-01-27,16.90,16.90,16.67,16.73,479500,,
2017-01-30,16.84,16.84,16.30,16.30,87900,,
2017-01-31,16.40,16.50,16.05,16.21,266400,,
2017-02-01,16.40,16.41,16.29,16.35,751100,,
2017-02-02,16.39,16.39,16.23,16.29,49900,,
2017-02-03,16.30,16.70,16.20,16.70,526500,,
2017-02-06,17.15,17.81,17.07,17.15,521100,,
2017-02-07,17.30,17.30,17.09,17.12,787700,,
2017-02-08,17.10,17.40,17.07,17.25,727800,,
2017-02-09,17.25,17.30,17.17,17.25,120100,,
2017-02-10,17.30,17.95,17.00,17.95,1072200,,
2017-02-13,17.85,17.90,17.50,17.75,506200,,
2017-02-14,17.75,17.77,17.67,17.70,543500,,
2017-02-15,17.72,17.75,17.65,17.65,283500,,
2017-02-16,17.70,17.70,17.40,17.40,267100,,
2017-02-17,17.40,17.40,17.15,17.35,180000,,
2017-02-21,17.35,17.35,17.10,17.13,1330900,,
2017-02-22,17.15,17.25,16.60,16.79,626800,,
2017-02-23,16.73,16.74,16.10,16.30,906900,,
2017-02-24,16.29,16.62,16.18,16.62,555100,,
2017-02-27,16.59,16.60,16.05,16.17,1063000,,
2017-02-28,16.24,16.24,16.12,16.16,82700,,
2017-03-01,16.16,16.60,16.16,16.30,151000,,
2017-03-02,16.35,16.56,16.20,16.20,201600,,
2017-03-03,16.18,16.30,16.18,16.26,550900,,
2017-03-06,16.30,16.30,16.00,16.17,1063000,,
2017-03-07,16.17,16.24,16.06,16.10,90800,,
2017-03-08,16.10,16.10,15.80,15.85,481700,,
2017-03-09,15.81,15.81,15.34,15.41,542700,,
2017-03-10,15.35,15.80,15.35,15.69,830900,,
2017-03-13,15.75,16.40,15.75,16.22,300600,,
2017-03-14,16.20,16.22,16.05,16.17,331300,,
2017-03-15,16.21,16.25,16.05,16.14,490300,,
2017-03-16,16.15,16.25,16.15,16.15,248000,,
2017-03-17,16.17,16.20,16.00,16.08,1420300,,
2017-03-20,16.09,16.22,16.08,16.20,167100,,
2017-03-21,16.24,16.24,15.95,16.00,891800,,
2017-03-22,16.00,16.00,15.80,15.85,506800,,
2017-03-23,15.97,16.00,15.73,15.73,514100,,
2017-03-24,15.75,16.00,15.73,15.80,548800,,
2017-03-27,15.78,15.87,15.77,15.85,859600,,
2017-03-28,15.84,15.96,15.84,15.90,2530900,,
2017-03-29,15.91,16.26,15.91,16.25,2384200,,
2017-03-30,16.55,16.60,15.99,16.28,3010900,,
2017-03-31,16.28,16.48,16.00,16.30,1458000,,
2017-04-03,16.49,16.50,16.00,16.35,720000,,
2017-04-04,16.31,16.49,16.31,16.49,924200,,
2017-04-05,16.46,16.53,16.42,16.48,120500,,
2017-04-06,16.50,16.50,16.38,16.41,66000,,
2017-04-07,16.40,16.46,16.07,16.25,135000,,
2017-04-10,16.29,16.30,16.23,16.25,154400,,
2017-04-11,16.24,16.25,16.07,16.15,78100,,
2017-04-12,16.12,16.12,15.98,16.00,221300,,
2017-04-13,16.00,16.21,16.00,16.17,367800,,
2017-04-17,16.18,16.22,15.90,15.98,1134100,,
2017-04-18,15.98,16.03,15.88,16.00,582200,,
2017-04-19,16.00,16.01,15.70,15.80,752600,,
2017-04-20,15.80,15.86,15.55,15.55,402100,,
2017-04-21,15.55,15.55,14.97,15.20,1135000,,
2017-04-24,15.19,15.60,15.16,15.48,344200,,
2017-04-25,15.53,15.55,15.35,15.45,614400,,
2017-04-26,15.43,15.65,15.40,15.63,640600,,
2017-04-27,15.63,15.65,15.20,15.22,536500,,
2017-04-28,15.32,15.33,14.95,14.95,629000,,
2017-05-01,15.00,15.05,14.93,14.98,530300,,
2017-05-02,15.00,15.02,14.50,14.59,735100,,
2017-05-03,14.59,14.94,14.59,14.69,770400,,
2017-05-04,14.71,14.80,14.61,14.62,692200,,
2017-05-05,14.71,15.24,14.71,15.03,1424300,,
2017-05-08,15.03,15.05,14.97,15.00,2124100,,
2017-05-09,15.00,15.02,14.97,15.01,2346700,,
2017-05-10,15.15,15.30,14.98,15.15,2299800,,
2017-05-11,15.10,15.35,15.00,15.32,3080400,,
2017-05-12,15.35,15.83,15.33,15.58,972700,,
2017-05-15,15.54,15.77,15.50,15.73,692600,,
2017-05-16,15.77,16.00,15.39,15.42,1235800,,
2017-05-17,15.47,15.67,15.03,15.09,1080900,,
2017-05-18,15.15,15.15,14.69,14.80,1413600,,
2017-05-19,15.25,15.30,14.50,15.04,5709800,,
2017-05-22,15.00,15.14,14.88,14.96,1442200,,
2017-05-23,14.95,15.01,14.85,15.00,1370200,,
2017-05-24,14.96,15.09,14.81,15.00,1953300,,
2017-05-25,14.97,15.03,14.80,14.85,2504400,,
2017-05-26,14.89,15.05,14.78,14.99,2107000,,
2017-05-30,14.95,14.99,14.76,14.92,1328500,,
2017-05-31,14.86,14.95,14.70,14.77,1114300,,
2017-06-01,14.75,14.96,14.75,14.91,1227000,,
2017-06-02,14.95,15.02,14.81,14.99,2294200,,
2017-06-05,15.19,15.52,15.10,15.26,4910400,,
2017-06-06,15.17,15.57,15.07,15.52,3637900,,
2017-06-07,15.50,15.79,15.35,15.68,4022700,,
2017-06-08,15.60,15.85,15.56,15.72,1957000,,
2017-06-09,15.79,15.98,15.67,15.80,1820300,,
2017-06-12,15.70,16.10,15.60,16.00,2991700,,
2017-06-13,15.99,16.48,15.99,16.35,3229900,,
2017-06-14,16.30,16.80,16.30,16.79,5430800,,
2017-06-15,16.68,16.84,16.51,16.60,2330000,,
2017-06-16,16.60,16.88,16.40,16.70,22643500,,
2017-06-19,16.64,16.79,16.63,16.70,2528300,,
2017-06-20,16.66,16.78,16.61,16.72,4076800,,
2017-06-21,16.72,16.74,16.61,16.70,2813800,,
2017-06-22,16.75,16.75,16.48,16.65,4504500,,
2017-06-23,16.74,16.91,16.60,16.75,20845100,,
2017-06-26,16.75,16.86,16.62,16.70,2591600,,
2017-06-27,16.70,16.85,16.66,16.70,2854200,,
2017-06-28,16.75,16.90,16.63,16.86,2770800,,
2017-06-29,16.85,16.88,16.69,16.70,3179800,,
2017-06-30,16.69,16.82,16.61,16.79,1450000,,
2017-07-03,16.86,17.04,16.79,17.01,880700,,
2017-07-05,17.00,17.00,16.65,16.74,1571800,,
2017-07-06,16.82,16.84,16.39,16.47,1432000,,
2017-07-07,16.64,16.66,16.33,16.44,1720600,,
2017-07-10,16.41,16.51,16.31,16.42,1290000,,
2017-07-11,16.37,16.49,16.16,16.44,1709400,,
2017-07-12,16.46,16.58,16.15,16.27,2418600,,
2017-07-13,16.31,16.31,15.79,15.88,1888500,,
2017-07-14,15.89,16.07,15.82,16.02,1298400,,
2017-07-17,16.00,16.09,15.86,15.96,1130000,,
2017-07-18,16.02,16.15,15.95,16.03,1715700,,
2017-07-19,15.96,16.15,15.89,15.96,836000,,
2017-07-20,16.05,16.26,15.91,16.20,1209100,,
2017-07-21,16.28,16.42,16.25,16.39,1038700,,
2017-07-24,16.32,16.75,16.20,16.60,1410700,,
2017-07-25,16.60,16.77,16.28,16.61,1975200,,
2017-07-26,16.61,16.68,16.39,16.51,1002400,,
2017-07-27,16.43,16.55,16.37,16.52,598300,,
2017-07-28,16.48,16.54,16.37,16.43,523800,,
2017-07-31,16.40,16.49,16.36,16.43,484600,,
2017-08-01,16.38,16.61,16.33,16.61,920900,,
2017-08-02,16.49,16.60,16.28,16.52,1092000,,
2017-08-03,16.60,16.65,16.09,16.18,1056600,,
2017-08-04,16.18,16.69,15.92,16.66,1611000,,
2017-08-07,16.69,17.09,16.69,17.02,744200,,
2017-08-08,16.95,17.22,16.85,17.19,1043500,,
2017-08-09,17.11,17.24,16.99,17.07,1450100,,
2017-08-10,17.02,17.17,16.95,17.00,1501500,,
2017-08-11,16.91,17.33,16.88,17.21,1166500,,
2017-08-14,17.21,17.50,17.07,17.38,1239900,,
2017-08-15,17.38,17.55,17.32,17.51,1405700,,
2017-08-16,17.45,17.70,17.41,17.66,1334300,,
2017-08-17,17.82,17.85,17.10,17.12,1558200,,
2017-08-18,17.18,17.62,17.09,17.54,1571900,,
2017-08-21,17.50,17.77,17.42,17.66,1076100,,
2017-08-22,17.66,17.77,17.54,17.68,947000,,
2017-08-23,17.64,17.79,17.64,17.72,825800,,
2017-08-24,17.70,17.76,17.64,17.65,858800,,
2017-08-25,17.75,17.79,17.64,17.75,729900,,
2017-08-28,17.80,17.80,17.71,17.76,955200,,
2017-08-29,17.59,17.80,17.59,17.71,689800,,
2017-08-30,17.69,17.74,17.30,17.36,858700,,
2017-08-31,17.35,17.71,17.30,17.70,792100,,
2017-09-01,17.68,18.08,17.68,17.84,2499100,,
2017-09-05,17.95,17.95,17.58,17.75,1172700,,
2017-09-06,17.74,17.86,17.68,17.77,758900,,
2017-09-07,17.68,17.92,17.68,17.87,912600,,
2017-09-08,17.86,17.93,17.16,17.65,1159600,,
2017-09-11,17.72,17.87,17.59,17.72,652300,,
2017-09-12,17.68,17.77,17.57,17.70,594100,,
2017-09-13,17.78,17.91,17.64,17.71,1663900,,
2017-09-14,17.67,17.99,17.54,17.80,1010300,,
2017-09-15,17.85,17.95,17.66,17.78,1880200,,
2017-09-18,17.81,18.00,17.69,17.99,2046300,,
2017-09-19,17.96,18.05,17.84,17.88,1584900,,
2017-09-20,18.05,18.31,17.97,18.22,1534000,,
2017-09-21,18.17,18.22,18.02,18.16,581200,,
2017-09-22,18.18,18.27,18.13,18.15,884600,,
2017-09-25,18.26,18.27,18.11,18.16,848800,,
2017-09-26,18.24,18.56,18.13,18.46,1247500,,
2017-09-27,18.49,18.85,18.42,18.70,1481700,,
2017-09-28,18.70,18.96,18.61,18.65,1769100,,
2017-09-29,18.66,18.90,18.58,18.69,1895300,,
2017-10-02,18.70,18.94,18.64,18.90,1875100,,
2017-10-03,19.20,19.25,18.70,18.90,3313000,,
2017-10-04,18.91,19.09,18.86,18.93,6352000,,
2017-10-05,18.97,19.33,18.93,19.12,4771000,,
2017-10-06,19.29,19.29,18.65,18.79,3453900,,
2017-10-09,18.87,18.95,18.69,18.93,1734300,,
2017-10-10,18.95,19.09,18.71,18.81,2102500,,
2017-10-11,18.73,19.01,18.72,19.01,1955100,,
2017-10-12,19.08,19.15,18.83,19.08,2087600,,
2017-10-13,19.15,19.16,18.83,19.00,1540800,,
2017-10-16,19.07,19.11,18.93,18.99,2834800,,
2017-10-17,19.03,19.10,18.85,19.01,1915800,,
2017-10-18,19.00,19.16,18.65,18.70,1511600,,
2017-10-19,18.60,18.84,18.44,18.83,1302100,,
2017-10-20,18.98,19.05,18.88,19.03,1608200,,
2017-10-23,19.02,19.58,19.02,19.48,1782700,,
2017-10-24,19.67,19.75,19.56,19.58,1925600,,
2017-10-25,19.65,20.44,19.44,20.32,6720100,,
2017-10-26,20.32,21.20,20.17,20.49,4931000,,
2017-10-27,20.47,20.66,20.17,20.30,3175400,,
2017-10-30,20.00,20.01,18.37,18.57,26446200,,
2017-10-31,18.72,19.57,18.61,19.44,11236700,,
2017-11-01,19.57,19.65,19.06,19.21,5730600,,
2017-11-02,19.22,19.45,18.55,19.12,6306100,,
2017-11-03,19.12,19.37,18.96,19.23,4222700,,
2017-11-06,19.27,19.47,19.14,19.36,3905200,,
2017-11-07,19.38,19.48,18.94,18.95,4194900,,
2017-11-08,19.00,19.02,18.84,18.88,5564100,,
2017-11-09,18.81,18.97,18.22,18.30,5514300,,
2017-11-10,18.26,18.69,18.24,18.61,6009500,,
2017-11-13,18.63,19.01,18.45,18.95,3810700,,
2017-11-14,18.98,19.40,18.97,19.18,7720500,,
2017-11-15,19.15,19.31,18.82,19.15,5911600,,
2017-11-16,19.22,19.26,18.90,18.98,6226300,,
2017-11-17,19.04,19.24,18.89,19.15,6946200,,
2017-11-20,19.15,19.17,18.85,18.93,3103300,,
2017-11-21,18.99,19.00,18.73,18.90,4769900,,
2017-11-22,18.97,19.45,18.97,19.44,3314800,,
2017-11-24,19.42,19.49,19.20,19.28,1959900,,
2017-11-27,19.32,19.32,18.85,19.02,5567000,,
2017-11-28,19.08,19.25,19.04,19.23,5034400,,
2017-11-29,19.17,19.28,18.84,19.15,6259500,,
2017-11-30,19.23,19.42,18.81,18.90,18083700,,
2017-12-01,18.87,19.07,18.54,18.73,6515400,,
2017-12-04,18.83,18.86,18.41,18.57,6615100,,
2017-12-05,18.52,18.54,17.58,17.81,5591800,,
2017-12-06,17.84,17.89,17.35,17.51,5073200,,
2017-12-07,17.52,17.82,17.36,17.77,4589200,,
2017-12-08,17.76,17.86,17.53,17.75,2862700,,
2017-12-11,17.72,18.15,17.72,18.11,5689700,,
2017-12-12,18.14,18.35,17.93,18.07,4216200,,
2017-12-13,17.95,18.01,17.10,17.45,6053500,,
2017-12-14,17.32,17.51,17.15,17.24,4332500,,
2017-12-15,17.21,17.47,17.21,17.31,5321600,,
2017-12-18,17.27,17.83,17.27,17.79,3594900,,
2017-12-19,17.83,18.18,17.72,18.00,4859500,,
2017-12-20,18.11,18.46,18.06,18.16,4206600,,
2017-12-21,18.20,18.40,18.07,18.16,6193900,,
2017-12-22,18.10,18.20,17.84,17.98,4314700,,
2017-12-26,17.98,18.12,17.72,17.74,3764100,,
2017-12-27,17.77,18.13,17.77,17.85,3263000,,
2017-12-28,17.84,18.02,17.74,17.91,3391900,,
2017-12-29,17.90,18.53,17.88,18.32,4558300,,
2018-01-02,18.26,18.43,18.12,18.42,3790700,,
2018-01-03,18.48,18.83,18.32,18.47,4049700,,
2018-01-04,18.45,18.98,18.40,18.49,4480500,,
2018-01-05,18.56,18.70,18.30,18.68,2765500,,
2018-01-08,18.68,18.84,18.52,18.70,3789300,,
2018-01-09,18.62,18.65,18.21,18.46,4521200,,
2018-01-10,18.39,18.50,18.20,18.35,2610800,,
2018-01-11,18.47,18.58,18.24,18.54,3591900,,
2018-01-12,18.55,18.62,18.44,18.57,2015200,,
2018-01-16,18.63,18.63,17.95,17.98,3053200,,
2018-01-17,18.10,18.59,18.01,18.44,4217000,,
2018-01-18,18.58,18.82,18.55,18.79,8061900,,
2018-01-19,18.81,19.55,18.77,19.49,7149300,,
2018-01-22,19.53,19.76,19.22,19.24,4690700,,
2018-01-23,19.22,19.45,19.14,19.23,4096300,,
2018-01-24,19.27,19.79,19.22,19.48,5249700,,
2018-01-25,19.56,19.75,19.35,19.72,3372600,,
2018-01-26,19.77,19.90,19.59,19.79,2234800,,
2018-01-29,19.70,19.76,19.41,19.56,2450900,,
2018-01-30,19.47,19.51,19.04,19.16,3917400,,
2018-01-31,19.17,19.52,19.13,19.50,2919600,,
2018-02-01,19.47,19.85,19.43,19.64,4312700,,
2018-02-02,19.43,19.59,19.05,19.15,3360600,,
2018-02-05,18.99,19.20,18.36,18.53,3691400,,
2018-02-06,18.17,18.85,17.80,18.67,5663500,,
2018-02-07,18.57,19.26,18.52,18.53,5851800,,
2018-02-08,18.53,18.64,17.44,17.46,4777900,,
2018-02-09,17.55,18.07,17.31,17.88,5662600,,
2018-02-12,17.95,18.03,17.41,17.96,4424100,,
2018-02-13,17.91,18.34,17.84,18.25,2400000,,
2018-02-14,18.12,18.40,18.05,18.26,1754700,,
2018-02-15,18.39,18.72,18.17,18.69,1950900,,
2018-02-16,18.64,19.01,18.60,18.83,1548300,,
2018-02-20,18.78,19.00,18.74,18.88,2945600,,
2018-02-21,18.95,19.04,18.60,18.67,2487200,,
2018-02-22,18.73,18.99,18.57,18.72,3585500,,
2018-02-23,18.80,19.05,18.70,19.02,4884700,,
2018-02-26,19.13,19.23,18.44,18.98,3358000,,
2018-02-27,19.01,19.30,18.92,18.98,4245500,,
2018-02-28,19.10,19.14,18.88,18.95,3852500,,
2018-03-01,19.00,19.30,18.80,19.10,3240000,,
2018-03-02,18.97,19.62,18.86,19.59,2934000,,
2018-03-05,19.58,20.06,19.50,19.91,4934500,,
2018-03-06,20.14,20.53,19.80,20.47,8881700,,
2018-03-07,20.55,20.76,20.22,20.59,4276900,,
2018-03-08,20.77,20.88,20.54,20.81,5226200,,
2018-03-09,20.87,20.96,20.60,20.69,4891300,,
2018-03-12,20.65,20.78,20.38,20.46,5421700,,
2018-03-13,20.59,20.62,20.15,20.46,8115400,,
2018-03-14,20.50,20.62,20.14,20.29,5061000,,
2018-03-15,20.38,20.74,20.30,20.69,5541200,,
2018-03-16,20.69,20.75,20.35,20.43,4212200,,
2018-03-19,20.38,20.38,19.79,19.93,4342900,,
2018-03-20,20.00,20.11,19.68,19.82,3759900,,
2018-03-21,19.86,20.30,19.79,20.15,4039700,,
2018-03-22,19.96,20.56,19.92,20.35,6223200,,
2018-03-23,20.32,20.59,20.10,20.19,4377800,,
2018-03-26,20.23,20.85,20.14,20.71,4057000,,
2018-03-27,20.71,21.15,20.59,20.86,4796000,,
2018-03-28,21.33,21.43,20.81,21.13,4717600,,
2018-03-29,21.15,21.18,20.70,20.83,4904700,,
2018-04-02,20.81,20.91,20.01,20.35,3415600,,
2018-04-03,20.44,20.84,20.09,20.78,4979900,,
2018-04-04,20.58,20.70,20.36,20.61,5006900,,
2018-04-05,20.70,20.94,20.05,20.22,4761300,,
2018-04-06,20.19,20.23,19.59,19.68,14214500,,
2018-04-09,19.87,21.34,19.77,20.83,11306700,,
2018-04-10,21.03,21.32,20.63,21.32,9086800,,
2018-04-11,21.25,21.57,21.21,21.47,8343100,,
2018-04-12,21.56,22.16,21.33,21.46,9270000,,
2018-04-13,21.50,21.85,21.35,21.65,8445400,,
2018-04-16,21.85,22.25,21.75,21.99,8280200,,
2018-04-17,22.17,22.46,21.93,22.35,5408800,,
2018-04-18,22.38,22.57,22.31,22.34,4540300,,
2018-04-19,22.25,22.37,21.82,22.12,3833100,,
2018-04-20,22.09,22.15,21.80,21.88,5551200,,
2018-04-23,21.97,22.33,21.91,22.33,4724800,,
2018-04-24,22.49,22.79,22.20,22.28,4562900,,
2018-04-25,22.35,22.60,22.19,22.48,3413300,,
2018-04-26,22.53,22.98,22.36,22.60,5803000,,
2018-04-27,22.66,23.00,22.36,22.74,3587200,,
2018-04-30,22.87,23.01,22.76,22.85,4032800,,
2018-05-01,22.96,22.96,22.49,22.85,4012800,,
2018-05-02,22.90,23.42,22.88,22.99,5348600,,
2018-05-03,23.00,23.37,22.60,23.14,5485300,,
2018-05-04,24.00,24.39,22.82,23.01,9115100,,
2018-05-07,23.04,24.04,23.04,23.80,7160500,,
2018-05-08,23.82,23.94,22.98,23.17,6072700,,
2018-05-09,23.20,23.32,22.60,22.99,4587000,,
2018-05-10,22.66,23.01,22.65,22.91,4681600,,
2018-05-11,22.96,23.18,22.81,22.94,4052100,,
2018-05-14,23.08,23.36,22.97,23.10,2878600,,
2018-05-15,23.03,23.20,22.95,23.14,4516900,,
2018-05-16,23.18,23.45,22.96,23.08,3837100,,
2018-05-17,23.06,23.15,22.63,22.88,4051500,,
2018-05-18,22.79,23.04,22.79,23.01,3841200,,
2018-05-21,23.11,23.17,22.74,23.01,3340400,,
2018-05-22,23.13,23.43,23.13,23.22,2017800,,
2018-05-23,23.18,23.28,23.07,23.23,3508500,,
2018-05-24,23.60,24.24,23.55,24.08,6064400,,
2018-05-25,24.02,24.16,23.82,23.95,3174000,,
2018-05-29,23.95,24.16,23.86,24.01,2998300,,
2018-05-30,24.06,24.56,24.06,24.27,4846900,,
2018-05-31,24.41,24.70,24.26,24.53,10162400,,
2018-06-01,24.53,24.59,24.31,24.34,4055800,,
2018-06-04,24.50,24.65,24.06,24.27,3801000,,
2018-06-05,24.28,24.64,24.20,24.38,3647500,,
2018-06-06,24.38,24.72,24.37,24.61,4563100,,
2018-06-07,24.66,24.81,24.63,24.67,3776400,,
2018-06-08,24.59,24.73,24.27,24.56,2348700,,
2018-06-11,24.56,24.68,24.04,24.09,3832700,,
2018-06-12,24.08,24.37,24.02,24.20,4105600,,
2018-06-13,24.32,24.64,24.18,24.39,9875100,,
2018-06-14,24.46,24.81,23.98,24.01,4273900,,
2018-06-15,23.86,23.92,23.52,23.75,5565400,,
2018-06-18,23.62,23.88,23.47,23.52,4715100,,
2018-06-19,23.38,23.58,23.06,23.46,6467400,,
2018-06-20,23.60,23.86,23.52,23.65,5305600,,
2018-06-21,23.78,24.11,23.67,24.07,3552300,,
2018-06-22,24.06,24.20,23.51,23.65,9068700,,
2018-06-25,23.66,23.76,23.22,23.33,4497500,,
2018-06-26,23.36,23.94,23.32,23.84,5392300,,
2018-06-27,23.74,24.09,23.64,23.75,3388600,,
2018-06-28,23.70,24.01,23.49,23.50,4137800,,
2018-06-29,23.57,24.02,23.50,23.66,3085500,,
2018-07-02,23.48,24.01,23.33,24.01,3306800,,
2018-07-03,23.89,23.91,22.75,22.81,3476000,,
2018-07-05,22.89,22.89,22.36,22.62,4288100,,
2018-07-06,22.63,23.05,22.57,22.91,3452300,,
2018-07-09,22.95,23.26,22.59,22.71,3806700,,
2018-07-10,22.68,23.13,22.68,23.01,4119900,,
2018-07-11,22.98,23.10,22.79,22.87,2321300,,
2018-07-12,22.84,23.24,22.70,23.19,2422100,,
2018-07-13,23.11,23.45,23.01,23.44,2506200,,
2018-07-16,23.43,23.76,23.38,23.71,2937800,,
2018-07-17,23.74,24.01,23.51,23.59,2562500,,
2018-07-18,23.64,23.79,23.49,23.55,2991300,,
2018-07-19,23.51,23.63,23.04,23.23,3197200,,
2018-07-20,23.17,23.42,22.90,23.18,2537600,,
2018-07-23,23.30,23.41,22.83,22.89,2341900,,
2018-07-24,22.84,22.85,22.28,22.45,3485500,,
2018-07-25,22.52,22.72,22.19,22.31,2846900,,
2018-07-26,22.33,22.78,22.30,22.55,2166000,,
2018-07-27,22.59,22.68,22.33,22.35,1993700,,
2018-07-30,22.41,22.44,22.08,22.17,1528100,,
2018-07-31,22.21,22.67,22.14,22.60,3363900,,
2018-08-01,22.58,22.77,22.36,22.72,2706600,,
2018-08-02,22.59,22.75,22.30,22.56,3094200,,
2018-08-03,22.56,22.86,22.46,22.62,3921900,,
2018-08-06,22.65,23.75,22.63,23.20,5380900,,
2018-08-07,23.13,23.68,22.79,23.47,4320000,,
2018-08-08,23.31,23.42,23.17,23.33,3454200,,
2018-08-09,23.31,23.59,23.27,23.36,3569300,,
2018-08-10,23.23,23.43,22.62,22.78,5373600,,
2018-08-13,22.71,22.79,21.85,22.10,8113400,,
2018-08-14,22.37,22.45,22.18,22.41,4114500,,
2018-08-15,22.49,22.54,21.96,22.06,6609800,,
2018-08-16,22.10,22.60,22.04,22.45,5167200,,
2018-08-17,22.42,22.75,22.32,22.42,3329800,,
2018-08-20,22.42,22.62,22.31,22.51,2224200,,
2018-08-21,22.55,22.63,22.32,22.33,2053000,,
2018-08-22,22.39,22.60,22.33,22.50,3217100,,
2018-08-23,22.50,22.76,22.46,22.48,3149800,,
2018-08-24,22.58,22.78,22.49,22.66,2519100,,
2018-08-27,22.71,23.18,22.71,22.79,2964300,,
2018-08-28,22.81,23.05,22.79,22.90,3041400,,
2018-08-29,22.99,23.32,22.66,22.98,4622800,,
2018-08-30,22.93,23.76,22.93,23.40,5071500,,
2018-08-31,23.32,23.58,23.32,23.54,3541100,,
2018-09-04,23.48,23.57,23.15,23.21,4398800,,
2018-09-05,23.21,23.26,22.72,22.99,3610400,,
2018-09-06,22.91,23.11,22.41,22.46,3974000,,
2018-09-07,22.34,22.54,22.18,22.50,2871000,,
2018-09-10,22.61,23.04,22.53,22.90,2600100,,
2018-09-11,22.82,23.21,22.76,22.98,3520300,,
2018-09-12,22.96,23.34,22.95,23.25,3761600,,
2018-09-13,23.32,23.49,23.13,23.35,2445000,,
2018-09-14,23.27,23.61,23.27,23.35,3375300,,
2018-09-17,23.27,23.62,22.95,23.03,3389100,,
2018-09-18,23.02,23.43,23.00,23.27,4486600,,
2018-09-19,23.34,23.55,23.02,23.06,4876400,,
2018-09-20,23.22,23.61,23.17,23.42,3276000,,
2018-09-21,23.40,23.98,23.37,23.84,9448800,,
2018-09-24,23.79,24.02,23.68,23.87,2797500,,
2018-09-25,23.65,23.94,23.25,23.55,3803800,,
2018-09-26,23.65,24.02,23.54,23.74,4466200,,
2018-09-27,23.82,24.25,23.69,24.18,3433400,,
2018-09-28,24.18,25.22,24.18,24.88,8265600,,
2018-10-01,24.92,25.26,24.78,25.26,4817700,,
2018-10-02,25.36,26.29,25.28,25.45,12196700,,
2018-10-03,25.42,26.02,25.32,25.42,6891400,,
2018-10-04,25.35,25.52,25.07,25.25,4223100,,
2018-10-05,25.35,25.64,25.18,25.62,4186200,,
2018-10-08,25.59,25.82,25.26,25.43,3751900,,
2018-10-09,25.40,25.59,24.95,25.31,5025700,,
2018-10-10,25.17,25.49,24.89,24.90,4841900,,
2018-10-11,24.90,24.94,24.15,24.21,5257700,,
2018-10-12,24.46,24.61,23.80,24.22,5217800,,
2018-10-15,24.21,24.44,23.78,23.83,6142600,,
2018-10-16,23.94,24.36,23.72,23.99,6074400,,
2018-10-17,24.02,24.04,23.13,23.39,5479700,,
2018-10-18,23.24,23.30,22.80,22.86,5397400,,
2018-10-19,22.87,23.19,22.63,22.65,3817300,,
2018-10-22,22.67,23.20,22.39,23.01,8097200,,
2018-10-23,22.78,22.80,21.82,22.50,8845700,,
2018-10-24,22.57,22.64,22.05,22.14,3283500,,
2018-10-25,22.30,22.57,22.22,22.26,4280200,,
2018-10-26,22.17,22.35,21.76,22.11,4335900,,
2018-10-29,22.24,22.40,21.63,21.81,4170900,,
2018-10-30,21.80,22.07,21.56,21.89,3713900,,
2018-10-31,22.01,22.77,22.01,22.63,5737500,,
2018-11-01,22.61,23.15,22.36,23.10,4285800,,
2018-11-02,24.00,24.84,23.75,24.39,14068000,,
2018-11-05,24.47,25.01,24.47,24.97,6764400,,
2018-11-06,24.81,25.21,24.23,24.48,4607300,,
2018-11-07,24.57,24.85,24.44,24.71,4831900,,
2018-11-08,24.62,24.88,23.99,24.25,3636200,,
2018-11-09,24.01,24.42,23.93,24.08,4188700,,
2018-11-12,24.08,24.77,23.97,24.61,3833400,,
2018-11-13,24.75,24.94,24.23,24.32,2708800,,
2018-11-14,24.29,24.45,23.65,23.85,3392100,,
2018-11-15,23.73,23.83,23.02,23.29,3855800,,
2018-11-16,23.50,23.80,23.30,23.67,5241900,,
2018-11-19,23.64,23.98,23.48,23.55,6656300,,
2018-11-20,23.39,23.41,22.02,22.37,10882000,,
2018-11-21,22.54,23.26,22.54,22.80,5246200,,
2018-11-23,22.73,23.01,22.69,22.86,1640200,,
2018-11-26,22.98,23.35,22.91,23.19,4428100,,
2018-11-27,23.20,23.28,22.87,22.92,2747300,,
2018-11-28,23.04,23.51,23.01,23.35,4785700,,
2018-11-29,23.35,23.52,22.97,23.20,4539300,,
2018-11-30,23.22,23.61,23.18,23.48,6242700,,
2018-12-03,23.71,23.95,23.59,23.78,5523900,,
2018-12-04,23.80,24.12,23.48,23.48,4473400,,
2018-12-06,23.30,24.22,22.90,24.09,9417400,,
2018-12-07,24.19,24.36,23.87,23.95,5018600,,
2018-12-10,23.65,23.96,23.40,23.65,4263700,,
2018-12-11,23.84,24.25,23.61,23.92,5070900,,
2018-12-12,24.18,24.80,24.01,24.42,7325900,,
2018-12-13,24.44,25.09,24.41,24.84,5780200,,
2018-12-14,24.62,25.09,24.56,24.71,4239300,,
2018-12-17,24.72,24.80,23.79,23.89,6226800,,
2018-12-18,24.01,24.45,23.27,23.36,5057200,,
2018-12-19,23.39,23.70,23.01,23.16,4556000,,
2018-12-20,23.08,23.14,22.00,22.25,7677400,,
2018-12-21,22.31,22.47,21.34,21.43,7803500,,
2018-12-24,21.29,21.49,20.84,21.19,2728400,,
2018-12-26,21.23,22.26,21.03,22.20,6044000,,
2018-12-27,21.97,22.32,21.49,22.31,3088500,,
2018-12-28,22.34,22.60,22.10,22.30,2659600,,
2018-12-31,22.41,22.93,22.36,22.89,2697800,,
2019-01-02,22.51,23.10,22.27,22.38,3952300,,
2019-01-03,22.36,22.66,22.02,22.17,2940800,,
2019-01-04,22.31,23.13,22.31,23.07,3017400,,
2019-01-07,23.12,23.89,23.07,23.46,5250900,,
2019-01-08,23.51,23.86,23.31,23.47,3681700,,
2019-01-09,23.45,23.57,23.21,23.31,3416900,,
2019-01-10,23.26,24.12,23.26,24.11,4586800,,
2019-01-11,24.09,24.09,23.49,23.79,3299300,,
2019-01-14,23.64,23.83,23.31,23.55,4236800,,
2019-01-15,23.43,24.02,23.43,23.73,3058600,,
2019-01-16,23.71,24.34,23.66,24.25,3899200,,
2019-01-17,24.26,24.79,24.20,24.61,3331700,,
2019-01-18,24.70,24.85,24.11,24.20,3435600,,
2019-01-22,24.34,24.45,24.00,24.28,3867000,,
2019-01-23,24.38,24.93,24.38,24.76,4387800,,
2019-01-24,24.75,24.89,24.45,24.64,3841900,,
2019-01-25,24.65,24.84,24.51,24.65,3375700,,
2019-01-28,24.48,24.72,24.38,24.41,3821300,,
2019-01-29,24.40,24.85,24.40,24.64,2159800,,
2019-01-30,24.75,25.05,24.68,24.92,2272500,,
2019-01-31,24.86,25.36,24.75,25.11,3321200,,
2019-02-01,25.10,25.46,25.04,25.07,3218000,,
2019-02-04,25.10,25.53,24.93,25.40,3418400,,
2019-02-05,25.54,25.63,25.13,25.20,2689400,,
2019-02-06,25.16,25.45,25.09,25.26,2268100,,
2019-02-07,25.25,25.61,25.17,25.53,2210100,,
2019-02-08,25.49,25.94,25.48,25.93,3836100,,
2019-02-11,26.00,26.17,25.89,26.11,2210800,,
2019-02-12,26.25,26.61,26.20,26.29,3827600,,
2019-02-13,26.27,26.55,26.02,26.13,3822500,,
2019-02-14,26.14,26.44,26.07,26.31,2292600,,
2019-02-15,26.43,26.55,26.24,26.51,3044200,,
2019-02-19,26.47,26.71,26.40,26.59,3671800,,
2019-02-20,26.55,26.78,26.43,26.64,3886400,,
2019-02-21,26.51,26.86,26.43,26.76,2699600,,
2019-02-22,26.77,27.01,26.72,26.89,2100600,,
2019-02-25,26.89,26.91,26.40,26.56,2567300,,
2019-02-26,26.61,26.61,26.16,26.28,4181600,,
2019-02-27,26.28,26.43,26.05,26.15,3589200,,
2019-02-28,25.98,26.50,25.62,26.04,4580200,,
2019-03-01,26.17,26.62,26.00,26.55,3233900,,
2019-03-04,26.68,26.75,25.04,25.43,7132300,,
2019-03-05,25.34,25.70,24.97,25.48,5089800,,
2019-03-06,25.43,25.53,25.13,25.23,4467900,,
2019-03-07,25.31,25.44,24.84,24.94,3579100,,
2019-03-08,24.76,25.14,24.57,25.13,3973000,,
2019-03-11,25.16,25.33,25.05,25.25,3277400,,
2019-03-12,25.32,25.92,25.15,25.88,4597900,,
2019-03-13,25.96,26.41,25.93,26.02,5225600,,
2019-03-14,25.87,25.87,25.50,25.55,2368000,0.125,
2019-03-15,25.55,25.86,25.31,25.59,3760700,,
2019-03-18,25.58,25.79,25.52,25.79,2922700,,
2019-03-19,25.81,25.97,25.50,25.58,2720900,,
2019-03-20,25.61,25.92,25.56,25.60,4261900,,
2019-03-21,25.63,26.25,25.63,26.14,2994500,,
2019-03-22,26.25,26.36,25.94,25.98,3882300,,
2019-03-25,26.08,26.35,25.79,26.09,4295800,,
2019-03-26,26.22,26.30,25.85,25.96,3703400,,
2019-03-27,26.02,26.10,25.66,25.90,5556500,,
2019-03-28,25.95,26.07,25.68,25.80,4626300,,
2019-03-29,25.72,26.20,25.72,26.03,4165800,,
2019-04-01,26.15,26.39,25.84,26.03,2725300,,
2019-04-02,26.07,26.34,25.91,26.32,2903700,,
2019-04-03,26.34,26.61,26.15,26.19,3727000,,
2019-04-04,26.14,26.21,25.84,26.05,3376600,,
2019-04-05,26.12,26.15,25.77,25.94,3946000,,
2019-04-08,25.90,25.92,25.60,25.76,3864600,,
2019-04-09,25.77,25.80,25.31,25.49,4313100,,
2019-04-10,25.53,26.06,25.46,25.90,3990200,,
2019-04-11,25.97,26.16,25.90,26.04,3489700,,
2019-04-12,26.11,26.15,25.92,26.10,3590200,,
2019-04-15,26.13,26.36,25.89,25.99,2842700,,
2019-04-16,25.98,26.26,25.95,25.98,3230800,,
2019-04-17,26.05,26.21,25.49,25.67,3477200,,
2019-04-18,25.79,26.16,25.73,26.01,3179200,,
2019-04-22,25.99,26.33,25.99,26.20,3166900,,
2019-04-23,26.26,26.57,26.21,26.42,2535000,,
2019-04-24,26.45,26.70,26.33,26.59,2735200,,
2019-04-25,26.61,27.00,26.43,26.80,3315700,,
2019-04-26,26.92,27.10,26.87,27.02,3630800,,
2019-04-29,27.07,27.15,26.90,27.05,2567200,,
2019-04-30,27.02,27.27,26.93,27.25,6184100,,
2019-05-01,27.23,27.46,27.11,27.25,3825500,,
2019-05-02,27.11,27.48,27.07,27.25,4376300,,
2019-05-03,27.56,27.86,26.59,26.66,5232500,,
2019-05-06,26.83,26.85,26.07,26.31,5325500,,
2019-05-07,26.10,26.57,26.07,26.15,5209900,,
2019-05-08,25.90,26.02,24.60,25.19,10494100,,
2019-05-09,24.95,25.04,24.52,24.85,5930200,,
2019-05-10,24.92,25.01,24.57,24.83,4873900,,
2019-05-13,24.45,24.49,24.03,24.47,5866300,,
2019-05-14,24.55,25.01,24.50,24.57,5193500,,
2019-05-15,24.54,24.81,24.28,24.50,3506800,,
2019-05-16,24.48,24.88,24.43,24.66,3576600,,
2019-05-17,24.45,24.99,24.42,24.81,5581100,,
2019-05-20,24.75,25.31,24.69,25.06,4867300,,
2019-05-21,25.13,25.98,25.13,25.75,8589500,,
2019-05-22,25.64,25.75,25.28,25.45,3870800,,
2019-05-23,25.31,25.33,24.59,24.80,4289000,,
2019-05-24,24.83,24.92,24.48,24.48,3022300,,
2019-05-28,24.57,24.89,24.30,24.59,5944700,,
2019-05-29,24.58,24.65,23.75,24.02,5216100,,
2019-05-30,23.98,24.12,22.96,23.42,6915600,,
2019-05-31,23.23,23.86,23.19,23.56,7731200,,
2019-06-03,23.62,23.89,23.53,23.76,3868100,,
2019-06-04,24.12,24.31,23.52,24.27,5738800,,
2019-06-05,24.37,24.69,24.10,24.61,3995100,,
2019-06-06,24.71,25.14,24.41,24.62,2783900,,
2019-06-07,24.72,24.81,24.29,24.31,4268600,,
2019-06-10,24.30,24.48,24.04,24.11,2852300,,
2019-06-11,24.12,24.59,24.04,24.57,2895400,,
2019-06-12,24.62,24.70,24.04,24.22,3577100,,
2019-06-13,24.14,24.34,23.75,23.86,3474800,0.125,
2019-06-14,23.86,23.90,23.55,23.77,2875100,,
2019-06-17,23.74,23.75,23.16,23.26,6941800,,
2019-06-18,23.44,23.72,23.36,23.60,4431900,,
2019-06-19,23.60,23.92,23.59,23.82,3856000,,
2019-06-20,24.11,24.25,23.90,24.19,3043400,,
2019-06-21,24.21,24.32,23.75,24.10,11378100,,
2019-06-24,24.20,24.23,23.77,23.89,4640000,,
2019-06-25,23.90,23.91,23.29,23.37,5542400,,
2019-06-26,23.33,23.47,22.20,22.26,9892000,,
2019-06-27,22.26,22.37,21.89,22.24,9463400,,
2019-06-28,22.30,22.66,22.29,22.64,8405600,,
2019-07-01,22.71,22.85,22.43,22.76,4171100,,
2019-07-02,22.79,22.84,22.43,22.62,4029900,,
2019-07-03,22.69,22.89,22.52,22.54,6179900,,
2019-07-05,22.46,22.84,22.39,22.54,3071800,,
2019-07-08,22.41,22.56,22.17,22.43,4829400,,
2019-07-09,22.39,22.56,22.26,22.42,3373000,,
2019-07-10,22.44,22.75,22.39,22.43,3610700,,
2019-07-11,22.44,22.46,22.16,22.39,5320800,,
2019-07-12,22.47,22.72,22.22,22.58,2316000,,
2019-07-15,22.60,22.64,22.35,22.55,2719200,,
2019-07-16,22.45,22.64,21.86,21.97,4410100,,
2019-07-17,21.95,22.37,21.95,22.22,3056700,,
2019-07-18,22.17,22.28,21.84,22.11,2598000,,
2019-07-19,22.14,22.27,21.83,21.83,2978900,,
2019-07-22,21.84,21.86,21.58,21.61,2981300,,
2019-07-23,21.67,21.68,21.36,21.43,2451400,,
2019-07-24,21.41,21.64,21.32,21.56,1959100,,
2019-07-25,21.46,22.07,21.44,21.92,2949900,,
2019-07-26,21.95,22.06,21.65,21.75,1956000,,
2019-07-29,21.77,21.93,21.53,21.77,3175100,,
2019-07-30,21.68,21.90,21.60,21.87,2870400,,
2019-07-31,21.85,21.96,21.43,21.46,5401600,,
2019-08-01,21.45,21.80,21.35,21.55,3266500,,
2019-08-02,21.75,22.36,21.35,22.04,4687400,,
2019-08-05,21.84,21.95,21.51,21.72,5243000,,
2019-08-06,21.75,22.32,21.63,22.28,5022400,,
2019-08-07,22.23,22.61,22.06,22.06,6233800,,
2019-08-08,22.09,22.83,22.05,22.75,4783200,,
2019-08-09,22.70,22.77,22.13,22.13,3182400,,
2019-08-12,22.03,22.11,21.75,22.10,1880900,,
2019-08-13,22.05,22.74,22.00,22.59,4371500,,
2019-08-14,22.53,22.87,22.22,22.29,8127100,,
2019-08-15,22.40,22.74,22.25,22.61,5829700,,
2019-08-16,22.70,23.74,22.70,23.69,5835000,,
2019-08-19,23.99,23.99,23.45,23.69,5318100,,
2019-08-20,23.61,23.83,23.29,23.79,7207500,,
2019-08-21,23.94,24.19,23.76,24.11,6583200,,
2019-08-22,24.12,24.41,24.05,24.14,4263000,,
2019-08-23,24.22,24.40,23.90,23.98,5871000,,
2019-08-26,24.10,24.27,23.95,24.26,3064000,,
2019-08-27,24.35,24.59,23.95,23.99,4009600,,
2019-08-28,24.00,24.05,23.93,24.04,2858900,,
2019-08-29,24.20,24.44,24.18,24.40,4064700,,
2019-08-30,24.50,25.02,24.50,24.95,3064800,,
2019-09-03,24.90,25.11,24.79,25.07,4526500,,
2019-09-04,25.30,25.46,25.02,25.22,3647800,,
2019-09-05,25.22,25.72,25.11,25.68,3816200,,
2019-09-06,25.75,25.88,25.40,25.53,4901800,,
2019-09-09,25.52,25.67,25.38,25.55,5314100,,
2019-09-10,25.63,26.12,25.59,25.62,6054100,,
2019-09-11,25.63,26.10,25.59,25.97,9105700,,
2019-09-12,26.01,26.48,25.98,26.27,3636600,,
2019-09-13,26.00,26.28,25.84,26.25,3741800,0.125,
2019-09-16,26.26,26.68,26.12,26.56,4657500,,
2019-09-17,26.59,26.95,26.56,26.66,7206700,,
2019-09-18,26.71,26.83,26.48,26.75,6021000,,
2019-09-19,26.85,26.92,26.58,26.68,4201100,,
2019-09-20,26.80,27.19,26.66,27.14,9024200,,
2019-09-23,27.08,27.23,26.93,26.96,4127200,,
2019-09-24,27.02,27.21,26.71,26.98,4222900,,
2019-09-25,26.91,27.21,26.74,27.15,3781200,,
2019-09-26,27.15,27.16,26.76,26.88,3351900,,
2019-09-27,26.94,26.97,26.55,26.74,3232400,,
2019-09-30,26.62,26.88,26.59,26.73,4049400,,
2019-10-01,26.71,26.87,26.47,26.50,2711000,,
2019-10-02,26.39,26.46,26.12,26.12,5042500,,
2019-10-03,26.16,26.30,26.02,26.23,3152900,,
2019-10-04,26.34,26.93,26.17,26.93,2798200,,
2019-10-07,26.93,27.22,26.81,27.00,4198200,,
2019-10-08,26.94,27.48,26.82,27.14,4395500,,
2019-10-09,27.18,27.32,26.94,27.07,3013700,,
2019-10-10,27.05,27.05,26.75,26.92,3639100,,
2019-10-11,27.03,27.41,26.93,27.09,3626200,,
2019-10-14,27.23,27.23,26.91,26.97,2106400,,
2019-10-15,27.00,27.15,26.80,26.90,3470900,,
2019-10-16,26.84,26.94,26.54,26.66,2974300,,
2019-10-17,26.76,26.93,26.64,26.84,2899100,,
2019-10-18,26.84,26.95,26.57,26.79,4131700,,
2019-10-21,26.95,27.22,26.95,27.05,3258200,,
2019-10-22,27.12,27.20,26.94,27.10,2334500,,
2019-10-23,27.06,27.16,26.88,27.04,2594800,,
2019-10-24,27.17,27.17,26.85,26.99,2787000,,
2019-10-25,26.95,27.15,26.92,27.10,3156500,,
2019-10-28,27.14,27.23,26.98,26.99,2671700,,
2019-10-29,26.86,27.18,26.79,27.03,4210100,,
2019-10-30,27.08,27.29,26.83,27.25,4523800,,
2019-10-31,27.20,27.42,26.98,27.03,3552900,,
2019-11-01,27.09,27.28,26.95,27.17,3485700,,
2019-11-04,27.13,27.52,27.07,27.37,4911800,,
2019-11-05,27.56,27.96,26.32,26.36,5592900,,
2019-11-06,26.44,26.58,25.65,25.75,4139700,,
2019-11-07,26.23,26.73,25.82,26.21,5206900,,
2019-11-08,26.21,26.29,25.89,26.00,3823000,,
2019-11-11,26.04,26.22,26.01,26.09,3014700,,
2019-11-12,26.01,26.48,26.01,26.30,3348800,,
2019-11-13,26.29,26.29,25.98,26.00,3509000,,
2019-11-14,26.06,26.53,25.84,26.34,10555700,,
2019-11-15,26.39,26.51,26.12,26.20,7102000,,
2019-11-18,26.28,26.78,26.25,26.68,6045000,,
2019-11-19,26.72,26.72,26.20,26.44,4163900,,
2019-11-20,26.36,26.69,26.36,26.69,4800800,,
2019-11-21,26.72,26.80,26.27,26.44,3049600,,
2019-11-22,26.43,26.69,26.30,26.53,2878300,,
2019-11-25,26.50,26.70,26.17,26.27,2721100,,
2019-11-26,26.31,26.31,26.00,26.17,3042500,,
2019-11-27,26.28,26.51,26.14,26.48,1759300,,
2019-11-29,26.43,26.68,26.27,26.53,1477800,,
2019-12-02,26.52,26.69,26.44,26.46,3318000,,
2019-12-03,26.43,26.51,26.09,26.41,2968000,,
2019-12-04,25.73,25.73,24.95,25.11,15051700,,
2019-12-05,25.21,25.30,24.33,24.45,7182300,,
2019-12-06,24.48,24.59,24.01,24.09,7784500,,
2019-12-09,24.17,24.27,23.57,23.67,7410700,,
2019-12-10,23.90,24.06,23.43,23.84,7237800,,
2019-12-11,23.78,24.11,23.78,23.90,3455300,,
2019-12-12,24.00,24.23,23.92,24.05,3563300,,
2019-12-13,24.00,24.10,23.66,23.71,3242500,0.125,
2019-12-16,23.68,24.30,23.66,24.24,6451200,,
2019-12-17,24.39,24.41,23.83,23.94,5751700,,
2019-12-18,23.90,24.19,23.74,23.88,5735300,,
2019-12-19,23.89,24.52,23.88,24.23,7397400,,
2019-12-20,24.28,24.60,23.94,24.01,13691800,,
2019-12-23,24.07,24.08,23.55,23.65,4751000,,
2019-12-24,23.68,23.71,23.44,23.49,1177000,,
2019-12-26,23.55,23.58,22.97,23.03,3350000,,
2019-12-27,23.00,23.09,22.64,22.82,4282600,,
2019-12-30,22.72,23.02,22.68,22.82,3846800,,
2019-12-31,22.74,23.05,22.72,22.99,3475900,,
2020-01-02,23.08,23.08,22.62,22.84,3934900,,
2020-01-03,22.72,23.13,22.72,23.08,3768200,,
2020-01-06,23.04,23.14,22.61,22.69,4901400,,
2020-01-07,22.61,22.88,22.54,22.83,4697800,,
2020-01-08,22.79,23.21,22.70,23.13,5776900,,
2020-01-09,23.15,23.22,22.83,22.86,3955900,,
2020-01-10,22.86,23.07,22.66,22.76,4132500,,
2020-01-13,22.72,22.86,22.50,22.53,5545700,,
2020-01-14,22.51,22.74,22.48,22.67,3805800,,
2020-01-15,22.60,23.01,22.60,22.73,4738600,,
2020-01-16,22.81,23.43,22.81,23.20,6538100,,
2020-01-17,23.26,23.36,22.93,22.94,3208700,,
2020-01-21,22.93,22.99,22.70,22.71,3703100,,
2020-01-22,22.83,23.02,22.69,22.74,2727500,,
2020-01-23,22.77,23.01,22.63,22.96,3577200,,
2020-01-24,22.88,22.93,22.06,22.17,3768600,,
2020-01-27,22.01,22.09,21.65,21.65,3040000,,
2020-01-28,21.71,21.79,21.54,21.54,2610400,,
2020-01-29,21.51,22.22,21.36,22.13,5300400,,
2020-01-30,22.16,22.45,21.82,22.41,4797800,,
2020-01-31,22.30,22.60,22.22,22.52,5032700,,
2020-02-03,22.53,22.75,22.37,22.57,3294300,,
2020-02-04,22.68,22.83,22.04,22.04,3919600,,
2020-02-05,22.07,22.50,21.85,21.93,4304300,,
2020-02-06,21.96,22.01,21.72,21.72,3945300,,
2020-02-07,21.74,22.36,21.74,22.30,4736800,,
2020-02-10,22.30,22.38,22.07,22.27,2971400,,
2020-02-11,22.37,23.44,22.33,22.98,9173400,,
2020-02-12,22.83,23.20,22.83,22.93,5164400,,
2020-02-13,22.93,23.09,22.86,23.07,1847200,,
2020-02-14,23.13,23.30,23.06,23.29,3262100,,
2020-02-18,23.38,23.60,23.16,23.36,4229100,,
2020-02-19,23.40,23.45,22.68,22.69,3211100,,
2020-02-20,22.71,22.96,22.59,22.91,3439100,,
2020-02-21,22.87,23.46,22.79,23.43,4101600,,
2020-02-24,23.18,23.19,22.62,22.98,3824400,,
2020-02-25,23.04,23.28,22.13,22.14,6927000,,
2020-02-26,22.32,22.62,21.67,21.68,6505700,,
2020-02-27,21.58,21.60,20.46,20.59,7335100,,
2020-02-28,20.43,20.43,18.75,19.23,12553900,,
2020-03-02,19.30,20.23,18.94,20.14,8020800,,
2020-03-03,20.25,21.03,20.10,20.25,5850400,,
2020-03-04,20.52,21.08,20.42,21.05,5557900,,
2020-03-05,20.88,21.00,20.38,20.64,4195700,,
2020-03-06,19.91,20.83,19.84,20.53,3905500,,
2020-03-09,19.04,19.32,18.04,18.43,7633800,,
2020-03-10,18.97,19.38,17.89,19.34,5197100,,
2020-03-11,18.76,18.94,17.27,17.79,9774300,,
2020-03-12,16.36,16.75,14.27,14.55,9958400,,
2020-03-13,15.41,15.91,14.51,15.49,8778900,,
2020-03-16,14.26,15.47,13.50,13.69,6744100,0.135,
2020-03-17,14.07,14.38,12.66,12.89,5373900,,
2020-03-18,11.95,13.04,11.30,12.60,8804100,,
2020-03-19,12.43,14.44,12.34,14.22,7457700,,
2020-03-20,14.60,14.73,13.82,14.08,11443200,,
2020-03-23,14.03,14.12,12.71,12.92,9830700,,
2020-03-24,13.73,15.02,13.68,14.61,6688200,,
2020-03-25,14.57,15.53,13.86,14.69,6976600,,
2020-03-26,14.84,16.20,14.26,15.79,7048600,,
2020-03-27,15.21,16.71,14.72,16.39,6820300,,
2020-03-30,16.49,16.63,15.46,16.06,4086300,,
2020-03-31,15.83,16.26,15.60,15.96,5448300,,
2020-04-01,15.27,15.46,15.04,15.33,4538300,,
2020-04-02,15.16,16.03,15.09,15.98,6455400,,
2020-04-03,15.85,16.15,15.60,15.83,7313300,,
2020-04-06,16.49,16.82,15.73,16.02,6454300,,
2020-04-07,16.60,16.97,16.26,16.30,4790600,,
2020-04-08,16.40,17.53,16.31,17.46,2937600,,
2020-04-09,17.78,18.69,17.41,17.79,3392700,,
2020-04-13,17.69,17.74,16.47,17.14,2806900,,
2020-04-14,17.46,17.71,16.97,17.42,4031900,,
2020-04-15,16.87,16.97,15.97,16.19,5434600,,
2020-04-16,16.27,16.32,15.77,16.10,5722500,,
2020-04-17,16.50,17.63,16.41,17.54,4376100,,
2020-04-20,17.22,17.59,16.68,16.89,5457200,,
2020-04-21,16.53,17.07,16.36,17.02,4577500,,
2020-04-22,17.39,17.73,17.07,17.64,2847300,,
2020-04-23,17.75,17.77,17.37,17.50,2386400,,
2020-04-24,17.52,18.23,17.46,18.04,1728400,,
2020-04-27,18.39,19.07,18.13,18.95,3005900,,
2020-04-28,19.33,19.94,19.07,19.21,3901500,,
2020-04-29,19.79,20.20,19.47,19.75,5214900,,
2020-04-30,19.55,19.69,19.08,19.54,3620100,,
2020-05-01,19.16,19.52,18.85,19.35,3537300,,
2020-05-04,19.15,19.25,18.65,18.97,3783000,,
2020-05-05,20.68,20.68,18.68,18.72,5490000,,
2020-05-06,18.76,18.87,18.04,18.23,3254600,,
2020-05-07,18.42,18.54,17.88,17.95,4784200,,
2020-05-08,18.23,19.11,18.09,18.90,2832400,,
2020-05-11,18.72,18.72,18.14,18.32,3006500,,
2020-05-12,18.27,18.50,18.03,18.10,2913000,,
2020-05-13,18.01,18.25,17.50,17.82,4922700,,
2020-05-14,17.71,18.75,17.61,18.71,3079300,,
2020-05-15,18.49,18.85,18.37,18.57,3130400,,
2020-05-18,19.22,20.03,19.22,19.92,4311500,,
2020-05-19,19.84,20.02,19.53,19.53,2721200,,
2020-05-20,19.80,20.59,19.79,19.99,4293300,,
2020-05-21,19.85,20.02,19.57,19.60,3201000,,
2020-05-22,19.54,19.84,19.31,19.81,1969800,,
2020-05-26,20.44,20.48,19.60,19.72,5272100,,
2020-05-27,20.05,20.12,19.57,20.12,3483300,,
2020-05-28,20.30,20.93,20.12,20.81,4085700,,
2020-05-29,20.76,20.94,20.14,20.44,7388300,,
2020-06-01,20.34,21.02,20.34,20.94,3143100,,
2020-06-02,21.04,21.27,20.52,20.63,4414300,,
2020-06-03,20.84,20.93,20.48,20.81,3232900,,
2020-06-04,20.74,20.84,19.94,20.28,3989000,,
2020-06-05,20.82,21.39,20.65,20.87,4149700,,
2020-06-08,21.21,22.02,21.00,22.00,6988700,,
2020-06-09,21.99,21.99,21.01,21.17,4255300,,
2020-06-10,21.16,21.43,20.54,21.22,4236300,,
2020-06-11,20.59,20.62,19.50,19.75,3259000,,
2020-06-12,20.31,20.56,19.73,20.20,4000200,,
2020-06-15,19.59,20.16,19.30,19.87,2978600,0.135,
2020-06-16,20.46,21.00,20.22,20.49,4619900,,
2020-06-17,20.53,20.71,20.02,20.28,4986000,,
2020-06-18,20.08,20.43,20.02,20.29,4704000,,
2020-06-19,20.57,20.63,19.80,19.83,7364100,,
2020-06-22,19.80,19.84,19.29,19.65,4792400,,
2020-06-23,19.72,19.75,18.75,18.89,5692300,,
2020-06-24,18.67,18.88,18.42,18.61,4048000,,
2020-06-25,18.58,18.90,18.38,18.87,3236600,,
2020-06-26,18.73,18.80,17.82,18.13,8666900,,
2020-06-29,18.30,18.76,17.98,18.74,3304200,,
2020-06-30,18.60,18.72,18.32,18.62,4131000,,
2020-07-01,18.62,19.25,18.54,19.14,4010500,,
2020-07-02,19.39,19.47,18.94,19.04,3236600,,
2020-07-06,19.34,19.53,19.05,19.28,2175500,,
2020-07-07,19.11,19.11,18.89,18.98,2666100,,
2020-07-08,19.06,19.67,18.94,19.56,2757600,,
2020-07-09,19.44,19.44,18.71,19.00,2586200,,
2020-07-10,19.00,19.22,18.83,18.87,3963700,,
2020-07-13,18.96,19.49,18.85,19.11,3541000,,
2020-07-14,19.02,19.38,18.95,19.19,2102300,,
2020-07-15,19.39,19.57,19.17,19.30,2404100,,
2020-07-16,19.21,19.62,19.18,19.40,3494100,,
2020-07-17,19.41,19.70,19.41,19.62,1621100,,
2020-07-20,19.53,19.62,18.95,19.10,4465300,,
2020-07-21,19.18,19.62,19.15,19.24,2580800,,
2020-07-22,19.12,19.62,18.91,19.52,4874500,,
2020-07-23,19.46,19.62,19.07,19.16,5564100,,
2020-07-24,19.19,19.48,18.68,18.88,4421700,,
2020-07-27,18.88,18.88,18.00,18.20,5009000,,
2020-07-28,18.26,18.75,18.19,18.44,3488900,,
2020-07-29,18.48,18.91,18.44,18.87,2509700,,
2020-07-30,18.64,18.86,18.23,18.80,1884800,,
2020-07-31,18.79,18.86,18.43,18.66,2507800,,
2020-08-03,18.63,18.80,18.29,18.76,2381700,,
2020-08-04,18.73,19.23,18.69,18.76,4558000,,
2020-08-05,19.00,19.39,18.09,18.26,4892800,,
2020-08-06,18.13,18.96,18.13,18.83,2813900,,
2020-08-07,18.73,19.14,18.48,18.90,3991100,,
2020-08-10,18.93,19.27,18.81,19.20,2421600,,
2020-08-11,19.38,19.66,18.85,18.89,2335400,,
2020-08-12,19.08,19.44,19.02,19.34,2371800,,
2020-08-13,19.27,19.33,18.99,19.11,1064100,,
2020-08-14,18.93,19.20,18.80,19.05,1316300,,
2020-08-17,19.13,19.40,18.99,19.35,2235600,,
2020-08-18,19.40,20.40,19.35,20.14,6428000,,
2020-08-19,20.21,20.21,19.69,19.73,2396500,,
2020-08-20,19.60,19.75,19.34,19.40,2021100,,
2020-08-21,19.31,19.53,19.05,19.10,3077300,,
2020-08-24,19.16,19.41,18.90,19.30,1748500,,
2020-08-25,19.41,19.50,19.00,19.14,1774400,,
2020-08-26,19.00,19.02,18.48,18.76,2115800,,
2020-08-27,18.83,19.14,18.72,19.10,2436000,,
2020-08-28,19.25,19.32,18.96,19.30,1030500,,
2020-08-31,19.34,19.48,19.19,19.23,2526900,,
2020-09-01,19.11,19.11,18.68,18.76,2036100,,
2020-09-02,18.79,19.43,18.51,19.29,1801400,,
2020-09-03,19.26,19.52,18.66,18.75,2076000,,
2020-09-04,18.77,18.90,18.02,18.23,2352300,,
2020-09-08,18.23,18.40,17.75,17.85,2845400,,
2020-09-09,18.08,18.62,18.06,18.42,2598100,,
2020-09-10,18.38,18.41,18.08,18.09,1860800,,
2020-09-11,18.42,18.51,17.93,18.51,2949400,,
2020-09-14,18.51,18.88,18.25,18.87,2871500,,
2020-09-15,18.76,18.76,18.36,18.42,4239600,0.135,
2020-09-16,18.32,18.83,18.30,18.61,4199100,,
2020-09-17,18.47,18.50,18.11,18.28,4829700,,
2020-09-18,18.25,18.50,18.02,18.11,4210800,,
2020-09-21,17.81,18.09,17.67,17.89,3740600,,
2020-09-22,18.08,18.19,17.68,17.82,4177500,,
2020-09-23,17.89,18.14,17.82,17.96,3876600,,
2020-09-24,17.95,18.11,17.64,17.99,2915800,,
2020-09-25,17.90,18.11,17.76,18.01,2261200,,
2020-09-28,18.16,18.21,17.93,17.97,3745300,,
2020-09-29,18.15,18.86,18.15,18.53,8584100,,
2020-09-30,18.67,18.98,18.33,18.86,7880600,,
2020-10-01,18.94,18.96,17.86,17.89,5387900,,
2020-10-02,17.44,18.04,17.21,17.99,4149100,,
2020-10-05,18.04,18.23,17.79,17.81,5855800,,
2020-10-06,17.85,18.22,17.74,17.95,6051800,,
2020-10-07,18.00,18.04,17.76,17.83,5771000,,
2020-10-08,17.94,18.31,17.90,18.28,5212600,,
2020-10-09,18.36,18.43,17.99,17.99,3355800,,
2020-10-12,17.94,18.18,17.78,18.00,3888500,,
2020-10-13,17.90,18.14,17.69,18.03,5596400,,
2020-10-14,18.10,19.02,18.07,18.76,4168400,,
2020-10-15,18.55,19.07,18.44,18.75,2374100,,
2020-10-16,18.79,19.27,18.66,19.02,2492500,,
2020-10-19,19.09,19.13,18.81,18.81,2184900,,
2020-10-20,18.95,19.20,18.80,18.95,2256400,,
2020-10-21,18.77,19.15,18.71,18.94,2492500,,
2020-10-22,18.99,19.20,18.65,19.06,1943700,,
2020-10-23,19.22,19.37,19.02,19.28,1713800,,
2020-10-26,19.14,19.20,18.75,19.09,1970700,,
2020-10-27,19.00,19.26,18.36,18.44,3817500,,
2020-10-28,18.13,18.22,17.30,17.35,4082000,,
2020-10-29,17.19,17.53,16.91,17.34,3114600,,
2020-10-30,17.31,17.66,17.23,17.37,3819500,,
2020-11-02,17.59,17.91,17.42,17.74,5941700,,
2020-11-03,18.05,18.68,18.03,18.39,4046000,,
2020-11-04,18.60,18.88,18.06,18.34,3310900,,
2020-11-05,18.53,18.98,18.34,18.49,2319500,,
2020-11-06,18.37,18.73,18.24,18.26,2266100,,
2020-11-09,19.01,19.65,18.64,18.91,4571800,,
2020-11-10,18.99,20.20,18.85,20.18,4548300,,
2020-11-11,20.21,20.32,19.41,19.64,3453400,,
2020-11-12,19.71,19.86,18.83,19.03,3940100,,
2020-11-13,19.17,19.84,19.17,19.73,2649500,,
2020-11-16,20.00,20.16,19.57,19.80,2962300,,
2020-11-17,19.60,19.80,19.11,19.33,2616500,,
2020-11-18,19.35,19.49,18.61,18.62,3483800,,
2020-11-19,18.57,18.73,18.18,18.53,2798300,,
2020-11-20,18.45,18.69,18.18,18.20,2012300,,
2020-11-23,18.34,18.67,18.32,18.57,1991300,,
2020-11-24,18.84,19.38,18.60,19.37,3340600,,
2020-11-25,19.37,19.58,19.23,19.47,2248600,,
2020-11-27,19.51,19.65,19.46,19.59,1391500,,
2020-11-30,19.59,19.68,18.58,18.68,4669400,,
2020-12-01,18.75,19.12,18.69,18.78,2870500,,
2020-12-02,18.64,18.89,18.50,18.87,1826400,,
2020-12-03,18.84,18.95,18.61,18.77,2436000,,
2020-12-04,18.89,19.24,18.88,19.15,2387000,,
2020-12-07,19.20,19.20,18.66,18.97,3878300,,
2020-12-08,18.81,18.97,18.52,18.95,3582500,,
2020-12-09,19.00,19.14,18.82,19.01,2899400,,
2020-12-10,19.01,19.07,18.68,18.82,3746500,,
2020-12-11,18.64,18.72,18.21,18.28,4090100,,
2020-12-14,18.51,18.62,17.98,18.14,5038700,,
2020-12-15,18.20,18.52,17.96,18.46,4275100,0.135,
2020-12-16,18.53,18.55,17.91,18.08,3949400,,
2020-12-17,17.98,18.11,17.79,17.93,4985800,,
2020-12-18,17.90,18.08,17.58,17.65,5841600,,
2020-12-21,17.74,17.77,17.39,17.56,5939100,,
2020-12-22,17.77,18.16,17.68,18.13,4624500,,
2020-12-23,18.25,18.57,18.08,18.47,4270100,,
2020-12-24,18.79,18.80,18.48,18.71,1503700,,
2020-12-28,18.80,19.16,18.77,19.12,2379500,,
2020-12-29,19.20,19.33,18.86,18.90,2394700,,
2020-12-30,18.82,19.53,18.80,19.49,3357200,,
2020-12-31,19.56,19.75,19.40,19.66,2653800,,
2021-01-04,19.64,19.73,19.16,19.18,4338400,,
2021-01-05,19.16,20.05,19.13,19.82,4014400,,
2021-01-06,20.01,20.90,20.01,20.29,5533600,,
2021-01-07,20.30,20.61,20.12,20.18,3347200,,
2021-01-08,20.30,21.06,20.28,20.99,4281800,,
2021-01-11,20.74,21.27,20.56,21.17,4897000,,
2021-01-12,21.26,21.72,21.20,21.56,3927400,,
2021-01-13,21.55,21.98,21.46,21.80,3054200,,
2021-01-14,21.87,21.90,21.30,21.33,4129800,,
2021-01-15,21.29,21.69,21.23,21.51,4013300,,
2021-01-19,21.66,21.88,21.51,21.71,3681900,,
2021-01-20,21.71,21.82,21.31,21.42,4582300,,
2021-01-21,21.37,21.46,20.96,21.19,4557000,,
2021-01-22,21.05,21.43,20.79,21.34,3934800,,
2021-01-25,21.23,21.52,20.84,20.85,4918000,,
2021-01-26,20.85,20.94,20.68,20.80,3955200,,
2021-01-27,20.55,20.90,20.18,20.18,5036100,,
2021-01-28,20.16,20.48,19.78,20.18,3319200,,
2021-01-29,20.06,20.48,19.97,19.97,3904200,,
2021-02-01,20.02,20.55,19.92,20.37,3389100,,
2021-02-02,20.57,21.11,20.47,20.82,4558200,,
2021-02-03,20.64,21.73,20.55,21.30,7976200,,
2021-02-04,21.35,21.43,20.86,21.09,4385400,,
2021-02-05,21.26,21.27,20.93,21.05,2866800,,
2021-02-08,21.10,21.37,20.84,21.04,3620900,,
2021-02-09,21.12,21.47,20.98,21.33,2680600,,
2021-02-10,21.53,21.59,21.08,21.45,2079000,,
2021-02-11,21.49,21.63,21.34,21.52,3888000,,
2021-02-12,21.58,21.61,21.21,21.33,2375300,,
2021-02-16,21.99,22.12,21.71,21.91,6371500,,
2021-02-17,22.00,22.30,21.71,22.01,4514400,,
2021-02-18,22.14,23.30,22.02,23.15,9159900,,
2021-02-19,23.24,23.34,22.80,22.91,5536300,,
2021-02-22,23.00,23.23,22.71,23.05,5783800,,
2021-02-23,23.05,23.48,22.45,23.38,6475000,,
2021-02-24,23.56,24.20,23.41,23.83,5513700,,
2021-02-25,23.74,24.01,22.73,22.76,7078900,,
2021-02-26,18.66,19.20,17.11,17.25,29798900,,
2021-03-01,18.01,18.30,17.37,17.41,21195500,,
2021-03-02,17.51,17.51,16.69,16.70,12942800,,
2021-03-03,16.60,16.79,16.20,16.43,12035100,,
2021-03-04,16.65,17.57,16.47,17.49,10713400,,
2021-03-05,17.87,18.09,17.32,17.82,7587200,,
2021-03-08,18.07,19.18,18.04,18.88,7913400,,
2021-03-09,18.90,19.36,18.54,18.65,8209800,,
2021-03-10,18.63,19.57,18.63,19.52,7075900,,
2021-03-11,19.50,19.63,18.30,18.81,8720600,,
2021-03-12,18.86,19.02,18.16,18.40,12757300,,
2021-03-15,18.40,18.64,18.22,18.59,8233700,,
2021-03-16,18.31,18.31,17.92,18.12,6541200,0.15,
2021-03-17,17.01,17.71,17.01,17.29,10168500,,
2021-03-18,17.16,17.30,16.77,16.79,7972800,,
2021-03-19,16.80,17.35,16.64,17.30,8380700,,
2021-03-22,17.16,17.34,16.63,16.70,7602400,,
2021-03-23,16.79,17.09,16.63,16.70,6574200,,
2021-03-24,16.66,17.19,16.60,16.82,6247400,,
2021-03-25,16.88,17.28,16.61,17.05,6400900,,
2021-03-26,17.08,17.18,16.60,16.87,4641400,,
2021-03-29,16.83,17.74,16.77,17.62,6447700,,
2021-03-30,17.61,17.82,17.45,17.81,4370300,,
2021-03-31,17.87,17.94,17.67,17.68,4724100,,
2021-04-01,17.65,17.74,17.35,17.72,3120500,,
2021-04-05,17.90,17.99,17.51,17.68,3738500,,
2021-04-06,17.50,18.00,17.47,17.88,5133700,,
2021-04-07,17.85,17.93,17.60,17.69,3215300,,
2021-04-08,17.73,17.80,17.55,17.60,2668700,,
2021-04-09,17.54,17.65,17.25,17.50,4556300,,
2021-04-12,17.48,17.61,17.12,17.16,4964500,,
2021-04-13,17.15,17.65,17.01,17.55,4713200,,
2021-04-14,17.75,17.82,17.52,17.63,3579900,,
2021-04-15,17.63,17.92,17.63,17.92,3589200,,
2021-04-16,17.96,18.01,17.73,17.80,4379800,,
2021-04-19,18.00,18.02,17.81,17.86,4248300,,
2021-04-20,17.83,18.06,17.71,17.81,4265200,,
2021-04-21,17.75,17.91,17.65,17.76,4484600,,
2021-04-22,17.83,17.99,17.41,17.42,5103500,,
2021-04-23,17.42,17.53,17.23,17.49,3212900,,
2021-04-26,16.83,17.41,16.63,17.05,8312600,,
2021-04-27,17.00,17.06,16.74,16.84,5617800,,
2021-04-28,16.76,16.88,16.72,16.79,5003800,,
2021-04-29,16.89,17.32,16.84,17.06,6223600,,
2021-04-30,16.99,17.08,16.76,16.87,4121100,,
2021-05-03,16.91,17.06,16.80,16.80,3636100,,
2021-05-04,16.86,16.86,16.29,16.29,7868300,,
2021-05-05,16.32,16.40,15.70,16.26,14499100,,
2021-05-06,16.24,16.32,15.52,16.06,9773300,,
2021-05-07,16.06,16.06,15.47,16.05,11042400,,
2021-05-10,16.24,16.45,16.00,16.01,4886200,,
2021-05-11,16.12,16.43,16.02,16.33,7179100,,
2021-05-12,16.34,16.53,15.98,16.00,7436500,,
2021-05-13,16.07,16.35,15.94,16.06,6655500,,
2021-05-14,16.17,16.68,16.16,16.38,4340800,,
2021-05-17,16.22,16.32,15.76,15.92,6588000,,
2021-05-18,15.91,16.34,15.80,16.15,5171000,,
2021-05-19,15.97,16.56,15.86,16.53,5856100,,
2021-05-20,16.69,16.90,16.47,16.48,8113000,,
2021-05-21,16.57,16.80,16.51,16.68,4327700,,
2021-05-24,16.82,16.86,16.43,16.66,3052900,,
2021-05-25,16.55,16.68,16.17,16.18,5289100,,
2021-05-26,16.15,16.37,16.06,16.23,4062200,,
2021-05-27,16.24,16.32,15.91,16.06,7598500,,
2021-05-28,16.01,16.23,15.95,16.17,6334900,,
2021-06-01,16.30,16.53,16.18,16.45,6135200,,
2021-06-02,16.50,16.84,16.33,16.75,6838600,,
2021-06-03,16.31,17.46,16.06,17.37,8380000,,
2021-06-04,17.30,17.46,17.14,17.40,6969200,,
2021-06-07,17.45,17.73,17.30,17.61,5554300,,
2021-06-08,17.66,18.27,17.52,18.15,7152800,,
2021-06-09,18.24,18.37,18.08,18.28,4303900,,
2021-06-10,18.34,18.34,17.94,18.17,3314200,,
2021-06-11,18.25,18.65,18.16,18.63,3584100,,
2021-06-14,18.63,18.67,18.24,18.39,3619000,,
2021-06-15,18.28,18.49,18.08,18.41,3242700,0.15,
2021-06-16,18.45,18.57,17.96,18.14,4213500,,
2021-06-17,18.12,18.20,17.98,18.15,4186800,,
2021-06-18,18.06,18.10,17.42,17.47,4557600,,
2021-06-21,17.64,17.96,17.57,17.92,3130200,,
2021-06-22,17.87,18.04,17.74,17.88,5578200,,
2021-06-23,17.88,17.94,17.70,17.75,2634300,,
2021-06-24,17.76,18.28,17.63,18.25,3520700,,
2021-06-25,18.25,18.49,18.18,18.39,4748300,,
2021-06-28,18.40,18.84,18.22,18.81,4082600,,
2021-06-29,18.87,18.94,18.31,18.39,4640600,,
2021-06-30,18.41,18.62,18.19,18.55,4950700,,
2021-07-01,18.65,18.96,18.57,18.88,3824000,,
2021-07-02,18.91,19.24,18.73,19.04,4047600,,
2021-07-06,18.98,19.02,18.05,18.34,5254000,,
2021-07-07,18.61,19.53,18.55,19.39,9637400,,
2021-07-08,19.05,19.06,18.65,18.75,6707600,,
2021-07-09,19.20,19.57,19.09,19.32,4442500,,
2021-07-12,19.21,19.31,18.98,19.31,3596200,,
2021-07-13,19.39,19.39,18.79,18.82,3290900,,
2021-07-14,18.82,19.02,18.74,18.80,2202800,,
2021-07-15,18.63,18.90,18.47,18.82,3170600,,
2021-07-16,18.94,19.12,18.76,18.81,3520400,,
2021-07-19,18.50,18.63,17.72,17.79,3924600,,
2021-07-20,17.84,18.30,17.84,18.19,4331800,,
2021-07-21,18.19,18.57,18.15,18.32,2709500,,
2021-07-22,18.67,18.91,18.43,18.83,4007800,,
2021-07-23,18.77,19.14,18.69,19.10,2679500,,
2021-07-26,19.07,19.34,18.89,19.10,2420500,,
2021-07-27,19.08,19.29,18.74,19.27,2575900,,
2021-07-28,19.30,19.48,19.09,19.47,4169500,,
2021-07-29,19.55,19.60,19.34,19.38,2352100,,
2021-07-30,19.28,19.56,19.11,19.15,3068100,,
2021-08-02,19.25,19.35,18.96,18.98,2968600,,
2021-08-03,18.91,19.20,18.85,18.95,2780100,,
2021-08-04,18.82,19.05,18.55,18.91,3187000,,
2021-08-05,18.40,18.66,17.85,18.27,6675900,,
2021-08-06,18.36,18.82,18.33,18.56,3351100,,
2021-08-09,18.61,18.91,18.52,18.89,3742800,,
2021-08-10,18.89,18.89,18.36,18.49,3325500,,
2021-08-11,18.41,18.52,18.20,18.35,2667800,,
2021-08-12,18.42,18.45,18.05,18.39,3001000,,
2021-08-13,18.37,18.49,18.32,18.40,2053200,,
2021-08-16,18.27,18.43,17.95,17.98,2418700,,
2021-08-17,17.95,18.20,17.81,18.15,3109300,,
2021-08-18,18.05,18.21,17.92,18.01,2076800,,
2021-08-19,17.91,18.12,17.78,17.80,3253300,,
2021-08-20,17.86,18.17,17.70,18.13,2324300,,
2021-08-23,18.07,18.13,17.96,18.03,2238600,,
2021-08-24,18.20,18.54,18.11,18.45,2976600,,
2021-08-25,18.54,19.08,18.39,19.00,3451600,,
2021-08-26,18.95,19.05,18.47,18.49,3668200,,
2021-08-27,18.56,18.72,18.42,18.68,3894400,,
2021-08-30,18.75,19.05,18.70,18.85,3329500,,
2021-08-31,18.89,19.09,18.80,19.09,3580900,,
2021-09-01,19.24,19.38,19.09,19.15,2955900,,
2021-09-02,19.15,19.40,19.12,19.28,3578800,,
2021-09-03,19.19,19.27,18.99,19.11,1614900,,
2021-09-07,19.01,19.11,18.80,18.84,2928300,,
2021-09-08,18.81,19.29,18.71,19.20,2158500,,
2021-09-09,19.16,19.23,18.74,18.90,2363600,,
2021-09-10,19.00,19.00,18.43,18.44,2023000,,
2021-09-13,18.58,18.73,18.40,18.60,2038300,,
2021-09-14,18.68,18.68,17.99,18.00,3601100,,
2021-09-15,17.85,18.44,17.79,18.44,3131700,0.15,
2021-09-16,18.30,18.31,17.84,17.90,3226100,,
2021-09-17,18.00,18.08,17.76,17.79,6337300,,
2021-09-20,17.65,17.82,16.93,17.35,6400700,,
2021-09-21,17.49,17.69,17.39,17.39,5828600,,
2021-09-22,17.55,17.73,17.42,17.43,2420500,,
2021-09-23,17.63,17.85,17.51,17.61,4454600,,
2021-09-24,17.70,17.85,17.56,17.56,4287100,,
2021-09-27,17.55,17.64,17.09,17.11,5177800,,
2021-09-28,17.04,17.11,16.71,16.77,4795200,,
2021-09-29,16.74,17.06,16.51,16.95,4766200,,
2021-09-30,17.35,17.55,17.09,17.10,5830800,,
2021-10-01,17.21,17.22,16.70,16.85,4198700,,
2021-10-04,16.72,17.19,16.69,17.02,3331700,,
2021-10-05,17.07,17.37,17.00,17.36,6159600,,
2021-10-06,17.19,17.62,17.03,17.58,3827100,,
2021-10-07,17.61,18.09,17.50,17.95,6470900,,
2021-10-08,17.97,18.33,17.88,17.90,3097400,,
2021-10-11,17.90,18.04,17.55,17.57,2446500,,
2021-10-12,17.53,17.93,17.46,17.84,2837100,,
2021-10-13,19.50,19.90,19.25,19.81,15378700,,
2021-10-14,19.96,20.10,19.49,19.57,6521300,,
2021-10-15,19.69,19.87,19.43,19.68,3273300,,
2021-10-18,19.47,19.52,19.25,19.33,10655000,,
2021-10-19,19.54,19.63,19.19,19.21,2754800,,
2021-10-20,19.21,19.54,19.17,19.31,2053600,,
2021-10-21,19.17,19.34,19.03,19.10,2516600,,
2021-10-22,19.12,19.33,18.98,19.11,2656300,,
2021-10-25,19.07,19.56,19.07,19.50,6030600,,
2021-10-26,19.50,19.75,19.36,19.50,3051200,,
2021-10-27,19.50,19.75,19.40,19.66,3035100,,
2021-10-28,19.65,19.89,19.65,19.85,2572300,,
2021-10-29,19.67,19.86,19.53,19.59,3176000,,
2021-11-01,19.60,20.11,19.54,20.01,2756500,,
2021-11-02,20.01,20.02,19.62,19.87,4006000,,
2021-11-03,19.67,19.91,19.56,19.68,2460100,,
2021-11-04,19.53,19.58,18.93,19.21,6093500,,
2021-11-05,20.00,20.79,19.95,20.50,9136100,,
2021-11-08,20.56,20.60,19.68,19.74,5650800,,
2021-11-09,19.93,19.93,19.30,19.34,3353900,,
2021-11-10,19.21,19.73,19.20,19.44,2271500,,
2021-11-11,19.60,19.72,19.34,19.60,2689500,,
2021-11-12,19.65,19.79,19.59,19.65,2396500,,
2021-11-15,19.75,20.48,19.65,20.46,2727000,,
2021-11-16,20.55,20.59,20.42,20.44,5736500,,
2021-11-17,20.39,20.45,20.06,20.20,1798700,,
2021-11-18,20.12,20.24,19.97,20.15,2977500,,
2021-11-19,20.08,20.18,19.80,20.05,4026300,,
2021-11-22,20.05,20.70,19.93,20.28,4515300,,
2021-11-23,20.27,20.97,20.21,20.62,6669300,,
2021-11-24,20.51,20.82,20.51,20.62,2546100,,
2021-11-26,20.09,20.35,19.92,20.16,4147400,,
2021-11-29,20.40,20.40,19.65,20.09,4114400,,
2021-11-30,19.94,20.43,19.79,19.88,8850600,,
2021-12-01,20.19,21.00,20.16,20.55,5950100,,
2021-12-02,20.73,21.26,20.66,20.96,6267700,,
2021-12-03,21.05,21.10,20.57,20.71,4143000,,
2021-12-06,20.93,21.07,20.72,20.92,4810700,,
2021-12-07,20.95,21.30,20.85,20.93,3876500,,
2021-12-08,20.83,21.27,20.83,21.21,3836600,,
2021-12-09,21.19,21.23,20.84,20.89,2682200,,
2021-12-10,20.96,21.07,20.82,21.02,2852400,,
2021-12-13,20.77,21.02,20.68,20.73,3952700,,
2021-12-14,20.68,21.12,20.67,20.77,4358100,,
2021-12-15,20.72,20.81,20.43,20.70,4531000,0.15,
2021-12-16,20.70,21.23,20.65,20.93,3057900,,
2021-12-17,20.82,21.36,20.68,21.23,3848300,,
2021-12-20,21.00,21.16,20.73,21.09,2604000,,
2021-12-21,21.30,21.86,21.26,21.81,3112500,,
2021-12-22,21.81,22.35,21.72,22.33,4211000,,
2021-12-23,22.36,22.48,22.03,22.03,3279700,,
2021-12-27,22.05,22.21,21.85,22.19,2283600,,
2021-12-28,22.21,22.32,21.93,22.05,1864300,,
2021-12-29,22.00,22.06,21.82,21.87,2895400,,
2021-12-30,21.88,22.47,21.88,22.39,7636100,,
2021-12-31,22.30,22.87,22.24,22.77,3243500,,
2022-01-03,22.82,22.95,22.34,22.74,3925100,,
2022-01-04,22.77,22.96,22.49,22.52,4572900,,
2022-01-05,22.48,22.76,22.09,22.11,4037900,,
2022-01-06,22.18,22.36,21.96,22.32,5284200,,
2022-01-07,22.32,22.76,22.11,22.71,6078300,,
2022-01-10,22.66,22.78,22.39,22.46,4341900,,
2022-01-11,22.55,22.67,22.32,22.51,6657100,,
2022-01-12,22.46,22.99,22.43,22.93,7344300,,
2022-01-13,22.90,22.91,22.53,22.61,3709100,,
2022-01-14,22.61,22.64,22.36,22.59,2994300,,
2022-01-18,22.54,22.75,22.38,22.44,4215900,,
2022-01-19,22.51,22.67,22.38,22.48,7263300,,
2022-01-20,22.53,22.80,21.70,21.73,5162700,,
2022-01-21,21.64,22.02,21.42,21.72,4244400,,
2022-01-24,21.50,22.01,21.27,21.96,6039800,,
2022-01-25,21.75,21.97,21.45,21.67,5173300,,
2022-01-26,21.96,22.24,21.38,21.53,5850500,,
2022-01-27,21.77,21.95,21.15,21.31,4854900,,
2022-01-28,21.29,21.68,21.14,21.67,4707900,,
2022-01-31,21.63,21.91,21.63,21.81,6126000,,
2022-02-01,21.97,21.99,21.44,21.65,4526700,,
2022-02-02,21.81,22.26,21.53,22.24,6964000,,
2022-02-03,21.78,22.14,21.54,21.85,3931200,,
2022-02-04,21.71,22.01,21.26,21.83,5344000,,
2022-02-07,21.87,22.11,21.57,21.98,4638900,,
2022-02-08,22.02,22.37,21.91,22.27,4337800,,
2022-02-09,22.45,22.68,22.34,22.49,4984600,,
2022-02-10,22.22,22.53,22.01,22.08,5460200,,
2022-02-11,22.16,22.35,21.62,21.81,4527200,,
2022-02-14,21.76,21.91,21.23,21.60,4181000,,
2022-02-15,21.87,21.95,21.65,21.79,2605400,,
2022-02-16,21.72,21.91,21.61,21.72,2270800,,
2022-02-17,21.57,21.72,21.48,21.49,2465600,,
2022-02-18,21.45,21.75,21.34,21.45,2877300,,
2022-02-22,21.26,21.59,21.11,21.21,3681900,,
2022-02-23,21.20,21.41,20.81,20.81,4535200,,
2022-02-24,20.50,21.81,20.26,21.68,5802200,,
2022-02-25,21.68,22.43,21.36,21.90,3879000,,
2022-02-28,21.87,22.88,21.70,22.82,6381500,,
2022-03-01,22.79,22.81,21.70,21.93,6823000,,
2022-03-02,22.00,22.32,21.76,22.22,4145000,,
2022-03-03,22.28,22.47,21.84,21.98,4018900,,
2022-03-04,21.91,22.56,21.77,22.51,5107400,,
2022-03-07,22.67,23.48,22.28,22.36,5599800,,
2022-03-08,22.50,22.90,22.31,22.65,6063800,,
2022-03-09,22.87,23.07,22.53,22.74,4542500,,
2022-03-10,22.63,22.70,22.41,22.65,3534200,,
2022-03-11,22.72,22.82,22.38,22.43,3280300,,
2022-03-14,22.37,22.70,21.91,22.42,3805000,,
2022-03-15,22.50,22.64,22.04,22.33,3216300,,
2022-03-16,22.30,22.64,22.25,22.59,3992800,,
2022-03-17,22.52,22.73,22.28,22.31,3411400,,
2022-03-18,22.23,22.55,22.12,22.41,4951500,,
2022-03-21,22.32,22.54,21.93,22.05,3329900,0.17,
2022-03-22,22.07,22.66,22.07,22.39,2959100,,
2022-03-23,22.31,22.42,21.78,21.80,2566800,,
2022-03-24,21.85,22.17,21.83,22.05,3094400,,
2022-03-25,22.13,22.80,22.13,22.74,3268900,,
2022-03-28,22.76,23.21,22.68,23.11,3570700,,
2022-03-29,23.06,23.21,22.91,23.15,4380200,,
2022-03-30,23.13,23.38,22.98,23.10,4118500,,
2022-03-31,23.07,23.61,23.07,23.25,4651100,,
2022-04-01,23.31,23.50,23.08,23.44,4560100,,
2022-04-04,23.40,23.53,23.14,23.33,3590300,,
2022-04-05,23.39,23.78,23.38,23.58,6805200,,
2022-04-06,23.50,24.00,23.39,24.00,5816200,,
2022-04-07,23.98,24.21,23.73,24.12,6428100,,
2022-04-08,24.21,24.59,24.00,24.51,6982700,,
2022-04-11,24.52,24.65,23.97,24.00,5151600,,
2022-04-12,24.11,24.46,23.90,24.05,5277000,,
2022-04-13,24.07,24.21,23.66,23.80,5349300,,
2022-04-14,23.83,24.23,23.83,24.03,4708900,,
2022-04-18,24.00,24.87,23.91,24.84,5308600,,
2022-04-19,24.92,25.21,24.48,24.82,5429700,,
2022-04-20,25.18,26.63,25.18,26.26,8990300,,
2022-04-21,26.19,26.35,25.69,25.74,7014700,,
2022-04-22,25.75,25.79,25.30,25.35,3623000,,
2022-04-25,25.30,25.30,24.58,25.01,5130700,,
2022-04-26,24.81,25.41,24.81,24.90,4039600,,
2022-04-27,24.88,25.31,24.76,24.88,3608800,,
2022-04-28,25.12,25.17,24.75,25.13,5008500,,
2022-04-29,25.22,25.48,25.02,25.02,5342300,,
2022-05-02,25.00,25.25,24.18,24.69,4692400,,
2022-05-03,24.77,25.57,24.73,25.25,4094100,,
2022-05-04,25.36,26.07,25.30,25.92,5214600,,
2022-05-05,26.00,26.33,25.27,25.41,5171400,,
2022-05-06,26.00,27.10,25.75,26.62,9739100,,
2022-05-09,26.43,26.43,23.92,24.13,9713400,,
2022-05-10,24.45,24.99,23.87,24.44,5004500,,
2022-05-11,24.59,24.88,24.20,24.29,7373900,,
2022-05-12,24.04,24.19,22.89,23.41,9500800,,
2022-05-13,23.86,24.72,23.82,24.58,5521600,,
2022-05-16,24.53,25.01,24.39,25.00,6949300,,
2022-05-17,25.05,25.28,24.76,25.25,5014500,,
2022-05-18,25.31,25.59,25.10,25.23,5070000,,
2022-05-19,25.27,26.13,25.14,26.08,7959700,,
2022-05-20,25.96,26.46,24.83,25.23,6190200,,
2022-05-23,25.41,25.84,25.14,25.73,4484600,,
2022-05-24,25.51,25.77,25.23,25.48,4046000,,
2022-05-25,25.47,26.16,25.45,26.10,5564900,,
2022-05-26,26.22,26.45,25.92,25.93,4707100,,
2022-05-27,25.98,26.32,25.73,26.31,5778600,,
2022-05-31,26.50,26.69,25.88,26.37,7762900,,
2022-06-01,26.36,26.46,25.27,25.90,4618700,,
2022-06-02,25.96,26.24,25.59,25.98,3846900,,
2022-06-03,25.91,26.25,25.83,25.85,3389000,,
2022-06-06,25.99,26.52,25.82,26.49,5238600,,
2022-06-07,26.39,27.39,26.39,27.39,6773300,,
2022-06-08,27.24,27.31,26.62,26.84,4206400,,
2022-06-09,26.74,26.90,26.17,26.20,3390400,,
2022-06-10,25.77,25.88,25.43,25.44,3853500,,
2022-06-13,25.00,25.04,23.40,23.50,7472000,,
2022-06-14,23.45,23.70,22.63,22.96,8304200,,
2022-06-15,23.22,23.91,23.10,23.50,9339700,,
2022-06-16,23.32,23.32,22.28,22.52,7894600,,
2022-06-17,22.53,22.73,21.84,22.42,11501800,,
2022-06-21,22.98,23.01,22.50,22.77,5046400,0.177,
2022-06-22,22.42,22.88,22.31,22.71,4595100,,
2022-06-23,22.97,23.46,22.84,23.41,5669200,,
2022-06-24,23.52,23.60,23.09,23.39,11738000,,
2022-06-27,23.39,24.05,23.34,23.75,4359500,,
2022-06-28,23.80,24.00,23.06,23.25,4875200,,
2022-06-29,23.22,23.25,22.39,22.89,4657200,,
2022-06-30,22.62,23.36,22.51,22.85,4965100,,
2022-07-01,23.07,23.49,22.89,23.35,3340900,,
2022-07-05,22.97,23.14,21.00,21.66,5959900,,
2022-07-06,21.54,21.95,21.36,21.70,4709800,,
2022-07-07,22.00,22.39,21.98,22.23,4068900,,
2022-07-08,22.21,22.33,21.87,22.08,3026700,,
2022-07-11,22.02,22.34,21.79,22.09,3355300,,
2022-07-12,21.98,22.65,21.97,22.52,3799800,,
2022-07-13,22.20,22.86,22.16,22.73,3551100,,
2022-07-14,22.20,23.02,22.16,22.93,5687800,,
2022-07-15,23.03,23.07,22.25,22.58,4025100,,
2022-07-18,22.74,23.33,22.67,22.82,4135200,,
2022-07-19,23.16,23.73,23.13,23.63,3764400,,
2022-07-20,23.62,23.73,23.12,23.64,4827100,,
2022-07-21,23.55,23.69,23.09,23.36,4230800,,
2022-07-22,23.41,23.66,22.75,23.00,3575100,,
2022-07-25,23.04,23.50,22.78,23.36,3285000,,
2022-07-26,23.31,23.76,23.16,23.75,7887900,,
2022-07-27,23.80,23.96,23.44,23.83,2702600,,
2022-07-28,24.39,24.87,24.04,24.82,3494700,,
2022-07-29,25.00,25.86,24.93,25.85,4894800,,
2022-08-01,25.70,25.90,25.26,25.36,3020200,,
2022-08-02,25.48,25.76,25.25,25.26,2875000,,
2022-08-03,25.22,25.59,25.11,25.46,2604100,,
2022-08-04,25.60,25.90,25.53,25.62,3411800,,
2022-08-05,25.53,25.73,24.31,24.60,4760700,,
2022-08-08,24.75,25.45,24.56,24.73,3798500,,
2022-08-09,24.61,24.81,24.32,24.79,3838300,,
2022-08-10,24.93,25.22,24.86,25.17,2967900,,
2022-08-11,25.27,25.78,25.23,25.34,3323500,,
2022-08-12,25.62,25.91,25.52,25.88,2716300,,
2022-08-15,25.65,25.99,25.35,25.97,3192700,,
2022-08-16,25.79,26.00,25.69,25.83,3706400,,
2022-08-17,25.49,25.81,25.44,25.53,3232500,,
2022-08-18,25.53,26.12,25.53,25.84,3623700,,
2022-08-19,25.74,25.78,25.14,25.25,3863400,,
2022-08-22,24.90,24.93,24.59,24.73,3630300,,
2022-08-23,24.92,24.95,24.46,24.47,3662100,,
2022-08-24,24.37,25.30,24.37,25.19,3435400,,
2022-08-25,25.29,25.97,25.12,25.65,4571100,,
2022-08-26,25.67,25.71,24.92,24.93,3672000,,
2022-08-29,24.59,24.84,24.40,24.74,3433800,,
2022-08-30,24.75,24.98,24.18,24.18,4375500,,
2022-08-31,24.06,24.80,24.00,24.75,7453900,,
2022-09-01,24.67,25.01,24.59,24.96,3535100,,
2022-09-02,25.18,25.52,24.89,24.96,2519300,,
2022-09-06,24.88,25.00,24.32,24.34,5326800,,
2022-09-07,24.37,24.71,24.30,24.64,4030100,,
2022-09-08,24.65,25.09,24.54,24.90,2890000,,
2022-09-09,25.19,25.45,24.98,25.25,3995500,,
2022-09-12,25.33,25.84,25.23,25.79,3347100,,
2022-09-13,25.40,25.73,24.89,24.98,3683500,,
2022-09-14,24.98,25.37,24.96,25.36,3449800,,
2022-09-15,25.22,25.40,25.09,25.37,4091400,,
2022-09-16,25.32,25.33,24.87,25.31,8706200,,
2022-09-19,25.04,25.81,25.04,25.62,3615200,,
2022-09-20,25.34,25.45,24.73,24.91,3129500,0.184,
2022-09-21,25.03,25.32,24.42,24.44,2874800,,
2022-09-22,24.42,24.46,23.98,24.06,2848900,,
2022-09-23,23.63,23.69,23.10,23.37,4406800,,
2022-09-26,23.11,23.34,22.32,22.47,3717000,,
2022-09-27,22.75,22.82,21.67,22.02,5809600,,
2022-09-28,22.31,22.56,22.13,22.30,3833000,,
2022-09-29,22.01,22.06,21.16,21.38,7073500,,
2022-09-30,21.50,21.63,20.92,21.00,4597700,,
2022-10-03,21.37,21.84,21.04,21.47,5198000,,
2022-10-04,21.69,22.94,21.65,22.94,4833600,,
2022-10-05,22.54,23.14,22.24,22.89,4434400,,
2022-10-06,22.83,22.92,22.41,22.65,4290400,,
2022-10-07,22.51,22.61,21.93,21.97,3270800,,
2022-10-10,22.00,22.38,21.64,21.68,4969200,,
2022-10-11,21.56,22.13,21.38,21.80,4973500,,
2022-10-12,21.79,21.80,21.33,21.44,4601600,,
2022-10-13,21.11,21.95,20.76,21.68,3843400,,
2022-10-14,21.93,22.22,21.32,21.42,2511300,,
2022-10-17,21.95,22.49,21.85,22.03,3498300,,
2022-10-18,22.44,22.63,22.34,22.56,2961700,,
2022-10-19,22.33,22.41,21.79,22.20,3410100,,
2022-10-20,22.23,22.30,21.38,21.52,4054200,,
2022-10-21,21.48,21.77,21.12,21.75,4248900,,
2022-10-24,21.80,22.12,21.45,21.49,3992200,,
2022-10-25,21.52,22.22,21.48,21.99,4838400,,
2022-10-26,22.08,22.21,21.82,21.90,3419400,,
2022-10-27,22.12,22.31,21.89,21.98,3738400,,
2022-10-28,22.10,23.00,22.03,22.98,4167400,,
2022-10-31,22.93,23.23,22.77,22.97,4428700,,
2022-11-01,23.21,23.22,22.70,22.87,2978700,,
2022-11-02,22.83,23.68,22.73,22.87,4376400,,
2022-11-03,22.79,23.67,22.56,23.23,4399000,,
2022-11-04,23.16,23.87,22.43,22.85,7181200,,
2022-11-07,22.95,23.98,22.75,23.83,5051000,,
2022-11-08,23.79,24.35,23.71,24.12,3912900,,
2022-11-09,24.00,24.18,23.48,23.55,3345200,,
2022-11-10,24.39,24.99,24.09,24.59,3465900,,
2022-11-11,24.80,24.90,23.84,24.09,3527600,,
2022-11-14,23.89,24.08,22.95,22.95,3675500,,
2022-11-15,23.39,23.50,22.64,22.70,3885200,,
2022-11-16,22.50,23.01,22.46,22.83,3395200,,
2022-11-17,22.66,22.90,22.39,22.46,2599100,,
2022-11-18,22.72,22.91,22.63,22.91,3763000,,
2022-11-21,22.86,22.98,22.51,22.88,2292200,,
2022-11-22,22.99,23.48,22.88,23.43,2276600,,
2022-11-23,23.42,24.07,23.41,24.00,1865800,,
2022-11-25,23.95,24.40,23.95,24.08,1271600,,
2022-11-28,23.76,23.90,23.57,23.79,1896900,,
2022-11-29,23.81,24.29,23.54,24.23,2631200,,
2022-11-30,24.37,24.45,23.95,24.33,7650700,,
2022-12-01,24.47,24.82,24.30,24.53,4111800,,
2022-12-02,24.20,24.39,23.96,23.99,1941600,,
2022-12-05,23.78,23.84,23.26,23.44,2570600,,
2022-12-06,23.30,23.75,23.16,23.72,3779300,,
2022-12-07,23.63,24.05,23.52,23.64,3313600,,
2022-12-08,23.68,23.91,23.49,23.59,2201700,,
2022-12-09,23.41,24.00,23.33,23.86,3274300,,
2022-12-12,23.98,24.23,23.83,24.22,2360000,,
2022-12-13,24.58,25.03,24.09,24.29,5246100,,
2022-12-14,24.10,24.54,23.98,24.35,3566400,,
2022-12-15,24.24,24.53,24.03,24.33,3407400,,
2022-12-16,24.08,24.24,23.68,24.07,5457400,,
2022-12-19,24.05,24.29,23.75,23.86,3304100,0.193,
2022-12-20,23.84,24.11,23.77,23.82,4042400,,
2022-12-21,24.00,24.17,23.81,24.17,4215300,,
2022-12-22,24.03,24.03,23.31,23.55,2380400,,
2022-12-23,23.41,23.90,23.37,23.87,2249500,,
2022-12-27,23.82,23.95,23.43,23.69,2208200,,
2022-12-28,23.71,23.84,23.55,23.66,5352700,,
2022-12-29,23.75,24.18,23.62,24.07,1954800,,
2022-12-30,24.00,24.02,22.84,23.20,3424700,,
2023-01-03,23.24,23.35,22.12,22.27,3868900,,
2023-01-04,22.28,22.85,22.01,22.75,3934000,,
2023-01-05,22.61,22.78,22.25,22.32,2319200,,
2023-01-06,22.48,22.77,22.25,22.51,3411900,,
2023-01-09,22.63,22.89,22.46,22.53,2912000,,
2023-01-10,22.41,22.54,22.19,22.40,2873600,,
2023-01-11,22.40,22.79,22.40,22.74,2395400,,
2023-01-12,22.86,23.09,22.61,22.69,3315700,,
2023-01-13,22.43,22.55,22.14,22.38,2806900,,
2023-01-17,22.42,22.77,22.14,22.15,3593700,,
2023-01-18,22.11,22.23,21.48,21.50,3684600,,
2023-01-19,21.38,21.53,21.25,21.39,3749800,,
2023-01-20,21.32,21.87,21.30,21.85,3420300,,
2023-01-23,21.78,22.73,21.76,22.50,2798200,,
2023-01-24,22.50,22.89,22.28,22.83,2632500,,
2023-01-25,22.63,22.80,22.34,22.57,2231800,,
2023-01-26,22.60,22.81,22.23,22.80,2012100,,
2023-01-27,22.70,22.91,22.65,22.67,1899800,,
2023-01-30,22.60,22.91,22.32,22.37,2132900,,
2023-01-31,22.44,23.07,22.32,23.06,2573000,,
2023-02-01,22.86,23.48,22.84,23.20,2495800,,
2023-02-02,23.43,23.86,23.03,23.28,3012000,,
2023-02-03,22.98,23.04,22.55,22.88,5011300,,
2023-02-06,22.84,23.10,22.76,22.97,4087200,,
2023-02-07,22.94,23.31,22.66,23.24,1930600,,
2023-02-08,23.08,23.20,22.83,22.86,1398800,,
2023-02-09,22.89,23.00,22.69,22.69,2709200,,
2023-02-10,22.66,23.14,22.62,23.04,1872100,,
2023-02-13,23.03,23.38,23.01,23.05,1590500,,
2023-02-14,22.97,23.47,22.86,23.01,2431500,,
2023-02-15,22.81,23.49,22.81,23.44,3412900,,
2023-02-16,23.17,23.38,22.55,22.82,4614000,,
2023-02-17,22.89,23.24,22.74,22.96,3582100,,
2023-02-21,22.77,22.92,22.44,22.57,3216000,,
2023-02-22,22.48,22.61,22.25,22.42,3114100,,
2023-02-23,22.57,22.82,22.39,22.50,1819900,,
2023-02-24,22.32,22.49,22.17,22.36,2340200,,
2023-02-27,22.60,22.80,22.22,22.25,2603300,,
2023-02-28,22.07,22.40,21.89,21.99,4883500,,
2023-03-01,22.08,22.54,21.56,21.71,4455300,,
2023-03-02,21.66,21.67,21.23,21.29,5173500,,
2023-03-03,21.32,21.59,21.18,21.41,3455700,,
2023-03-06,22.05,25.03,22.05,24.38,16329100,,
2023-03-07,24.95,27.29,24.60,26.51,14242600,,
2023-03-08,26.51,27.18,26.18,26.20,7018500,,
2023-03-09,26.24,26.50,25.68,25.69,6133000,,
2023-03-10,25.89,25.93,24.51,24.52,5888500,,
2023-03-13,24.38,25.04,24.02,24.34,7722300,,
2023-03-14,24.68,25.70,24.55,25.50,6022000,,
2023-03-15,24.77,25.12,23.90,24.41,6411500,,
2023-03-16,24.00,25.49,23.99,25.34,5547100,,
2023-03-17,25.09,25.13,24.22,24.84,5046400,,
2023-03-20,25.10,25.65,25.06,25.10,4331100,,
2023-03-21,25.14,25.68,24.75,25.06,3389300,0.198,
2023-03-22,24.86,24.99,24.22,24.23,3333100,,
2023-03-23,24.33,24.62,23.63,23.91,3234500,,
2023-03-24,23.82,23.84,23.04,23.42,4852300,,
2023-03-27,23.49,23.74,23.12,23.20,4108800,,
2023-03-28,23.17,23.76,23.10,23.34,2799400,,
2023-03-29,23.48,23.75,23.32,23.51,3517400,,
2023-03-30,23.67,23.86,23.48,23.59,2154000,,
2023-03-31,23.65,24.00,23.54,24.00,2284300,,
2023-04-03,23.88,24.10,23.67,23.70,3017900,,
2023-04-04,23.67,23.75,23.19,23.41,2587200,,
2023-04-05,23.36,23.99,23.33,23.92,2736200,,
2023-04-06,24.12,24.30,23.87,24.07,3021900,,
2023-04-10,23.83,24.48,23.80,24.42,2735100,,
2023-04-11,24.55,24.91,24.44,24.69,2742400,,
2023-04-12,24.80,24.88,24.41,24.55,2962600,,
2023-04-13,24.43,25.12,24.32,24.83,3680400,,
2023-04-14,24.70,24.95,24.30,24.49,3169600,,
2023-04-17,24.53,24.53,24.05,24.25,2382100,,
2023-04-18,24.27,24.36,23.93,24.31,2834600,,
2023-04-19,24.15,24.27,23.80,24.26,3231700,,
2023-04-20,24.06,24.25,23.75,23.78,1985800,,
2023-04-21,23.80,23.90,23.46,23.70,1809400,,
2023-04-24,23.79,23.90,23.40,23.65,4038000,,
2023-04-25,23.60,23.71,23.25,23.35,3717100,,
2023-04-26,23.32,23.52,22.95,22.97,2636700,,
2023-04-27,23.05,23.28,22.95,23.13,2603300,,
2023-04-28,23.14,23.96,23.05,23.86,3165200,,
2023-05-01,23.86,24.12,23.42,23.43,2539600,,
2023-05-02,23.41,23.59,22.67,23.11,2937000,,
2023-05-03,23.40,23.55,22.98,23.01,1951100,,
2023-05-04,23.06,23.21,22.70,23.17,2640200,,
2023-05-05,23.27,23.56,23.20,23.42,3008400,,
2023-05-08,23.45,23.57,23.23,23.38,2426000,,
2023-05-09,23.59,24.66,23.59,24.60,6624300,,
2023-05-10,25.00,25.71,24.84,25.22,8049200,,
2023-05-11,25.01,25.20,24.52,24.64,3650500,,
2023-05-12,24.83,24.86,24.20,24.52,3458700,,
2023-05-15,24.50,24.81,24.41,24.80,3242100,,
2023-05-16,24.75,24.83,24.07,24.35,2840100,,
2023-05-17,24.46,24.61,24.21,24.35,3512200,,
2023-05-18,24.16,24.52,24.01,24.44,2611500,,
2023-05-19,24.68,24.95,24.51,24.51,2772300,,
2023-05-22,24.45,24.87,24.43,24.51,2456000,,
2023-05-23,24.45,24.97,24.39,24.56,2062700,,
2023-05-24,24.49,24.54,24.27,24.40,2972800,,
2023-05-25,24.46,24.61,23.85,24.27,2598300,,
2023-05-26,24.34,24.55,24.08,24.45,2569300,,
2023-05-30,24.53,24.57,23.91,23.95,2434500,,
2023-05-31,23.81,24.09,23.54,23.97,4908400,,
2023-06-01,24.04,24.73,23.99,24.64,4772000,,
2023-06-02,24.69,25.03,24.46,24.72,3299600,,
2023-06-05,24.57,24.99,24.56,24.90,2585700,,
2023-06-06,24.90,24.99,24.66,24.73,2493800,,
2023-06-07,24.78,25.23,24.64,25.16,3010500,,
2023-06-08,25.16,25.18,24.68,24.82,2612500,,
2023-06-09,24.97,25.06,24.77,24.82,1514200,,
2023-06-12,24.81,24.98,24.60,24.70,1771300,,
2023-06-13,24.70,25.02,24.60,24.90,3407900,,
2023-06-14,24.92,25.13,24.74,24.81,5449200,,
2023-06-15,24.84,25.40,24.81,25.33,5900600,,
2023-06-16,25.41,25.46,24.99,25.06,6532000,,
2023-06-20,24.95,25.16,24.72,24.97,4547900,0.204,
2023-06-21,24.87,25.25,24.70,25.15,3948400,,
2023-06-22,25.26,25.32,24.93,25.30,2493100,,
2023-06-23,25.33,25.53,24.91,25.10,7426300,,
2023-06-26,25.48,26.07,25.44,25.60,5450900,,
2023-06-27,25.69,26.14,25.56,25.79,4740600,,
2023-06-28,25.77,25.82,25.56,25.73,1866700,,
2023-06-29,25.73,26.13,25.64,26.04,1686900,,
2023-06-30,26.10,26.39,25.96,26.25,2301700,,
2023-07-03,26.16,26.43,26.09,26.09,1222300,,
2023-07-05,25.91,26.95,25.88,26.84,3070100,,
2023-07-06,26.60,26.95,26.52,26.95,3374500,,
2023-07-07,26.73,27.07,26.64,26.70,2043700,,
2023-07-10,26.70,26.81,26.34,26.46,1651600,,
2023-07-11,26.44,26.52,26.26,26.52,1917500,,
2023-07-12,26.62,26.93,26.57,26.76,1991100,,
2023-07-13,26.57,26.80,26.55,26.71,1712200,,
2023-07-14,26.68,26.68,26.30,26.34,1288700,,
2023-07-17,26.20,26.32,26.05,26.13,2146700,,
2023-07-18,26.18,26.78,26.16,26.78,2468300,,
2023-07-19,26.82,27.41,26.74,27.33,3692300,,
2023-07-20,27.31,27.51,27.21,27.37,1512600,,
2023-07-21,27.55,28.52,27.37,28.36,4584000,,
2023-07-24,28.36,28.48,28.11,28.30,1939700,,
2023-07-25,28.43,28.53,28.07,28.10,2748800,,
2023-07-26,28.20,28.55,28.08,28.41,2838700,,
2023-07-27,28.37,28.51,28.07,28.10,2048800,,
2023-07-28,28.18,28.35,27.58,27.72,1875000,,
2023-07-31,28.00,28.55,27.84,28.06,2792900,,
2023-08-01,27.97,28.37,27.75,27.89,2377800,,
2023-08-02,27.65,28.07,27.54,27.99,1935100,,
2023-08-03,27.97,28.31,27.70,27.94,4245100,,
2023-08-04,28.01,28.85,27.90,28.54,4728100,,
2023-08-07,28.67,29.00,28.59,28.70,3243200,,
2023-08-08,28.56,28.88,28.39,28.82,4245500,,
2023-08-09,29.54,30.77,29.19,30.31,7461000,,
2023-08-10,30.44,30.98,30.44,30.69,5922500,,
2023-08-11,30.62,30.85,30.07,30.14,4828700,,
2023-08-14,30.04,30.34,29.92,30.32,4458700,,
2023-08-15,30.03,30.32,29.98,30.24,3258400,,
2023-08-16,30.28,30.43,30.02,30.07,3004500,,
2023-08-17,30.00,30.45,29.47,29.71,3470700,,
2023-08-18,29.60,30.09,29.57,29.86,3267500,,
2023-08-21,29.95,30.02,29.74,30.00,3002900,,
2023-08-22,29.90,29.91,29.48,29.66,3676900,,
2023-08-23,29.91,30.34,29.87,30.33,5043400,,
2023-08-24,30.43,30.47,29.89,30.01,3957900,,
2023-08-25,30.12,30.37,30.03,30.12,2932600,,
2023-08-28,30.13,30.28,29.84,29.97,2761600,,
2023-08-29,30.07,30.45,30.00,30.42,4530600,,
2023-08-30,30.39,31.35,30.36,31.33,4426500,,
2023-08-31,31.37,31.68,31.32,31.42,5297400,,
2023-09-01,31.61,31.99,31.59,31.79,3880300,,
2023-09-05,32.60,33.05,31.98,32.50,9795600,,
2023-09-06,32.24,33.15,32.24,32.81,6026800,,
2023-09-07,33.02,33.59,32.66,33.37,6964700,,
2023-09-08,33.33,34.16,33.33,34.06,7431600,,
2023-09-11,34.07,34.28,33.67,33.69,5262900,,
2023-09-12,33.81,34.19,33.58,33.70,6221300,,
2023-09-13,33.30,33.73,32.95,33.18,6629500,,
2023-09-14,33.46,33.54,32.94,33.04,6554100,,
2023-09-15,33.14,33.23,32.79,32.91,53404100,,
2023-09-18,32.89,33.60,32.89,33.49,6597400,,
2023-09-19,33.46,33.78,33.12,33.15,4450500,0.206,
2023-09-20,33.28,33.35,32.26,32.34,4081900,,
2023-09-21,32.74,33.66,32.74,33.45,5137900,,
2023-09-22,33.30,33.53,33.12,33.22,3962300,,
2023-09-25,33.04,33.84,33.02,33.66,3411700,,
2023-09-26,33.59,33.70,32.91,32.99,4370800,,
2023-09-27,33.00,33.56,32.86,33.32,5572400,,
2023-09-28,33.41,33.94,33.23,33.43,4491800,,
2023-09-29,33.73,33.84,32.83,33.18,4839700,,
2023-10-02,33.38,33.74,31.95,32.53,4982200,,
2023-10-03,32.34,32.69,31.37,32.00,6436500,,
2023-10-04,32.19,32.31,31.16,31.39,6521100,,
2023-10-05,31.39,32.05,31.34,31.83,4402300,,
2023-10-06,31.73,31.92,31.21,31.54,4792100,,
2023-10-09,31.57,32.10,31.57,31.85,3306800,,
2023-10-10,31.92,32.20,31.84,32.10,5909500,,
2023-10-11,32.10,32.81,31.95,32.77,6961700,,
2023-10-12,32.79,33.02,31.41,31.80,3725700,,
2023-10-13,31.93,32.10,31.40,31.64,2954600,,
2023-10-16,31.98,32.46,31.84,32.29,3368500,,
2023-10-17,31.97,32.80,31.97,32.57,3255600,,
2023-10-18,32.48,32.66,32.26,32.42,3175400,,
2023-10-19,32.29,32.84,32.09,32.11,3717400,,
2023-10-20,32.19,32.39,31.74,31.93,3267500,,
2023-10-23,31.68,32.13,31.43,31.89,2998100,,
2023-10-24,32.24,32.84,32.24,32.70,2668400,,
2023-10-25,32.89,33.04,32.53,32.78,2652500,,
2023-10-26,33.16,33.44,32.67,32.90,2926000,,
2023-10-27,32.68,32.77,31.92,32.02,3259100,,
2023-10-30,32.17,32.69,32.17,32.58,2499500,,
2023-10-31,32.76,32.83,32.34,32.72,2819600,,
2023-11-01,32.88,34.10,32.67,33.93,3786500,,
2023-11-02,34.00,35.04,33.92,34.66,3556500,,
2023-11-03,34.86,35.30,34.75,34.99,3980900,,
2023-11-06,35.15,35.52,34.87,35.33,5641400,,
2023-11-07,35.35,36.50,33.84,34.75,6032500,,
2023-11-08,35.09,35.54,34.59,34.67,4593400,,
2023-11-09,34.66,35.04,34.52,34.56,2870800,,
2023-11-10,34.86,35.11,34.42,34.48,2719000,,
2023-11-13,34.48,34.64,34.23,34.40,2692200,,
2023-11-14,34.90,35.30,34.85,35.22,4171400,,
2023-11-15,35.07,35.30,34.65,34.70,4098700,,
2023-11-16,35.00,35.31,34.30,34.74,4827800,,
2023-11-17,34.65,34.97,34.64,34.86,2903000,,
2023-11-20,34.86,35.07,34.66,34.69,3877700,,
2023-11-21,34.70,34.93,34.48,34.49,5000200,,
2023-11-22,34.55,34.82,34.25,34.81,2980400,,
2023-11-24,34.63,35.03,34.61,34.86,1190500,,
2023-11-27,34.89,35.69,34.70,35.64,3560600,,
2023-11-28,35.54,35.64,35.15,35.22,2591000,,
2023-11-29,35.51,35.84,34.88,34.92,4312900,,
2023-11-30,34.96,35.53,34.89,35.41,6258000,,
2023-12-01,35.41,36.28,35.41,36.28,4204200,,
2023-12-04,36.04,37.16,35.99,37.12,5748300,,
2023-12-05,37.13,37.41,36.72,37.37,4136000,,
2023-12-06,37.41,37.72,36.22,36.28,4382000,,
2023-12-07,36.25,37.20,36.17,37.17,3413400,,
2023-12-08,37.10,37.20,36.45,36.96,3606000,,
2023-12-11,37.00,37.06,36.48,36.88,3211600,,
2023-12-12,36.86,37.60,36.81,37.33,4330700,,
2023-12-13,37.39,38.19,37.31,38.12,4128100,,
2023-12-14,38.32,38.34,37.39,37.49,3702700,,
2023-12-15,37.50,37.91,37.39,37.68,14998800,,
2023-12-18,37.68,38.06,37.46,37.76,4450600,,
2023-12-19,37.71,37.98,37.38,37.72,3445300,0.213,
2023-12-20,37.53,38.11,37.48,37.61,3122900,,
2023-12-21,37.77,37.99,37.58,37.79,2076800,,
2023-12-22,37.90,38.16,37.79,38.02,1609900,,
2023-12-26,37.96,38.41,37.88,38.20,1454200,,
2023-12-27,38.15,38.59,38.10,38.38,1984300,,
2023-12-28,38.22,38.84,38.22,38.82,2040400,,
2023-12-29,38.76,38.90,38.34,38.52,2312400,,
2024-01-02,38.29,38.60,37.81,38.07,2722300,,
2024-01-03,38.03,38.33,37.77,38.18,2941800,,
2024-01-04,38.32,38.74,38.20,38.40,3312200,,
2024-01-05,38.59,39.03,38.43,38.59,2625500,,
2024-01-08,38.66,39.19,38.50,39.14,3977600,,
2024-01-09,39.00,39.77,38.42,39.59,3582200,,
2024-01-10,39.68,39.68,38.38,38.46,2686600,,
2024-01-11,38.46,39.09,38.08,38.87,3466500,,
2024-01-12,39.13,39.38,39.08,39.22,1978100,,
2024-01-16,38.95,39.71,38.95,39.32,2887800,,
2024-01-17,39.14,39.99,39.08,39.72,2752000,,
2024-01-18,39.67,39.97,39.08,39.41,3238000,,
2024-01-19,39.56,40.17,39.46,40.17,2639900,,
2024-01-22,40.25,40.49,39.94,39.97,2799000,,
2024-01-23,40.06,40.30,39.52,39.85,2988200,,
2024-01-24,40.13,40.16,39.13,39.23,1918400,,
2024-01-25,39.74,40.55,39.69,40.43,2193500,,
2024-01-26,40.48,40.86,40.31,40.78,1739500,,
2024-01-29,40.79,40.80,40.54,40.56,1941300,,
2024-01-30,40.72,41.26,40.57,41.23,2420300,,
2024-01-31,41.35,41.66,40.77,41.03,2626500,,
2024-02-01,41.03,43.41,41.02,43.26,5523800,,
2024-02-02,43.10,44.96,42.72,44.55,6605400,,
2024-02-05,44.04,44.15,42.91,43.35,4184700,,
2024-02-06,43.30,43.88,42.94,43.26,5362400,,
2024-02-07,43.43,44.05,43.29,43.76,2696200,,
2024-02-08,43.60,43.83,42.61,42.90,3702000,,
2024-02-09,42.82,43.49,42.79,43.23,2610700,,
2024-02-12,43.21,43.47,42.23,42.81,4260900,,
2024-02-13,42.56,44.22,42.34,44.20,4587900,,
2024-02-14,44.53,45.00,43.99,44.27,3128600,,
2024-02-15,44.37,45.45,44.25,45.39,3776000,,
2024-02-16,45.19,46.31,45.19,45.58,4619600,,
2024-02-20,45.66,46.91,45.52,46.15,4732900,,
2024-02-21,46.18,47.35,45.80,46.18,4256800,,
2024-02-22,46.18,48.09,46.18,47.62,6149400,,
2024-02-23,47.77,48.77,47.59,48.62,5202200,,
2024-02-26,48.98,49.55,48.53,48.75,4644300,,
2024-02-27,48.63,51.18,48.22,50.98,8679600,,
2024-02-28,50.10,53.10,49.74,53.02,8231400,,
2024-02-29,53.18,55.98,53.02,54.54,10144700,,
2024-03-01,54.40,54.69,53.42,54.50,7128400,,
2024-03-04,55.28,57.75,55.28,56.99,7083500,,
2024-03-05,56.92,59.75,56.92,58.89,8054100,,
2024-03-06,59.27,61.36,59.27,60.90,8495100,,
2024-03-07,61.21,61.81,60.58,61.68,5436300,,
2024-03-08,61.71,62.12,57.65,60.49,8957500,,
2024-03-11,60.24,60.50,57.50,58.05,8162400,,
2024-03-12,58.51,60.22,58.00,60.20,5732900,,
2024-03-13,60.63,61.70,59.93,61.16,5365800,,
2024-03-14,61.42,63.22,61.39,63.11,6297700,,
2024-03-15,62.88,63.17,60.73,61.56,8450700,,
2024-03-18,61.95,63.03,60.86,62.48,5771900,,
2024-03-19,62.50,64.74,62.12,63.68,5980100,0.215,
2024-03-20,64.00,66.88,63.94,66.75,7788500,,
2024-03-21,67.85,69.25,67.36,68.37,6271500,,
2024-03-22,68.49,69.27,66.44,69.09,5790500,,
2024-03-25,69.50,72.37,68.22,71.20,8282300,,
2024-03-26,71.19,73.05,67.83,67.89,7808400,,
2024-03-27,69.00,69.38,67.42,68.30,5728400,,
2024-03-28,68.17,69.83,67.79,69.65,3826400,,
2024-04-01,70.00,73.07,69.46,71.53,5401100,,
2024-04-02,69.75,71.28,69.21,71.15,5143400,,
2024-04-03,71.25,74.32,71.05,73.76,7145100,,
2024-04-04,74.56,75.89,70.37,70.54,5664400,,
2024-04-05,70.45,75.64,69.91,75.33,6099700,,
2024-04-08,74.96,75.31,71.91,74.42,5816600,,
2024-04-09,74.90,75.60,68.50,69.53,8450300,,
2024-04-10,68.58,71.30,67.60,70.76,6583900,,
2024-04-11,71.02,72.14,70.14,72.00,4234800,,
2024-04-12,71.77,72.37,68.86,69.74,4264900,,
2024-04-15,70.83,72.48,68.20,68.22,4413100,,
2024-04-16,68.37,68.60,65.68,67.60,6553600,,
2024-04-17,68.62,69.50,67.26,68.65,4546400,,
2024-04-18,68.99,69.29,64.91,65.88,7846100,,
2024-04-19,65.60,67.18,64.26,65.66,7598100,,
2024-04-22,66.13,68.00,65.32,66.72,4505800,,
2024-04-23,67.38,69.15,66.60,68.45,4165500,,
2024-04-24,70.00,71.49,68.88,70.46,5167600,,
2024-04-25,67.67,73.05,66.67,72.48,4980000,,
2024-04-26,72.67,73.55,71.54,72.70,3583100,,
2024-04-29,73.31,78.00,72.98,77.96,5158500,,
2024-04-30,77.83,78.73,75.81,75.84,6002100,,
2024-05-01,75.67,79.09,74.70,76.86,6170100,,
2024-05-02,77.45,80.81,76.11,79.87,6810200,,
2024-05-03,80.60,83.03,80.07,81.49,5588500,,
2024-05-06,82.31,83.61,80.10,83.24,8043400,,
2024-05-07,82.88,84.83,81.18,81.74,86269000,,
2024-05-08,81.78,91.04,81.74,89.20,15076500,,
2024-05-09,89.56,94.18,89.56,93.17,11060000,,
2024-05-10,94.74,96.07,92.01,93.42,7428000,,
2024-05-13,94.53,95.75,90.05,90.17,7957300,,
2024-05-14,89.02,91.57,87.92,91.47,5848500,,
2024-05-15,93.50,97.61,92.77,96.91,7198700,,
2024-05-16,97.00,97.90,93.03,93.14,5988000,,
2024-05-17,94.04,96.58,93.30,94.08,6084200,,
2024-05-20,94.95,96.69,90.85,91.51,5603000,,
2024-05-21,91.77,94.44,91.50,94.24,5926800,,
2024-05-22,94.07,94.68,92.44,94.27,6531900,,
2024-05-23,96.00,98.11,92.67,96.13,8472600,,
2024-05-24,96.06,104.12,94.16,102.10,8333800,,
2024-05-28,105.27,107.24,101.37,106.20,8089500,,
2024-05-29,104.90,106.70,102.41,103.62,6491700,,
2024-05-30,104.00,105.48,102.55,105.37,4772700,,
2024-05-31,105.94,106.39,95.41,99.08,15074400,,
2024-06-03,99.87,99.87,91.50,93.25,11391400,,
2024-06-04,92.75,93.25,86.63,89.55,11177800,,
2024-06-05,90.07,92.94,89.60,92.00,6167800,,
2024-06-06,91.21,93.88,83.01,86.26,13449000,,
2024-06-07,85.45,90.00,83.89,85.07,8785000,,
2024-06-10,84.55,90.90,84.54,88.22,8739100,,
2024-06-11,87.81,92.34,87.56,91.22,7243300,,
2024-06-12,92.88,94.50,89.00,90.56,8781400,,
2024-06-13,90.58,90.68,84.52,88.40,8288200,,
2024-06-14,87.90,88.12,85.58,87.59,3728400,,
2024-06-17,87.59,87.91,82.33,84.04,7445600,,
2024-06-18,83.91,87.67,83.40,87.58,8668100,0.218,
2024-06-20,88.28,89.95,86.70,88.19,6583100,,
2024-06-21,87.72,88.67,84.62,86.86,18311200,,
2024-06-24,86.23,89.65,85.80,88.23,8497100,,
2024-06-25,87.88,91.36,87.10,89.41,5918900,,
2024-06-26,88.75,90.83,85.30,85.91,4998100,,
2024-06-27,85.00,87.54,83.66,87.22,6696700,,
2024-06-28,87.00,88.27,83.34,85.98,17908900,,
2024-07-01,88.74,91.83,86.30,87.34,6732300,,
2024-07-02,86.97,90.44,86.81,87.70,3981300,,
2024-07-03,87.90,92.48,87.70,91.72,3371700,,
2024-07-05,92.10,93.47,88.60,89.36,4526600,,
2024-07-08,89.95,92.89,89.42,92.88,4437900,,
2024-07-09,91.95,96.00,90.74,91.40,5747100,,
2024-07-10,91.55,92.96,86.80,92.31,5020800,,
2024-07-11,92.61,93.06,90.32,91.61,5859400,,
2024-07-12,91.18,92.29,88.60,91.33,5239500,,
2024-07-15,90.37,90.46,85.31,86.19,6019000,,
2024-07-16,86.28,87.34,84.56,85.87,4974900,,
2024-07-17,82.76,83.06,76.07,76.20,14373500,,
2024-07-18,77.48,78.15,73.75,76.55,8680300,,
2024-07-19,76.67,77.97,75.33,76.47,5141400,,
2024-07-22,77.28,79.41,77.07,79.17,4578200,,
2024-07-23,79.14,81.27,78.68,80.07,4712200,,
2024-07-24,79.00,79.53,72.13,72.58,8862500,,
2024-07-25,73.55,73.96,69.02,70.38,11659200,,
2024-07-26,72.08,72.30,70.12,71.12,4229800,,
2024-07-29,71.95,73.18,70.84,71.24,4846500,,
2024-07-30,71.93,72.89,68.74,69.00,6362500,,
2024-07-31,82.44,82.88,77.18,79.22,15755900,,
2024-08-01,79.48,81.67,75.23,76.04,5827100,,
2024-08-02,74.29,74.57,69.82,72.43,9363200,,
2024-08-05,66.82,71.45,66.50,70.20,6967600,,
2024-08-06,70.00,75.77,70.00,74.39,6285600,,
2024-08-07,76.68,77.05,72.53,73.95,8856500,,
2024-08-08,75.50,80.46,73.58,79.08,10747700,,
2024-08-09,78.00,78.93,75.92,78.64,5586300,,
2024-08-12,78.99,79.00,75.09,77.96,5417600,,
2024-08-13,79.03,81.93,77.93,80.45,6495500,,
2024-08-14,80.27,80.90,77.47,79.25,5144700,,
2024-08-15,79.55,81.57,78.37,81.45,4956600,,
2024-08-16,81.13,81.13,78.57,79.35,4821800,,
2024-08-19,79.50,80.76,78.41,80.74,3848500,,
2024-08-20,80.45,80.64,79.00,79.64,4433600,,
2024-08-21,79.65,82.99,79.03,82.28,4041400,,
2024-08-22,82.41,84.76,82.05,83.30,5187500,,
2024-08-23,83.94,86.19,83.39,85.77,5315600,,
2024-08-26,86.31,87.89,84.17,84.88,4774000,,
2024-08-27,84.13,85.94,83.41,84.59,2951000,,
2024-08-28,84.57,84.91,82.23,82.50,3549000,,
2024-08-29,83.20,86.23,83.20,84.67,4849200,,
2024-08-30,85.07,86.15,84.22,85.43,3947100,,
2024-09-03,85.00,85.03,75.68,75.74,9487900,,
2024-09-04,75.50,78.45,75.03,76.68,5282700,,
2024-09-05,76.61,77.22,75.50,75.83,4306900,,
2024-09-06,75.72,76.43,73.14,73.70,5161500,,
2024-09-09,75.00,75.49,72.90,74.95,4121900,,
2024-09-10,75.41,76.82,74.50,76.08,3392700,,
2024-09-11,76.96,80.29,75.21,80.06,4994300,,
2024-09-12,80.10,81.86,79.03,80.47,3860600,,
2024-09-13,82.52,85.96,81.12,85.55,6323100,,
2024-09-16,85.00,90.07,84.92,89.40,6947200,,
2024-09-17,90.32,92.41,88.89,91.15,5981600,,
2024-09-18,91.83,93.94,90.74,91.19,5958100,,
2024-09-19,94.33,95.25,90.26,92.74,7887700,,
2024-09-20,99.73,108.26,97.86,107.88,23358400,0.22,
2024-09-23,110.35,114.55,107.04,111.63,15615000,,
2024-09-24,111.89,115.57,111.18,112.40,9722700,,
2024-09-25,114.18,120.61,113.70,119.08,15868400,,
2024-09-26,120.00,122.01,113.62,114.16,12987400,,
2024-09-27,115.25,119.70,114.32,117.72,7133500,,
2024-09-30,117.88,120.28,114.84,118.54,7519100,,
2024-10-01,118.00,122.64,115.03,122.55,7126700,,
2024-10-02,120.05,127.57,119.69,125.37,8792700,,
2024-10-03,128.40,135.30,126.01,132.45,14026800,,
2024-10-04,134.34,139.38,132.80,138.41,12377600,,
2024-10-07,139.86,143.87,128.36,131.27,15672300,,
2024-10-08,131.00,131.25,127.73,127.96,9002400,,
2024-10-09,126.41,126.50,120.77,124.18,9781200,,
2024-10-10,124.00,127.04,122.97,124.11,5842500,,
2024-10-11,117.50,125.31,114.50,125.29,10896200,,
2024-10-14,127.77,133.74,127.29,132.26,12001900,,
2024-10-15,132.01,132.78,126.52,128.29,6937800,,
2024-10-16,130.74,136.08,128.45,135.69,7574200,,
2024-10-17,139.48,139.48,126.99,127.27,11724100,,
2024-10-18,127.30,132.26,125.37,131.16,6257300,,
2024-10-21,131.58,133.43,127.81,130.38,4314800,,
2024-10-22,128.00,128.88,124.70,125.04,5758000,,
2024-10-23,124.00,128.70,123.11,126.11,4554600,,
2024-10-24,125.91,127.11,123.30,125.58,3317400,,
2024-10-25,127.35,128.35,123.10,124.03,3792500,,
2024-10-28,125.21,128.62,123.97,127.78,5213300,,
2024-10-29,125.58,127.86,124.34,126.66,4738600,,
2024-10-30,127.05,128.46,121.50,124.11,4166500,,
2024-10-31,124.31,125.73,122.42,124.96,4073500,,
2024-11-01,124.60,126.34,119.09,119.51,5979600,,
2024-11-04,117.69,118.80,111.50,115.74,10742700,,
2024-11-05,116.31,122.27,115.89,121.90,6438800,,
2024-11-06,125.17,127.00,121.07,126.09,7411300,,
2024-11-07,138.11,143.79,130.02,135.73,14877300,,
2024-11-08,135.24,144.77,135.24,141.90,9826100,,
2024-11-11,146.28,149.80,141.95,145.80,7850400,,
2024-11-12,143.92,145.98,137.24,142.16,5314700,,
2024-11-13,145.43,147.60,141.31,142.12,3863200,,
2024-11-14,142.23,143.41,138.17,138.46,3230200,,
2024-11-15,137.60,142.60,137.03,142.15,3562100,,
2024-11-18,142.72,152.64,142.72,146.63,5744000,,
2024-11-19,144.14,154.95,143.13,154.86,6372400,,
2024-11-20,155.77,157.72,151.26,154.63,4446700,,
2024-11-21,157.74,167.60,156.86,166.61,7868500,,
2024-11-22,168.67,168.67,158.12,161.92,6993300,,
2024-11-25,166.00,166.38,152.72,154.14,7673800,,
2024-11-26,154.38,164.14,153.61,162.66,5331100,,
2024-11-27,161.68,163.15,153.40,154.52,4819900,,
2024-11-29,158.49,160.90,156.73,159.84,2475800,,
2024-12-02,161.60,163.33,153.53,154.11,4843800,,
2024-12-03,155.64,158.88,153.90,154.16,3898800,,
2024-12-04,158.94,164.25,157.01,161.31,5327200,,
2024-12-05,161.00,164.86,159.58,160.88,3554200,,
2024-12-06,161.10,163.49,157.29,159.98,3220400,,
2024-12-09,160.17,160.71,146.15,148.31,6844200,,
2024-12-10,145.88,147.80,139.30,141.52,7109700,,
2024-12-11,145.94,148.41,143.44,146.00,6209300,,
2024-12-12,146.43,148.98,144.60,145.08,3703000,,
2024-12-13,146.35,149.35,143.59,144.89,4016400,,
2024-12-16,144.71,147.22,143.28,145.33,4801300,,
2024-12-17,142.88,143.37,136.10,139.77,5475200,,
2024-12-18,141.25,141.25,131.64,132.89,5690600,,
2024-12-19,134.61,139.73,133.32,137.20,7554400,,
2024-12-20,132.45,141.63,132.00,139.95,8735100,0.222,
2024-12-23,140.00,141.37,135.62,140.79,2871400,,
2024-12-24,142.03,144.16,141.02,143.36,1642700,,
2024-12-26,142.90,144.88,141.45,144.11,1928000,,
2024-12-27,143.00,143.00,136.74,139.68,3214700,,
2024-12-30,136.05,141.18,134.86,140.09,4930600,,
2024-12-31,139.91,140.44,137.02,137.87,2761600,,
2025-01-02,139.63,149.89,138.26,149.66,6169600,,
2025-01-03,154.36,162.66,151.66,162.36,8762600,,
2025-01-06,165.16,166.00,159.50,163.95,7406900,,
2025-01-07,164.61,165.21,155.80,163.37,5258700,,
2025-01-08,162.97,163.00,152.61,160.81,7198700,,
2025-01-10,161.50,169.19,154.40,166.73,9743400,,
2025-01-13,161.71,164.74,156.31,162.13,6289200,,
2025-01-14,166.68,175.00,165.69,170.51,7486300,,
2025-01-15,175.00,178.08,167.09,169.17,7817300,,
2025-01-16,170.93,178.40,170.00,174.00,5772000,,
2025-01-17,169.03,173.28,166.50,170.86,8263500,,
2025-01-21,179.30,188.77,174.85,185.35,10678200,,
2025-01-22,192.99,194.67,183.30,186.86,9003500,,
2025-01-23,189.00,199.84,188.22,191.89,10217800,,
2025-01-24,194.02,194.44,189.11,191.11,5265600,,
2025-01-27,154.09,156.93,132.59,137.08,32356900,,
2025-01-28,142.18,149.90,134.92,149.64,20931000,,
2025-01-29,147.25,160.00,146.63,155.21,14323400,,
2025-01-30,159.02,176.49,157.00,176.30,18034800,,
2025-01-31,175.00,176.42,167.14,168.03,12159400,,
2025-02-03,157.50,171.50,156.28,168.53,9849800,,
2025-02-04,168.52,170.77,162.97,168.33,5652700,,
2025-02-05,172.38,176.36,168.67,171.61,7017700,,
2025-02-06,171.61,174.95,167.28,169.88,5943800,,
2025-02-07,170.88,174.97,165.13,166.90,6438600,,
2025-02-10,169.00,172.70,165.53,168.39,5726400,,
2025-02-11,166.51,170.40,164.33,167.61,4000000,,
2025-02-12,163.43,170.98,161.07,166.61,5265400,,
2025-02-13,168.14,169.34,161.25,165.65,7820700,,
2025-02-14,165.61,170.45,161.50,167.66,5713300,,
2025-02-18,168.87,172.77,166.88,169.28,5963700,,
2025-02-19,168.10,173.32,167.14,169.35,6213400,,
2025-02-20,167.50,168.20,157.87,163.18,7134900,,
2025-02-21,163.65,163.65,147.80,150.44,9974300,,
2025-02-24,151.20,151.59,139.01,142.76,9860000,,
2025-02-25,139.42,141.00,127.67,137.92,13529900,,
2025-02-26,143.00,150.20,142.56,148.19,9208400,,
2025-02-27,149.11,152.94,129.77,130.01,16672900,,
2025-02-28,128.00,134.71,124.05,133.66,13060900,,
2025-03-03,133.66,134.28,121.72,123.95,10900500,,
2025-03-04,122.98,131.98,116.40,126.94,15914800,,
2025-03-05,123.75,128.27,121.40,126.87,8481800,,
2025-03-06,120.22,122.35,112.15,114.41,11789300,,
2025-03-07,117.00,118.69,109.55,114.32,9798000,,
2025-03-10,110.00,111.91,104.34,108.49,11399900,,
2025-03-11,109.50,115.41,107.18,114.36,11062700,,
2025-03-12,119.53,127.83,118.40,121.92,14722600,,
2025-03-13,122.01,122.01,115.79,118.00,8033100,,
2025-03-14,121.05,124.72,118.54,124.46,6613100,,
2025-03-17,123.60,129.84,123.40,126.29,6259900,,
2025-03-18,124.88,126.81,122.28,124.46,4648400,,
2025-03-19,125.00,132.66,124.00,129.85,5973600,,
2025-03-20,127.53,133.25,126.24,131.90,5639100,0.224,
2025-03-21,129.79,131.54,126.27,130.58,7484300,,
2025-03-24,134.98,138.74,133.50,134.94,7760500,,
2025-03-25,134.01,134.44,128.00,131.81,8146500,,
2025-03-26,129.80,130.50,122.00,124.01,6723100,,
2025-03-27,120.25,124.50,118.39,119.31,7259300,,
2025-03-28,118.50,122.34,117.46,119.05,7023700,,
2025-03-31,113.90,118.34,112.00,117.44,7766200,,
2025-04-01,118.28,122.29,116.00,122.24,8054800,,
2025-04-02,118.85,127.61,118.00,127.19,5714300,,
2025-04-03,114.22,118.84,107.31,108.21,12729000,,
2025-04-04,103.57,103.91,92.12,98.07,17707400,,
2025-04-07,92.66,109.18,90.51,102.69,12926800,,
2025-04-08,109.46,112.39,99.90,102.19,11458100,,
2025-04-09,102.34,120.96,99.24,118.02,14023800,,
2025-04-10,113.63,115.51,107.03,109.26,8735400,,
2025-04-11,109.26,112.34,105.75,111.71,5268000,,
2025-04-14,117.31,118.20,110.51,112.69,5007400,,
2025-04-15,113.26,116.35,112.38,115.75,4279400,,
2025-04-16,112.51,117.62,111.95,115.87,5956700,,
2025-04-17,117.83,120.18,114.00,115.42,4853100,,
2025-04-21,112.52,114.00,103.34,106.52,6092400,,
2025-04-22,109.50,113.70,108.59,112.63,4882200,,
2025-04-23,122.00,125.58,118.33,120.00,7046200,,
2025-04-24,120.77,126.29,120.51,124.23,5468700,,
2025-04-25,124.38,128.24,123.52,126.64,4323300,,
2025-04-28,126.25,129.95,125.80,129.62,4335000,,
2025-04-29,128.58,130.41,126.42,129.33,4289000,,
2025-04-30,125.09,130.01,122.30,129.63,5047100,,
2025-05-01,137.67,140.53,135.81,137.30,10589900,,
2025-05-02,138.92,141.11,137.73,139.28,5615800,,
2025-05-05,136.59,141.09,135.68,140.00,5941400,,
2025-05-06,138.48,146.88,137.44,144.80,10113700,,
2025-05-07,137.63,140.98,133.95,139.50,12497700,,
2025-05-08,141.14,143.28,137.44,140.91,7363500,,
2025-05-09,140.95,141.26,133.73,135.75,5859900,,
2025-05-12,145.40,147.47,143.01,146.09,8358700,,
2025-05-13,144.16,156.99,144.07,155.00,9075900,,
2025-05-14,156.50,157.00,152.54,154.72,5370200,,
2025-05-15,151.00,154.09,150.84,152.06,3953500,,
2025-05-16,156.24,157.48,154.51,156.62,6263900,,
2025-05-19,150.38,157.65,150.38,157.32,5141300,,
2025-05-20,157.00,158.24,155.67,157.03,3426500,,
2025-05-21,154.94,156.50,150.92,152.07,4067400,,
2025-05-22,152.30,155.11,149.59,154.72,4624100,,
2025-05-23,156.56,159.43,154.65,158.16,7254000,,
2025-05-27,160.00,163.87,157.18,163.86,7192500,,
2025-05-28,164.40,165.74,161.42,162.36,5027400,,
2025-05-29,165.94,166.00,158.78,159.73,3543800,,
2025-05-30,158.97,160.60,157.07,160.57,5306100,,
2025-06-02,160.60,169.29,160.59,167.47,5613000,,
2025-06-03,175.00,178.35,171.86,176.00,10019900,,
2025-06-04,176.00,177.39,171.89,172.69,5290600,,
2025-06-05,173.42,173.91,169.56,170.87,4296700,,
2025-06-06,173.50,173.95,170.24,173.62,3302200,,
2025-06-09,173.67,174.00,168.41,169.37,5350000,,
2025-06-10,170.10,170.62,160.18,164.65,7818200,,
2025-06-11,168.03,169.50,165.54,166.79,4029300,,
2025-06-12,165.27,173.89,164.67,173.87,4357300,,
2025-06-13,171.51,175.95,170.66,173.75,3960700,,
2025-06-16,175.57,179.14,175.57,177.20,4177700,,
2025-06-17,179.01,181.20,175.30,177.75,4170400,,
2025-06-18,177.00,182.06,175.22,181.13,5591600,0.225,
2025-06-20,180.90,185.50,178.76,185.10,6585700,,
2025-06-23,184.24,187.57,179.94,186.55,4150400,,
2025-06-24,188.13,189.37,184.89,186.17,6851900,,
2025-06-25,188.02,190.60,185.95,186.32,3813900,,
2025-06-26,187.85,191.28,185.00,190.40,3677900,,
2025-06-27,192.00,198.20,189.11,195.04,8903700,,
2025-06-30,197.50,197.50,192.18,193.81,4753900,,
2025-07-01,192.82,193.47,180.51,185.10,6125700,,
2025-07-02,184.70,188.44,182.71,187.02,3264900,,
2025-07-03,188.14,194.30,188.00,192.20,3342400,,
2025-07-07,191.00,194.28,190.35,193.70,4313400,,
2025-07-08,194.62,194.62,184.82,190.18,5076200,,
2025-07-09,192.72,200.25,189.84,197.01,6931500,,
2025-07-10,196.71,197.79,190.18,195.78,4358200,,
2025-07-11,194.31,197.72,191.80,196.58,3714500,,
2025-07-14,196.55,197.67,191.55,194.81,3793800,,
2025-07-15,195.18,195.18,189.20,191.37,4259400,,
2025-07-16,191.10,192.44,180.25,184.13,6605400,,
2025-07-17,186.42,187.82,181.20,182.00,3948100,,
2025-07-18,182.82,195.12,182.80,193.01,6416300,,
2025-07-21,193.64,193.69,186.91,188.23,4315900,,
2025-07-22,187.67,189.58,181.73,189.09,4187400,,
2025-07-23,198.82,207.12,197.84,200.12,8849500,,
2025-07-24,202.10,203.60,195.89,196.24,4919300,,
2025-07-25,195.02,196.30,190.72,192.20,5492100,,
2025-07-28,193.11,196.27,190.51,195.88,3211400,,
2025-07-29,197.20,199.41,194.01,198.00,4255800,,
2025-07-30,199.40,207.63,198.90,207.05,5511800,,
2025-07-31,209.74,213.05,205.73,208.54,5635400,,
2025-08-01,200.15,211.86,197.20,208.05,5737100,,
2025-08-04,210.55,215.13,208.29,214.06,4625600,,
2025-08-05,214.95,216.85,206.55,209.60,4601400,,
2025-08-06,208.64,208.64,199.21,200.85,7360600,,
2025-08-07,190.21,211.75,190.00,205.59,8944400,,
2025-08-08,206.11,208.88,201.69,202.12,4064600,,
2025-08-11,203.60,206.21,198.69,200.08,3690600,,
2025-08-12,202.51,209.96,200.49,209.56,4059700,,
2025-08-13,210.19,213.19,200.29,205.28,4111700,,
2025-08-14,204.13,207.90,202.29,202.35,3005000,,
2025-08-15,203.00,204.46,194.81,197.33,4025200,,
2025-08-18,197.00,199.40,195.30,198.96,2890400,,
2025-08-19,197.46,198.55,191.21,193.52,3358900,,
2025-08-20,191.00,193.37,183.85,192.91,5225300,,
2025-08-21,193.00,196.68,190.00,190.28,3028800,,
2025-08-22,191.14,195.50,187.14,190.46,3447300,,
2025-08-25,191.54,194.67,189.30,190.08,2723100,,
2025-08-26,190.45,195.65,189.35,195.12,3430800,,
2025-08-27,194.32,197.25,192.28,194.60,2665500,,
2025-08-28,195.20,201.38,194.62,196.70,3376200,,
2025-08-29,195.55,195.73,186.68,189.11,3999300,,
2025-09-02,184.55,186.88,182.09,185.81,4234700,,
2025-09-03,186.00,188.55,184.34,188.12,2815300,,
2025-09-04,189.00,192.11,188.80,189.73,2771800,,
2025-09-05,190.25,191.43,178.43,188.00,5199600,,
2025-09-08,189.59,190.56,184.61,188.01,4153400,,
2025-09-09,190.00,195.50,189.21,193.78,4451700,,
2025-09-10,200.52,212.88,200.00,209.21,9715800,,
2025-09-11,208.78,211.90,203.10,204.05,4408900,,
2025-09-12,202.93,210.22,202.01,209.70,3824900,,
2025-09-15,209.70,217.90,209.70,213.52,4750600,,
2025-09-16,213.80,213.80,207.31,209.43,3828400,,
2025-09-17,211.29,213.80,204.67,208.31,3468100,,
2025-09-18,213.31,214.46,208.05,210.16,3589600,,
2025-09-19,211.43,213.84,205.18,211.28,9188500,0.226,
2025-09-22,211.00,219.82,207.80,217.92,4819500,,
2025-09-23,210.11,212.76,203.46,204.24,6525200,,
2025-09-24,203.26,206.19,201.87,202.06,3844400,,
2025-09-25,198.00,204.26,196.01,201.62,4262600,,
2025-09-26,201.20,207.50,200.98,207.22,3096200,,
2025-09-29,202.00,207.13,197.70,197.94,8373900,,
2025-09-30,199.19,200.50,190.70,195.92,5828400,,
2025-10-01,195.00,204.93,192.17,201.51,5387700,,
2025-10-02,204.04,205.00,198.71,202.65,4224200,,
2025-10-03,204.35,210.20,201.50,201.99,5306900,,
2025-10-06,206.16,207.93,197.43,200.41,6019800,,
2025-10-07,201.57,203.84,195.88,199.62,2865800,,
2025-10-08,201.58,206.61,200.13,206.55,3706000,,
2025-10-09,207.00,211.07,205.34,210.00,3796100,,
2025-10-10,209.76,212.37,196.84,196.86,4388200,,
2025-10-13,201.12,209.95,200.40,209.55,3868800,,
2025-10-14,205.79,208.85,201.40,205.51,3088200,,
2025-10-15,209.32,216.03,206.40,210.85,5412000,,
2025-10-16,214.79,217.10,208.68,210.40,3562200,,
2025-10-17,207.67,210.05,200.05,201.35,4004700,,
2025-10-20,204.13,205.50,192.81,194.24,4058400,,
2025-10-21,192.88,193.42,185.57,186.52,5781700,,
2025-10-22,187.55,189.50,179.65,185.83,5344400,,
2025-10-23,185.71,192.20,185.71,191.37,3033700,,
2025-10-24,196.60,202.00,194.60,201.47,4787500,,
2025-10-27,203.66,203.66,196.50,199.30,4539500,,
2025-10-28,197.31,197.31,184.47,190.59,9390500,,
2025-10-29,192.30,200.73,189.47,199.37,6158900,,
2025-10-30,194.68,198.82,188.54,189.71,3805400,,
2025-10-31,192.00,192.89,183.52,188.30,4231300,,
2025-11-03,190.81,195.19,187.85,193.04,3585000,,
2025-11-04,188.10,191.49,184.50,185.74,3805000,,
2025-11-05,186.26,192.47,184.93,189.39,3547000,,
2025-11-06,182.89,189.12,179.53,184.62,6543600,,
2025-11-07,178.50,191.07,176.60,191.00,5805300,,
2025-11-10,194.80,196.80,184.16,188.28,4273700,,
2025-11-11,185.92,187.94,178.81,179.16,4542600,,
2025-11-12,180.33,181.30,177.29,178.27,4252100,,
2025-11-13,176.91,177.96,170.52,171.56,5467400,,
2025-11-14,167.18,180.00,165.58,174.69,5484400,,
2025-11-17,175.43,179.52,173.12,175.00,3108600,,
2025-11-18,172.66,177.42,170.66,174.42,3279100,,
2025-11-19,175.16,181.50,174.22,179.14,3384400,,
2025-11-20,184.82,189.29,173.13,173.79,4271500,,
2025-11-21,172.00,173.68,162.44,168.59,6303800,,
2025-11-24,169.57,175.20,165.90,175.14,5750900,,
2025-11-25,174.08,174.73,165.91,170.84,3865100,,
2025-11-26,174.00,177.75,173.09,176.80,2937800,,
2025-11-28,179.00,180.77,178.01,178.86,1908400,,
2025-12-01,176.01,176.48,172.69,173.64,3251000,,
2025-12-02,175.40,175.95,171.37,172.55,3029200,,
2025-12-03,172.66,173.85,168.95,171.65,2492600,,
2025-12-04,171.90,178.05,170.47,176.07,3408700,,
2025-12-05,176.52,176.63,166.47,167.17,4524300,,
2025-12-08,167.82,167.82,164.06,166.12,4230200,,
2025-12-09,165.37,169.91,164.73,164.81,3939500,,
2025-12-10,165.34,166.02,158.65,165.17,5778100,,
2025-12-11,162.05,174.89,161.01,174.60,6197100,,
2025-12-12,175.20,180.00,167.50,170.10,5870200,,
2025-12-15,172.96,173.00,166.98,168.25,4287400,,
2025-12-16,166.65,173.93,166.55,173.45,4190100,,
2025-12-17,174.01,175.14,158.70,159.97,6902900,,
2025-12-18,165.66,171.92,162.67,166.17,7652500,,
2025-12-19,166.70,171.41,162.70,163.03,7141800,,
2025-12-22,164.00,164.31,160.85,161.57,4379200,0.227,
2025-12-23,161.57,163.70,160.13,161.67,3772000,,
2025-12-24,160.99,162.59,159.77,161.96,1342200,,
2025-12-26,161.67,163.00,160.35,161.67,2317500,,
2025-12-29,161.00,164.20,159.92,161.84,2856100,,
2025-12-30,162.00,163.06,161.06,162.62,2220600,,
2025-12-31,162.89,164.50,161.22,161.33,1845100,,
2026-01-02,163.89,169.28,163.89,165.23,3838400,,
2026-01-05,169.37,171.66,160.19,162.93,4385200,,
2026-01-06,169.00,172.61,163.78,169.53,6577500,,
2026-01-07,168.65,168.65,153.54,154.60,9433200,,
2026-01-08,155.25,155.80,149.19,150.60,6866800,,
2026-01-09,174.33,174.74,165.88,166.37,14316000,,
2026-01-12,164.67,176.74,164.08,172.58,7189100,,
2026-01-13,174.00,175.45,170.82,171.42,5430300,,
2026-01-14,169.39,171.18,166.05,168.97,3888200,,
2026-01-15,173.00,182.56,171.68,180.18,7116800,,
2026-01-16,167.55,171.12,163.01,166.60,13330600,,
2026-01-20,161.27,166.00,156.25,156.81,7599100,,
2026-01-21,159.01,161.98,153.77,160.02,6651300,,
2026-01-22,161.93,163.50,159.15,160.36,4176200,,
2026-01-23,160.00,162.87,158.00,160.12,4475800,,
2026-01-26,160.59,165.31,157.90,158.81,3953100,,
2026-01-27,159.51,164.62,158.15,164.26,3622100,,
2026-01-28,166.00,166.56,161.16,165.64,4263800,,
2026-01-29,165.96,167.88,158.75,162.58,4798800,,
2026-01-30,161.50,164.50,156.86,158.35,3810800,,
2026-02-02,157.65,159.98,154.03,154.26,5506900,,
2026-02-03,156.12,156.50,150.39,153.00,4375800,,
2026-02-04,153.19,153.66,139.27,142.52,13329800,,
2026-02-05,141.00,143.91,138.53,143.07,7112900,,
2026-02-06,150.00,152.26,147.42,149.65,7406400,,
2026-02-09,150.00,155.78,147.78,152.97,5097000,,
2026-02-10,160.40,161.42,154.81,159.60,9074400,,
2026-02-11,165.00,165.31,158.55,160.15,4279300,,
2026-02-12,160.73,166.21,160.40,163.10,7493800,,
2026-02-13,162.40,171.66,161.50,171.49,5967900,,
2026-02-17,170.88,176.65,169.95,173.68,4655500,,
2026-02-18,174.01,175.50,169.61,170.57,3622700,,
2026-02-19,169.91,172.57,168.25,172.50,3154700,,
2026-02-20,172.30,173.50,169.00,171.40,3879800,,
2026-02-23,170.64,171.84,165.21,167.80,4133200,,
2026-02-24,167.28,171.68,162.88,171.62,4375300,,
2026-02-25,172.38,175.94,170.08,175.36,4810200,,
2026-02-26,171.36,177.23,164.11,176.82,7746200,,
2026-02-27,175.00,178.31,170.89,173.89,5494900,,
2026-03-02,170.20,176.52,165.83,165.99,5138100,,
2026-03-03,161.69,163.53,152.98,161.70,6653900,,
2026-03-04,161.59,164.21,160.40,163.36,4677700,,
2026-03-05,161.88,167.97,161.68,167.40,4946400,,
2026-03-06,164.45,168.38,158.30,158.65,5625400,,
2026-03-09,155.90,164.63,155.00,163.62,4109000,,
2026-03-10,165.36,168.79,164.31,164.40,4148000,,
2026-03-11,163.60,163.99,155.15,159.16,6074600,,
2026-03-12,157.08,163.20,156.70,159.58,4053200,,
2026-03-13,161.76,165.24,157.73,158.95,3679600,,
2026-03-16,161.00,163.50,160.11,161.99,2775200,,
2026-03-17,162.81,165.46,162.12,164.33,2065300,,
2026-03-18,165.75,173.00,165.50,170.12,3685300,,
2026-03-19,167.17,169.60,164.23,167.37,3106700,,
2026-03-20,166.47,166.47,144.83,146.02,11109500,0.228,
2026-03-23,151.45,155.90,149.34,151.29,5338500,,
2026-03-24,150.55,154.10,149.55,152.72,3995500,,
2026-03-25,155.00,157.95,150.38,151.51,3512900,,
2026-03-26,149.50,152.67,146.49,152.30,4437900,,
2026-03-27,151.75,160.20,151.75,155.48,4554500,,
2026-03-30,157.10,158.93,146.60,147.54,4734900,,
2026-03-31,143.90,151.47,142.34,150.33,5402200,,
2026-04-01,151.47,156.34,151.40,153.96,3782800,,
2026-04-02,151.21,154.56,150.12,151.18,2950300,,
2026-04-06,151.04,153.10,149.88,151.59,2309800,,
2026-04-07,151.07,154.16,150.28,153.68,2229100,,
2026-04-08,160.75,161.31,155.29,155.89,4320600,,
2026-04-09,155.89,162.53,152.68,152.75,4103200,,
2026-04-10,153.50,158.63,153.11,154.73,2900900,,
2026-04-13,152.65,160.72,152.65,158.20,4458600,,
2026-04-14,162.41,165.28,160.34,163.97,3767300,,
2026-04-15,165.50,166.52,162.15,162.94,3098300,,
2026-04-16,164.57,166.92,162.61,165.53,3126000,,
2026-04-17,166.26,168.49,162.26,163.46,4104300,,
2026-04-20,163.05,164.05,158.32,159.60,2924100,,
2026-04-21,160.76,161.10,154.13,154.91,3748800,,
2026-04-22,157.80,159.08,154.92,155.79,2642200,,
2026-04-23,155.96,158.87,154.50,156.85,3272600,,
2026-04-24,156.33,165.48,155.15,164.35,3481400,,
2026-04-27,165.00,168.42,158.74,166.58,4577600,,
2026-04-28,162.50,163.32,158.72,161.12,5205600,,
2026-04-29,160.86,161.14,153.08,153.79,4992800,,
2026-04-30,156.29,159.63,155.73,157.84,3954800,,
2026-05-01,158.31,160.14,154.93,155.28,3144000,,
2026-05-04,157.69,162.38,157.44,160.85,4209300,,
2026-05-05,163.00,163.80,159.80,160.38,3567200,,
2026-05-06,161.50,162.99,156.60,158.29,8214800,,
2026-05-07,163.04,168.39,153.77,153.95,7895800,,
2026-05-08,155.00,155.00,146.98,147.72,8074500,,
2026-05-11,148.00,152.75,146.28,152.05,5905400,,
2026-05-12,149.49,150.32,145.66,146.87,4904300,,
2026-05-13,146.28,146.28,139.51,142.61,6385400,,
2026-05-14,141.38,143.29,139.92,141.90,5117100,,
2026-05-15,139.78,141.09,137.81,139.68,6632200,,
2026-05-18,139.00,139.54,133.86,136.75,6321800,,
2026-05-19,135.80,136.70,132.66,134.71,5860700,,
2026-05-20,138.00,144.90,137.81,144.00,7901600,,
2026-05-21,145.47,149.28,144.88,149.08,4621400,,
2026-05-22,151.03,157.57,150.75,156.27,8062500,,
2026-05-26,158.91,167.40,158.22,164.56,8511800,,
2026-05-27,164.96,165.02,158.41,160.15,4896900,,
2026-05-28,158.84,163.53,157.60,160.28,3598000,,
2026-05-29,160.00,162.29,156.88,160.23,3781200,,
2026-06-01,157.00,158.55,151.33,154.76,4322700,,
2026-06-02,155.94,160.78,152.88,157.97,4544900,,
2026-06-03,156.51,157.91,152.95,153.80,3884900,,
2026-06-04,151.54,154.04,150.19,153.70,2969400,,
2026-06-05,152.00,154.29,147.50,148.76,3673400,,
2026-06-08,148.31,149.30,146.38,146.90,3327700,,
2026-06-09,148.42,150.30,141.54,146.22,4059000,,
2026-06-10,143.35,144.00,137.91,138.54,5195000,,
2026-06-11,140.99,146.90,139.57,146.38,5127400,,
2026-06-12,148.00,150.50,147.00,148.02,4573500,,
2026-06-15,152.81,155.45,150.25,153.52,4455200,,
2026-06-16,153.25,161.48,152.83,158.61,4942900,,
2026-06-17,158.56,162.44,157.21,158.83,4490400,,
2026-06-18,162.09,170.34,160.03,163.75,7976300,,
2026-06-22,163.50,170.50,162.90,167.26,4971200,0.229,
2026-06-23,160.08,165.82,159.15,162.39,3855400,,
2026-06-24,163.03,165.64,159.88,162.87,3722600,,
2026-06-25,166.91,171.35,166.01,167.77,3633200,,
2026-06-26,165.86,167.93,163.19,163.49,5487400,,
2026-06-29,163.70,165.60,161.02,162.38,2814800,,
2026-06-30,162.58,165.45,156.51,158.63,4182000,,
2026-07-01,156.00,157.32,151.05,153.16,5090100,,
2026-07-02,153.95,156.24,148.50,151.05,4254100,,
2026-07-06,152.47,157.24,152.01,157.22,3395800,,
2026-07-07,156.13,159.41,154.01,155.73,3027300,,
2026-07-08,153.99,156.49,151.32,154.82,3605700,,
2026-07-09,159.01,161.18,157.44,157.98,2907500,,
2026-07-10,157.55,160.02,157.05,158.86,2996000,,
2026-07-13,157.65,159.43,156.20,158.12,3613300,,
2026-07-14,161.00,168.21,157.03,158.43,5415600,,
2026-07-15,162.50,166.94,157.94,160.23,5504500,,
2026-07-16,157.87,158.10,148.52,152.56,7070000,,
2026-07-17,150.36,157.25,148.14,155.44,4441000,,
2026-07-20,157.52,158.57,155.60,157.99,3256700,,
2026-07-21,160.99,164.46,160.01,162.33,3721400,,
2026-07-22,160.11,167.81,159.63,166.74,2971500,,
2026-07-23,166.26,169.06,165.01,168.98,2538200,,
2026-07-24,168.69,169.76,162.31,163.38,2553500,,
2026-07-27,165.50,166.15,155.54,157.08,4478000,,
2026-07-28,153.92,153.99,146.21,148.64,5857500,,
2026-07-29,148.72,149.28,142.16,142.81,4925900,,
2026-07-30,148.00,151.97,147.09,148.62,4599600,,
2026-07-31,151.85,153.13,146.52,148.19,4390700,,
2026-08-03,148.77,156.96,146.19,155.94,4018200,,
2026-08-04,155.60,156.99,143.03,143.23,11481100,,
