date,open,high,low,close,volume,div,split
2016-08-04,110.85,111.18,110.69,110.97,1113600,,
2016-08-05,111.42,111.92,111.32,111.89,1379600,,
2016-08-08,111.99,112.12,111.69,111.82,1238800,,
2016-08-09,111.94,112.18,111.75,111.92,1032500,,
2016-08-10,111.94,112.05,111.42,111.59,1259100,,
2016-08-11,111.98,112.26,111.73,112.15,1378000,,
2016-08-12,111.97,112.17,111.76,112.04,1542900,,
2016-08-15,112.29,112.64,112.07,112.45,1442800,,
2016-08-16,112.23,112.24,111.81,111.81,1228600,,
2016-08-17,111.84,112.03,111.27,111.95,2791500,,
2016-08-18,111.92,112.30,111.71,112.30,972100,,
2016-08-19,112.00,112.23,111.73,112.14,1000600,,
2016-08-22,112.04,112.25,111.77,112.17,1102000,,
2016-08-23,112.48,112.78,112.44,112.47,3252300,,
2016-08-24,112.43,112.46,111.59,111.84,2267800,,
2016-08-25,111.70,112.07,111.55,111.77,1205200,,
2016-08-26,111.87,112.55,111.05,111.54,1851100,,
2016-08-29,111.72,112.33,111.70,112.15,1071200,,
2016-08-30,112.16,112.30,111.66,111.97,1534600,,
2016-08-31,111.88,111.90,111.20,111.65,1393700,,
2016-09-01,111.77,111.89,110.97,111.71,1670900,,
2016-09-02,112.19,112.51,111.92,112.28,1563200,,
2016-09-06,112.46,112.62,112.02,112.60,4111700,,
2016-09-07,112.54,112.75,112.29,112.75,1590000,,
2016-09-08,112.57,112.67,112.26,112.46,1152400,,
2016-09-09,111.72,111.73,109.65,109.66,3337400,,
2016-09-12,109.19,111.40,109.05,111.19,3043500,,
2016-09-13,109.95,110.01,108.57,108.92,5122100,0.539,
2016-09-14,109.05,109.71,108.61,108.93,2041600,,
2016-09-15,108.86,110.25,108.74,110.05,2960400,,
2016-09-16,109.75,109.77,109.22,109.61,2779400,,
2016-09-19,110.19,110.50,109.52,109.77,3430200,,
2016-09-20,110.29,110.33,109.69,109.72,1603400,,
2016-09-21,110.11,111.08,109.71,110.98,1971800,,
2016-09-22,111.63,111.92,111.53,111.79,1525300,,
2016-09-23,111.59,111.68,111.11,111.15,1531900,,
2016-09-26,110.64,110.87,110.21,110.27,2136700,,
2016-09-27,110.23,110.95,109.99,110.90,1292400,,
2016-09-28,111.06,111.60,110.46,111.55,1439800,,
2016-09-29,111.48,111.62,110.17,110.46,2037100,,
2016-09-30,110.97,111.71,110.75,111.33,1722500,,
2016-10-03,111.09,111.23,110.63,110.99,2207600,,
2016-10-04,111.12,111.22,110.10,110.49,2701100,,
2016-10-05,110.78,111.22,110.59,110.92,2119000,,
2016-10-06,110.75,111.09,110.39,110.96,1067600,,
2016-10-07,111.15,111.23,110.06,110.54,1770400,,
2016-10-10,110.54,111.44,110.54,111.14,1135000,,
2016-10-11,110.94,110.95,109.24,109.66,1996900,,
2016-10-12,109.78,110.13,109.46,109.79,1849100,,
2016-10-13,109.01,109.72,108.48,109.40,1986200,,
2016-10-14,110.00,110.32,109.36,109.37,2673900,,
2016-10-17,109.38,109.54,108.94,109.06,2507700,,
2016-10-18,109.92,110.03,109.50,109.70,1635200,,
2016-10-19,109.94,110.25,109.62,110.05,1408200,,
2016-10-20,109.90,110.17,109.42,109.84,2017000,,
2016-10-21,109.41,109.90,109.20,109.80,1234400,,
2016-10-24,110.39,110.60,110.13,110.35,2004700,,
2016-10-25,110.25,110.33,109.79,109.88,2079100,,
2016-10-26,109.47,109.97,109.26,109.55,1827200,,
2016-10-27,110.00,110.00,109.08,109.18,1597800,,
2016-10-28,109.11,109.56,108.47,108.82,2868100,,
2016-10-31,109.05,109.21,108.81,108.89,1913600,,
2016-11-01,109.10,109.19,107.39,108.08,3169800,,
2016-11-02,107.87,108.08,107.11,107.33,2957400,,
2016-11-03,107.42,107.63,106.71,106.86,2096400,,
2016-11-04,106.89,107.51,106.69,106.79,2805400,,
2016-11-07,108.41,109.17,108.21,109.15,2527700,,
2016-11-08,109.01,109.99,108.73,109.62,2074200,,
2016-11-09,108.77,111.33,108.50,110.98,6482000,,
2016-11-10,111.59,112.13,110.48,111.37,5083500,,
2016-11-11,111.00,111.51,110.69,111.41,4005200,,
2016-11-14,111.78,112.05,111.29,111.70,5234000,,
2016-11-15,112.04,112.60,111.76,112.57,6037200,,
2016-11-16,112.37,112.53,112.14,112.41,7113900,,
2016-11-17,112.53,113.04,112.35,112.98,1874800,,
2016-11-18,113.05,113.12,112.67,112.77,2298200,,
2016-11-21,113.12,113.63,112.87,113.62,2493900,,
2016-11-22,113.88,114.04,113.44,113.95,2673200,,
2016-11-23,113.72,114.12,113.49,114.11,1818700,,
2016-11-25,114.35,114.55,114.21,114.55,889800,,
2016-11-28,114.32,114.41,113.80,113.89,1849800,,
2016-11-29,113.90,114.35,113.68,114.05,1544200,,
2016-11-30,114.47,114.55,113.78,113.78,4406200,,
2016-12-01,114.03,114.03,113.07,113.31,2601100,,
2016-12-02,113.34,113.67,113.15,113.31,1755900,,
2016-12-05,113.90,114.37,113.77,114.10,3842900,,
2016-12-06,114.34,114.71,114.02,114.68,2357100,,
2016-12-07,114.63,116.19,114.51,116.10,4000000,,
2016-12-08,116.18,116.85,115.97,116.52,2679400,,
2016-12-09,116.77,117.15,116.62,117.15,2310200,,
2016-12-12,117.12,117.35,116.59,116.85,4224500,,
2016-12-13,117.30,117.79,117.13,117.53,4393900,,
2016-12-14,117.48,117.73,116.23,116.47,3885400,,
2016-12-15,116.56,117.53,116.50,116.95,3343100,,
2016-12-16,117.27,117.38,116.59,116.77,1991600,,
2016-12-19,116.96,117.32,116.80,117.10,2405700,,
2016-12-20,116.88,116.93,116.60,116.87,2942400,0.727,
2016-12-21,116.87,116.92,116.54,116.54,2248600,,
2016-12-22,116.42,116.51,115.98,116.24,3105800,,
2016-12-23,116.23,116.42,116.13,116.42,2325800,,
2016-12-27,116.57,116.99,116.50,116.71,3386800,,
2016-12-28,116.88,116.93,115.66,115.74,2591000,,
2016-12-29,115.74,116.03,115.47,115.75,1622700,,
2016-12-30,116.00,116.00,114.96,115.32,2909900,,
2017-01-03,116.15,116.55,115.49,116.20,2731600,,
2017-01-04,116.47,117.19,116.42,117.09,3228700,,
2017-01-05,116.95,117.09,116.40,116.86,2604000,,
2017-01-06,117.02,117.52,116.64,117.23,2317600,,
2017-01-09,117.10,117.14,116.74,116.78,2461400,,
2017-01-10,116.76,117.36,116.62,116.87,2055300,,
2017-01-11,116.91,117.24,116.49,117.24,2751800,,
2017-01-12,117.04,117.04,116.01,116.93,2342300,,
2017-01-13,116.99,117.40,116.98,117.22,2031800,,
2017-01-17,116.86,117.06,116.47,116.70,2583600,,
2017-01-18,116.80,117.00,116.48,116.97,1901700,,
2017-01-19,117.03,117.14,116.24,116.51,1899300,,
2017-01-20,116.84,117.23,116.59,116.91,2636100,,
2017-01-23,116.75,116.97,116.17,116.60,1938900,,
2017-01-24,116.82,117.74,116.74,117.51,2165400,,
2017-01-25,118.02,118.56,117.94,118.52,2427800,,
2017-01-26,118.56,118.62,118.23,118.35,2178500,,
2017-01-27,118.45,118.48,118.02,118.16,1479500,,
2017-01-30,117.73,117.80,116.68,117.36,3006100,,
2017-01-31,117.00,117.46,116.73,117.46,3309700,,
2017-02-01,117.86,118.04,117.07,117.45,2614500,,
2017-02-02,117.21,117.72,117.02,117.53,1745200,,
2017-02-03,117.99,118.52,117.92,118.42,1837600,,
2017-02-06,118.26,118.41,117.94,118.14,1598800,,
2017-02-07,118.43,118.53,117.96,118.13,3365700,,
2017-02-08,118.13,118.32,117.69,118.26,1836000,,
2017-02-09,118.26,119.21,118.26,119.04,1635300,,
2017-02-10,119.29,119.70,119.21,119.54,1837800,,
2017-02-13,119.92,120.33,119.87,120.14,1985500,,
2017-02-14,120.10,120.63,119.85,120.58,2051200,,
2017-02-15,120.57,121.35,120.45,121.24,1998200,,
2017-02-16,121.25,121.37,120.64,121.13,2034600,,
2017-02-17,120.66,121.31,120.66,121.31,1948400,,
2017-02-21,121.55,122.13,121.39,122.03,2422800,,
2017-02-22,121.82,122.03,121.68,121.87,1974000,,
2017-02-23,122.21,122.23,121.32,121.78,2024900,,
2017-02-24,121.38,121.99,121.24,121.98,2962900,,
2017-02-27,121.92,122.36,121.74,122.25,2625100,,
2017-02-28,122.18,122.18,121.61,121.80,2231800,,
2017-03-01,122.81,123.73,122.65,123.44,2874400,,
2017-03-02,123.42,123.42,122.61,122.65,2421400,,
2017-03-03,122.63,122.80,122.33,122.75,1651200,,
2017-03-06,122.48,122.48,121.90,122.27,1716200,,
2017-03-07,122.21,122.29,121.75,121.88,1612500,,
2017-03-08,121.99,122.18,121.47,121.54,2374200,,
2017-03-09,121.60,121.89,121.02,121.60,3852800,,
2017-03-10,122.19,122.25,121.46,122.04,2987300,,
2017-03-13,122.06,122.16,121.86,122.13,2003900,,
2017-03-14,121.87,121.87,121.24,121.69,2269500,,
2017-03-15,121.98,123.04,121.89,122.79,1892200,,
2017-03-16,122.96,123.00,122.43,122.64,2050100,,
2017-03-17,122.84,122.88,122.45,122.57,1974000,,
2017-03-20,122.51,122.62,122.07,122.28,3239900,,
2017-03-21,122.69,122.72,120.44,120.57,3355100,,
2017-03-22,120.48,120.91,120.10,120.73,2896300,,
2017-03-23,120.66,121.39,120.47,120.69,2257100,,
2017-03-24,120.42,120.74,119.66,120.16,2305400,0.542,
2017-03-27,119.18,120.19,118.89,120.02,2927700,,
2017-03-28,119.96,121.14,119.78,120.86,2699200,,
2017-03-29,120.88,121.23,120.58,121.08,3196500,,
2017-03-30,121.14,121.62,120.99,121.53,2076900,,
2017-03-31,121.42,121.72,121.26,121.32,1815900,,
2017-04-03,121.45,121.50,120.33,121.02,3103100,,
2017-04-04,120.89,121.11,120.64,121.08,2462600,,
2017-04-05,121.49,122.02,120.44,120.59,3905800,,
2017-04-06,120.69,121.26,120.38,120.97,2056100,,
2017-04-07,120.84,121.29,120.59,120.88,1997000,,
2017-04-10,121.04,121.51,120.70,121.03,1669500,,
2017-04-11,120.87,121.00,120.06,120.99,2895500,,
2017-04-12,120.88,120.99,120.23,120.37,1967200,,
2017-04-13,120.15,120.56,119.55,119.55,2852200,,
2017-04-17,119.88,120.61,119.68,120.59,3198700,,
2017-04-18,120.20,120.57,119.85,120.33,1865800,,
2017-04-19,120.72,120.92,120.08,120.23,1806900,,
2017-04-20,120.59,121.43,120.37,121.22,1783400,,
2017-04-21,121.21,121.21,120.61,120.83,2006500,,
2017-04-24,122.17,122.28,121.88,122.11,2178800,,
2017-04-25,122.56,123.09,122.52,122.87,2145200,,
2017-04-26,122.90,123.45,122.85,122.90,3080100,,
2017-04-27,123.12,123.21,122.69,123.02,1868200,,
2017-04-28,123.16,123.21,122.55,122.61,1795800,,
2017-05-01,122.93,123.19,122.62,122.93,1983100,,
2017-05-02,123.09,123.25,122.70,122.93,1756900,,
2017-05-03,122.59,122.78,122.28,122.63,3691000,,
2017-05-04,122.83,122.83,122.16,122.72,1564300,,
2017-05-05,122.95,123.33,122.68,123.33,2057700,,
2017-05-08,123.36,123.45,122.90,123.14,2150900,,
2017-05-09,123.36,123.43,122.85,123.10,1846200,,
2017-05-10,123.09,123.38,122.93,123.37,1468500,,
2017-05-11,123.02,123.13,122.33,123.01,1499600,,
2017-05-12,122.91,122.91,122.60,122.77,1235300,,
2017-05-15,123.07,123.59,123.04,123.43,3097000,,
2017-05-16,123.63,123.65,123.07,123.36,2128400,,
2017-05-17,122.31,122.56,121.07,121.14,3703500,,
2017-05-18,120.94,122.02,120.85,121.50,2883400,,
2017-05-19,121.91,122.77,121.82,122.37,2144200,,
2017-05-22,122.67,123.10,122.64,123.02,1810100,,
2017-05-23,123.25,123.39,122.95,123.23,1796600,,
2017-05-24,123.44,123.66,123.23,123.59,1552200,,
2017-05-25,123.90,124.27,123.79,124.11,1492300,,
2017-05-26,124.00,124.15,123.93,124.09,1320800,,
2017-05-30,123.87,124.06,123.71,123.89,1348300,,
2017-05-31,124.01,124.09,123.31,123.85,2043800,,
2017-06-01,124.17,125.00,123.96,125.00,1926700,,
2017-06-02,125.09,125.58,124.87,125.41,2839300,,
2017-06-05,125.42,125.50,125.22,125.25,1494200,,
2017-06-06,124.96,125.29,124.78,124.93,2985200,,
2017-06-07,125.12,125.24,124.68,125.07,1253300,,
2017-06-08,125.12,125.53,124.88,125.29,1826700,,
2017-06-09,125.48,126.02,124.45,125.19,2585600,,
2017-06-12,125.06,125.20,124.63,125.17,1973500,,
2017-06-13,125.52,125.84,125.32,125.79,1567400,,
2017-06-14,126.00,126.02,125.10,125.61,2584300,,
2017-06-15,124.77,125.35,124.63,125.33,2483500,,
2017-06-16,125.42,125.53,124.74,125.25,2018000,,
2017-06-19,125.67,126.35,125.67,126.27,1816100,,
2017-06-20,126.16,126.17,125.40,125.41,1359500,,
2017-06-21,125.11,125.20,124.51,124.69,3364600,0.575,
2017-06-22,124.78,125.08,124.59,124.74,1639300,,
2017-06-23,124.81,125.19,124.58,125.05,1829300,,
2017-06-26,125.45,125.69,124.95,125.14,2605600,,
2017-06-27,125.09,125.23,124.10,124.11,2386300,,
2017-06-28,124.77,125.41,124.59,125.28,2444400,,
2017-06-29,125.46,125.48,123.48,124.28,2354500,,
2017-06-30,124.76,124.90,124.30,124.45,1910000,,
2017-07-03,124.99,125.30,124.75,124.75,1645700,,
2017-07-05,124.98,125.02,124.39,124.89,2167500,,
2017-07-06,124.44,124.55,123.56,123.66,1881800,,
2017-07-07,123.96,124.62,123.90,124.52,1709700,,
2017-07-10,124.50,124.83,124.36,124.61,1404700,,
2017-07-11,124.53,124.73,123.83,124.58,1560200,,
2017-07-12,125.20,125.63,125.10,125.47,1993100,,
2017-07-13,125.56,125.76,125.31,125.67,1514100,,
2017-07-14,125.77,126.50,125.65,126.23,1410900,,
2017-07-17,126.28,126.45,126.12,126.23,1798400,,
2017-07-18,126.11,126.33,125.78,126.31,2010000,,
2017-07-19,126.51,127.05,126.51,127.04,1276400,,
2017-07-20,127.28,127.28,126.80,127.12,1463800,,
2017-07-21,126.81,126.99,126.64,126.95,1819500,,
2017-07-24,126.91,127.06,126.69,126.96,4897700,,
2017-07-25,127.51,127.57,127.20,127.38,1709400,,
2017-07-26,127.55,127.60,127.17,127.29,1624400,,
2017-07-27,127.58,127.58,126.31,127.07,1707800,,
2017-07-28,126.78,126.96,126.54,126.86,1651800,,
2017-07-31,127.11,127.18,126.62,126.79,1496600,,
2017-08-01,127.18,127.21,126.80,127.05,1790600,,
2017-08-02,127.14,127.14,126.37,126.93,2929400,,
2017-08-03,126.90,126.91,126.52,126.64,2582500,,
2017-08-04,127.00,127.07,126.70,126.91,972400,,
2017-08-07,127.06,127.18,126.88,127.16,1114700,,
2017-08-08,127.05,127.72,126.61,126.81,1360300,,
2017-08-09,126.35,126.69,126.17,126.67,1679900,,
2017-08-10,126.14,126.21,124.80,124.81,2455300,,
2017-08-11,124.94,125.33,124.80,125.04,2039100,,
2017-08-14,125.80,126.43,125.61,126.32,1467400,,
2017-08-15,126.61,126.63,126.08,126.20,1523000,,
2017-08-16,126.50,126.80,126.23,126.43,1379800,,
2017-08-17,126.09,126.29,124.42,124.42,3440500,,
2017-08-18,124.48,124.94,123.95,124.21,2836500,,
2017-08-21,124.22,124.48,123.79,124.39,1627300,,
2017-08-22,124.73,125.75,124.56,125.64,2089500,,
2017-08-23,125.07,125.51,125.02,125.26,1268800,,
2017-08-24,125.50,125.63,124.94,125.06,1381700,,
2017-08-25,125.42,125.85,125.24,125.36,1158200,,
2017-08-28,125.66,125.66,125.11,125.41,1787900,,
2017-08-29,124.59,125.62,124.52,125.46,1312300,,
2017-08-30,125.46,126.28,125.38,126.12,1730600,,
2017-08-31,126.46,127.14,126.46,126.98,3384400,,
2017-09-01,127.23,127.46,127.12,127.27,2122600,,
2017-09-05,126.92,127.10,125.69,126.29,2319000,,
2017-09-06,126.69,126.86,126.32,126.64,1449900,,
2017-09-07,126.96,126.96,126.32,126.58,1218600,,
2017-09-08,126.35,126.74,126.27,126.49,1206100,,
2017-09-11,127.15,127.91,127.15,127.85,1346500,,
2017-09-12,128.04,128.34,128.00,128.34,2264200,,
2017-09-13,128.23,128.41,128.12,128.40,1692500,,
2017-09-14,128.23,128.48,128.07,128.36,1493200,,
2017-09-15,128.31,128.62,128.20,128.60,1531300,,
2017-09-18,128.85,129.10,128.69,128.91,1792300,,
2017-09-19,129.06,129.10,128.85,128.97,1241700,,
2017-09-20,129.10,129.21,128.60,129.18,1729200,,
2017-09-21,129.12,129.13,128.72,128.82,1730600,,
2017-09-22,128.14,128.44,127.99,128.37,1601600,0.553,
2017-09-25,128.24,128.43,127.69,128.16,2186000,,
2017-09-26,128.35,128.51,128.11,128.19,1851500,,
2017-09-27,128.84,129.10,128.17,128.89,2374400,,
2017-09-28,128.82,129.13,128.66,129.10,1484800,,
2017-09-29,129.02,129.56,129.01,129.52,1720600,,
2017-10-02,129.64,130.20,129.55,130.20,2678000,,
2017-10-03,130.31,130.50,130.13,130.46,1825100,,
2017-10-04,130.45,130.78,130.30,130.59,1495700,,
2017-10-05,130.73,131.34,130.72,131.28,2387200,,
2017-10-06,131.06,131.23,130.91,131.19,1635000,,
2017-10-09,131.30,131.36,130.76,130.93,1012100,,
2017-10-10,131.25,131.48,130.94,131.24,2915300,,
2017-10-11,131.24,131.43,131.10,131.42,2012700,,
2017-10-12,131.16,131.45,131.12,131.26,2171200,,
2017-10-13,131.55,131.59,131.28,131.36,1543900,,
2017-10-16,131.50,131.65,131.27,131.45,1789500,,
2017-10-17,131.50,131.57,131.34,131.51,1340600,,
2017-10-18,131.80,131.83,131.57,131.68,1470900,,
2017-10-19,131.25,131.71,130.94,131.71,1942600,,
2017-10-20,132.07,132.45,132.07,132.42,1751000,,
2017-10-23,132.63,132.68,131.79,131.86,1755700,,
2017-10-24,132.16,132.23,131.89,132.09,1574400,,
2017-10-25,131.91,131.95,130.69,131.40,2186500,,
2017-10-26,131.72,132.01,131.49,131.57,5396300,,
2017-10-27,131.94,132.67,131.76,132.64,2672600,,
2017-10-30,131.94,132.54,131.90,132.06,1688900,,
2017-10-31,132.27,132.50,132.12,132.33,2378300,,
2017-11-01,132.83,133.03,132.17,132.44,2275500,,
2017-11-02,132.34,132.53,131.82,132.47,5097200,,
2017-11-03,132.54,132.89,132.28,132.82,2677400,,
2017-11-06,132.77,133.17,132.75,133.07,2017700,,
2017-11-07,133.16,133.33,132.53,132.84,2527400,,
2017-11-08,132.73,133.12,132.55,133.06,1267700,,
2017-11-09,132.38,132.74,131.62,132.52,4320300,,
2017-11-10,132.24,132.63,132.17,132.54,2042100,,
2017-11-13,132.11,132.75,132.08,132.61,1876000,,
2017-11-14,132.22,132.42,131.79,132.37,3776500,,
2017-11-15,131.79,132.08,131.21,131.69,1772400,,
2017-11-16,132.11,133.10,132.11,132.89,1730600,,
2017-11-17,132.64,132.91,132.61,132.64,4850200,,
2017-11-20,132.82,133.05,132.68,132.98,1805700,,
2017-11-21,133.44,133.94,133.42,133.90,1956900,,
2017-11-22,133.94,134.00,133.69,133.80,1295600,,
2017-11-24,134.08,134.13,133.98,134.11,670500,,
2017-11-27,134.12,134.29,133.87,133.97,1754300,,
2017-11-28,134.25,135.36,134.14,135.30,2922900,,
2017-11-29,135.46,135.79,135.02,135.30,2066300,,
2017-11-30,135.88,136.92,135.78,136.34,2854400,,
2017-12-01,136.28,136.50,134.04,136.07,3585700,,
2017-12-04,137.04,137.38,135.88,135.89,3119400,,
2017-12-05,136.09,136.33,135.23,135.31,2583300,,
2017-12-06,135.34,135.46,135.00,135.23,2835600,,
2017-12-07,135.14,135.94,135.08,135.77,1537600,,
2017-12-08,136.37,136.52,136.07,136.48,1502600,,
2017-12-11,136.50,136.83,136.48,136.80,1934300,,
2017-12-12,136.98,137.25,136.81,136.95,1517200,,
2017-12-13,137.03,137.43,136.91,136.97,1858800,,
2017-12-14,137.22,137.24,136.27,136.33,1856100,,
2017-12-15,136.95,137.83,136.87,137.55,2293000,,
2017-12-18,138.26,138.68,138.26,138.50,2696300,,
2017-12-19,138.72,138.72,137.90,137.94,3642100,,
2017-12-20,138.50,138.55,137.68,137.93,2522200,,
2017-12-21,137.62,137.93,137.39,137.57,2111200,0.673,
2017-12-22,137.64,137.86,137.19,137.52,1926000,,
2017-12-26,137.34,137.52,137.29,137.41,2051300,,
2017-12-27,137.58,137.72,137.34,137.46,2242400,,
2017-12-28,137.79,137.81,137.51,137.76,2936500,,
2017-12-29,138.08,138.10,137.15,137.25,2256500,,
2018-01-02,137.75,138.23,137.44,138.22,3699700,,
2018-01-03,138.39,139.10,138.30,139.02,3052300,,
2018-01-04,139.42,139.81,139.35,139.55,2572400,,
2018-01-05,140.02,140.44,139.72,140.37,2188500,,
2018-01-08,140.31,140.77,140.10,140.69,2655300,,
2018-01-09,140.92,141.31,140.71,140.95,2625200,,
2018-01-10,140.57,140.85,140.07,140.73,2014900,,
2018-01-11,141.00,141.92,140.97,141.92,2188000,,
2018-01-12,142.08,142.85,142.00,142.75,2661800,,
2018-01-16,143.53,143.82,141.71,142.12,3973400,,
2018-01-17,142.72,143.64,142.25,143.43,2756400,,
2018-01-18,143.42,143.58,142.90,143.18,2705800,,
2018-01-19,143.49,143.93,143.19,143.92,2119000,,
2018-01-22,143.84,145.06,143.84,145.06,2849900,,
2018-01-23,145.10,145.57,144.92,145.42,2261300,,
2018-01-24,145.85,146.11,144.63,145.28,3409300,,
2018-01-25,145.84,145.84,144.87,145.34,4234600,,
2018-01-26,145.82,146.87,145.63,146.86,1995900,,
2018-01-29,146.58,146.82,145.82,145.90,2688200,,
2018-01-30,144.74,145.15,144.15,144.38,4898200,,
2018-01-31,144.94,145.24,143.79,144.43,4670200,,
2018-02-01,143.98,145.02,143.84,144.37,2924800,,
2018-02-02,143.51,143.68,141.24,141.30,5323600,,
2018-02-05,140.21,141.40,135.15,135.74,10357400,,
2018-02-06,133.26,138.24,132.50,137.96,10791200,,
2018-02-07,137.83,139.56,137.35,137.35,6176300,,
2018-02-08,137.53,137.80,132.35,132.41,7683300,,
2018-02-09,133.90,135.21,129.84,134.23,9474000,,
2018-02-12,135.35,136.85,134.23,136.02,4251900,,
2018-02-13,135.34,136.70,135.01,136.45,2973000,,
2018-02-14,135.62,138.55,135.57,138.36,3076800,,
2018-02-15,139.33,140.05,137.95,140.05,2853000,,
2018-02-16,139.68,141.23,139.67,140.11,2813100,,
2018-02-20,139.56,140.44,138.82,139.27,2490000,,
2018-02-21,139.45,140.96,138.61,138.62,2182200,,
2018-02-22,139.19,140.09,138.38,138.71,2111700,,
2018-02-23,139.45,140.86,139.14,140.86,1439500,,
2018-02-26,141.50,142.41,141.04,142.34,1765700,,
2018-02-27,142.41,142.86,140.55,140.55,2305100,,
2018-02-28,141.18,141.40,138.97,139.00,2290500,,
2018-03-01,139.07,139.88,136.40,137.35,4846700,,
2018-03-02,136.28,138.51,135.83,138.24,3021300,,
2018-03-05,137.55,140.15,137.50,139.80,2916600,,
2018-03-06,140.36,140.61,139.32,140.31,2788000,,
2018-03-07,139.05,140.61,138.97,140.43,2569100,,
2018-03-08,140.83,141.03,140.11,140.96,2307500,,
2018-03-09,141.79,143.30,141.55,143.30,2325100,,
2018-03-12,143.49,143.85,142.96,143.22,1999200,,
2018-03-13,143.86,144.14,142.01,142.33,2080500,,
2018-03-14,142.90,142.99,141.35,141.61,2103100,,
2018-03-15,141.96,142.22,141.11,141.42,1927900,,
2018-03-16,141.58,142.19,141.58,141.66,2641400,,
2018-03-19,141.16,141.40,138.86,139.84,3154300,,
2018-03-20,140.00,140.42,139.66,140.05,1672000,,
2018-03-21,140.05,141.24,139.78,139.93,2106700,,
2018-03-22,138.15,138.61,135.85,135.95,3130600,0.566,
2018-03-23,136.13,136.44,133.03,133.10,5697000,,
2018-03-26,135.09,136.73,133.76,136.61,3859500,,
2018-03-27,137.18,137.31,133.43,134.19,3309900,,
2018-03-28,134.36,135.19,133.23,133.88,4740000,,
2018-03-29,134.49,136.59,134.16,135.72,2346400,,
2018-04-02,135.29,135.57,131.26,132.63,5703700,,
2018-04-03,133.35,134.54,132.35,134.28,3737200,,
2018-04-04,132.19,136.10,132.10,135.79,2928000,,
2018-04-05,136.65,137.23,136.11,136.74,2683600,,
2018-04-06,135.73,136.54,132.92,133.87,4942600,,
2018-04-09,134.72,136.30,134.16,134.32,2239400,,
2018-04-10,136.00,136.97,135.46,136.50,2153900,,
2018-04-11,135.67,136.83,135.40,135.87,2063800,,
2018-04-12,136.73,137.53,136.51,136.97,1858700,,
2018-04-13,137.72,137.75,136.01,136.58,2192600,,
2018-04-16,137.54,138.15,136.97,137.72,2892600,,
2018-04-17,138.73,139.53,138.43,139.17,2219900,,
2018-04-18,139.54,139.85,139.09,139.36,1554400,,
2018-04-19,138.98,139.18,138.02,138.60,4003900,,
2018-04-20,138.56,138.67,137.03,137.50,1669600,,
2018-04-23,137.78,138.16,136.81,137.45,2033700,,
2018-04-24,138.10,138.19,134.86,135.80,3053500,,
2018-04-25,135.77,136.25,134.61,135.95,2275400,,
2018-04-26,136.52,137.68,136.25,137.24,1284600,,
2018-04-27,137.54,137.74,136.80,137.33,1133600,,
2018-04-30,137.69,137.99,136.25,136.33,2277100,,
2018-05-01,136.04,136.60,135.12,136.54,1762700,,
2018-05-02,136.46,136.97,135.54,135.75,1661600,,
2018-05-03,135.19,135.80,133.66,135.38,2638000,,
2018-05-04,134.97,137.56,134.64,137.13,2379400,,
2018-05-07,137.65,138.31,137.38,137.73,1448000,,
2018-05-08,137.59,138.01,136.98,137.78,1357400,,
2018-05-09,138.20,139.27,137.90,139.08,1451700,,
2018-05-10,139.51,140.54,139.44,140.29,1810100,,
2018-05-11,140.41,140.87,140.05,140.57,1199100,,
2018-05-14,140.94,141.30,140.39,140.64,1396900,,
2018-05-15,139.95,140.11,139.34,139.79,2279700,,
2018-05-16,139.85,140.76,139.85,140.47,1345900,,
2018-05-17,140.38,141.04,140.02,140.51,1658500,,
2018-05-18,140.36,140.51,139.97,140.20,910200,,
2018-05-21,141.06,141.53,140.84,141.25,1299600,,
2018-05-22,141.56,141.66,140.59,140.73,1213000,,
2018-05-23,140.09,141.10,140.00,141.10,1431800,,
2018-05-24,140.93,141.06,139.86,140.87,1405100,,
2018-05-25,140.60,140.91,140.28,140.60,1264500,,
2018-05-29,139.80,140.16,138.54,139.21,2695000,,
2018-05-30,139.97,141.31,139.91,141.01,1587000,,
2018-05-31,140.88,140.95,139.81,140.04,1700900,,
2018-06-01,140.93,141.65,140.76,141.50,1857800,,
2018-06-04,141.90,142.26,141.73,142.16,1592000,,
2018-06-05,142.26,142.52,141.83,142.37,2952100,,
2018-06-06,142.75,143.63,142.38,143.63,3011000,,
2018-06-07,143.81,144.00,142.90,143.42,1663400,,
2018-06-08,143.27,143.94,143.12,143.91,1084200,,
2018-06-11,144.00,144.47,143.97,144.12,1664500,,
2018-06-12,144.40,144.61,144.00,144.42,1582300,,
2018-06-13,144.54,144.66,143.80,143.88,1402000,,
2018-06-14,144.40,144.57,143.89,144.29,1809800,,
2018-06-15,143.85,144.33,143.23,144.15,3328300,,
2018-06-18,143.30,144.06,143.03,143.99,1603500,,
2018-06-19,142.75,143.62,142.40,143.51,1962500,,
2018-06-20,143.95,144.19,143.59,143.84,1468400,,
2018-06-21,143.83,143.85,142.56,142.85,1881300,,
2018-06-22,143.00,143.08,142.37,142.45,1226300,0.603,
2018-06-25,141.85,141.99,139.54,140.45,4347700,,
2018-06-26,140.70,141.25,140.30,140.77,2085300,,
2018-06-27,141.20,141.89,139.45,139.46,2958800,,
2018-06-28,139.43,140.69,138.99,140.33,2490500,,
2018-06-29,140.90,141.66,140.39,140.43,1834000,,
2018-07-02,139.56,140.88,139.43,140.77,2825900,,
2018-07-03,141.36,141.47,140.22,140.41,1325900,,
2018-07-05,141.13,141.62,140.45,141.60,2796400,,
2018-07-06,141.66,143.00,141.44,142.79,1756400,,
2018-07-09,143.46,144.11,143.14,144.09,2153000,,
2018-07-10,144.39,144.61,144.03,144.46,1437000,,
2018-07-11,143.62,144.10,143.10,143.43,2042300,,
2018-07-12,144.18,144.66,143.72,144.61,1440600,,
2018-07-13,144.53,144.98,144.26,144.70,1964700,,
2018-07-16,144.77,144.84,144.22,144.47,1571100,,
2018-07-17,144.02,145.33,144.01,145.13,1767100,,
2018-07-18,145.13,145.50,144.85,145.45,1327700,,
2018-07-19,145.07,145.42,144.60,145.10,2034200,,
2018-07-20,145.00,145.24,144.56,144.84,1507800,,
2018-07-23,144.79,145.16,144.47,145.07,1444500,,
2018-07-24,145.77,146.09,144.90,145.39,2340000,,
2018-07-25,145.30,146.67,145.01,146.63,2125700,,
2018-07-26,146.23,146.74,146.00,146.39,2084600,,
2018-07-27,146.60,146.64,144.63,145.22,2535000,,
2018-07-30,145.22,145.34,144.06,144.27,5379700,,
2018-07-31,144.82,145.51,144.54,145.09,2003800,,
2018-08-01,145.19,145.53,144.49,144.92,1524100,,
2018-08-02,144.17,145.91,144.08,145.78,1508400,,
2018-08-03,145.89,146.29,145.76,146.27,1977100,,
2018-08-06,146.31,147.06,146.09,146.93,1802000,,
2018-08-07,146.31,147.62,146.31,147.41,2532500,,
2018-08-08,147.33,147.53,146.98,147.27,1270600,,
2018-08-09,147.37,147.68,147.07,147.17,1233800,,
2018-08-10,146.35,146.76,145.94,146.25,1854000,,
2018-08-13,146.40,146.75,145.46,145.69,1898200,,
2018-08-14,146.11,146.78,145.92,146.65,1784200,,
2018-08-15,145.87,146.03,144.64,145.49,2684700,,
2018-08-16,146.28,147.15,146.26,146.63,1347500,,
2018-08-17,146.45,147.39,146.30,147.17,2188300,,
2018-08-20,147.45,147.69,147.16,147.45,5759800,,
2018-08-21,147.78,148.51,147.78,148.00,2090900,,
2018-08-22,147.79,148.29,147.71,148.05,1169600,,
2018-08-23,147.90,148.37,147.58,147.76,1351100,,
2018-08-24,148.15,148.76,148.10,148.68,1712700,,
2018-08-27,149.32,149.87,149.10,149.75,2126000,,
2018-08-28,150.10,150.20,149.53,149.84,3015300,,
2018-08-29,149.96,150.77,149.82,150.63,2688600,,
2018-08-30,150.31,150.60,149.67,150.01,2150400,,
2018-08-31,149.81,150.28,149.59,150.07,2537500,,
2018-09-04,149.89,150.10,149.22,149.86,2342700,,
2018-09-05,149.66,149.69,148.71,149.37,2772000,,
2018-09-06,149.46,149.69,148.36,148.92,2592200,,
2018-09-07,148.37,149.17,148.13,148.58,2334400,,
2018-09-10,149.20,149.33,148.79,148.90,2156000,,
2018-09-11,148.55,149.62,148.33,149.40,2575100,,
2018-09-12,149.31,149.64,148.79,149.41,2181100,,
2018-09-13,149.97,150.33,149.75,150.16,1905900,,
2018-09-14,150.28,150.48,149.79,150.28,1363900,,
2018-09-17,150.24,150.28,149.19,149.33,1661600,,
2018-09-18,149.43,150.44,149.40,150.13,1665400,,
2018-09-19,150.12,150.48,150.01,150.15,1809800,,
2018-09-20,150.83,151.47,150.52,151.31,1713900,,
2018-09-21,151.82,151.84,151.05,151.16,1986100,,
2018-09-24,150.87,150.93,150.27,150.61,1668600,,
2018-09-25,150.89,151.07,150.42,150.53,2318900,,
2018-09-26,150.61,151.29,149.79,149.95,4903500,,
2018-09-27,150.24,150.95,150.08,150.30,1808300,,
2018-09-28,149.28,149.99,149.23,149.65,1797000,0.714,
2018-10-01,150.42,150.77,149.52,149.88,2718800,,
2018-10-02,149.86,150.10,149.43,149.66,2159200,,
2018-10-03,150.26,150.49,149.65,149.86,2563900,,
2018-10-04,149.58,149.61,147.71,148.59,3220800,,
2018-10-05,148.62,148.95,146.73,147.63,3197900,,
2018-10-08,147.28,147.76,146.36,147.52,2515600,,
2018-10-09,147.25,148.02,147.02,147.26,3690600,,
2018-10-10,146.93,146.95,142.41,142.57,6890300,,
2018-10-11,142.02,142.97,138.75,139.53,11707900,,
2018-10-12,142.00,142.32,139.49,141.37,7981200,,
2018-10-15,141.16,141.98,140.50,140.74,3386400,,
2018-10-16,141.75,144.06,141.36,143.84,3990400,,
2018-10-17,143.91,144.15,142.33,143.80,3148300,,
2018-10-18,143.31,143.61,141.00,141.72,3783800,,
2018-10-19,142.14,143.07,141.01,141.35,2997700,,
2018-10-22,141.73,141.94,140.42,140.79,3220600,,
2018-10-23,138.69,140.67,137.46,139.96,4981600,,
2018-10-24,139.89,140.09,135.40,135.61,6013700,,
2018-10-25,136.63,138.96,136.17,138.16,4886000,,
2018-10-26,136.12,137.53,134.17,135.77,6623500,,
2018-10-29,137.51,138.33,133.07,135.02,5167200,,
2018-10-30,134.96,137.29,134.61,137.13,3675500,,
2018-10-31,138.60,139.84,138.37,138.56,4034500,,
2018-11-01,139.04,140.37,138.52,140.13,3713900,,
2018-11-02,140.93,141.20,138.39,139.56,3171400,,
2018-11-05,139.80,140.52,139.19,140.24,3140200,,
2018-11-06,140.19,141.11,140.17,141.04,2029700,,
2018-11-07,142.30,144.00,141.97,143.92,2781200,,
2018-11-08,143.55,144.06,142.98,143.64,1874800,,
2018-11-09,142.91,142.96,141.29,142.17,2226900,,
2018-11-12,141.79,141.97,139.18,139.44,3530700,,
2018-11-13,139.77,140.92,138.82,139.24,2290500,,
2018-11-14,140.34,140.57,137.38,138.22,2766000,,
2018-11-15,137.55,140.01,136.70,139.78,3600900,,
2018-11-16,139.07,140.57,138.82,140.08,2272300,,
2018-11-19,139.83,139.93,137.17,137.65,3481800,,
2018-11-20,135.73,136.62,134.64,135.20,4627200,,
2018-11-21,136.00,136.89,135.75,135.86,4151300,,
2018-11-23,134.92,135.92,134.73,135.13,1300000,,
2018-11-26,136.48,137.28,136.18,137.23,4699700,,
2018-11-27,136.65,137.42,136.27,137.40,2860100,,
2018-11-28,138.03,140.60,137.42,140.60,6061100,,
2018-11-29,140.19,141.16,139.48,140.34,2895000,,
2018-11-30,140.24,141.51,140.07,141.35,2142100,,
2018-12-03,143.60,144.00,142.03,143.00,3655400,,
2018-12-04,142.64,142.82,138.10,138.33,3917700,,
2018-12-06,136.15,138.16,134.35,138.16,6542900,,
2018-12-07,137.94,138.87,134.43,134.90,4986900,,
2018-12-10,134.81,135.60,132.45,135.05,5046800,,
2018-12-11,136.86,137.01,134.23,135.02,3459200,,
2018-12-12,136.72,137.51,135.75,135.79,3720100,,
2018-12-13,136.24,136.69,134.89,135.46,3298400,,
2018-12-14,134.26,134.92,132.76,133.12,4503200,,
2018-12-17,132.54,133.16,129.47,130.28,7193100,,
2018-12-18,131.26,131.74,129.36,130.24,8065500,,
2018-12-19,130.28,132.39,127.30,128.24,8010800,,
2018-12-20,127.51,128.38,124.80,126.17,13119700,,
2018-12-21,126.51,127.97,123.12,123.49,13605000,,
2018-12-24,121.90,122.54,119.67,119.70,14488500,0.721,
2018-12-26,120.34,125.52,119.35,125.46,12512300,,
2018-12-27,123.76,126.59,121.91,126.59,16128500,,
2018-12-28,127.50,128.31,125.73,126.43,11668700,,
2018-12-31,127.38,127.73,126.28,127.63,9414800,,
2019-01-02,125.75,128.16,125.34,127.73,5093200,,
2019-01-03,126.91,126.91,124.57,124.77,5252900,,
2019-01-04,126.48,129.37,126.32,128.90,4776900,,
2019-01-07,129.19,131.04,128.81,130.20,4485100,,
2019-01-08,131.45,131.73,130.05,131.54,3949400,,
2019-01-09,132.02,132.67,131.36,132.16,6405100,,
2019-01-10,131.44,132.89,131.00,132.81,2685700,,
2019-01-11,132.13,132.86,131.85,132.84,3033800,,
2019-01-14,131.79,132.49,131.56,132.00,2479400,,
2019-01-15,132.19,133.56,132.05,133.44,4542100,,
2019-01-16,133.67,134.33,133.61,133.82,2963100,,
2019-01-17,133.40,135.40,133.16,134.90,4401100,,
2019-01-18,135.89,136.94,135.45,136.65,4224900,,
2019-01-22,135.89,135.92,133.89,134.78,5037900,,
2019-01-23,135.38,135.77,133.60,134.92,3934200,,
2019-01-24,134.93,135.47,134.46,135.20,3785200,,
2019-01-25,136.23,136.82,136.03,136.47,2987300,,
2019-01-28,135.24,135.52,134.48,135.47,4371600,,
2019-01-29,135.62,135.87,134.84,135.28,2975100,,
2019-01-30,136.15,137.81,135.62,137.32,3060700,,
2019-01-31,137.27,138.77,137.24,138.53,3932900,,
2019-02-01,138.70,139.20,138.25,138.73,3225400,,
2019-02-04,138.76,139.75,138.36,139.72,4938100,,
2019-02-05,139.95,140.45,139.66,140.30,2759100,,
2019-02-06,140.15,140.40,139.65,140.16,2945200,,
2019-02-07,139.18,139.49,137.12,138.83,5097500,,
2019-02-08,138.14,138.99,137.66,138.97,2105800,,
2019-02-11,139.40,139.55,138.89,139.26,2337000,,
2019-02-12,140.12,141.18,140.06,141.00,3312300,,
2019-02-13,141.45,141.88,141.14,141.44,2369300,,
2019-02-14,140.86,141.81,140.39,141.19,2731400,,
2019-02-15,142.16,142.77,141.91,142.74,2537600,,
2019-02-19,142.41,143.39,142.34,143.02,2469900,,
2019-02-20,143.05,143.53,142.74,143.32,2357400,,
2019-02-21,143.06,143.14,142.25,142.83,3684900,,
2019-02-22,143.20,143.84,143.03,143.77,1838400,,
2019-02-25,144.56,144.88,143.90,143.98,3920000,,
2019-02-26,143.75,144.23,143.59,143.71,2155200,,
2019-02-27,143.39,143.97,142.88,143.76,2046800,,
2019-02-28,143.65,143.90,143.32,143.46,2275100,,
2019-03-01,144.38,144.60,143.50,144.42,2985100,,
2019-03-04,145.00,145.03,142.42,143.75,3555400,,
2019-03-05,143.81,143.90,143.18,143.48,2838000,,
2019-03-06,143.52,143.55,142.23,142.39,2139600,,
2019-03-07,142.16,142.25,140.76,141.28,2851800,,
2019-03-08,140.13,141.03,139.92,140.99,2328000,,
2019-03-11,141.39,143.11,141.36,143.06,1910400,,
2019-03-12,143.33,143.84,143.23,143.54,1966100,,
2019-03-13,143.96,144.95,143.94,144.46,2013500,,
2019-03-14,144.46,144.64,144.05,144.34,1494000,,
2019-03-15,144.62,145.48,144.55,145.01,2324300,,
2019-03-18,145.10,145.76,144.95,145.55,2489700,,
2019-03-19,146.12,146.47,144.99,145.52,6104600,,
2019-03-20,145.32,145.99,144.25,144.92,2900900,,
2019-03-21,144.48,146.84,144.36,146.62,2949700,,
2019-03-22,145.84,146.07,143.50,143.56,5151000,,
2019-03-25,142.58,143.31,141.90,142.69,3676500,0.772,
2019-03-26,143.70,144.38,143.01,143.79,2861000,,
2019-03-27,143.84,144.15,142.15,143.13,3402700,,
2019-03-28,143.46,143.98,142.83,143.76,2654500,,
2019-03-29,144.61,144.79,144.03,144.71,3614700,,
2019-04-01,145.76,146.48,145.59,146.39,3666800,,
2019-04-02,146.42,146.50,145.87,146.38,4292800,,
2019-04-03,147.08,147.34,146.32,146.73,2404400,,
2019-04-04,146.84,147.15,146.35,147.04,2248400,,
2019-04-05,147.39,147.83,147.26,147.78,1744500,,
2019-04-08,147.54,147.93,147.11,147.91,2130500,,
2019-04-09,147.32,147.48,146.71,147.02,2150700,,
2019-04-10,147.24,147.72,147.07,147.70,2019000,,
2019-04-11,147.94,147.96,147.34,147.69,1794600,,
2019-04-12,148.55,148.80,148.13,148.68,2612000,,
2019-04-15,148.75,148.80,148.06,148.56,2083000,,
2019-04-16,149.00,149.06,148.24,148.60,2953300,,
2019-04-17,149.20,149.22,147.77,148.05,2983900,,
2019-04-18,148.40,148.40,147.51,148.27,2457000,,
2019-04-22,147.95,148.41,147.77,148.31,2148600,,
2019-04-23,148.55,149.92,148.45,149.80,2344200,,
2019-04-24,149.78,150.05,149.47,149.60,1924600,,
2019-04-25,149.54,149.69,148.60,149.35,2428600,,
2019-04-26,149.41,150.16,148.99,150.16,2184500,,
2019-04-29,150.22,150.69,150.13,150.38,2461500,,
2019-04-30,150.28,150.60,149.30,150.39,2224500,,
2019-05-01,150.80,150.87,149.24,149.27,3761300,,
2019-05-02,149.15,149.74,148.06,149.02,2537800,,
2019-05-03,149.80,150.70,149.70,150.63,2147100,,
2019-05-06,148.19,150.34,148.02,150.15,2635300,,
2019-05-07,148.84,149.09,146.43,147.56,4385800,,
2019-05-08,147.35,148.24,147.01,147.32,2492100,,
2019-05-09,146.06,147.18,145.06,146.85,2768000,,
2019-05-10,146.33,147.96,144.65,147.53,3175300,,
2019-05-13,144.70,145.15,143.25,143.80,4241900,,
2019-05-14,144.28,145.91,144.14,145.10,3090200,,
2019-05-15,144.23,146.27,144.05,145.96,2072300,,
2019-05-16,146.33,148.03,146.29,147.28,2319500,,
2019-05-17,146.06,147.64,146.01,146.24,1923900,,
2019-05-20,145.26,145.92,144.78,145.20,1669200,,
2019-05-21,146.11,146.81,146.04,146.62,1438800,,
2019-05-22,146.06,146.57,145.77,146.09,1539800,,
2019-05-23,144.83,144.85,143.38,144.23,2701100,,
2019-05-24,144.96,145.23,144.16,144.58,1381900,,
2019-05-28,144.82,145.28,143.25,143.31,3866100,,
2019-05-29,142.62,142.80,141.44,142.33,2955100,,
2019-05-30,142.69,143.17,141.95,142.61,2621700,,
2019-05-31,141.11,141.59,140.60,140.69,2836300,,
2019-06-03,140.69,141.38,139.62,140.41,4765100,,
2019-06-04,141.73,143.61,141.47,143.56,2767600,,
2019-06-05,144.39,144.82,143.27,144.66,5059700,,
2019-06-06,144.82,145.85,144.35,145.47,2795600,,
2019-06-07,146.06,147.45,145.98,146.79,1667900,,
2019-06-10,147.73,148.57,147.54,147.61,2259800,,
2019-06-11,148.62,148.83,147.08,147.47,1724500,,
2019-06-12,147.35,147.64,146.93,147.27,1729900,,
2019-06-13,147.79,148.09,147.43,147.95,1726600,,
2019-06-14,147.80,147.99,147.27,147.63,1401000,,
2019-06-17,147.28,147.67,147.14,147.19,2506100,0.547,
2019-06-18,148.20,149.47,148.07,148.80,2261100,,
2019-06-19,148.91,149.49,148.39,149.31,4049900,,
2019-06-20,150.73,150.85,149.45,150.68,2968100,,
2019-06-21,150.40,150.94,150.04,150.70,2414300,,
2019-06-24,150.33,150.47,149.71,149.86,1977300,,
2019-06-25,149.87,149.90,148.30,148.44,2309500,,
2019-06-26,148.86,149.19,148.13,148.16,1903700,,
2019-06-27,148.66,149.20,148.56,149.05,2392200,,
2019-06-28,149.51,150.17,149.31,150.09,2589600,,
2019-07-01,151.85,151.92,150.51,151.15,3960800,,
2019-07-02,151.12,151.50,150.66,151.50,2705400,,
2019-07-03,151.87,152.66,151.75,152.64,2286800,,
2019-07-05,152.01,152.62,151.26,152.55,2446300,,
2019-07-08,151.87,152.03,151.37,151.73,2611300,,
2019-07-09,151.02,152.09,151.02,152.00,3178000,,
2019-07-10,152.59,153.13,152.12,152.62,1852500,,
2019-07-11,152.94,153.03,152.24,152.83,2641000,,
2019-07-12,153.10,153.64,152.99,153.61,1656000,,
2019-07-15,153.83,153.83,153.27,153.51,2155000,,
2019-07-16,153.50,153.67,152.95,153.12,1778500,,
2019-07-17,153.10,153.17,152.11,152.11,2575500,,
2019-07-18,151.87,152.84,151.59,152.67,1463500,,
2019-07-19,153.21,153.28,151.74,151.80,1487900,,
2019-07-22,152.06,152.40,151.76,152.16,1510000,,
2019-07-23,152.78,153.20,152.30,153.18,1643800,,
2019-07-24,152.76,154.15,152.76,154.12,2168900,,
2019-07-25,153.94,153.95,152.89,153.30,2046000,,
2019-07-26,153.65,154.51,153.61,154.41,1721600,,
2019-07-29,154.35,154.38,153.63,154.04,1587600,,
2019-07-30,153.19,154.00,152.96,153.89,1970300,,
2019-07-31,153.91,154.11,151.07,152.21,2512000,,
2019-08-01,152.29,153.85,150.26,150.80,3901500,,
2019-08-02,150.30,150.41,148.58,149.58,7062200,,
2019-08-05,147.18,147.25,143.87,145.14,5701800,,
2019-08-06,146.19,147.08,145.21,147.03,3408400,,
2019-08-07,145.30,147.53,144.18,147.19,3195500,,
2019-08-08,147.98,150.02,147.70,149.99,4143200,,
2019-08-09,149.56,149.79,148.02,148.92,2349700,,
2019-08-12,148.12,148.26,146.55,147.08,2610200,,
2019-08-13,146.89,150.08,146.53,149.18,2721400,,
2019-08-14,146.95,147.20,144.78,144.87,3938800,,
2019-08-15,145.31,145.66,144.05,145.14,3591900,,
2019-08-16,146.08,147.60,146.00,147.34,3659300,,
2019-08-19,149.09,149.48,148.63,149.09,2875000,,
2019-08-20,148.81,149.03,147.90,147.95,1739000,,
2019-08-21,149.16,149.40,148.82,149.20,1439700,,
2019-08-22,149.61,149.90,148.13,149.07,1730700,,
2019-08-23,148.41,149.30,144.64,145.31,3808300,,
2019-08-26,146.53,146.88,145.66,146.78,3623000,,
2019-08-27,147.64,147.83,145.68,146.10,1984700,,
2019-08-28,145.69,147.24,145.31,147.14,1981000,,
2019-08-29,148.59,149.38,148.10,149.09,2576000,,
2019-08-30,149.88,149.89,148.44,149.04,2267900,,
2019-09-03,147.99,148.55,147.37,148.07,4307800,,
2019-09-04,149.30,149.65,148.82,149.65,2071700,,
2019-09-05,151.00,152.11,150.75,151.65,2991800,,
2019-09-06,151.81,152.06,151.40,151.68,1568700,,
2019-09-09,152.22,152.27,151.15,151.77,2575200,,
2019-09-10,151.36,151.92,150.63,151.92,3435200,,
2019-09-11,152.09,153.17,151.70,153.16,3848100,,
2019-09-12,153.63,154.13,153.05,153.62,3486800,,
2019-09-13,153.87,154.08,153.28,153.47,3002500,,
2019-09-16,152.22,152.69,152.04,152.46,1690800,0.7,
2019-09-17,152.35,152.87,152.00,152.83,2104500,,
2019-09-18,152.65,152.84,151.35,152.81,1716700,,
2019-09-19,153.13,153.61,152.55,152.71,2061400,,
2019-09-20,153.00,153.23,151.60,152.04,2106100,,
2019-09-23,151.71,152.46,151.57,152.12,2051800,,
2019-09-24,152.60,152.81,150.20,150.71,4234600,,
2019-09-25,150.73,151.91,149.92,151.66,6144100,,
2019-09-26,151.66,151.66,150.47,151.20,1723000,,
2019-09-27,151.64,151.71,149.44,150.30,1940200,,
2019-09-30,150.65,151.37,150.55,151.00,1702000,,
2019-10-01,151.50,151.88,148.92,149.03,2823000,,
2019-10-02,148.18,148.24,145.82,146.61,3811500,,
2019-10-03,146.48,147.80,144.90,147.80,4380400,,
2019-10-04,148.36,149.81,148.04,149.73,2509200,,
2019-10-07,149.38,150.19,148.89,149.14,2237400,,
2019-10-08,148.04,148.36,146.71,146.73,2213900,,
2019-10-09,147.85,148.59,147.52,148.08,3294600,,
2019-10-10,148.00,149.50,147.99,149.03,3508900,,
2019-10-11,150.51,151.90,150.47,150.63,3377100,,
2019-10-14,150.52,150.75,150.25,150.49,1213500,,
2019-10-15,151.03,152.33,150.92,151.97,2153200,,
2019-10-16,151.64,152.05,151.37,151.69,1578400,,
2019-10-17,152.33,152.64,151.84,152.19,1640400,,
2019-10-18,151.94,152.20,150.90,151.58,1720000,,
2019-10-21,152.35,152.69,152.06,152.57,1710100,,
2019-10-22,152.93,153.01,152.04,152.11,1711800,,
2019-10-23,151.97,152.49,151.77,152.42,1804000,,
2019-10-24,153.01,153.08,152.28,152.84,1582200,,
2019-10-25,152.49,153.76,152.42,153.45,2461600,,
2019-10-28,154.12,154.66,154.00,154.38,2725500,,
2019-10-29,154.23,154.80,154.11,154.35,1561500,,
2019-10-30,154.40,154.94,153.64,154.72,2246000,,
2019-10-31,154.68,154.68,153.42,154.18,2224400,,
2019-11-01,155.00,155.83,154.92,155.83,2341400,,
2019-11-04,156.70,156.77,156.18,156.40,2150600,,
2019-11-05,156.60,156.78,156.07,156.26,2377100,,
2019-11-06,156.24,156.30,155.63,156.19,2288400,,
2019-11-07,157.00,157.34,156.41,156.72,2407300,,
2019-11-08,156.56,157.16,156.08,157.16,2132400,,
2019-11-11,156.40,156.93,156.25,156.85,1738900,,
2019-11-12,157.03,157.69,156.74,157.12,1730700,,
2019-11-13,156.57,157.39,156.39,157.19,2189400,,
2019-11-14,156.99,157.44,156.72,157.35,2096200,,
2019-11-15,158.15,158.55,157.79,158.55,2615300,,
2019-11-18,158.42,158.74,158.12,158.64,3128400,,
2019-11-19,159.05,159.15,158.26,158.69,2225200,,
2019-11-20,158.32,158.72,157.25,158.19,3336200,,
2019-11-21,158.27,158.34,157.44,157.79,2220300,,
2019-11-22,158.31,158.34,157.61,158.14,1886000,,
2019-11-25,158.76,159.64,158.60,159.64,2525300,,
2019-11-26,159.67,160.06,159.48,159.98,1884900,,
2019-11-27,160.38,160.74,160.02,160.74,2343200,,
2019-11-29,160.46,160.55,159.92,160.02,1171000,,
2019-12-02,160.26,160.36,158.45,158.57,3766700,,
2019-12-03,157.09,157.71,156.38,157.63,4040300,,
2019-12-04,158.29,158.96,158.10,158.65,2132100,,
2019-12-05,159.00,159.00,158.18,158.88,1858100,,
2019-12-06,159.98,160.54,159.89,160.29,2021000,,
2019-12-09,160.09,160.43,159.75,159.78,1934300,,
2019-12-10,159.77,160.10,159.29,159.64,2150800,,
2019-12-11,159.89,160.14,159.57,160.02,1781300,,
2019-12-12,160.02,161.78,159.84,161.33,3012200,,
2019-12-13,161.25,162.09,160.67,161.33,3023500,,
2019-12-16,162.36,162.88,162.22,162.51,2466000,,
2019-12-17,162.77,162.86,162.44,162.57,4421500,,
2019-12-18,162.83,162.92,162.26,162.64,2139800,,
2019-12-19,162.74,163.35,162.70,163.35,3018600,,
2019-12-20,164.00,164.34,163.86,164.19,3142900,,
2019-12-23,164.56,164.59,164.20,164.29,3822900,,
2019-12-24,163.68,163.72,163.25,163.44,1624900,0.886,
2019-12-26,163.70,164.23,163.63,164.23,2515000,,
2019-12-27,164.61,164.68,163.80,164.08,2356700,,
2019-12-30,164.30,164.38,162.91,163.19,4503500,,
2019-12-31,163.00,163.76,162.72,163.62,3262400,,
2020-01-02,164.68,164.98,163.78,164.98,3291100,,
2020-01-03,163.29,164.47,163.01,163.93,3625400,,
2020-01-06,162.92,164.52,162.83,164.49,6813800,,
2020-01-07,164.27,164.46,163.78,164.10,2498400,,
2020-01-08,164.20,165.55,164.04,164.91,4244800,,
2020-01-09,165.81,165.98,165.36,165.94,2216900,,
2020-01-10,166.26,166.30,165.20,165.46,4023000,,
2020-01-13,166.00,166.63,165.52,166.59,3997100,,
2020-01-14,166.55,167.12,166.17,166.50,3062000,,
2020-01-15,166.50,167.40,166.42,166.91,2479200,,
2020-01-16,167.71,168.37,167.61,168.34,2205600,,
2020-01-17,169.01,169.01,168.37,168.76,2272000,,
2020-01-21,168.40,168.85,168.17,168.40,3174200,,
2020-01-22,168.93,169.32,168.35,168.50,2113600,,
2020-01-23,168.11,168.77,167.39,168.69,2370000,,
2020-01-24,169.09,169.09,166.33,167.09,3292500,,
2020-01-27,164.23,165.32,163.84,164.58,4692800,,
2020-01-28,165.33,166.67,165.06,166.17,4010700,,
2020-01-29,166.96,166.99,165.92,166.06,1751700,,
2020-01-30,165.00,166.61,164.47,166.46,2835900,,
2020-01-31,166.16,166.21,163.04,163.52,4525300,,
2020-02-03,164.35,165.83,164.31,164.96,2783200,,
2020-02-04,166.97,168.02,166.81,167.56,2732700,,
2020-02-05,169.13,169.35,168.17,169.21,4133700,,
2020-02-06,169.76,169.83,169.19,169.68,2202300,,
2020-02-07,169.05,169.40,168.41,168.71,2579200,,
2020-02-10,168.28,169.95,168.26,169.95,2494100,,
2020-02-11,170.74,171.25,170.11,170.42,2921700,,
2020-02-12,171.24,171.55,170.91,171.49,2154100,,
2020-02-13,170.70,171.93,170.55,171.42,2827500,,
2020-02-14,171.60,171.77,170.98,171.70,2527800,,
2020-02-18,171.27,171.54,170.53,171.30,2459400,,
2020-02-19,171.92,172.56,171.77,172.17,2488100,,
2020-02-20,171.96,172.43,169.90,171.65,7061600,,
2020-02-21,170.95,171.03,169.40,169.89,2983500,,
2020-02-24,164.50,165.87,163.59,164.30,8710900,,
2020-02-25,165.04,165.39,158.77,159.28,10112300,,
2020-02-26,160.01,161.81,158.00,158.40,8210300,,
2020-02-27,155.04,157.53,151.40,151.46,14384200,,
2020-02-28,146.42,150.59,145.30,150.44,22272400,,
2020-03-02,151.41,156.82,149.58,156.67,12071600,,
2020-03-03,157.34,159.30,151.08,152.63,8623100,,
2020-03-04,155.52,158.75,154.05,158.73,5226600,,
2020-03-05,154.81,156.36,152.11,153.44,5343100,,
2020-03-06,148.98,151.34,147.12,150.59,9947700,,
2020-03-09,140.00,143.63,138.24,138.50,18537100,,
2020-03-10,144.35,145.41,137.90,145.37,11693300,,
2020-03-11,141.45,142.20,136.30,138.01,10760200,,
2020-03-12,129.18,133.67,124.41,124.59,20969500,,
2020-03-13,132.00,135.93,125.00,135.93,15351600,,
2020-03-16,121.06,127.99,120.00,120.46,14652900,,
2020-03-17,122.21,127.37,118.00,126.50,16645800,,
2020-03-18,118.50,122.36,113.00,119.21,15388000,,
2020-03-19,117.41,122.80,114.59,120.09,11083500,,
2020-03-20,121.15,122.66,114.80,115.19,12264900,,
2020-03-23,113.65,114.90,109.49,111.91,16443000,,
2020-03-24,117.63,122.58,117.00,122.53,10986900,,
2020-03-25,123.54,129.03,120.59,124.22,14428100,,
2020-03-26,124.84,131.63,124.66,131.11,10549100,0.614,
2020-03-27,127.12,130.51,125.51,126.93,9731500,,
2020-03-30,127.78,131.17,126.64,130.78,10416300,,
2020-03-31,130.97,131.61,128.02,128.91,8662400,,
2020-04-01,124.13,125.62,121.77,122.96,7911500,,
2020-04-02,122.38,126.13,122.02,125.52,6244300,,
2020-04-03,124.85,126.04,121.86,123.38,6584400,,
2020-04-06,128.43,132.80,127.78,132.01,9369400,,
2020-04-07,137.02,137.28,132.08,132.16,10469900,,
2020-04-08,133.73,137.45,132.42,136.80,6610400,,
2020-04-09,138.92,140.78,137.81,139.36,9311600,,
2020-04-13,138.75,140.06,135.63,137.70,7291600,,
2020-04-14,140.59,142.21,139.97,141.88,5609300,,
2020-04-15,138.74,139.49,137.43,138.55,5164100,,
2020-04-16,139.27,139.55,137.43,139.20,5301200,,
2020-04-17,142.71,143.48,141.08,143.14,6411200,,
2020-04-20,141.00,143.05,140.51,140.82,5414000,,
2020-04-21,138.10,138.98,135.87,136.45,6367500,,
2020-04-22,139.26,140.30,138.36,139.53,6340900,,
2020-04-23,140.22,141.98,139.44,139.55,6198300,,
2020-04-24,140.50,141.97,139.26,141.63,4403600,,
2020-04-27,142.65,144.66,141.00,144.14,4968200,,
2020-04-28,146.17,146.48,143.37,143.69,3594500,,
2020-04-29,146.81,148.54,146.03,147.76,4990900,,
2020-04-30,146.78,147.05,145.12,145.84,4228800,,
2020-05-01,143.12,143.60,139.80,141.81,4232500,,
2020-05-04,140.67,142.45,139.91,142.35,4741200,,
2020-05-05,144.08,145.34,143.46,143.67,3665900,,
2020-05-06,144.61,144.87,142.70,142.88,3927300,,
2020-05-07,144.70,145.76,144.40,144.75,3796300,,
2020-05-08,146.45,147.63,145.88,147.47,4248400,,
2020-05-11,146.22,148.21,146.03,147.49,4240900,,
2020-05-12,148.08,148.31,144.20,144.35,4864400,,
2020-05-13,143.90,144.31,140.02,141.45,5862100,,
2020-05-14,139.85,143.09,138.37,142.97,7561000,,
2020-05-15,141.77,143.86,141.19,143.83,3845600,,
2020-05-18,147.53,149.41,147.25,148.60,4557800,,
2020-05-19,148.36,149.30,147.02,147.02,3180900,,
2020-05-20,149.17,150.19,148.91,149.74,3894000,,
2020-05-21,149.60,150.13,148.02,148.84,3419200,,
2020-05-22,148.76,149.28,147.97,149.26,3003000,,
2020-05-26,152.84,152.89,151.11,151.34,4197500,,
2020-05-27,153.00,153.73,150.02,153.73,5077700,,
2020-05-28,154.41,155.19,152.73,153.20,4601500,,
2020-05-29,152.80,154.13,151.41,153.71,4776100,,
2020-06-01,153.62,155.09,153.27,154.75,3478900,,
2020-06-02,155.20,156.00,154.43,155.92,4157200,,
2020-06-03,157.20,158.80,157.01,158.35,9496400,,
2020-06-04,157.71,158.65,156.62,157.85,5629200,,
2020-06-05,161.40,163.08,161.00,161.90,4373400,,
2020-06-08,162.90,164.20,162.32,164.10,5851300,,
2020-06-09,162.65,163.48,161.88,162.60,3200400,,
2020-06-10,162.81,163.25,161.01,161.39,4292900,,
2020-06-11,156.91,157.70,151.63,151.87,12504600,,
2020-06-12,156.49,156.49,150.83,153.97,6882100,,
2020-06-15,150.56,156.16,149.85,155.62,4859200,,
2020-06-16,160.12,160.12,155.91,158.61,4581200,,
2020-06-17,159.14,159.21,157.41,157.84,3702200,,
2020-06-18,156.94,158.30,156.43,157.97,2797800,,
2020-06-19,159.86,159.88,156.29,157.08,3824900,,
2020-06-22,156.95,158.30,156.05,158.17,2561300,,
2020-06-23,159.63,159.98,158.55,158.79,2555100,,
2020-06-24,157.63,157.91,153.41,154.48,3729100,,
2020-06-25,153.43,155.77,152.41,155.64,4029200,0.7,
2020-06-26,154.98,155.17,151.73,152.02,3508500,,
2020-06-29,152.70,154.28,151.35,154.25,3161600,,
2020-06-30,154.48,157.22,154.07,156.53,4317400,,
2020-07-01,156.90,158.04,156.61,157.44,3640900,,
2020-07-02,159.30,160.07,157.86,158.07,3181600,,
2020-07-06,160.50,161.03,159.86,160.56,3307600,,
2020-07-07,159.79,160.88,158.73,158.93,2357400,,
2020-07-08,159.31,160.28,158.37,160.23,2434900,,
2020-07-09,160.56,160.70,157.28,159.24,2465200,,
2020-07-10,159.17,161.01,158.43,160.95,2391800,,
2020-07-13,162.08,163.55,158.88,159.21,4694700,,
2020-07-14,158.50,161.42,157.74,161.30,3221300,,
2020-07-15,163.33,163.64,161.67,163.30,3747800,,
2020-07-16,162.16,162.80,161.68,162.57,2190700,,
2020-07-17,163.09,163.51,162.07,163.19,2141100,,
2020-07-20,163.02,164.86,162.60,164.44,3113200,,
2020-07-21,165.64,165.90,164.37,164.91,2345600,,
2020-07-22,164.59,165.94,164.59,165.77,2723200,,
2020-07-23,165.61,166.20,163.08,163.96,3114900,,
2020-07-24,162.83,163.40,161.90,162.69,2360800,,
2020-07-27,163.06,164.10,162.63,164.09,2423500,,
2020-07-28,163.62,164.23,162.78,162.89,1904900,,
2020-07-29,163.46,165.43,163.46,165.05,2153300,,
2020-07-30,163.44,164.87,162.41,164.68,2473300,,
2020-07-31,165.54,165.62,162.96,165.52,3159700,,
2020-08-03,166.47,167.30,166.15,166.96,4341600,,
2020-08-04,166.61,167.62,166.53,167.62,2811700,,
2020-08-05,168.48,168.92,168.30,168.84,2683000,,
2020-08-06,168.62,169.78,168.28,169.66,2150900,,
2020-08-07,169.22,169.95,168.60,169.80,2194200,,
2020-08-10,170.03,170.39,169.05,170.27,2496700,,
2020-08-11,171.00,171.33,168.48,168.90,3124600,,
2020-08-12,170.37,171.52,170.34,171.16,3364900,,
2020-08-13,170.79,171.75,170.48,171.03,2247200,,
2020-08-14,170.72,171.30,170.38,170.98,2213900,,
2020-08-17,171.43,171.86,171.39,171.71,3422400,,
2020-08-18,172.00,172.27,170.98,171.97,3551400,,
2020-08-19,172.17,172.50,170.99,171.30,2291000,,
2020-08-20,170.26,172.06,170.19,171.79,2184400,,
2020-08-21,171.54,172.30,171.41,172.22,2284500,,
2020-08-24,173.51,173.87,172.87,173.87,2467500,,
2020-08-25,174.22,174.47,173.42,174.45,5162700,,
2020-08-26,174.73,176.18,174.48,176.03,2441100,,
2020-08-27,176.52,177.29,175.53,176.45,3435300,,
2020-08-28,177.18,177.71,176.54,177.68,4163100,,
2020-08-31,177.66,178.14,176.95,177.28,3189600,,
2020-09-01,177.69,178.99,177.17,178.85,2877700,,
2020-09-02,180.00,181.67,179.01,181.24,4021900,,
2020-09-03,180.00,180.49,173.51,174.94,5341400,,
2020-09-04,175.34,176.14,169.20,173.45,4379900,,
2020-09-08,170.30,171.04,168.36,168.58,3976000,,
2020-09-09,170.83,173.14,170.33,171.88,4290400,,
2020-09-10,173.06,173.49,168.60,169.06,3507600,,
2020-09-11,170.24,170.56,167.50,169.12,3407700,,
2020-09-14,171.00,172.37,170.60,171.76,3080800,,
2020-09-15,173.20,173.64,172.11,172.74,2129700,,
2020-09-16,173.46,174.38,172.07,172.17,2826900,,
2020-09-17,169.56,171.54,169.22,170.75,2780400,,
2020-09-18,171.21,171.21,167.53,169.09,3178000,,
2020-09-21,166.47,167.06,164.27,167.05,4175300,,
2020-09-22,167.76,168.93,166.37,168.71,2090900,,
2020-09-23,169.00,169.13,164.35,164.64,2071400,,
2020-09-24,163.92,166.69,162.85,164.99,3792200,,
2020-09-25,163.78,167.44,163.53,166.96,2986000,0.674,
2020-09-28,169.32,170.30,168.89,169.99,3291300,,
2020-09-29,169.84,170.23,168.69,169.04,2120600,,
2020-09-30,169.51,171.97,169.25,170.31,4786400,,
2020-10-01,171.72,172.25,170.61,171.73,3234100,,
2020-10-02,168.65,171.31,168.23,170.39,2325600,,
2020-10-05,171.61,173.53,171.33,173.46,2574200,,
2020-10-06,173.73,174.98,171.01,171.32,2803300,,
2020-10-07,172.99,174.73,172.94,174.31,1952400,,
2020-10-08,175.53,175.89,174.88,175.84,2335200,,
2020-10-09,176.90,177.63,176.44,177.32,2489200,,
2020-10-12,178.65,180.64,178.41,179.95,2895800,,
2020-10-13,179.67,179.82,178.43,179.00,2448900,,
2020-10-14,179.20,179.92,177.49,177.81,2155600,,
2020-10-15,175.61,178.07,175.16,177.87,2865300,,
2020-10-16,178.48,179.31,177.55,177.55,1910200,,
2020-10-19,178.31,179.25,174.62,175.01,2713800,,
2020-10-20,175.90,177.36,175.24,175.62,2622900,,
2020-10-21,175.66,176.72,175.02,175.02,3237200,,
2020-10-22,175.33,176.56,174.12,176.26,3762200,,
2020-10-23,176.81,176.95,175.46,176.84,2412700,,
2020-10-26,175.04,175.49,171.60,173.63,3873600,,
2020-10-27,173.83,174.02,172.82,172.93,2525200,,
2020-10-28,169.90,170.23,167.01,167.20,4617500,,
2020-10-29,167.50,170.47,166.50,168.78,3101000,,
2020-10-30,167.89,168.75,165.02,166.99,3990400,,
2020-11-02,168.79,169.81,167.16,168.73,3741600,,
2020-11-03,170.70,172.96,170.34,171.97,4096000,,
2020-11-04,174.16,177.85,173.69,175.72,3632100,,
2020-11-05,178.67,180.08,178.41,179.35,3678100,,
2020-11-06,179.18,179.80,178.08,179.26,3222100,,
2020-11-09,187.52,187.52,181.12,181.39,5549800,,
2020-11-10,181.01,181.69,179.09,181.09,5609200,,
2020-11-11,182.43,182.90,181.59,182.56,2878800,,
2020-11-12,181.95,182.40,179.70,180.76,3325700,,
2020-11-13,181.88,183.64,181.58,183.32,4769900,,
2020-11-16,185.54,185.61,184.09,185.56,6214800,,
2020-11-17,184.76,185.69,183.61,185.14,5733100,,
2020-11-18,185.45,185.75,183.17,183.18,3281900,,
2020-11-19,183.00,184.35,182.21,184.20,3038500,,
2020-11-20,184.17,184.17,183.16,183.23,2785700,,
2020-11-23,184.29,185.20,183.37,184.73,4390900,,
2020-11-24,186.29,187.82,185.60,187.59,5378100,,
2020-11-25,187.45,187.68,186.57,187.52,3459400,,
2020-11-27,188.13,188.37,187.68,188.18,1742500,,
2020-11-30,188.06,188.13,185.54,186.70,3721800,,
2020-12-01,189.17,189.80,188.65,189.07,3867300,,
2020-12-02,188.44,189.29,187.80,189.23,3831400,,
2020-12-03,189.32,190.30,189.02,189.61,4408600,,
2020-12-04,190.00,191.51,189.99,191.51,4401400,,
2020-12-07,191.30,191.50,190.62,191.30,4319700,,
2020-12-08,190.64,192.39,190.60,192.13,3449000,,
2020-12-09,192.54,192.64,189.51,190.24,4470500,,
2020-12-10,189.33,190.91,188.71,190.52,3223500,,
2020-12-11,189.56,190.37,188.60,190.18,3463000,,
2020-12-14,191.69,192.19,189.58,189.64,3530500,,
2020-12-15,191.19,192.27,190.38,192.24,3226100,,
2020-12-16,192.47,192.99,191.89,192.51,2983900,,
2020-12-17,193.42,194.02,193.21,194.02,4132800,,
2020-12-18,194.38,194.47,192.21,193.47,4542100,,
2020-12-21,191.60,193.35,189.82,192.91,5011900,,
2020-12-22,193.31,193.48,192.21,192.95,4336000,,
2020-12-23,193.65,194.22,193.16,193.28,3451400,,
2020-12-24,192.88,193.00,192.24,192.82,1744000,0.782,
2020-12-28,194.59,194.60,193.80,194.04,3780500,,
2020-12-29,194.86,194.95,192.82,193.23,4606200,,
2020-12-30,193.90,194.38,193.61,193.75,4314000,,
2020-12-31,193.75,194.87,193.25,194.64,3746400,,
2021-01-04,195.39,195.43,189.76,191.87,8825800,,
2021-01-05,191.49,193.95,191.42,193.42,3894000,,
2021-01-06,192.50,196.89,192.46,195.16,6175700,,
2021-01-07,196.42,198.62,196.40,198.29,4830900,,
2021-01-08,199.14,199.46,196.98,199.25,7538700,,
2021-01-11,197.42,199.06,197.22,198.06,3858600,,
2021-01-12,198.37,198.99,197.34,198.76,3874100,,
2021-01-13,198.73,199.58,198.05,198.98,3465800,,
2021-01-14,199.55,200.03,198.52,198.79,4289000,,
2021-01-15,197.96,198.25,195.98,197.06,3444800,,
2021-01-19,198.66,199.04,197.83,198.86,4153700,,
2021-01-20,200.08,201.76,199.97,201.37,5224900,,
2021-01-21,201.85,202.00,200.78,201.22,2960600,,
2021-01-22,200.26,201.31,199.96,200.89,3045900,,
2021-01-25,201.27,201.95,198.35,201.46,5323200,,
2021-01-26,201.89,202.34,200.68,200.73,4046900,,
2021-01-27,199.05,199.08,194.65,195.91,6727700,,
2021-01-28,196.84,199.68,196.74,197.45,5310100,,
2021-01-29,196.74,197.25,192.82,193.99,8315700,,
2021-02-01,195.88,197.73,194.53,197.30,3900700,,
2021-02-02,199.20,200.96,199.05,200.13,3278700,,
2021-02-03,200.82,201.26,199.59,200.43,2905600,,
2021-02-04,201.16,202.97,201.03,202.97,2746400,,
2021-02-05,204.12,204.29,203.16,204.11,3127200,,
2021-02-08,205.19,205.98,204.78,205.94,3676700,,
2021-02-09,205.60,206.45,205.25,206.02,3384800,,
2021-02-10,207.07,207.22,204.45,205.93,3682400,,
2021-02-11,206.70,206.94,204.82,206.42,2630000,,
2021-02-12,205.89,207.51,205.80,207.49,2416700,,
2021-02-16,208.31,208.39,206.52,207.12,4955700,,
2021-02-17,206.02,206.90,205.04,206.69,4484000,,
2021-02-18,205.23,206.09,204.01,205.50,3658900,,
2021-02-19,206.43,207.03,205.65,205.97,4921800,,
2021-02-22,204.72,205.53,203.91,204.01,4400300,,
2021-02-23,202.55,204.68,199.36,203.98,5707900,,
2021-02-24,203.60,206.48,202.78,206.27,3722800,,
2021-02-25,205.74,206.38,200.00,200.88,7581100,,
2021-02-26,201.99,202.69,198.55,200.08,6324600,,
2021-03-01,203.15,205.85,203.07,205.22,4691800,,
2021-03-02,205.50,205.55,203.17,203.29,4859000,,
2021-03-03,203.22,203.54,200.18,200.36,4334000,,
2021-03-04,200.04,201.24,194.52,197.19,7198800,,
2021-03-05,199.37,201.21,194.11,200.75,6614800,,
2021-03-08,201.44,202.89,199.57,199.77,4281400,,
2021-03-09,202.23,204.35,201.71,202.87,4116100,,
2021-03-10,204.55,205.27,203.61,204.32,4133800,,
2021-03-11,206.08,207.83,205.71,206.99,4102700,,
2021-03-12,206.16,207.46,205.55,207.40,4069000,,
2021-03-15,207.73,208.90,206.39,208.85,3421900,,
2021-03-16,209.14,209.30,207.36,208.01,4599900,,
2021-03-17,207.31,209.29,206.36,208.80,3347000,,
2021-03-18,207.45,208.44,204.77,205.00,3641900,,
2021-03-19,205.14,206.15,203.57,205.26,3871000,,
2021-03-22,205.88,207.26,205.38,206.37,3603900,,
2021-03-23,206.19,206.44,203.64,204.02,4764800,,
2021-03-24,205.17,205.85,202.33,202.33,4014500,,
2021-03-25,200.92,203.66,199.50,203.15,4976800,0.672,
2021-03-26,204.11,206.64,203.24,206.47,3554900,,
2021-03-29,205.59,206.36,204.24,205.50,4562900,,
2021-03-30,205.17,205.89,204.29,205.44,3960500,,
2021-03-31,206.05,207.62,206.00,206.69,5494800,,
2021-04-01,207.99,209.30,207.56,209.28,4543300,,
2021-04-05,210.85,211.96,210.56,211.72,5941400,,
2021-04-06,211.69,212.49,211.41,211.80,4029900,,
2021-04-07,211.79,212.12,211.09,211.62,3299100,,
2021-04-08,212.54,212.85,211.77,212.85,3628900,,
2021-04-09,212.85,214.25,212.62,214.14,3559100,,
2021-04-12,214.06,214.37,213.33,214.20,3882800,,
2021-04-13,214.36,215.28,214.00,214.80,4056900,,
2021-04-14,215.06,215.87,214.04,214.32,3765600,,
2021-04-15,215.73,216.67,215.46,216.60,5439600,,
2021-04-16,217.46,217.47,216.32,217.15,4306000,,
2021-04-19,216.73,216.91,215.00,215.73,3986900,,
2021-04-20,215.22,215.54,212.92,213.75,5210300,,
2021-04-21,213.65,216.33,213.25,216.30,3167900,,
2021-04-22,216.45,217.04,213.88,214.61,4394800,,
2021-04-23,215.08,217.87,214.97,217.21,4374300,,
2021-04-26,217.74,218.27,217.45,218.00,3202500,,
2021-04-27,218.30,218.33,217.35,217.90,2670000,,
2021-04-28,218.07,218.64,217.62,217.87,2603900,,
2021-04-29,219.60,219.65,216.94,218.70,4178800,,
2021-04-30,217.51,218.17,216.75,217.10,3256600,,
2021-05-03,218.57,218.57,217.30,217.48,3846300,,
2021-05-04,216.48,216.54,213.81,215.85,4900000,,
2021-05-05,216.94,216.94,215.28,215.81,2032600,,
2021-05-06,215.78,216.95,214.08,216.91,4131200,,
2021-05-07,217.40,218.99,217.10,218.75,3868100,,
2021-05-10,218.89,218.90,216.05,216.18,4443800,,
2021-05-11,213.29,214.91,212.02,214.44,5959900,,
2021-05-12,212.94,213.63,209.21,209.61,5788400,,
2021-05-13,210.38,212.92,210.33,211.92,4970900,,
2021-05-14,213.55,215.96,213.50,215.54,4292600,,
2021-05-17,214.90,215.38,213.74,215.08,4063200,,
2021-05-18,215.25,215.63,213.34,213.40,3173100,,
2021-05-19,210.57,212.78,209.75,212.78,6015000,,
2021-05-20,213.21,215.66,213.18,215.09,3478300,,
2021-05-21,216.08,216.74,214.71,214.97,3623300,,
2021-05-24,216.24,217.70,215.92,217.14,2873700,,
2021-05-25,217.84,218.02,216.20,216.54,3700600,,
2021-05-26,216.98,217.56,216.48,217.32,3258100,,
2021-05-27,218.00,218.24,217.59,217.72,2617200,,
2021-05-28,218.60,218.73,218.03,218.09,2635700,,
2021-06-01,219.53,219.53,217.81,218.18,3805700,,
2021-06-02,218.62,218.82,217.89,218.47,3599400,,
2021-06-03,217.30,218.05,216.08,217.50,2967000,,
2021-06-04,218.57,219.48,218.46,219.39,2287100,,
2021-06-07,219.55,219.68,219.03,219.57,2762800,,
2021-06-08,220.03,220.28,218.66,220.02,2831700,,
2021-06-09,220.41,220.50,219.35,219.40,2688600,,
2021-06-10,220.21,220.90,219.19,220.37,2936700,,
2021-06-11,220.78,221.02,220.13,221.02,2837200,,
2021-06-14,221.20,221.39,220.38,221.36,3189400,,
2021-06-15,221.49,221.53,220.17,220.78,3094000,,
2021-06-16,220.97,220.97,218.38,219.68,3459600,,
2021-06-17,219.44,220.06,217.95,219.47,3002900,,
2021-06-18,217.99,218.15,216.53,216.75,4538300,,
2021-06-21,217.67,219.80,217.08,219.74,3870000,,
2021-06-22,219.85,221.35,219.18,220.99,2684300,,
2021-06-23,221.10,221.59,220.81,220.90,2662200,,
2021-06-24,221.51,221.87,221.29,221.72,2931600,0.675,
2021-06-25,222.26,222.70,221.91,222.55,2801300,,
2021-06-28,222.99,222.99,221.86,222.80,3094900,,
2021-06-29,223.31,223.40,222.47,222.81,4068000,,
2021-06-30,222.69,223.15,222.46,222.82,3041700,,
2021-07-01,223.40,224.06,223.10,224.03,3836000,,
2021-07-02,224.71,225.41,224.31,225.27,3026400,,
2021-07-06,225.38,225.52,223.16,224.78,4147200,,
2021-07-07,225.08,225.36,223.52,225.08,4042200,,
2021-07-08,221.93,223.72,221.14,223.18,4486100,,
2021-07-09,224.16,225.98,224.02,225.88,3886600,,
2021-07-12,225.95,226.61,225.47,226.51,3294600,,
2021-07-13,226.10,226.52,225.12,225.25,4668400,,
2021-07-14,226.27,226.46,224.42,224.94,2830200,,
2021-07-15,224.45,224.76,222.86,224.15,3276500,,
2021-07-16,225.00,225.00,222.19,222.39,3203300,,
2021-07-19,219.81,219.81,217.82,219.23,6966200,,
2021-07-20,219.95,223.71,219.39,223.02,5362900,,
2021-07-21,223.75,225.02,223.55,225.02,2542500,,
2021-07-22,225.20,225.35,224.18,225.21,2236200,,
2021-07-23,226.25,227.61,225.83,227.46,2982700,,
2021-07-26,227.25,227.92,227.13,227.92,2849700,,
2021-07-27,227.38,227.43,224.98,226.69,4169600,,
2021-07-28,227.12,227.81,226.19,227.04,3306700,,
2021-07-29,227.58,228.75,227.58,228.04,2960900,,
2021-07-30,226.57,227.92,226.40,226.69,2846800,,
2021-08-02,227.85,228.10,226.19,226.37,3558100,,
2021-08-03,226.83,228.00,225.28,227.99,3245400,,
2021-08-04,227.19,227.69,226.75,226.97,3374500,,
2021-08-05,227.52,228.60,227.24,228.59,2461700,,
2021-08-06,228.93,229.31,228.39,228.87,2343100,,
2021-08-09,228.86,229.04,228.02,228.78,3295500,,
2021-08-10,229.00,229.31,228.51,228.93,2946700,,
2021-08-11,229.44,229.49,228.41,229.38,3051400,,
2021-08-12,229.35,230.02,228.77,230.02,2746000,,
2021-08-13,230.23,230.25,229.76,230.15,2516000,,
2021-08-16,229.48,230.25,228.28,230.24,3193200,,
2021-08-17,228.72,229.04,226.78,228.53,3735100,,
2021-08-18,228.11,228.83,226.06,226.25,3194100,,
2021-08-19,224.72,226.82,224.40,226.08,3964500,,
2021-08-20,226.32,228.19,226.02,228.11,2655100,,
2021-08-23,229.07,230.74,228.78,230.32,3180600,,
2021-08-24,230.86,231.41,230.67,231.14,2772300,,
2021-08-25,231.39,232.02,230.98,231.80,2897000,,
2021-08-26,231.62,231.79,230.16,230.25,3352000,,
2021-08-27,230.80,232.94,230.67,232.73,3749800,,
2021-08-30,233.22,233.97,232.80,233.61,3194000,,
2021-08-31,233.56,233.63,232.77,233.17,3099400,,
2021-09-01,233.82,234.21,233.25,233.58,3533100,,
2021-09-02,234.31,234.65,233.68,234.37,3274600,,
2021-09-03,234.00,234.50,233.63,234.29,2484200,,
2021-09-07,234.29,234.30,233.02,233.28,3256800,,
2021-09-08,233.01,233.26,231.59,232.73,3027600,,
2021-09-09,232.67,233.65,231.75,231.92,3265900,,
2021-09-10,233.03,233.19,229.96,230.08,3385600,,
2021-09-13,231.51,231.74,229.33,230.60,3312700,,
2021-09-14,231.41,231.49,228.62,229.21,3158900,,
2021-09-15,229.42,231.34,228.72,231.10,2598900,,
2021-09-16,230.94,231.52,229.30,230.89,2537200,,
2021-09-17,230.54,230.83,228.65,229.04,3078200,,
2021-09-20,225.51,226.31,222.31,225.07,7749300,,
2021-09-21,226.51,227.03,224.46,225.05,4564400,,
2021-09-22,226.33,228.43,225.83,227.32,4187300,,
2021-09-23,228.44,230.95,228.05,230.09,3778100,,
2021-09-24,228.55,229.95,228.19,229.64,3122800,0.724,
2021-09-27,229.16,229.87,228.51,229.14,2856700,,
2021-09-28,227.65,227.79,224.05,224.34,5078600,,
2021-09-29,225.22,225.99,224.28,224.49,4585500,,
2021-09-30,225.35,228.40,221.94,222.06,5080200,,
2021-10-01,223.10,225.63,221.02,225.12,5148600,,
2021-10-04,224.24,224.40,220.54,221.73,4984000,,
2021-10-05,222.43,224.99,222.10,223.80,3568200,,
2021-10-06,221.89,224.81,220.98,224.73,3076000,,
2021-10-07,226.50,228.36,226.11,226.89,3081300,,
2021-10-08,227.40,227.55,226.02,226.39,1922600,,
2021-10-11,226.07,227.59,224.68,224.76,2354900,,
2021-10-12,225.31,225.70,224.16,224.60,2898400,,
2021-10-13,225.17,226.03,223.65,225.62,3179500,,
2021-10-14,227.71,229.43,227.50,229.37,2688800,,
2021-10-15,230.69,231.16,230.27,230.73,2717900,,
2021-10-18,230.07,231.66,229.45,231.57,3078300,,
2021-10-19,232.50,233.28,232.11,233.26,2683100,,
2021-10-20,233.55,234.35,233.39,234.17,2838400,,
2021-10-21,233.91,234.95,233.67,234.81,2839800,,
2021-10-22,234.60,235.31,233.32,234.36,2144500,,
2021-10-25,235.07,235.96,234.10,235.80,2170100,,
2021-10-26,236.65,237.19,235.46,235.71,2759900,,
2021-10-27,236.05,236.08,233.99,234.10,3409600,,
2021-10-28,234.94,236.60,234.78,236.60,2104900,,
2021-10-29,235.48,237.13,235.37,236.91,3565900,,
2021-11-01,237.75,238.12,236.72,238.09,3967500,,
2021-11-02,238.32,238.93,237.91,238.83,4004800,,
2021-11-03,238.69,240.73,238.30,240.52,3704400,,
2021-11-04,241.03,241.80,240.53,241.43,3557000,,
2021-11-05,242.75,243.51,241.39,242.36,3919400,,
2021-11-08,243.17,243.56,242.43,242.76,3401400,,
2021-11-09,243.04,243.14,241.19,242.06,2764100,,
2021-11-10,241.14,241.96,238.73,239.68,3356500,,
2021-11-11,240.67,240.76,239.96,239.97,2277100,,
2021-11-12,240.64,242.04,240.21,241.75,2419900,,
2021-11-15,242.44,242.67,241.14,241.75,3630500,,
2021-11-16,241.66,243.33,241.41,242.79,2947400,,
2021-11-17,242.60,242.60,241.43,241.79,2809000,,
2021-11-18,242.30,242.44,240.52,242.17,3507700,,
2021-11-19,242.09,242.62,241.33,241.48,3353800,,
2021-11-22,242.34,243.60,240.25,240.32,3902900,,
2021-11-23,240.10,241.10,238.24,240.40,3826200,,
2021-11-24,239.14,241.21,238.63,241.21,2195400,,
2021-11-26,237.24,238.10,234.94,235.99,5730300,,
2021-11-29,238.48,239.28,236.52,238.21,4789200,,
2021-11-30,236.99,237.73,233.10,233.45,7231400,,
2021-12-01,236.41,237.87,229.88,230.16,5274700,,
2021-12-02,230.21,234.68,230.09,233.90,4257400,,
2021-12-03,234.83,235.27,229.02,231.19,5821900,,
2021-12-06,232.61,235.18,230.95,234.16,4210600,,
2021-12-07,237.56,239.70,237.34,239.17,4284700,,
2021-12-08,239.57,240.38,238.64,240.20,3417400,,
2021-12-09,239.52,239.90,237.78,237.91,2853800,,
2021-12-10,239.42,239.87,237.57,239.53,2610800,,
2021-12-13,239.50,239.60,237.14,237.35,5839100,,
2021-12-14,235.45,236.86,234.05,235.57,3360400,,
2021-12-15,235.56,239.25,233.85,239.20,3720700,,
2021-12-16,240.29,240.49,235.66,236.52,3876100,,
2021-12-17,235.00,237.16,233.34,235.44,4455100,,
2021-12-20,232.10,232.35,230.07,232.13,5839800,,
2021-12-21,234.19,236.84,233.22,236.68,4158800,,
2021-12-22,236.63,239.10,236.55,239.02,3202900,,
2021-12-23,239.87,241.36,239.50,240.67,2925100,,
2021-12-27,240.48,242.96,240.34,242.96,4395100,0.859,
2021-12-28,243.06,243.78,242.04,242.46,3960900,,
2021-12-29,242.55,243.16,241.71,242.60,3044300,,
2021-12-30,243.11,243.69,242.00,242.21,4501500,,
2021-12-31,242.09,242.69,241.44,241.44,3499900,,
2022-01-03,242.42,242.97,240.86,242.97,4204000,,
2022-01-04,243.73,244.06,241.35,242.51,4217000,,
2022-01-05,242.08,242.66,237.20,237.25,4878300,,
2022-01-06,237.20,238.77,235.54,237.19,4519200,,
2022-01-07,237.19,238.07,235.32,236.11,3580200,,
2022-01-10,234.21,235.84,230.97,235.70,5819600,,
2022-01-11,235.71,238.11,234.09,238.05,3524800,,
2022-01-12,239.04,239.85,237.31,238.42,4033100,,
2022-01-13,239.18,239.40,234.48,234.93,4049300,,
2022-01-14,233.50,235.13,232.31,235.02,3829900,,
2022-01-18,232.50,232.70,229.94,230.45,6511600,,
2022-01-19,231.22,232.16,227.90,228.03,4868100,,
2022-01-20,229.13,231.91,225.14,225.37,5175100,,
2022-01-21,224.62,226.09,220.83,220.91,8582600,,
2022-01-24,217.99,222.57,212.10,222.33,22004300,,
2022-01-25,219.10,222.02,215.64,219.22,6600400,,
2022-01-26,222.72,224.16,216.05,218.37,7096400,,
2022-01-27,220.81,222.40,215.90,216.75,5789200,,
2022-01-28,217.50,222.17,214.93,222.09,4961200,,
2022-01-31,222.09,226.95,221.22,226.81,5306400,,
2022-02-01,227.94,228.93,225.14,228.54,4697600,,
2022-02-02,229.89,230.44,227.99,230.05,4048200,,
2022-02-03,226.81,227.93,224.13,224.58,4217700,,
2022-02-04,224.83,227.99,223.32,226.07,3585300,,
2022-02-07,226.48,227.38,224.84,225.50,2757300,,
2022-02-08,225.27,228.05,224.48,227.57,3075500,,
2022-02-09,229.86,231.30,229.60,231.27,3698700,,
2022-02-10,228.16,231.81,226.14,227.35,3511200,,
2022-02-11,227.38,228.50,222.01,222.94,4839800,,
2022-02-14,222.52,223.55,220.30,222.12,4402100,,
2022-02-15,224.58,226.17,224.40,226.07,4406200,,
2022-02-16,225.00,226.88,223.81,226.28,4812400,,
2022-02-17,224.41,224.70,220.72,221.14,5784600,,
2022-02-18,221.14,221.99,218.21,219.37,7007900,,
2022-02-22,218.11,220.08,215.06,216.85,7748900,,
2022-02-23,218.57,218.83,212.57,212.86,7684500,,
2022-02-24,207.64,216.85,207.00,216.59,10471000,,
2022-02-25,217.28,221.44,216.16,221.41,4615100,,
2022-02-28,219.25,222.06,218.25,221.17,4219800,,
2022-03-01,220.62,221.49,216.33,217.72,4765000,,
2022-03-02,219.00,222.61,218.42,221.85,3884900,,
2022-03-03,222.54,223.09,219.19,220.16,4161700,,
2022-03-04,218.21,218.61,215.85,217.96,4518100,,
2022-03-07,217.68,217.92,211.22,211.24,7953400,,
2022-03-08,211.07,215.49,209.28,210.05,6132200,,
2022-03-09,214.67,216.91,213.57,215.88,4558400,,
2022-03-10,213.77,215.35,212.30,214.91,5271300,,
2022-03-11,216.32,216.54,211.70,211.99,5511000,,
2022-03-14,212.28,213.81,209.27,209.90,6284200,,
2022-03-15,211.00,214.64,210.50,214.28,6491000,,
2022-03-16,216.36,219.64,213.99,219.64,4863500,,
2022-03-17,218.53,222.60,218.28,222.58,6570100,,
2022-03-18,221.99,225.45,221.43,225.18,3425100,,
2022-03-21,225.44,226.20,223.07,224.97,2802200,,
2022-03-22,225.78,228.15,225.60,227.73,3269300,,
2022-03-23,225.73,226.50,223.93,223.93,2695400,0.708,
2022-03-24,225.01,227.19,224.33,227.12,2375100,,
2022-03-25,227.57,228.25,225.90,228.09,3851100,,
2022-03-28,228.03,229.57,226.48,229.57,6799400,,
2022-03-29,231.42,233.36,230.45,233.05,4470500,,
2022-03-30,232.39,232.81,230.03,231.16,3436400,,
2022-03-31,230.68,231.32,227.61,227.67,4087000,,
2022-04-01,228.66,228.75,226.63,228.58,3456400,,
2022-04-04,228.86,230.54,228.38,230.52,3241100,,
2022-04-05,229.89,230.88,226.58,227.15,3268800,,
2022-04-06,225.03,225.84,222.94,224.54,4122000,,
2022-04-07,224.20,226.44,222.64,225.39,4347500,,
2022-04-08,224.98,226.35,223.91,224.69,2954800,,
2022-04-11,223.17,223.57,221.00,221.18,2942200,,
2022-04-12,222.86,224.50,219.74,220.50,3164200,,
2022-04-13,220.51,223.79,220.27,223.39,2404600,,
2022-04-14,223.58,224.21,220.61,220.67,2465500,,
2022-04-18,220.41,221.29,219.15,220.29,3674400,,
2022-04-19,220.23,224.60,220.23,224.17,2631200,,
2022-04-20,225.00,225.52,223.40,223.88,2933200,,
2022-04-21,225.70,226.68,219.70,220.22,3172100,,
2022-04-22,219.73,219.73,214.02,214.22,6361400,,
2022-04-25,213.07,215.70,210.79,215.39,9271800,,
2022-04-26,214.26,214.41,209.25,209.25,6891100,,
2022-04-27,209.85,212.40,208.55,209.66,4955900,,
2022-04-28,211.88,215.75,209.45,214.77,3767700,,
2022-04-29,212.90,214.31,206.71,206.88,7330500,,
2022-05-02,207.15,209.13,203.71,208.44,10630500,,
2022-05-03,208.49,210.61,207.88,209.43,3901800,,
2022-05-04,209.72,215.91,207.69,215.57,3870600,,
2022-05-05,213.29,213.39,205.46,207.62,5186700,,
2022-05-06,206.42,207.82,203.11,205.95,5193900,,
2022-05-09,203.00,203.38,197.86,198.65,9551400,,
2022-05-10,201.89,202.71,196.55,199.05,7605000,,
2022-05-11,198.59,201.63,195.15,195.45,6365500,,
2022-05-12,194.06,197.59,192.12,195.66,7964900,,
2022-05-13,197.91,201.75,197.74,200.90,4543200,,
2022-05-16,200.39,201.86,198.86,199.91,4479400,,
2022-05-17,203.38,204.26,201.16,204.18,3954500,,
2022-05-18,201.82,202.02,195.44,196.19,4712200,,
2022-05-19,194.49,197.66,193.88,195.32,5710900,,
2022-05-20,197.04,197.54,190.66,195.32,5153300,,
2022-05-23,196.65,199.15,195.46,198.66,5018000,,
2022-05-24,196.57,197.30,193.32,196.67,4788700,,
2022-05-25,195.95,199.86,195.78,198.86,4921900,,
2022-05-26,199.40,203.80,199.37,202.93,4216700,,
2022-05-27,204.27,208.09,204.18,208.07,4381100,,
2022-05-31,207.17,208.35,205.19,206.36,4100900,,
2022-06-01,207.67,208.32,203.46,205.00,3087800,,
2022-06-02,205.00,209.20,204.00,209.18,2977800,,
2022-06-03,206.68,207.61,205.30,205.84,2694100,,
2022-06-06,208.12,208.79,205.91,206.45,2745500,,
2022-06-07,204.63,208.88,204.35,208.69,3350500,,
2022-06-08,207.93,208.70,205.91,206.35,2187200,,
2022-06-09,205.42,206.33,201.38,201.41,3061100,,
2022-06-10,198.39,198.39,195.36,195.43,5703800,,
2022-06-13,190.65,191.18,186.68,187.45,10468300,,
2022-06-14,188.51,189.05,185.27,186.92,7045900,,
2022-06-15,188.61,192.13,186.18,189.64,5011700,,
2022-06-16,185.38,185.68,181.67,183.02,8225100,,
2022-06-17,183.26,185.41,181.80,183.71,5252700,,
2022-06-21,186.69,189.03,186.69,188.16,6103400,,
2022-06-22,185.91,189.95,185.62,188.13,7321300,,
2022-06-23,188.13,189.57,186.46,189.08,6675800,0.749,
2022-06-24,190.92,195.22,190.59,195.19,3856400,,
2022-06-27,195.63,196.01,193.90,194.59,5950400,,
2022-06-28,195.44,196.85,190.56,190.58,6012700,,
2022-06-29,190.79,191.18,189.18,190.26,4155800,,
2022-06-30,188.00,190.31,186.13,188.62,4250300,,
2022-07-01,188.19,190.87,186.90,190.61,3223100,,
2022-07-05,188.36,191.31,186.36,191.29,3986100,,
2022-07-06,191.29,192.90,189.88,191.67,2981000,,
2022-07-07,192.63,195.22,192.59,194.83,2919300,,
2022-07-08,194.06,195.70,193.01,194.63,2799200,,
2022-07-11,193.38,193.75,191.81,192.17,3033800,,
2022-07-12,192.00,193.24,189.60,190.51,2640300,,
2022-07-13,187.79,191.09,187.39,189.68,3322400,,
2022-07-14,187.28,189.19,185.58,188.84,3355600,,
2022-07-15,191.19,192.55,189.98,192.51,2914600,,
2022-07-18,194.29,194.77,190.54,191.18,3974200,,
2022-07-19,193.27,196.72,192.99,196.52,3287500,,
2022-07-20,196.43,198.75,195.99,198.11,3332400,,
2022-07-21,197.63,200.07,196.46,200.07,2929300,,
2022-07-22,200.00,200.80,196.73,197.90,2717400,,
2022-07-25,198.34,198.60,196.99,198.17,2997100,,
2022-07-26,197.29,197.33,195.28,195.72,2918500,,
2022-07-27,197.51,201.72,197.31,200.86,2902200,,
2022-07-28,201.02,203.73,199.33,203.48,2670700,,
2022-07-29,204.17,206.78,203.60,206.25,3342400,,
2022-08-01,204.97,207.04,204.29,205.77,3531500,,
2022-08-02,205.00,207.04,203.88,204.66,3020900,,
2022-08-03,205.92,208.53,205.74,207.95,2827100,,
2022-08-04,207.94,208.25,206.92,207.75,2261800,,
2022-08-05,205.69,208.08,205.50,207.68,2758900,,
2022-08-08,208.62,210.17,207.27,207.87,3024200,,
2022-08-09,207.44,207.57,205.97,206.56,1829500,,
2022-08-10,210.29,211.42,209.54,211.27,2878200,,
2022-08-11,212.82,214.04,210.92,211.28,2835000,,
2022-08-12,212.43,214.99,211.87,214.94,2366500,,
2022-08-15,213.84,216.08,213.69,215.78,4479200,,
2022-08-16,215.41,217.20,214.59,216.24,2835600,,
2022-08-17,214.39,215.78,213.16,214.30,4007900,,
2022-08-18,214.33,215.28,213.70,214.86,1640200,,
2022-08-19,213.36,213.47,211.23,211.79,2555000,,
2022-08-22,209.08,209.44,206.82,207.26,3142900,,
2022-08-23,207.36,208.58,206.65,206.87,2856400,,
2022-08-24,206.84,208.52,206.43,207.74,1790900,,
2022-08-25,208.60,210.82,208.13,210.75,1874100,,
2022-08-26,210.86,210.92,203.70,203.77,3550200,,
2022-08-29,202.20,203.95,201.62,202.28,3529100,,
2022-08-30,202.94,203.13,198.90,200.03,4799400,,
2022-08-31,200.95,201.56,198.50,198.56,2911400,,
2022-09-01,197.40,198.89,195.53,198.68,4555800,,
2022-09-02,200.65,201.36,195.83,196.71,3810400,,
2022-09-06,197.47,197.67,194.73,195.91,5382900,,
2022-09-07,195.73,199.94,195.64,199.53,3032400,,
2022-09-08,198.34,201.18,197.71,201.11,2971300,,
2022-09-09,202.38,204.85,202.32,204.45,2953400,,
2022-09-12,205.53,206.99,205.32,206.65,2736900,,
2022-09-13,201.97,202.55,197.15,197.77,5190300,,
2022-09-14,198.42,199.20,196.75,198.54,2793400,,
2022-09-15,197.86,199.37,195.69,196.42,2491000,,
2022-09-16,194.47,194.86,192.82,194.63,4966100,,
2022-09-19,192.90,196.08,192.86,196.01,3346700,,
2022-09-20,194.43,194.75,192.29,193.73,3244200,,
2022-09-21,194.64,196.41,190.40,190.42,3060200,,
2022-09-22,190.11,190.51,187.97,188.29,5279700,,
2022-09-23,185.53,185.87,181.82,184.26,8249900,0.796,
2022-09-26,183.50,185.48,181.62,182.24,6603500,,
2022-09-27,184.21,185.40,180.67,181.97,6910700,,
2022-09-28,182.55,186.70,181.70,185.80,6929100,,
2022-09-29,184.24,184.31,180.31,181.94,8241100,,
2022-09-30,181.56,183.71,179.28,179.47,8431700,,
2022-10-03,181.52,185.02,180.23,184.03,7321600,,
2022-10-04,187.19,190.07,187.14,189.94,6212800,,
2022-10-05,187.91,190.69,186.36,189.58,4548100,,
2022-10-06,188.88,190.46,187.44,187.77,3784100,,
2022-10-07,185.69,185.83,181.46,182.40,4780100,,
2022-10-10,182.90,183.20,179.69,180.95,4304000,,
2022-10-11,180.03,182.47,178.52,179.79,4419100,,
2022-10-12,180.17,180.73,178.95,179.30,5016700,,
2022-10-13,176.37,184.55,174.84,183.75,5626900,,
2022-10-14,185.09,185.99,179.14,179.42,3798800,,
2022-10-17,182.76,184.81,182.58,184.21,4025800,,
2022-10-18,188.14,188.70,184.71,186.46,3906800,,
2022-10-19,185.25,186.64,183.34,184.87,2589100,,
2022-10-20,184.54,186.99,182.81,183.27,2636200,,
2022-10-21,182.99,187.78,182.29,187.49,3381200,,
2022-10-24,188.38,190.12,186.69,189.51,4527800,,
2022-10-25,189.57,193.16,189.53,192.94,3287100,,
2022-10-26,191.26,194.64,191.26,191.75,4091100,,
2022-10-27,192.46,193.47,190.61,190.85,3556300,,
2022-10-28,190.84,195.53,190.74,195.29,3178800,,
2022-10-31,193.99,195.17,193.51,194.03,5053900,,
2022-11-01,196.00,196.44,192.76,193.43,9873800,,
2022-11-02,193.07,195.27,188.29,188.34,4686000,,
2022-11-03,186.50,188.09,185.13,186.54,3935600,,
2022-11-04,189.32,190.30,185.75,188.94,3586200,,
2022-11-07,189.59,190.97,188.47,190.66,3420000,,
2022-11-08,191.25,193.31,189.42,191.66,4847500,,
2022-11-09,190.46,191.04,187.21,187.53,13959600,,
2022-11-10,194.35,198.31,193.65,198.14,3981600,,
2022-11-11,198.58,200.70,197.82,200.16,4550200,,
2022-11-14,199.26,200.92,198.21,198.35,4248200,,
2022-11-15,201.50,202.14,198.34,200.36,4606200,,
2022-11-16,199.45,199.72,198.03,198.32,2905000,,
2022-11-17,195.67,197.90,195.45,197.49,3704700,,
2022-11-18,199.08,199.41,196.90,198.42,3039000,,
2022-11-21,197.72,198.21,196.65,197.58,2961700,,
2022-11-22,198.13,200.29,197.79,200.17,3390300,,
2022-11-23,200.00,201.76,199.83,201.39,2685700,,
2022-11-25,201.22,201.83,201.03,201.54,1289100,,
2022-11-28,199.93,200.76,197.80,198.27,3365800,,
2022-11-29,198.49,199.06,197.10,197.96,2640700,,
2022-11-30,198.14,204.10,197.04,204.06,4201300,,
2022-12-01,204.83,205.47,202.79,204.18,4354300,,
2022-12-02,201.55,204.48,201.20,203.99,2917100,,
2022-12-05,202.51,202.96,199.25,199.98,3840500,,
2022-12-06,199.91,200.05,195.84,196.98,3901000,,
2022-12-07,196.45,197.97,196.02,196.66,3438100,,
2022-12-08,197.55,198.92,196.82,198.36,3982600,,
2022-12-09,197.53,198.83,196.62,196.70,3784900,,
2022-12-12,197.00,199.53,196.70,199.53,3931600,,
2022-12-13,205.63,205.63,199.62,201.02,4191900,,
2022-12-14,200.92,202.72,198.27,199.90,3331200,,
2022-12-15,197.21,197.71,194.07,194.92,5537100,,
2022-12-16,193.51,194.22,191.42,192.69,4755400,,
2022-12-19,192.80,192.92,189.95,190.75,6433800,,
2022-12-20,190.42,191.97,189.73,191.15,5637800,,
2022-12-21,192.47,194.65,192.20,194.04,4973400,,
2022-12-22,191.61,191.68,187.38,190.37,5153500,0.931,
2022-12-23,190.00,191.44,189.01,191.42,4214400,,
2022-12-27,191.39,191.52,189.75,190.62,6037700,,
2022-12-28,190.65,191.50,188.06,188.22,5711900,,
2022-12-29,189.49,192.16,189.37,191.68,5425700,,
2022-12-30,190.18,191.27,189.28,191.19,5979800,,
2023-01-03,192.38,193.36,188.93,190.41,4092500,,
2023-01-04,191.51,193.06,190.14,192.10,3852500,,
2023-01-05,191.22,191.27,189.46,189.85,4150000,,
2023-01-06,191.12,194.64,189.85,194.04,3184300,,
2023-01-09,195.46,196.89,194.01,194.12,3888300,,
2023-01-10,193.65,195.65,193.29,195.65,2963500,,
2023-01-11,196.55,198.25,196.15,198.23,3435300,,
2023-01-12,198.79,199.80,196.63,199.19,3552700,,
2023-01-13,197.62,200.27,197.30,200.04,2798600,,
2023-01-17,200.04,200.88,199.34,199.77,5426700,,
2023-01-18,200.40,201.09,196.56,196.62,3890200,,
2023-01-19,195.41,196.24,194.32,195.02,2282400,,
2023-01-20,195.85,198.81,194.93,198.76,2429300,,
2023-01-23,199.20,202.16,198.70,201.28,3438100,,
2023-01-24,200.40,201.46,199.74,200.95,2679400,,
2023-01-25,198.95,201.20,197.59,201.05,2802000,,
2023-01-26,202.35,203.28,200.85,203.12,2806200,,
2023-01-27,202.60,205.05,202.58,203.94,4521900,,
2023-01-30,202.28,203.61,201.09,201.21,2992300,,
2023-01-31,201.65,204.49,201.45,204.43,4827600,,
2023-02-01,203.91,208.32,202.51,206.92,4385600,,
2023-02-02,209.00,210.88,208.10,210.01,3730800,,
2023-02-03,207.51,210.18,207.04,207.84,2854200,,
2023-02-06,206.41,207.07,205.50,206.28,2841700,,
2023-02-07,206.00,209.56,205.03,208.88,3028100,,
2023-02-08,207.91,208.71,206.26,206.65,2945400,,
2023-02-09,208.46,208.61,204.10,204.64,2705900,,
2023-02-10,204.02,205.18,203.47,205.01,2159800,,
2023-02-13,205.41,207.50,204.99,207.45,3467200,,
2023-02-14,206.65,208.66,205.31,207.53,2743400,,
2023-02-15,206.46,208.50,206.04,208.46,2001600,,
2023-02-16,205.97,208.02,205.54,205.68,2458800,,
2023-02-17,204.77,205.23,203.53,205.08,2324000,,
2023-02-21,203.15,203.50,200.65,200.83,3110800,,
2023-02-22,201.00,201.96,199.93,200.66,3011700,,
2023-02-23,202.09,202.46,199.38,201.73,3440100,,
2023-02-24,199.29,199.93,198.16,199.48,3020600,,
2023-02-27,201.31,202.03,199.72,200.19,2850300,,
2023-02-28,200.25,201.08,199.52,199.52,2299100,,
2023-03-01,199.38,200.00,198.20,200.00,4176000,,
2023-03-02,197.99,200.80,197.50,200.31,3364000,,
2023-03-03,201.08,203.70,200.91,203.57,2484700,,
2023-03-06,203.86,204.98,203.03,203.30,3812700,,
2023-03-07,203.10,203.47,199.95,200.27,3346700,,
2023-03-08,200.40,201.00,199.40,200.53,1985900,,
2023-03-09,200.80,201.75,196.12,196.57,2974300,,
2023-03-10,196.25,197.00,192.26,193.26,6310500,,
2023-03-13,190.90,195.16,190.18,192.46,6253700,,
2023-03-14,195.50,196.95,193.57,195.89,4473800,,
2023-03-15,192.63,194.40,191.53,194.38,3855400,,
2023-03-16,193.33,197.91,192.80,197.74,3224900,,
2023-03-17,197.25,197.43,194.38,195.19,2902400,,
2023-03-20,195.75,197.38,195.29,196.89,2898100,,
2023-03-21,198.76,200.05,198.23,199.70,2421700,,
2023-03-22,199.85,201.41,196.12,196.13,2187900,,
2023-03-23,196.85,198.95,194.25,195.70,2629700,0.786,
2023-03-24,194.88,196.97,193.65,196.93,2324800,,
2023-03-27,198.27,198.60,196.92,197.43,2425400,,
2023-03-28,197.20,197.65,196.14,197.15,3678600,,
2023-03-29,199.09,200.09,198.61,199.99,3486500,,
2023-03-30,201.27,201.59,200.12,201.07,2259200,,
2023-03-31,201.57,204.19,201.57,204.10,2986300,,
2023-04-03,203.72,204.99,203.33,204.64,3068200,,
2023-04-04,205.00,205.06,202.53,203.27,2881800,,
2023-04-05,202.69,203.16,201.58,202.53,3119400,,
2023-04-06,202.24,203.34,201.45,203.20,1989800,,
2023-04-10,202.00,203.68,201.65,203.66,2545300,,
2023-04-11,203.87,204.64,203.40,203.87,3389300,,
2023-04-12,205.00,205.26,202.71,203.01,2431200,,
2023-04-13,203.53,205.80,203.34,205.65,2197600,,
2023-04-14,205.33,206.50,203.81,205.08,4142000,,
2023-04-17,205.03,205.91,204.45,205.90,2780400,,
2023-04-18,206.68,206.83,205.30,206.00,2784500,,
2023-04-19,205.03,206.48,204.97,206.10,2531400,,
2023-04-20,204.46,205.77,204.07,204.82,2563100,,
2023-04-21,204.96,205.24,203.92,205.00,2341600,,
2023-04-24,204.90,205.44,204.10,205.08,3704400,,
2023-04-25,204.02,204.23,201.62,201.66,2606400,,
2023-04-26,202.16,202.51,200.41,200.75,2762300,,
2023-04-27,201.86,204.69,201.83,204.52,2254600,,
2023-04-28,204.00,206.30,204.00,206.30,2309100,,
2023-05-01,206.00,207.18,205.99,206.20,2838500,,
2023-05-02,205.62,205.90,202.07,203.68,2700600,,
2023-05-03,203.85,205.49,202.35,202.49,2154000,,
2023-05-04,201.84,202.02,200.20,200.98,2577600,,
2023-05-05,202.85,205.27,202.79,204.69,1942300,,
2023-05-08,204.93,205.10,204.12,204.91,2632600,,
2023-05-09,204.03,204.63,203.80,204.07,1802500,,
2023-05-10,205.62,205.94,203.05,204.97,2677600,,
2023-05-11,204.47,204.70,203.49,204.70,2108300,,
2023-05-12,205.04,205.28,202.93,204.22,2252400,,
2023-05-15,204.17,205.38,203.71,205.09,3240000,,
2023-05-16,204.41,204.81,203.47,203.50,1884400,,
2023-05-17,204.46,206.45,203.65,206.14,2650100,,
2023-05-18,206.00,208.37,205.82,208.19,2370200,,
2023-05-19,208.64,208.84,207.07,207.69,2683900,,
2023-05-22,207.68,208.81,207.20,208.05,2229400,,
2023-05-23,207.30,207.99,205.64,205.85,2386700,,
2023-05-24,205.00,205.13,203.69,204.26,2083700,,
2023-05-25,205.87,206.33,204.53,205.65,2230400,,
2023-05-26,206.00,208.72,205.97,208.36,2347000,,
2023-05-30,209.63,209.68,207.69,208.43,2772300,,
2023-05-31,207.49,207.98,206.30,207.18,2325400,,
2023-06-01,207.30,209.80,206.65,209.25,2696700,,
2023-06-02,210.68,213.09,210.50,212.71,3018700,,
2023-06-05,212.74,213.36,207.47,212.15,2249400,,
2023-06-06,212.00,213.37,211.64,213.12,2227700,,
2023-06-07,213.34,214.12,212.39,212.70,2272800,,
2023-06-08,212.63,213.97,212.09,213.70,1943100,,
2023-06-09,214.10,215.08,213.41,213.93,2084600,,
2023-06-12,214.50,215.86,214.05,215.85,2479900,,
2023-06-13,216.78,217.77,216.46,217.44,4295700,,
2023-06-14,217.55,218.53,215.70,217.44,4131000,,
2023-06-15,216.99,220.71,216.91,220.09,2895100,,
2023-06-16,221.42,221.42,219.13,219.26,4763700,,
2023-06-20,218.38,218.67,217.07,218.18,3156500,,
2023-06-21,217.82,218.08,216.70,216.98,2713400,,
2023-06-22,216.51,217.59,216.17,217.56,2669100,,
2023-06-23,215.13,215.89,214.58,214.94,3338400,0.827,
2023-06-26,214.80,215.82,214.14,214.19,2846800,,
2023-06-27,214.75,217.11,214.55,216.80,2653000,,
2023-06-28,216.48,217.51,215.96,216.98,4362100,,
2023-06-29,216.90,218.10,216.66,218.02,2857900,,
2023-06-30,219.61,220.86,219.48,220.28,3444100,,
2023-07-03,220.28,220.94,220.05,220.94,2423600,,
2023-07-05,220.08,220.61,219.63,220.27,3341400,,
2023-07-06,218.54,218.54,216.83,218.31,3404300,,
2023-07-07,217.91,220.08,217.81,218.04,2771700,,
2023-07-10,217.90,219.03,217.80,218.99,2080500,,
2023-07-11,219.38,220.93,219.01,220.71,2155700,,
2023-07-12,222.57,223.10,221.86,222.40,3030200,,
2023-07-13,223.46,224.64,223.13,224.28,4113300,,
2023-07-14,224.85,224.86,223.50,223.95,2914100,,
2023-07-17,223.95,225.36,223.76,224.80,2688200,,
2023-07-18,224.70,226.92,224.53,226.59,2916500,,
2023-07-19,227.08,227.76,226.68,227.18,3106700,,
2023-07-20,226.61,227.01,225.14,225.54,2651700,,
2023-07-21,226.42,226.54,225.46,225.52,2296800,,
2023-07-24,226.05,226.71,225.64,226.32,2291700,,
2023-07-25,226.02,227.60,226.02,226.89,2084400,,
2023-07-26,226.43,227.77,226.05,227.06,1985600,,
2023-07-27,228.81,228.97,224.83,225.31,4730600,,
2023-07-28,227.17,228.03,226.77,227.66,2257600,,
2023-07-31,228.12,228.56,227.56,228.35,2658500,,
2023-08-01,227.65,228.00,227.07,227.73,2809500,,
2023-08-02,225.99,226.14,224.07,224.50,4239000,,
2023-08-03,223.48,224.77,222.99,223.85,2925200,,
2023-08-04,224.74,225.84,222.61,222.90,3024600,,
2023-08-07,223.72,224.71,223.22,224.61,2376600,,
2023-08-08,223.20,223.77,221.70,223.57,2796400,,
2023-08-09,223.66,223.69,221.56,221.97,2203400,,
2023-08-10,223.24,224.88,221.34,222.01,3033300,,
2023-08-11,221.10,222.41,220.77,221.80,2220400,,
2023-08-14,221.32,222.92,221.05,222.90,2435100,,
2023-08-15,222.00,222.24,220.04,220.37,2997300,,
2023-08-16,220.13,220.96,218.55,218.55,2933500,,
2023-08-17,219.28,219.50,216.55,216.76,3135900,,
2023-08-18,215.23,217.56,215.03,217.01,2933300,,
2023-08-21,217.41,218.68,216.36,218.26,2755400,,
2023-08-22,219.22,219.22,217.38,217.68,2891900,,
2023-08-23,218.08,220.40,218.08,220.06,2560200,,
2023-08-24,220.70,221.14,217.08,217.11,3099400,,
2023-08-25,217.98,219.24,216.05,218.59,3631000,,
2023-08-28,219.57,220.32,219.10,219.99,2364700,,
2023-08-29,219.94,223.32,219.80,223.19,3160300,,
2023-08-30,223.25,224.50,223.05,224.18,2420800,,
2023-08-31,224.50,225.18,223.88,223.94,3044000,,
2023-09-01,225.34,225.78,223.96,224.68,3047600,,
2023-09-05,224.26,224.64,223.28,223.34,2531500,,
2023-09-06,222.99,223.18,220.75,221.94,2473700,,
2023-09-07,220.38,221.50,220.08,221.18,2964700,,
2023-09-08,221.21,222.18,220.98,221.42,2244400,,
2023-09-11,222.66,223.04,221.95,222.81,2087900,,
2023-09-12,222.14,222.97,221.45,221.73,2448500,,
2023-09-13,221.79,222.30,221.10,221.76,1990000,,
2023-09-14,222.85,223.98,222.34,223.66,2002400,,
2023-09-15,222.89,222.92,220.76,221.03,2639200,,
2023-09-18,220.91,221.69,220.55,221.05,2259600,,
2023-09-19,220.61,220.87,219.17,220.49,2977800,,
2023-09-20,221.13,221.49,218.45,218.54,2448400,,
2023-09-21,216.36,216.42,213.98,214.09,4190400,0.798,
2023-09-22,214.68,215.30,213.40,213.64,3261300,,
2023-09-25,213.15,214.50,212.75,214.50,3440000,,
2023-09-26,213.06,213.43,211.01,211.41,4371900,,
2023-09-27,212.12,212.46,209.84,211.63,4407300,,
2023-09-28,211.42,213.87,211.14,213.03,2952400,,
2023-09-29,214.55,214.67,211.79,212.41,4441400,,
2023-10-02,212.20,212.85,210.74,212.13,4358100,,
2023-10-03,211.00,211.69,208.33,209.05,4389100,,
2023-10-04,209.23,210.89,208.40,210.56,3045400,,
2023-10-05,210.38,210.86,208.78,210.45,2679700,,
2023-10-06,209.06,213.78,208.57,212.96,3666300,,
2023-10-09,211.91,214.65,211.76,214.30,2869700,,
2023-10-10,214.60,216.95,214.57,215.63,3494600,,
2023-10-11,216.20,216.63,214.88,216.48,3033000,,
2023-10-12,216.63,216.72,213.53,214.74,3244200,,
2023-10-13,215.53,216.01,212.75,213.53,3267700,,
2023-10-16,214.73,216.46,214.56,216.01,3361600,,
2023-10-17,214.37,217.38,214.17,216.29,3627700,,
2023-10-18,215.11,215.63,212.59,213.09,3255000,,
2023-10-19,213.40,214.35,210.69,211.08,4322700,,
2023-10-20,210.86,211.05,208.38,208.47,4447600,,
2023-10-23,207.67,209.97,206.66,207.90,5473000,,
2023-10-24,209.07,210.21,208.12,209.47,3180900,,
2023-10-25,208.45,208.54,206.09,206.36,3454500,,
2023-10-26,205.92,206.36,203.63,204.22,4133400,,
2023-10-27,205.00,205.11,202.44,203.12,4290700,,
2023-10-30,204.53,205.98,203.76,205.46,3562700,,
2023-10-31,205.63,207.00,204.82,206.79,3325300,,
2023-11-01,207.14,209.22,206.87,208.86,5789300,,
2023-11-02,210.85,213.11,210.85,213.01,4111600,,
2023-11-03,214.32,216.20,214.27,215.41,4217100,,
2023-11-06,215.83,216.07,214.47,215.50,2915000,,
2023-11-07,215.38,216.50,214.90,216.14,3194300,,
2023-11-08,216.34,216.72,215.00,216.11,2813800,,
2023-11-09,216.63,216.78,214.06,214.27,2771200,,
2023-11-10,215.10,217.61,214.45,217.46,3303400,,
2023-11-13,216.81,217.86,216.34,217.33,2829400,,
2023-11-14,220.51,222.78,220.51,222.15,4055100,,
2023-11-15,222.86,223.80,222.29,222.70,2819200,,
2023-11-16,222.30,222.88,221.60,222.55,2754500,,
2023-11-17,222.87,223.44,222.42,223.11,3123700,,
2023-11-20,223.11,225.25,223.00,224.79,2875600,,
2023-11-21,224.25,224.43,223.61,224.18,2513800,,
2023-11-22,224.85,225.76,224.53,225.14,2880400,,
2023-11-24,225.04,225.44,225.01,225.38,1219500,,
2023-11-27,225.12,225.53,224.77,225.09,2410000,,
2023-11-28,224.77,225.91,224.45,225.23,2761900,,
2023-11-29,226.38,227.19,225.11,225.33,2653700,,
2023-11-30,225.73,226.39,224.82,226.26,3148000,,
2023-12-01,225.99,228.33,225.59,228.17,4078700,,
2023-12-04,226.58,227.43,226.08,227.35,3837800,,
2023-12-05,226.58,227.45,226.21,226.91,3019000,,
2023-12-06,227.89,228.16,225.88,225.95,3172900,,
2023-12-07,226.99,228.05,226.71,227.76,2724300,,
2023-12-08,227.36,229.09,227.27,228.85,2741500,,
2023-12-11,228.69,229.83,228.51,229.79,3076600,,
2023-12-12,229.59,230.78,228.96,230.66,3214900,,
2023-12-13,230.77,234.43,230.55,234.24,4231100,,
2023-12-14,235.66,236.58,234.19,235.63,5014500,,
2023-12-15,234.79,235.94,234.63,235.31,4298600,,
2023-12-18,235.86,236.82,235.82,236.33,3855100,,
2023-12-19,236.72,238.10,236.72,238.06,3731700,,
2023-12-20,237.74,238.69,234.44,234.51,5149700,,
2023-12-21,235.08,236.17,234.06,236.09,4427000,1.002,
2023-12-22,236.59,237.52,235.64,236.63,3662400,,
2023-12-26,236.98,238.31,236.86,237.80,3829400,,
2023-12-27,238.00,238.44,237.47,238.25,5103700,,
2023-12-28,238.25,238.74,238.13,238.13,4099400,,
2023-12-29,238.14,238.47,236.48,237.22,4188800,,
2024-01-02,235.65,236.51,234.77,235.63,4847600,,
2024-01-03,234.53,234.74,233.11,233.37,3925500,,
2024-01-04,233.26,234.55,232.66,232.77,3681900,,
2024-01-05,232.70,234.39,232.40,233.12,3305500,,
2024-01-08,233.27,236.56,233.26,236.45,4156600,,
2024-01-09,235.15,236.56,234.74,236.01,4524800,,
2024-01-10,236.12,237.66,235.79,237.23,3343400,,
2024-01-11,237.52,237.86,234.92,237.07,3375600,,
2024-01-12,237.98,238.37,236.42,237.11,3053400,,
2024-01-16,236.29,236.91,235.10,236.01,3646700,,
2024-01-17,234.41,234.87,233.43,234.59,3336600,,
2024-01-18,235.64,236.96,234.62,236.66,3509900,,
2024-01-19,237.38,239.74,236.76,239.54,3850800,,
2024-01-22,240.54,241.40,240.05,240.58,3952700,,
2024-01-23,241.02,241.17,240.06,241.02,3015300,,
2024-01-24,242.66,242.87,240.85,240.98,3003000,,
2024-01-25,242.19,242.56,241.07,242.32,2993900,,
2024-01-26,242.31,243.02,241.73,242.12,2858200,,
2024-01-29,242.34,244.34,242.13,244.32,3463400,,
2024-01-30,244.07,244.33,243.57,243.98,3098900,,
2024-01-31,242.84,243.24,239.86,239.87,3884500,,
2024-02-01,240.90,243.10,240.04,243.10,3986800,,
2024-02-02,242.96,246.01,242.69,245.18,3876600,,
2024-02-05,244.83,244.99,242.74,244.02,3324800,,
2024-02-06,244.48,245.02,243.90,244.85,2568400,,
2024-02-07,246.00,247.09,245.39,246.78,2305700,,
2024-02-08,246.81,247.47,246.51,247.39,2668200,,
2024-02-09,247.75,249.15,247.51,248.90,2367700,,
2024-02-12,249.04,250.34,248.72,249.14,2769700,,
2024-02-13,245.61,246.32,243.35,245.15,5832600,,
2024-02-14,246.87,248.03,245.61,247.86,2606900,,
2024-02-15,248.34,249.94,248.02,249.77,3181900,,
2024-02-16,249.61,250.23,248.10,248.46,2909200,,
2024-02-20,247.55,247.75,245.76,246.90,3445100,,
2024-02-21,246.05,246.99,245.13,246.95,2169900,,
2024-02-22,249.96,252.21,249.61,251.83,3873000,,
2024-02-23,252.46,252.92,251.53,252.00,2856000,,
2024-02-26,252.02,252.44,251.20,251.24,2585800,,
2024-02-27,251.79,252.10,250.95,251.94,2024600,,
2024-02-28,251.10,251.96,250.97,251.52,2192200,,
2024-02-29,252.68,253.30,251.12,252.58,2610400,,
2024-03-01,253.04,255.07,252.68,254.90,3693800,,
2024-03-04,254.78,255.58,254.53,254.65,4966800,,
2024-03-05,253.68,253.86,250.91,251.95,3134800,,
2024-03-06,253.87,254.51,252.68,253.44,2501700,,
2024-03-07,255.00,256.37,254.65,255.91,2940900,,
2024-03-08,256.42,257.71,254.04,254.43,3673500,,
2024-03-11,253.89,254.35,252.70,254.02,3038700,,
2024-03-12,254.99,256.74,253.65,256.53,4380100,,
2024-03-13,256.57,256.87,255.47,256.21,2667400,,
2024-03-14,256.69,256.87,253.72,255.22,3664100,,
2024-03-15,253.60,254.65,252.70,253.71,3216800,,
2024-03-18,255.58,256.21,254.81,255.00,3455400,,
2024-03-19,254.43,256.55,254.17,256.47,2900200,,
2024-03-20,256.46,259.20,256.19,259.07,2480800,,
2024-03-21,260.65,261.07,260.04,260.14,3723200,,
2024-03-22,259.19,259.45,258.34,258.50,2465300,0.911,
2024-03-25,258.10,258.49,257.79,257.92,2714400,,
2024-03-26,258.80,258.83,257.28,257.46,2591500,,
2024-03-27,259.13,259.85,258.01,259.73,4030200,,
2024-03-28,259.80,260.58,259.76,259.90,2669100,,
2024-04-01,260.32,260.38,258.68,259.70,3292300,,
2024-04-02,257.50,257.50,256.19,257.30,3213400,,
2024-04-03,256.73,258.44,256.66,257.70,3241600,,
2024-04-04,259.65,259.99,254.44,254.61,3121300,,
2024-04-05,255.11,258.20,255.00,257.18,4178500,,
2024-04-08,257.80,258.14,257.10,257.48,3223800,,
2024-04-09,258.35,258.50,255.40,257.85,2940600,,
2024-04-10,254.72,256.04,253.92,254.97,3348900,,
2024-04-11,255.75,257.43,253.88,256.70,3434200,,
2024-04-12,255.27,255.64,252.16,253.00,3574400,,
2024-04-15,255.00,255.21,249.26,249.89,4804300,,
2024-04-16,249.89,250.65,248.47,249.14,3466800,,
2024-04-17,250.44,250.93,246.98,247.68,2861400,,
2024-04-18,248.32,249.53,246.65,247.17,2991700,,
2024-04-19,247.07,247.69,244.57,245.23,3469000,,
2024-04-22,246.59,248.88,245.38,247.64,3112000,,
2024-04-23,248.57,250.95,248.27,250.59,2399000,,
2024-04-24,251.21,251.51,249.30,250.65,2285900,,
2024-04-25,247.31,249.89,246.43,249.46,2473300,,
2024-04-26,250.86,252.54,250.44,251.78,3238100,,
2024-04-29,252.75,253.12,251.35,252.77,2086000,,
2024-04-30,251.94,252.33,248.56,248.61,2502700,,
2024-05-01,248.46,251.98,247.60,247.99,3509500,,
2024-05-02,250.13,250.92,247.61,250.56,2580200,,
2024-05-03,253.60,254.40,252.20,253.53,2350200,,
2024-05-06,254.80,256.25,254.62,256.25,2811500,,
2024-05-07,256.59,257.17,256.14,256.48,1829900,,
2024-05-08,255.48,256.55,255.33,256.30,2600100,,
2024-05-09,256.30,257.88,256.00,257.81,2418700,,
2024-05-10,258.67,259.03,257.45,258.05,1922500,,
2024-05-13,259.08,259.08,257.56,258.19,1948400,,
2024-05-14,258.23,259.67,258.08,259.45,2466800,,
2024-05-15,260.85,262.73,260.44,262.64,2508700,,
2024-05-16,262.68,263.28,261.86,261.93,2445000,,
2024-05-17,262.15,262.30,261.24,262.30,2208700,,
2024-05-20,262.43,263.36,262.21,262.57,2366100,,
2024-05-21,262.20,263.16,262.13,263.11,2241900,,
2024-05-22,262.86,263.07,261.13,262.22,2356600,,
2024-05-23,263.86,263.92,259.43,259.99,6603000,,
2024-05-24,261.04,262.21,260.45,261.87,3123700,,
2024-05-28,262.47,262.47,260.49,261.87,3078100,,
2024-05-29,259.62,260.37,259.43,259.72,3179000,,
2024-05-30,259.28,259.62,257.75,258.45,3030200,,
2024-05-31,259.00,260.60,256.25,260.44,3407400,,
2024-06-03,261.66,261.66,258.08,260.52,6203400,,
2024-06-04,259.84,260.89,258.95,260.49,2489800,,
2024-06-05,261.80,263.68,260.70,263.68,2384000,,
2024-06-06,263.65,263.96,262.60,263.45,2190200,,
2024-06-07,262.89,264.30,262.25,262.95,1838900,,
2024-06-10,262.33,264.00,262.20,263.83,1958400,,
2024-06-11,263.00,264.35,261.88,264.28,3017300,,
2024-06-12,267.09,268.21,266.21,266.77,2762600,,
2024-06-13,267.47,267.80,265.50,266.89,2285200,,
2024-06-14,265.86,266.69,265.24,266.69,2205600,,
2024-06-17,266.41,269.40,266.04,268.72,2452000,,
2024-06-18,268.86,269.54,268.66,269.40,2024300,,
2024-06-20,269.94,270.19,267.75,268.72,3168600,,
2024-06-21,268.42,268.81,267.46,268.31,2676000,,
2024-06-24,268.34,269.78,267.78,267.86,2226500,,
2024-06-25,268.37,268.74,267.49,268.74,2073800,,
2024-06-26,267.98,269.10,267.63,268.73,1857500,,
2024-06-27,268.62,269.59,268.49,269.38,2655400,,
2024-06-28,269.37,270.41,266.95,267.51,2822800,0.952,
2024-07-01,268.49,268.49,266.73,268.05,2881000,,
2024-07-02,267.46,269.63,267.25,269.60,4207800,,
2024-07-03,269.61,270.90,269.61,270.71,1948500,,
2024-07-05,270.82,272.26,270.40,272.12,4237500,,
2024-07-08,272.65,272.92,271.91,272.49,2335000,,
2024-07-09,272.82,273.18,272.31,272.42,2702100,,
2024-07-10,273.21,275.21,272.85,275.06,1992600,,
2024-07-11,275.75,276.26,273.44,273.83,3598000,,
2024-07-12,274.35,277.36,274.34,275.64,2729500,,
2024-07-15,276.80,278.30,275.88,276.82,3386100,,
2024-07-16,277.60,279.21,277.40,279.10,3261100,,
2024-07-17,276.24,277.27,274.99,275.16,3346100,,
2024-07-18,276.00,276.55,271.65,272.76,2904200,,
2024-07-19,272.56,273.33,270.50,271.06,2414200,,
2024-07-22,272.78,274.15,271.90,273.89,2527300,,
2024-07-23,273.87,275.14,273.56,273.69,2229500,,
2024-07-24,271.34,271.61,267.08,267.53,3050700,,
2024-07-25,267.70,271.07,265.95,266.50,3237800,,
2024-07-26,268.64,270.99,268.25,269.69,2757900,,
2024-07-29,270.73,271.08,268.77,269.71,2814400,,
2024-07-30,270.50,271.15,266.87,268.59,2174100,,
2024-07-31,271.94,274.29,271.10,272.57,2541500,,
2024-08-01,273.25,274.51,266.61,268.30,3767300,,
2024-08-02,264.50,264.77,260.69,262.90,4744200,,
2024-08-05,251.21,258.33,251.00,255.18,8463400,,
2024-08-06,256.57,261.36,255.53,257.77,5255200,,
2024-08-07,261.07,262.35,255.56,255.80,3398500,,
2024-08-08,258.68,262.17,257.50,261.79,2922800,,
2024-08-09,261.74,263.64,260.80,262.92,2667400,,
2024-08-12,263.63,263.99,261.76,262.75,2548500,,
2024-08-13,264.41,267.21,264.30,267.12,2316200,,
2024-08-14,267.65,268.47,266.13,267.88,2335300,,
2024-08-15,270.94,272.77,270.58,272.52,3031600,,
2024-08-16,271.90,273.54,271.73,273.17,2571900,,
2024-08-19,273.62,275.79,273.02,275.75,2660000,,
2024-08-20,275.68,276.31,274.43,275.08,2041900,,
2024-08-21,275.77,276.90,274.95,276.46,1983700,,
2024-08-22,277.17,277.59,273.61,274.12,2554300,,
2024-08-23,275.74,277.83,275.33,277.59,2281800,,
2024-08-26,278.13,278.53,276.26,276.89,2263800,,
2024-08-27,276.10,277.38,275.61,277.14,1787900,,
2024-08-28,276.80,277.08,273.92,275.45,1856400,,
2024-08-29,276.48,278.31,275.24,275.72,3018000,,
2024-08-30,276.72,278.53,275.08,278.38,2029300,,
2024-09-03,276.80,277.00,271.16,272.39,3818900,,
2024-09-04,271.01,273.54,270.98,271.78,2946700,,
2024-09-05,271.80,273.02,269.83,270.94,3997800,,
2024-09-06,271.18,272.04,266.01,266.44,3599900,,
2024-09-09,268.39,270.05,267.58,269.29,2969800,,
2024-09-10,270.13,270.49,267.67,270.34,1874700,,
2024-09-11,270.22,273.36,265.92,273.03,2640200,,
2024-09-12,273.43,275.55,272.15,275.30,2420700,,
2024-09-13,276.00,277.70,275.76,277.22,2474700,,
2024-09-16,277.12,277.88,276.25,277.77,2065700,,
2024-09-17,278.98,279.78,276.97,278.05,2133600,,
2024-09-18,278.37,281.06,277.09,277.35,3389900,,
2024-09-19,282.10,283.00,280.60,282.05,2660200,,
2024-09-20,281.68,282.02,280.08,281.46,2293600,,
2024-09-23,282.20,282.56,281.46,282.16,1920800,,
2024-09-24,282.76,282.89,281.14,282.87,1952100,,
2024-09-25,282.95,283.15,281.50,281.94,1744200,,
2024-09-26,284.27,284.35,282.09,283.20,2616800,,
2024-09-27,283.18,283.44,281.46,282.05,2644100,0.871,
2024-09-30,281.62,283.39,280.37,283.16,2828300,,
2024-10-01,283.00,283.05,279.16,280.58,4874900,,
2024-10-02,280.24,281.17,278.87,280.64,3637500,,
2024-10-03,279.83,280.95,278.90,280.04,2369200,,
2024-10-04,282.46,282.89,280.35,282.75,2335400,,
2024-10-07,282.04,282.13,279.54,280.17,11465600,,
2024-10-08,281.28,282.88,280.88,282.53,2164600,,
2024-10-09,282.55,284.74,282.26,284.50,2123800,,
2024-10-10,283.78,284.61,283.03,283.91,2547200,,
2024-10-11,283.97,286.39,283.95,286.11,1799500,,
2024-10-14,286.86,288.73,286.61,288.34,1997000,,
2024-10-15,288.32,288.69,285.91,286.36,3260800,,
2024-10-16,286.72,288.11,286.23,287.82,2215300,,
2024-10-17,289.47,289.70,287.73,287.76,2810600,,
2024-10-18,288.70,289.26,287.91,288.89,1822100,,
2024-10-21,288.51,288.80,286.64,287.98,2320100,,
2024-10-22,286.90,288.25,286.47,287.65,2029000,,
2024-10-23,286.77,286.91,283.34,285.05,2637300,,
2024-10-24,286.12,286.18,284.47,285.81,2235600,,
2024-10-25,287.03,288.25,285.05,285.54,2813700,,
2024-10-28,287.06,287.48,286.56,286.70,1874300,,
2024-10-29,286.27,287.65,285.45,287.08,2503400,,
2024-10-30,286.98,288.10,286.03,286.37,2204100,,
2024-10-31,284.78,284.78,280.96,281.03,3027400,,
2024-11-01,282.52,284.49,281.96,282.23,2449400,,
2024-11-04,282.17,283.07,280.87,281.72,2383900,,
2024-11-05,282.11,285.30,282.01,285.30,2060300,,
2024-11-06,292.30,293.61,290.21,293.28,5676800,,
2024-11-07,294.02,295.90,294.01,295.33,4109000,,
2024-11-08,295.61,297.37,295.51,296.71,4142400,,
2024-11-11,297.93,298.12,296.76,297.54,3200900,,
2024-11-12,297.42,297.78,295.09,296.37,3474800,,
2024-11-13,296.80,297.55,295.62,296.23,2829100,,
2024-11-14,296.50,296.61,293.72,294.04,3280800,,
2024-11-15,292.51,292.61,289.35,290.31,4025800,,
2024-11-18,290.64,292.24,290.13,291.49,2990100,,
2024-11-19,289.90,293.09,289.45,292.83,2342200,,
2024-11-20,292.92,293.16,290.14,293.00,2670800,,
2024-11-21,294.53,295.77,291.95,295.05,2560700,,
2024-11-22,295.13,296.81,295.13,296.51,2639800,,
2024-11-25,298.67,299.47,296.90,297.96,3384600,,
2024-11-26,298.43,299.39,297.87,299.05,3292800,,
2024-11-27,299.13,299.47,297.40,298.20,2730500,,
2024-11-29,298.94,300.38,298.71,299.86,1811900,,
2024-12-02,300.30,300.75,299.80,300.43,3583700,,
2024-12-03,300.38,300.57,299.64,300.43,2101200,,
2024-12-04,301.48,302.60,301.17,302.45,3258100,,
2024-12-05,302.60,302.75,301.52,301.61,2183400,,
2024-12-06,302.31,302.95,302.02,302.45,2332900,,
2024-12-09,302.53,302.65,300.33,300.52,2953900,,
2024-12-10,301.00,301.00,299.07,299.39,2557100,,
2024-12-11,301.00,302.29,300.86,301.80,2235300,,
2024-12-12,301.48,301.55,300.04,300.08,2120000,,
2024-12-13,301.00,301.27,299.10,299.93,2279200,,
2024-12-16,300.57,301.75,300.43,301.15,2545400,,
2024-12-17,299.96,300.18,299.00,299.66,3059900,,
2024-12-18,299.76,300.53,289.95,290.39,3890900,,
2024-12-19,292.99,293.70,289.87,289.98,4826200,,
2024-12-20,288.61,295.71,288.11,293.28,3837000,,
2024-12-23,292.53,294.19,290.54,294.00,3704500,0.941,
2024-12-24,294.57,297.17,294.25,297.12,2642200,,
2024-12-26,296.44,297.78,295.54,297.29,4307800,,
2024-12-27,295.33,295.93,291.99,294.07,3636800,,
2024-12-30,290.88,292.52,288.78,290.82,4968500,,
2024-12-31,291.81,292.14,289.07,289.81,3893200,,
2025-01-02,291.45,292.55,287.35,289.26,3796400,,
2025-01-03,290.66,293.35,290.19,293.06,2726800,,
2025-01-06,295.20,296.90,293.93,294.70,3678600,,
2025-01-07,295.84,295.87,290.40,291.41,3317000,,
2025-01-08,291.42,292.25,289.51,291.68,2971300,,
2025-01-10,290.05,290.05,286.22,287.30,4403700,,
2025-01-13,285.00,287.88,284.63,287.77,3633300,,
2025-01-14,289.41,289.75,286.52,288.42,3803700,,
2025-01-15,292.71,294.30,292.17,293.71,2815300,,
2025-01-16,294.23,294.66,292.93,293.49,3130300,,
2025-01-17,296.18,297.12,295.44,296.20,2603200,,
2025-01-21,297.75,299.22,296.91,299.14,3893500,,
2025-01-22,300.59,301.29,300.27,300.60,3515700,,
2025-01-23,300.24,302.18,300.02,302.18,2647800,,
2025-01-24,302.26,302.67,300.80,301.30,2359000,,
2025-01-27,295.00,297.58,294.44,297.10,5321300,,
2025-01-28,297.90,300.11,296.20,299.65,2717300,,
2025-01-29,299.32,299.60,296.97,298.37,2620200,,
2025-01-30,299.50,301.11,298.28,300.24,2891200,,
2025-01-31,301.22,302.60,298.23,298.60,3335000,,
2025-02-03,293.32,297.70,292.70,296.42,5037700,,
2025-02-04,296.62,298.74,296.23,298.57,2601900,,
2025-02-05,298.24,299.97,297.09,299.95,2226200,,
2025-02-06,300.73,300.86,298.90,300.69,2899800,,
2025-02-07,300.94,301.66,297.67,298.00,3632000,,
2025-02-10,299.56,300.23,298.91,299.91,2623900,,
2025-02-11,298.73,300.07,298.68,299.75,2719900,,
2025-02-12,296.88,299.33,296.24,298.76,3283500,,
2025-02-13,299.52,301.97,298.78,301.88,3066800,,
2025-02-14,302.00,302.55,301.50,301.84,2377000,,
2025-02-18,302.37,302.70,301.22,302.69,2851500,,
2025-02-19,301.85,303.39,301.68,303.12,2566600,,
2025-02-20,302.53,302.72,299.88,301.49,2863900,,
2025-02-21,301.74,301.79,295.64,295.92,3595000,,
2025-02-24,296.96,297.34,293.89,294.41,4465400,,
2025-02-25,294.40,294.83,290.54,292.95,3509200,,
2025-02-26,293.90,295.70,291.87,293.05,2807300,,
2025-02-27,294.34,294.79,288.40,288.51,2747300,,
2025-02-28,288.63,293.21,287.35,292.96,3485800,,
2025-03-03,293.91,294.72,285.77,287.71,7835600,,
2025-03-04,285.20,288.45,281.50,284.12,6449600,,
2025-03-05,284.08,288.14,282.32,287.35,3662300,,
2025-03-06,283.53,285.82,280.65,282.01,4836300,,
2025-03-07,281.22,284.05,278.11,283.34,3868700,,
2025-03-10,279.43,280.28,273.14,275.62,6442900,,
2025-03-11,275.00,277.00,271.58,273.69,5282400,,
2025-03-12,276.80,277.29,272.48,275.04,3996100,,
2025-03-13,274.93,275.00,270.20,271.18,3932500,,
2025-03-14,273.60,277.38,273.36,276.99,3610100,,
2025-03-17,276.73,280.60,276.68,279.28,3981100,,
2025-03-18,278.20,278.50,275.33,276.27,3120900,,
2025-03-19,277.00,281.38,276.63,279.41,2867800,,
2025-03-20,277.70,281.20,277.26,278.74,2256400,,
2025-03-21,276.41,279.07,275.68,278.85,3382500,,
2025-03-24,282.25,284.53,281.90,284.01,3251600,,
2025-03-25,284.52,285.09,283.66,284.49,2517200,,
2025-03-26,284.15,284.92,280.31,281.16,2327500,,
2025-03-27,279.46,281.08,278.05,278.99,2345300,0.985,
2025-03-28,278.31,278.75,273.05,273.43,3912900,,
2025-03-31,270.27,275.58,268.73,274.84,6064000,,
2025-04-01,273.90,276.79,272.06,275.77,3269900,,
2025-04-02,272.85,279.25,272.61,277.95,2594700,,
2025-04-03,268.01,269.37,263.70,263.96,8137500,,
2025-04-04,256.97,257.73,248.18,248.47,16633700,,
2025-04-07,240.00,257.03,236.42,247.66,16346700,,
2025-04-08,256.50,257.71,240.05,243.75,11064300,,
2025-04-09,241.85,268.48,241.62,268.48,12138000,,
2025-04-10,261.11,261.66,249.89,257.43,7255700,,
2025-04-11,256.71,262.75,254.67,261.74,5007900,,
2025-04-14,266.43,266.73,261.46,264.15,4039900,,
2025-04-15,264.25,266.40,263.15,263.69,4680400,,
2025-04-16,260.77,262.59,255.45,258.21,4295500,,
2025-04-17,259.13,260.95,257.33,258.75,3401000,,
2025-04-21,256.23,256.50,249.94,252.60,5523200,,
2025-04-22,255.62,260.21,255.27,259.03,3802300,,
2025-04-23,265.93,268.38,262.57,263.44,6842700,,
2025-04-24,263.90,269.25,263.39,268.99,3487600,,
2025-04-25,268.86,270.90,267.41,270.64,3220900,,
2025-04-28,271.02,272.26,268.08,271.03,2507700,,
2025-04-29,270.13,273.27,270.06,272.66,2209100,,
2025-04-30,269.11,273.52,266.25,272.82,4039500,,
2025-05-01,275.28,277.28,274.25,274.52,3238000,,
2025-05-02,277.52,279.60,276.62,278.80,3170800,,
2025-05-05,276.65,278.84,276.39,277.22,2820800,,
2025-05-06,274.57,277.10,273.95,274.97,2444000,,
2025-05-07,275.76,277.23,273.58,276.11,2694800,,
2025-05-08,278.10,280.87,276.50,278.28,2781500,,
2025-05-09,279.06,279.62,277.25,277.97,2151200,,
2025-05-12,286.78,287.27,284.37,287.27,4184800,,
2025-05-13,287.61,290.35,287.02,289.22,3286800,,
2025-05-14,289.72,290.22,288.44,289.41,3198800,,
2025-05-15,288.37,290.86,288.05,290.59,2347000,,
2025-05-16,291.08,292.75,290.20,292.58,5440100,,
2025-05-19,289.46,293.13,289.32,292.81,3083600,,
2025-05-20,291.99,292.50,290.36,291.85,2827200,,
2025-05-21,289.54,291.49,286.15,286.77,3166700,,
2025-05-22,286.38,288.53,285.88,286.72,2738700,,
2025-05-23,283.04,286.23,283.00,285.04,2855800,,
2025-05-27,288.46,291.03,287.52,290.90,2980600,,
2025-05-28,291.10,291.65,288.80,289.19,2413800,,
2025-05-29,291.53,291.82,288.32,290.12,3850800,,
2025-05-30,289.47,290.75,286.86,289.88,3178000,,
2025-06-02,289.34,291.42,287.58,291.36,2845900,,
2025-06-03,291.54,293.85,291.02,293.37,3493700,,
2025-06-04,293.82,294.35,293.03,293.34,2718900,,
2025-06-05,293.98,294.90,291.07,291.72,3034300,,
2025-06-06,294.71,295.88,294.02,295.12,2308800,,
2025-06-09,295.46,296.27,294.82,295.36,3119700,,
2025-06-10,295.74,297.19,295.22,296.92,2823100,,
2025-06-11,297.60,298.07,295.16,296.13,2706600,,
2025-06-12,295.30,297.10,295.10,297.08,3092300,,
2025-06-13,294.45,296.13,292.84,293.57,3383100,,
2025-06-16,295.45,297.37,295.33,296.47,3113100,,
2025-06-17,295.10,296.05,293.58,294.00,2720400,,
2025-06-18,294.32,295.95,293.68,294.11,2409300,,
2025-06-20,295.62,295.99,292.72,293.43,2686100,,
2025-06-23,293.49,296.47,291.97,296.25,3340000,,
2025-06-24,298.43,300.17,297.94,299.71,3225300,,
2025-06-25,300.35,300.43,298.77,299.36,3025900,,
2025-06-26,300.37,302.19,300.10,301.94,2286100,,
2025-06-27,302.68,304.26,301.39,303.31,3189900,,
2025-06-30,303.74,304.53,302.60,303.93,3100000,0.913,
2025-07-01,303.04,304.69,302.80,303.93,3970600,,
2025-07-02,303.95,305.56,303.51,305.51,4474700,,
2025-07-03,306.55,308.40,306.55,308.03,2238100,,
2025-07-07,306.99,307.35,304.22,305.60,4255800,,
2025-07-08,306.09,306.50,305.18,305.58,3497900,,
2025-07-09,306.77,307.69,305.80,307.50,2838800,,
2025-07-10,307.65,308.93,306.96,308.32,2598100,,
2025-07-11,306.88,307.64,306.15,307.02,2909500,,
2025-07-14,306.74,307.95,306.24,307.72,2364500,,
2025-07-15,309.09,309.29,306.05,306.10,3447800,,
2025-07-16,306.86,307.55,304.00,307.26,3069700,,
2025-07-17,307.50,309.58,307.31,309.26,4953000,,
2025-07-18,310.05,310.20,308.55,309.09,2609100,,
2025-07-21,309.94,311.04,309.27,309.44,3205000,,
2025-07-22,309.74,310.19,308.23,309.80,2117300,,
2025-07-23,311.10,312.45,310.32,312.41,3970900,,
2025-07-24,312.50,313.14,312.20,312.30,3661700,,
2025-07-25,312.80,313.93,312.41,313.69,3233200,,
2025-07-28,314.20,314.24,312.93,313.60,4797900,,
2025-07-29,314.34,314.50,312.24,312.61,3745600,,
2025-07-30,313.19,314.01,310.77,312.25,5966800,,
2025-07-31,314.37,314.84,310.39,310.89,4685900,,
2025-08-01,307.98,307.98,304.40,305.74,5607300,,
2025-08-04,307.58,310.56,307.58,310.53,4118100,,
2025-08-05,310.86,311.34,308.45,309.16,4491800,,
2025-08-06,309.55,311.58,309.05,311.25,3226400,,
2025-08-07,313.05,313.40,309.36,311.07,2974400,,
2025-08-08,311.90,313.30,311.69,313.03,2881400,,
2025-08-11,313.33,313.93,311.82,312.31,4275200,,
2025-08-12,313.72,316.24,312.98,316.13,3340100,,
2025-08-13,317.36,317.93,316.40,317.66,2893600,,
2025-08-14,316.32,317.56,316.01,317.19,3487000,,
2025-08-15,317.94,317.94,316.01,316.47,3434100,,
2025-08-18,316.32,316.81,315.99,316.59,3788600,,
2025-08-19,316.58,316.98,314.10,314.67,4135700,,
2025-08-20,314.57,314.57,311.24,313.84,6190300,,
2025-08-21,312.90,313.84,311.86,312.76,2697000,,
2025-08-22,313.99,318.83,313.68,318.18,3548300,,
2025-08-25,317.58,317.97,316.60,316.65,2792700,,
2025-08-26,316.74,318.21,316.33,318.09,2832000,,
2025-08-27,317.65,319.25,317.65,318.94,5481300,,
2025-08-28,319.43,320.40,318.50,320.10,3236900,,
2025-08-29,319.56,319.70,317.29,318.20,3418800,,
2025-09-02,314.52,316.11,313.30,315.99,4816300,,
2025-09-03,317.04,317.75,315.86,317.33,3161400,,
2025-09-04,317.84,320.23,317.32,320.14,3042000,,
2025-09-05,321.61,322.06,317.49,319.55,3872100,,
2025-09-08,320.44,320.92,319.71,320.57,4149800,,
2025-09-09,320.71,321.28,319.45,320.98,3110500,,
2025-09-10,322.50,323.04,320.97,321.80,3702700,,
2025-09-11,322.91,325.06,322.51,324.78,3577800,,
2025-09-12,324.80,325.20,324.06,324.31,3055600,,
2025-09-15,325.47,326.12,325.21,325.89,3200800,,
2025-09-16,326.31,326.40,324.92,325.45,3709300,,
2025-09-17,325.66,326.90,322.77,325.16,3643200,,
2025-09-18,326.93,328.27,325.92,327.21,3112500,,
2025-09-19,328.31,328.85,326.83,328.44,3610400,,
2025-09-22,327.76,330.10,327.54,329.86,3434800,,
2025-09-23,329.99,330.36,327.58,328.09,3455200,,
2025-09-24,328.90,328.91,326.27,326.89,2957000,,
2025-09-25,325.22,325.84,323.38,325.14,4108100,,
2025-09-26,325.89,327.34,325.22,327.18,3169300,,
2025-09-29,327.69,327.81,326.28,327.10,3711800,0.907,
2025-09-30,326.90,328.36,325.88,328.17,4210900,,
2025-10-01,326.93,329.66,326.65,329.31,5983100,,
2025-10-02,330.20,330.26,328.45,329.79,4010500,,
2025-10-03,330.36,331.74,329.43,329.97,4894000,,
2025-10-06,331.41,331.76,330.14,331.21,4899400,,
2025-10-07,331.72,331.99,328.80,329.62,4956100,,
2025-10-08,330.51,331.87,329.83,331.81,3149300,,
2025-10-09,331.93,332.20,329.75,330.66,3803200,,
2025-10-10,331.16,332.15,321.62,321.80,7886700,,
2025-10-13,325.79,327.58,325.16,326.93,4476800,,
2025-10-14,323.90,328.62,322.08,326.83,6307300,,
2025-10-15,329.39,330.99,325.30,328.38,4245600,,
2025-10-16,329.37,329.94,324.08,325.77,5328500,,
2025-10-17,325.01,327.94,324.24,327.30,5646800,,
2025-10-20,328.95,331.36,328.86,330.95,3919600,,
2025-10-21,330.79,331.86,330.12,330.91,4099800,,
2025-10-22,331.18,331.23,326.65,328.90,7357900,,
2025-10-23,329.32,331.58,328.99,331.01,2955700,,
2025-10-24,333.36,334.54,333.21,333.71,3780100,,
2025-10-27,336.70,337.70,336.23,337.43,5496100,,
2025-10-28,338.34,338.81,337.11,337.95,3765000,,
2025-10-29,338.35,339.06,335.69,337.71,4818800,,
2025-10-30,336.00,337.18,334.05,334.08,5025800,,
2025-10-31,336.62,336.62,333.85,335.42,4243100,,
2025-11-03,337.00,337.14,333.89,335.80,3344400,,
2025-11-04,332.21,334.13,331.39,331.74,3288700,,
2025-11-05,331.83,334.68,331.30,333.16,3147000,,
2025-11-06,332.79,333.06,328.63,329.37,2968100,,
2025-11-07,328.04,330.13,324.97,330.09,4707100,,
2025-11-10,333.32,335.45,332.04,334.92,3658900,,
2025-11-11,334.34,336.05,333.75,335.74,2506400,,
2025-11-12,336.82,336.93,334.88,335.86,2730900,,
2025-11-13,334.50,334.63,329.24,329.91,4213800,,
2025-11-14,326.57,331.85,325.62,329.86,3669200,,
2025-11-17,328.71,330.77,324.80,326.43,4336700,,
2025-11-18,324.74,326.55,321.92,324.22,5563300,,
2025-11-19,324.65,327.61,323.35,325.28,3538300,,
2025-11-20,330.31,331.60,319.85,320.10,4176000,,
2025-11-21,321.38,326.32,319.44,323.80,4695300,,
2025-11-24,325.51,329.19,324.94,328.64,4167600,,
2025-11-25,328.64,332.66,326.76,332.16,3654300,,
2025-11-26,333.32,335.49,332.96,334.44,2745500,,
2025-11-28,335.40,336.42,334.86,336.31,2288300,,
2025-12-01,333.96,336.10,333.75,334.66,4270600,,
2025-12-02,335.65,336.36,334.18,335.06,2920000,,
2025-12-03,334.76,337.07,334.41,336.56,3779900,,
2025-12-04,337.24,337.34,335.59,337.09,3587800,,
2025-12-05,337.57,338.96,337.03,337.56,3340500,,
2025-12-08,338.20,338.20,335.60,336.57,3532800,,
2025-12-09,336.28,337.55,336.07,336.23,3035700,,
2025-12-10,336.12,339.59,335.50,338.73,5697100,,
2025-12-11,337.88,339.94,336.44,339.87,3819000,,
2025-12-12,339.50,339.75,334.85,335.99,4258900,,
2025-12-15,337.98,338.00,334.68,335.33,3571900,,
2025-12-16,334.59,335.51,332.42,334.36,4129200,,
2025-12-17,334.92,335.20,330.63,330.71,3980300,,
2025-12-18,333.78,335.35,332.47,333.25,3347700,,
2025-12-19,334.37,336.59,334.21,336.22,4022600,,
2025-12-22,337.00,337.91,336.61,337.60,3782100,0.951,
2025-12-23,337.00,338.83,337.00,338.72,3611100,,
2025-12-24,338.78,340.10,338.71,339.88,4006500,,
2025-12-26,340.14,340.33,339.17,339.67,3543600,,
2025-12-29,338.40,339.27,337.57,338.39,3795900,,
2025-12-30,338.39,338.78,337.75,337.85,3576200,,
2025-12-31,338.04,338.13,335.22,335.27,3493700,,
2026-01-02,337.15,337.74,334.60,336.31,5177300,,
2026-01-05,338.00,339.61,337.85,338.84,5442200,,
2026-01-06,338.99,341.39,338.81,341.21,6054500,,
2026-01-07,341.36,342.08,339.88,340.05,6629600,,
2026-01-08,339.77,340.75,339.09,340.14,6800000,,
2026-01-09,340.85,342.94,340.00,342.40,6854100,,
2026-01-12,340.91,343.41,340.78,343.03,5775900,,
2026-01-13,343.40,343.54,341.26,342.34,8088100,,
2026-01-14,341.20,341.47,338.91,341.00,12154800,,
2026-01-15,343.01,343.67,341.68,342.05,8296900,,
2026-01-16,342.87,343.05,341.07,341.85,6418500,,
2026-01-20,336.72,338.63,334.67,335.11,13144300,,
2026-01-21,336.19,340.71,335.44,339.08,9761800,,
2026-01-22,341.47,342.01,339.99,340.87,5505900,,
2026-01-23,340.70,341.55,339.84,340.56,4905900,,
2026-01-26,341.15,342.67,340.80,342.03,4957200,,
2026-01-27,342.85,343.73,342.29,343.27,3689000,,
2026-01-28,344.06,344.42,342.32,343.08,5854800,,
2026-01-29,343.54,343.83,337.69,342.29,8936900,,
2026-01-30,340.79,342.04,338.36,340.57,9905800,,
2026-02-02,339.55,343.29,339.49,342.48,6024500,,
2026-02-03,343.02,343.40,336.91,339.85,9060900,,
2026-02-04,340.38,340.94,335.93,338.25,8973500,,
2026-02-05,335.84,337.23,333.19,333.90,8838500,,
2026-02-06,336.07,341.70,335.97,340.96,5093800,,
2026-02-09,340.37,343.51,339.80,342.64,4562300,,
2026-02-10,343.15,343.93,341.55,341.80,3879400,,
2026-02-11,343.95,344.30,339.92,341.47,5056600,,
2026-02-12,342.69,343.33,335.63,336.01,7012500,,
2026-02-13,336.61,338.98,334.27,336.65,8039400,,
2026-02-17,336.11,338.18,333.57,337.07,7112300,,
2026-02-18,337.89,340.37,337.06,338.83,5718300,,
2026-02-19,337.73,338.88,336.60,338.19,4401600,,
2026-02-20,336.99,340.71,336.82,340.27,7051500,,
2026-02-23,339.50,340.46,335.44,336.46,10771900,,
2026-02-24,336.35,339.62,335.49,339.21,3642400,,
2026-02-25,340.60,342.13,340.32,341.83,3983300,,
2026-02-26,342.00,342.13,337.90,340.49,4984500,,
2026-02-27,337.33,338.99,336.49,338.77,6041800,,
2026-03-02,335.01,340.13,334.69,339.12,7225700,,
2026-03-03,333.08,337.00,330.19,335.73,10751600,,
2026-03-04,336.79,339.06,335.34,338.19,5462500,,
2026-03-05,336.58,338.36,333.14,336.00,8661800,,
2026-03-06,331.91,333.15,330.00,331.41,8635500,,
2026-03-09,328.20,335.10,326.13,334.28,8505800,,
2026-03-10,334.06,336.90,332.49,333.51,7767700,,
2026-03-11,333.91,334.94,331.66,333.24,8631900,,
2026-03-12,330.70,330.82,327.83,327.92,7011900,,
2026-03-13,329.49,331.10,325.67,326.13,6294900,,
2026-03-16,329.22,330.97,328.57,329.46,3766900,,
2026-03-17,331.00,332.32,330.14,330.57,3181400,,
2026-03-18,329.41,330.00,325.90,326.02,3919400,,
2026-03-19,323.66,327.01,322.76,325.44,5183100,,
2026-03-20,324.85,324.99,318.57,320.34,6532900,,
2026-03-23,325.02,327.85,323.47,324.19,7888300,,
2026-03-24,321.66,325.13,321.35,323.18,4382400,,
2026-03-25,326.00,327.20,323.72,325.15,3625600,,
2026-03-26,322.85,324.42,319.39,319.55,4794400,,
2026-03-27,317.27,317.47,312.50,313.09,7027300,0.998,
2026-03-30,315.90,316.00,310.40,311.68,6510900,,
2026-03-31,315.35,321.52,314.75,320.81,6764000,,
2026-04-01,322.91,325.09,322.28,323.24,5540500,,
2026-04-02,318.97,324.90,318.23,323.76,3653400,,
2026-04-06,323.95,325.62,323.59,325.21,4401900,,
2026-04-07,324.22,325.58,321.47,325.43,3567500,,
2026-04-08,334.19,334.48,331.58,333.70,5384300,,
2026-04-09,333.31,336.13,332.44,335.45,3436800,,
2026-04-10,336.13,336.55,334.57,335.05,2581300,,
2026-04-13,333.94,338.74,333.64,338.67,3027300,,
2026-04-14,339.80,342.78,339.60,342.65,3380500,,
2026-04-15,343.25,345.41,342.61,345.24,3978500,,
2026-04-16,345.70,346.64,344.56,346.03,3837300,,
2026-04-17,348.43,351.75,348.18,350.53,4258500,,
2026-04-20,349.90,350.61,348.84,350.21,4054100,,
2026-04-21,351.05,351.74,347.17,347.84,4910100,,
2026-04-22,350.31,351.31,349.95,351.22,2486000,,
2026-04-23,350.52,351.69,346.55,349.80,3366700,,
2026-04-24,350.87,352.37,349.67,352.05,2705700,,
2026-04-27,352.00,352.81,351.28,352.53,2814200,,
2026-04-28,351.19,351.61,349.49,350.63,3071600,,
2026-04-29,350.46,350.69,348.67,350.21,2742500,,
2026-04-30,351.55,354.69,350.02,354.18,2723400,,
2026-05-01,355.56,357.15,355.08,355.29,3752000,,
2026-05-04,355.08,356.17,352.53,353.98,3012400,,
2026-05-05,355.79,357.58,355.77,356.99,2722200,,
2026-05-06,359.46,362.27,359.12,361.86,3794300,,
2026-05-07,362.62,362.72,359.38,360.20,3500900,,
2026-05-08,362.01,363.13,361.47,362.87,2867400,,
2026-05-11,362.61,364.48,362.42,363.63,3672200,,
2026-05-12,362.52,363.16,359.62,362.79,3067500,,
2026-05-13,363.22,365.40,361.36,364.71,3305300,,
2026-05-14,365.50,368.25,365.42,367.40,2931700,,
2026-05-15,364.53,364.93,362.28,362.74,3404000,,
2026-05-18,363.34,364.07,359.98,362.36,3577600,,
2026-05-19,360.65,361.97,358.80,360.06,3169400,,
2026-05-20,361.20,364.39,360.20,364.19,3153000,,
2026-05-21,362.80,366.07,362.13,365.09,2766300,,
2026-05-22,366.81,368.30,366.09,366.79,2642200,,
2026-05-26,368.98,370.24,368.40,369.46,3566700,,
2026-05-27,369.50,370.05,368.40,369.36,3097800,,
2026-05-28,369.53,371.92,368.75,371.66,2956100,,
2026-05-29,372.04,373.13,371.35,372.54,3162200,,
2026-06-01,372.18,374.44,371.48,373.40,6894700,,
2026-06-02,372.88,374.70,372.63,374.36,2700700,,
2026-06-03,373.85,373.95,371.32,371.65,3409600,,
2026-06-04,370.62,373.99,370.36,373.38,3125600,,
2026-06-05,370.98,371.18,362.46,363.38,5205400,,
2026-06-08,366.69,367.58,364.04,364.47,5431900,,
2026-06-09,366.70,368.66,356.28,363.67,4687900,,
2026-06-10,361.87,364.56,357.90,358.04,3389800,,
2026-06-11,359.63,365.50,357.75,364.30,3964200,,
2026-06-12,366.18,367.93,363.23,366.36,3230600,,
2026-06-15,371.80,373.64,371.55,372.53,3561000,,
2026-06-16,372.79,373.16,370.10,370.37,2805800,,
2026-06-17,370.78,371.52,365.08,365.76,4766800,,
2026-06-18,370.56,370.62,368.34,369.99,3413600,,
2026-06-22,370.28,371.56,368.19,368.81,3295200,,
2026-06-23,363.27,366.66,362.87,363.70,3175500,,
2026-06-24,364.79,367.12,362.63,363.65,3036000,,
2026-06-25,366.48,366.83,362.31,363.98,2758000,,
2026-06-26,360.88,364.79,359.95,362.22,2739400,1.044,
2026-06-29,365.15,367.39,362.55,367.12,3829900,,
2026-06-30,367.31,370.61,367.09,370.04,4222200,,
2026-07-01,369.34,371.38,367.84,369.27,2852400,,
2026-07-02,370.39,372.24,366.18,368.76,3114000,,
2026-07-06,370.33,372.28,369.96,371.67,3271300,,
2026-07-07,371.31,371.75,368.48,369.61,2881600,,
2026-07-08,367.61,368.58,365.31,368.25,3864300,,
2026-07-09,369.47,371.85,368.70,371.45,5484300,,
2026-07-10,372.00,372.97,369.52,372.69,2765900,,
2026-07-13,371.59,372.22,369.25,369.78,2931000,,
2026-07-14,371.00,371.97,369.75,371.16,3403900,,
2026-07-15,372.30,372.96,370.24,372.42,2913900,,
2026-07-16,371.55,372.56,369.19,370.58,3215100,,
2026-07-17,366.48,369.08,365.72,367.01,3155000,,
2026-07-20,368.75,369.64,366.08,366.25,2863100,,
2026-07-21,368.15,369.85,367.34,369.45,2139900,,
2026-07-22,368.81,370.16,368.57,368.87,2389200,,
2026-07-23,365.13,366.76,363.10,364.69,3276300,,
2026-07-24,364.90,367.30,364.10,364.80,2609700,,
2026-07-27,367.68,368.32,363.61,365.18,2864800,,
2026-07-28,365.02,366.90,363.55,365.99,2629100,,
2026-07-29,365.59,366.88,360.20,360.42,4143100,,
2026-07-30,363.81,366.58,362.64,366.27,2877400,,
2026-07-31,367.80,369.34,363.95,368.21,3198500,,
2026-08-03,369.50,374.26,369.00,373.84,3348500,,
2026-08-04,375.35,381.74,375.30,380.82,3296000,,
