date,open,high,low,close,volume,div,split
2016-08-04,33.73,33.95,33.48,33.48,5555674,,
2016-08-05,33.51,34.46,33.51,34.33,5627777,,
2016-08-08,34.75,35.02,34.25,34.28,5586764,,
2016-08-09,34.32,34.60,34.06,34.23,3949817,,
2016-08-10,34.33,34.47,32.57,32.63,7986422,,
2016-08-11,32.80,33.46,32.72,33.17,5014302,,
2016-08-12,33.17,33.58,32.96,33.49,3629651,,
2016-08-15,33.61,34.96,33.61,34.65,5733485,,
2016-08-16,34.83,34.97,34.44,34.60,4296972,,
2016-08-17,34.01,34.32,33.58,33.81,6257922,,
2016-08-18,34.00,34.70,33.92,34.63,4897614,,
2016-08-19,34.50,35.74,34.47,35.22,5169358,,
2016-08-22,35.10,35.22,34.34,34.88,3892928,,
2016-08-23,34.91,35.34,34.64,35.15,4194836,,
2016-08-24,35.24,35.53,34.20,34.32,3648569,,
2016-08-25,34.29,35.57,34.29,35.10,5455787,,
2016-08-26,35.35,35.93,35.10,35.47,4449646,,
2016-08-29,35.45,35.82,35.40,35.59,3714323,,
2016-08-30,35.75,35.98,35.32,35.60,3267413,,
2016-08-31,35.37,35.57,34.80,35.28,4414190,,
2016-09-01,35.28,35.59,34.54,35.01,3988977,,
2016-09-02,35.43,36.05,34.97,35.50,3731654,,
2016-09-06,35.60,36.05,35.40,35.94,5972154,,
2016-09-07,37.46,40.95,37.46,40.29,24617193,,
2016-09-08,40.13,40.74,39.93,40.42,9421612,,
2016-09-09,40.02,41.13,38.78,38.99,7983379,,
2016-09-12,38.55,39.71,37.87,39.54,8645144,,
2016-09-13,39.70,40.39,38.94,39.58,7321482,,
2016-09-14,39.61,39.82,39.15,39.30,5099239,,
2016-09-15,39.39,40.32,39.29,40.27,5261968,,
2016-09-16,41.37,42.29,41.04,41.53,12578952,,
2016-09-19,41.84,42.67,41.07,41.29,6276180,,
2016-09-20,41.51,41.76,40.90,41.13,4040574,,
2016-09-21,41.12,42.47,41.11,42.43,5553160,,
2016-09-22,42.72,42.99,42.18,42.38,6037775,,
2016-09-23,42.28,42.93,42.19,42.28,5269112,,
2016-09-26,42.03,43.61,41.95,43.09,7807685,,
2016-09-27,42.93,44.84,42.83,44.49,10494698,,
2016-09-28,44.60,44.80,43.10,43.85,6453462,0.377929,
2016-09-29,44.16,45.25,43.51,44.04,7100012,,
2016-09-30,44.16,44.71,43.61,44.20,5816966,,
2016-10-03,44.61,45.71,44.40,44.49,6831840,,
2016-10-04,44.86,45.01,44.02,44.36,6087388,,
2016-10-05,44.21,45.12,43.98,44.78,5876766,,
2016-10-06,44.75,44.79,43.29,43.88,6568166,,
2016-10-07,43.77,44.68,43.74,44.35,4652991,,
2016-10-10,44.85,45.15,44.39,44.79,4976332,,
2016-10-11,44.79,44.86,42.37,42.80,8451059,,
2016-10-12,42.89,43.73,42.31,42.65,5678978,,
2016-10-13,42.04,42.05,40.61,41.78,6585894,,
2016-10-14,42.04,42.68,41.35,41.45,5070927,,
2016-10-17,41.44,42.12,39.63,40.20,8723201,,
2016-10-18,40.87,41.09,40.06,40.81,4145885,,
2016-10-19,39.83,40.79,39.38,40.51,4902244,,
2016-10-20,40.51,41.04,40.29,40.71,2930710,,
2016-10-21,40.46,40.54,39.77,40.11,3656640,,
2016-10-24,40.30,40.63,40.18,40.45,4177108,,
2016-10-25,40.85,41.15,40.14,40.54,4412470,,
2016-10-26,40.45,42.83,40.17,42.72,11676798,,
2016-10-27,44.26,46.84,44.22,45.03,19958117,,
2016-10-28,45.11,46.11,44.67,44.75,6297745,,
2016-10-31,44.78,45.31,44.16,44.17,4449514,,
2016-11-01,44.23,44.52,42.55,43.27,5055315,,
2016-11-02,43.17,43.56,41.68,41.72,5578033,,
2016-11-03,41.90,42.31,41.47,41.68,4223810,,
2016-11-04,41.36,42.31,41.01,41.59,3579509,,
2016-11-07,42.64,43.81,42.55,43.59,5957469,,
2016-11-08,43.34,43.67,42.82,43.28,3935793,,
2016-11-09,42.39,43.87,41.61,43.45,7698934,,
2016-11-10,43.82,44.97,42.83,42.96,6424885,,
2016-11-11,42.87,44.59,42.52,44.51,8229060,,
2016-11-14,44.34,45.76,44.33,44.96,5841839,,
2016-11-15,44.97,45.34,44.38,45.13,5355107,,
2016-11-16,44.99,45.22,44.49,45.00,3917668,,
2016-11-17,45.13,45.54,43.55,44.44,8752968,,
2016-11-18,44.57,46.05,44.07,46.05,6399748,,
2016-11-21,46.18,47.12,46.01,46.24,5142766,,
2016-11-22,46.45,46.78,45.59,46.25,3567205,,
2016-11-23,45.96,46.47,45.58,46.14,2912717,,
2016-11-25,46.08,46.65,45.85,46.55,1740274,,
2016-11-28,46.13,47.71,46.13,47.07,6253424,,
2016-11-29,47.08,48.59,47.08,47.37,6685119,,
2016-11-30,47.82,48.65,47.43,48.12,7121709,,
2016-12-01,48.28,49.88,46.39,46.57,7287613,,
2016-12-02,46.49,48.11,46.49,47.88,4626399,,
2016-12-05,48.48,49.04,45.94,46.93,9083189,,
2016-12-06,46.92,48.58,46.75,48.26,6680489,,
2016-12-07,51.34,52.61,50.12,52.27,20473425,,
2016-12-08,52.33,52.53,51.07,51.59,6312165,,
2016-12-09,51.70,52.46,51.07,51.18,4102226,,
2016-12-12,51.16,51.16,49.19,50.11,4812677,,
2016-12-13,50.33,52.00,50.33,51.32,4696915,,
2016-12-14,50.98,51.62,50.45,50.77,3384499,,
2016-12-15,50.87,52.03,50.49,51.32,3709824,,
2016-12-16,51.99,52.00,50.57,50.78,6418931,,
2016-12-19,50.90,51.72,50.66,51.67,3372989,,
2016-12-20,52.31,54.17,51.95,52.12,5669849,,
2016-12-21,52.16,52.75,51.60,52.32,3619728,,
2016-12-22,53.96,54.43,52.77,53.05,7221728,,
2016-12-23,53.02,53.43,52.68,53.17,2986143,,
2016-12-27,52.68,53.27,52.57,53.04,2781608,,
2016-12-28,52.80,53.79,51.87,52.31,4163481,0.377929,
2016-12-29,52.17,52.49,51.25,51.72,4324226,,
2016-12-30,51.81,52.46,51.10,51.36,3736284,,
2017-01-03,52.12,53.14,51.84,52.48,5925717,,
2017-01-04,52.59,54.10,52.57,53.32,4833184,,
2017-01-05,53.71,54.52,53.01,53.33,4813471,,
2017-01-06,53.27,53.81,52.88,53.20,4331899,,
2017-01-09,53.59,54.65,53.24,54.32,5172401,,
2017-01-10,54.29,54.57,53.50,53.55,4830538,,
2017-01-11,53.79,54.85,53.34,54.01,5782436,,
2017-01-12,53.61,53.69,52.23,53.48,4565541,,
2017-01-13,53.36,54.29,53.36,53.67,2749723,,
2017-01-17,53.47,54.68,53.46,54.13,5961041,,
2017-01-18,54.41,55.53,54.10,55.36,5838531,,
2017-01-19,54.47,55.26,54.14,54.17,5452480,,
2017-01-20,54.72,55.48,54.63,54.90,4647699,,
2017-01-23,55.14,55.18,53.74,54.91,6227626,,
2017-01-24,55.94,57.84,55.88,57.45,8611672,,
2017-01-25,60.30,61.42,59.79,60.48,17673825,,
2017-01-26,60.35,61.73,59.23,59.31,13200629,,
2017-01-27,59.61,60.50,59.06,60.11,6938077,,
2017-01-30,59.92,60.36,59.34,59.88,5088126,,
2017-01-31,59.80,60.40,58.81,60.26,4786349,,
2017-02-01,60.82,61.00,59.30,59.83,5156789,,
2017-02-02,59.85,60.42,59.56,59.89,3946112,,
2017-02-03,60.00,60.36,59.70,59.81,3472743,,
2017-02-06,59.71,60.20,59.37,59.67,3052690,,
2017-02-07,59.97,60.16,59.45,59.75,3478432,,
2017-02-08,58.77,58.87,57.55,58.26,5952442,,
2017-02-09,58.76,59.40,58.47,58.99,3816723,,
2017-02-10,59.11,59.30,58.08,58.47,3807859,,
2017-02-13,58.96,59.46,58.81,59.31,3175068,,
2017-02-14,58.47,58.56,57.43,57.76,7131499,,
2017-02-15,57.82,58.20,57.30,57.45,4448058,,
2017-02-16,57.82,58.73,57.28,57.41,3898087,,
2017-02-17,57.26,57.30,56.13,56.62,6338096,,
2017-02-21,56.64,57.11,56.42,56.61,4547813,,
2017-02-22,56.48,57.04,56.13,56.29,3719482,,
2017-02-23,56.62,56.98,56.16,56.38,3820956,,
2017-02-24,55.27,56.43,54.99,56.42,5407763,,
2017-02-27,56.38,57.60,55.96,57.52,5312507,,
2017-02-28,57.37,58.67,57.22,58.11,6718326,,
2017-03-01,59.06,59.33,57.90,59.20,6175499,,
2017-03-02,59.28,59.83,57.51,57.66,6439173,,
2017-03-03,57.95,59.12,57.94,58.61,4264161,,
2017-03-06,58.18,58.65,57.01,58.05,5100165,,
2017-03-07,58.05,58.49,57.41,58.05,2808994,,
2017-03-08,57.96,58.31,57.64,57.79,2180966,,
2017-03-09,57.49,57.50,55.23,56.13,6647810,,
2017-03-10,56.70,57.05,56.33,56.69,3634546,,
2017-03-13,56.59,57.45,56.49,57.22,2783857,,
2017-03-14,56.89,57.29,56.29,57.22,3115665,,
2017-03-15,57.11,58.16,56.61,57.99,4241273,,
2017-03-16,58.24,58.86,57.79,58.31,3328668,,
2017-03-17,58.43,58.67,57.94,58.10,4490659,,
2017-03-20,58.12,58.65,57.45,57.76,4650213,,
2017-03-21,58.08,58.21,55.28,55.34,6803660,,
2017-03-22,55.16,56.72,53.95,56.64,4741500,,
2017-03-23,56.42,57.66,55.97,57.59,4730651,,
2017-03-24,60.23,61.30,58.63,59.09,11486154,,
2017-03-27,58.37,59.80,58.06,59.39,4675482,,
2017-03-28,59.50,61.22,59.40,60.89,5292529,,
2017-03-29,60.47,61.59,60.13,61.52,5951383,0.377929,
2017-03-30,61.28,63.70,61.15,63.30,8869392,,
2017-03-31,63.20,63.49,62.28,62.38,5497197,,
2017-04-03,62.43,62.68,60.85,62.09,5360135,,
2017-04-04,61.88,63.05,61.60,62.73,3839875,,
2017-04-05,63.02,64.04,62.03,62.51,5415568,,
2017-04-06,62.59,63.74,62.36,63.56,4180680,,
2017-04-07,63.54,64.53,62.78,64.38,5602773,,
2017-04-10,64.55,65.20,63.57,64.08,7109273,,
2017-04-11,65.42,66.52,64.04,65.04,10331307,,
2017-04-12,65.19,65.37,63.26,63.65,7625640,,
2017-04-13,63.34,64.06,62.75,63.11,6675461,,
2017-04-17,63.17,63.83,62.79,63.61,5117761,,
2017-04-18,63.36,63.63,62.40,62.64,5026077,,
2017-04-19,63.07,63.36,62.46,62.59,3473140,,
2017-04-20,63.02,63.94,62.91,63.80,3699637,,
2017-04-21,63.98,64.11,62.82,62.82,3533072,,
2017-04-24,63.92,65.36,63.61,64.83,5304436,,
2017-04-25,65.76,66.11,64.32,65.67,5235905,,
2017-04-26,63.87,64.53,63.08,63.95,10564023,,
2017-04-27,64.35,65.00,63.33,64.78,7966577,,
2017-04-28,68.50,68.78,65.31,67.32,23047454,,
2017-05-01,66.52,66.84,65.10,66.29,11071393,,
2017-05-02,66.36,66.60,65.10,65.98,6415624,,
2017-05-03,65.78,67.52,65.37,67.44,5797518,,
2017-05-04,67.54,68.29,66.92,67.40,4415909,,
2017-05-05,67.22,68.59,66.98,68.57,4044411,,
2017-05-08,68.28,68.52,67.69,67.95,5161420,,
2017-05-09,67.22,68.41,66.84,67.18,5082569,,
2017-05-10,67.20,67.88,67.08,67.68,3144374,,
2017-05-11,67.29,67.95,66.96,67.79,2810184,,
2017-05-12,67.84,68.10,67.33,67.76,2621128,,
2017-05-15,67.68,67.86,66.90,67.29,3998635,,
2017-05-16,67.28,67.72,67.07,67.24,2906896,,
2017-05-17,66.71,66.79,64.35,64.41,5245960,,
2017-05-18,64.80,65.39,63.59,65.09,4451498,,
2017-05-19,65.42,66.12,65.31,65.50,4003795,,
2017-05-22,66.98,67.11,65.60,66.50,4280567,,
2017-05-23,66.59,66.76,65.25,66.54,3522355,,
2017-05-24,67.03,68.64,66.93,67.80,8097025,,
2017-05-25,68.25,68.31,66.93,67.48,4375029,,
2017-05-26,67.29,68.09,66.74,68.03,3889223,,
2017-05-30,68.09,69.74,67.91,69.00,4433770,,
2017-05-31,69.40,69.43,67.79,68.07,7318439,,
2017-06-01,67.98,69.37,67.84,69.23,4657357,,
2017-06-02,69.77,69.92,68.49,69.18,4221825,,
2017-06-05,69.12,69.16,67.45,67.59,5670510,,
2017-06-06,67.46,68.16,67.41,67.98,4797463,,
2017-06-07,68.00,69.00,67.80,67.97,3886974,,
2017-06-08,68.33,68.88,67.58,68.80,3505024,,
2017-06-09,68.86,69.49,63.64,65.01,7973986,,
2017-06-12,64.11,65.55,62.09,65.49,7825677,,
2017-06-13,66.92,68.35,66.28,68.06,6666068,,
2017-06-14,68.22,68.38,65.71,66.36,5591130,,
2017-06-15,65.25,66.30,64.70,65.99,3598825,,
2017-06-16,66.33,66.88,65.60,65.85,5682285,,
2017-06-19,66.62,67.21,66.26,67.00,3334225,,
2017-06-20,67.04,67.72,66.64,66.69,5915927,,
2017-06-21,66.56,69.43,66.42,68.81,5754256,,
2017-06-22,68.99,69.01,67.85,68.22,3023452,,
2017-06-23,68.73,71.81,68.49,70.55,11010271,,
2017-06-26,71.05,71.74,69.95,70.04,4918782,,
2017-06-27,68.97,70.22,67.88,69.43,7086517,,
2017-06-28,69.11,70.82,68.68,70.80,4884781,0.377929,
2017-06-29,70.45,70.47,68.63,69.27,7505776,,
2017-06-30,69.78,69.84,66.73,66.97,8751513,,
2017-07-03,67.27,67.46,64.44,64.47,6035923,,
2017-07-05,64.97,65.57,63.84,65.31,6773495,,
2017-07-06,65.13,65.44,64.05,65.09,5482247,,
2017-07-07,65.41,66.91,65.06,65.71,4546886,,
2017-07-10,65.66,67.66,65.24,67.48,6495269,,
2017-07-11,67.56,69.66,67.48,69.35,6788048,,
2017-07-12,70.22,72.19,70.00,71.15,7349530,,
2017-07-13,70.68,71.52,70.00,70.14,5478146,,
2017-07-14,70.57,72.18,70.45,71.38,4592398,,
2017-07-17,71.16,71.76,70.94,71.48,3382911,,
2017-07-18,71.17,71.67,70.75,71.25,2926344,,
2017-07-19,71.37,71.51,70.63,71.41,3774651,,
2017-07-20,71.81,72.23,71.22,71.81,4443825,,
2017-07-21,71.58,72.39,71.43,71.67,2888506,,
2017-07-24,71.76,72.33,71.41,71.52,2983233,,
2017-07-25,68.81,71.84,68.59,70.86,6647678,,
2017-07-26,71.25,71.42,69.94,70.26,3312527,,
2017-07-27,70.30,71.24,68.95,69.46,6934769,,
2017-07-28,66.52,66.52,63.57,64.23,14823421,,
2017-07-31,65.09,65.56,63.79,64.34,6738833,,
2017-08-01,64.47,65.27,64.15,64.75,5305230,,
2017-08-02,65.37,65.42,63.53,63.77,4971173,,
2017-08-03,63.87,64.26,63.35,63.88,4645185,,
2017-08-04,64.09,64.11,60.21,61.35,14161789,,
2017-08-07,61.35,61.70,60.76,61.20,6313356,,
2017-08-08,61.07,62.54,60.98,61.48,4750364,,
2017-08-09,61.01,61.69,60.86,61.22,3626608,,
2017-08-10,60.85,60.92,59.30,59.86,5676464,,
2017-08-11,59.75,60.64,59.19,60.39,4549400,,
2017-08-14,61.17,62.89,61.06,62.61,5159171,,
2017-08-15,62.76,63.52,62.21,63.36,4178960,,
2017-08-16,63.64,64.96,63.54,64.89,5515190,,
2017-08-17,64.61,64.70,62.34,62.34,3927193,,
2017-08-18,62.33,63.48,61.64,62.89,3972837,,
2017-08-21,62.72,63.49,61.72,63.39,4664633,,
2017-08-22,63.85,65.75,63.67,65.50,5851894,,
2017-08-23,65.32,67.27,65.05,66.75,6380829,,
2017-08-24,67.27,68.16,66.78,67.61,4674027,,
2017-08-25,67.38,68.56,66.97,68.22,4318669,,
2017-08-28,68.81,69.64,68.07,68.45,5702792,,
2017-08-29,67.60,68.31,66.58,68.08,4805268,,
2017-08-30,67.08,68.56,66.09,68.25,4830670,,
2017-08-31,68.25,68.37,66.12,66.72,6085668,,
2017-09-01,67.02,68.56,66.95,68.34,4587767,,
2017-09-05,68.03,68.91,66.80,67.65,4210183,,
2017-09-06,67.99,68.77,66.92,67.69,5577107,,
2017-09-07,68.03,68.03,66.80,66.83,3399581,,
2017-09-08,66.82,67.14,65.20,65.76,5290148,,
2017-09-11,66.28,66.74,65.62,66.05,4322109,,
2017-09-12,66.18,67.57,65.84,67.11,5307611,,
2017-09-13,65.38,65.38,62.98,64.81,11535502,,
2017-09-14,64.51,65.34,64.34,64.84,3894383,,
2017-09-15,65.07,67.33,65.07,66.91,7966048,,
2017-09-18,67.28,67.54,66.27,67.41,4129877,,
2017-09-19,67.04,68.75,65.53,67.97,10564817,,
2017-09-20,65.16,65.65,63.58,65.28,10344140,,
2017-09-21,65.11,65.23,63.61,64.62,5696970,,
2017-09-22,64.57,65.49,64.45,65.37,4170493,,
2017-09-25,65.09,65.87,64.63,65.07,3687995,,
2017-09-26,65.79,66.38,65.07,65.22,4942596,,
2017-09-27,65.75,67.43,65.50,67.06,5260116,,
2017-09-28,65.95,66.39,64.48,65.54,6298274,0.377929,
2017-09-29,65.38,65.77,64.85,65.31,4939024,,
2017-10-02,64.13,64.25,62.40,63.03,9925543,,
2017-10-03,62.90,63.19,62.22,62.74,6054710,,
2017-10-04,62.62,64.13,62.46,63.76,4517119,,
2017-10-05,62.74,63.86,62.09,63.17,7251892,,
2017-10-06,63.10,64.75,62.74,63.38,4617138,,
2017-10-09,63.76,63.89,63.25,63.70,2704609,,
2017-10-10,64.70,65.59,64.25,65.01,5027135,,
2017-10-11,65.00,65.74,64.63,64.72,3863028,,
2017-10-12,64.70,65.19,64.40,64.82,2857945,,
2017-10-13,65.43,66.70,65.08,66.36,7045504,,
2017-10-16,66.32,66.38,65.40,65.63,3563368,,
2017-10-17,65.36,65.69,64.42,64.84,3955902,,
2017-10-18,64.78,65.22,64.06,64.63,4581681,,
2017-10-19,64.67,64.78,63.65,64.61,2773934,,
2017-10-20,65.28,66.30,65.00,65.31,3657566,,
2017-10-23,68.03,68.28,66.48,66.51,6350797,,
2017-10-24,66.76,67.50,66.21,66.43,3416648,,
2017-10-25,66.14,66.66,65.40,65.98,3720144,,
2017-10-26,66.27,67.77,66.15,67.56,5714831,,
2017-10-27,66.79,66.99,63.73,65.84,10299423,,
2017-10-30,65.73,66.58,64.64,64.84,6802866,,
2017-10-31,65.19,68.15,64.84,67.48,7489503,,
2017-11-01,68.03,68.96,67.20,67.45,5000940,,
2017-11-02,67.35,67.39,66.30,66.97,3447209,,
2017-11-03,67.33,67.38,65.39,65.77,3893192,,
2017-11-06,65.51,66.65,65.40,66.40,4080529,,
2017-11-07,66.40,66.45,64.97,65.07,4813339,,
2017-11-08,65.20,66.08,64.65,65.85,3674897,,
2017-11-09,65.38,66.70,65.04,66.24,3763935,,
2017-11-10,66.70,67.55,66.21,67.21,4268527,,
2017-11-13,66.61,67.34,66.61,66.85,2837306,,
2017-11-14,67.84,69.76,67.28,69.22,6941913,,
2017-11-15,68.63,68.92,67.66,68.30,4726947,,
2017-11-16,68.47,69.33,68.35,68.94,3107595,,
2017-11-17,68.91,69.27,68.43,69.01,2108730,,
2017-11-20,68.41,68.88,67.82,68.69,3527383,,
2017-11-21,69.23,70.53,68.98,69.80,4071136,,
2017-11-22,69.86,70.46,69.32,70.23,2955714,,
2017-11-24,70.26,70.42,69.73,70.13,1239783,,
2017-11-27,66.75,66.76,64.50,65.42,14640847,,
2017-11-28,65.84,66.10,64.96,65.68,5881264,,
2017-11-29,65.26,65.37,60.92,61.22,9462493,,
2017-11-30,61.92,62.06,59.41,59.61,9487762,,
2017-12-01,59.92,60.74,58.28,59.98,8541553,,
2017-12-04,59.98,60.42,57.89,58.28,7555521,,
2017-12-05,58.40,59.74,58.03,59.38,6083286,,
2017-12-06,58.96,59.66,58.59,58.85,4654049,,
2017-12-07,58.96,59.61,58.72,59.22,3534791,,
2017-12-08,60.56,61.74,60.03,61.58,6694645,,
2017-12-11,61.37,61.94,60.54,61.38,3322450,,
2017-12-12,61.67,62.55,61.32,61.81,3445224,,
2017-12-13,64.00,64.72,62.83,63.21,8494718,,
2017-12-14,63.39,63.56,62.31,62.46,4285991,,
2017-12-15,61.90,62.04,60.42,61.69,9473606,,
2017-12-18,62.37,63.36,62.21,63.20,5132182,,
2017-12-19,63.14,64.35,62.20,63.67,5209313,,
2017-12-20,64.37,64.44,62.07,62.56,6279620,,
2017-12-21,62.65,62.94,61.04,61.10,6511541,,
2017-12-22,61.13,61.50,60.82,60.98,2811375,,
2017-12-26,61.16,61.22,59.88,60.47,5165257,,
2017-12-27,60.54,61.22,60.19,61.19,3483724,,
2017-12-28,61.54,61.75,60.72,60.95,3046869,0.377929,
2017-12-29,60.93,61.04,60.08,60.11,3690641,,
2018-01-02,60.85,61.82,60.15,61.51,5151762,,
2018-01-03,61.98,62.65,61.84,62.49,4304116,,
2018-01-04,61.98,62.74,60.23,62.11,6844011,,
2018-01-05,62.28,62.71,61.69,62.50,3608350,,
2018-01-08,62.74,62.74,60.93,61.56,6450022,,
2018-01-09,61.62,62.06,60.79,60.94,5041556,,
2018-01-10,59.86,61.19,59.56,61.16,6537075,,
2018-01-11,61.16,62.67,61.15,62.17,5056638,,
2018-01-12,62.49,62.97,62.32,62.83,3956564,,
2018-01-16,63.27,64.23,62.96,63.40,7374799,,
2018-01-17,63.90,64.61,63.64,64.37,5818554,,
2018-01-18,64.38,65.43,64.30,65.31,6091092,,
2018-01-19,65.09,65.81,64.54,64.70,5210636,,
2018-01-22,64.96,65.30,64.32,65.19,5999144,,
2018-01-23,65.33,66.18,65.01,66.02,4076692,,
2018-01-24,66.29,66.43,65.14,65.74,6213602,,
2018-01-25,66.65,67.91,66.25,66.51,9636732,,
2018-01-26,65.57,67.75,65.54,67.72,10833386,,
2018-01-29,67.07,67.88,65.90,66.10,6621218,,
2018-01-30,65.00,65.96,64.33,65.82,6258981,,
2018-01-31,67.41,68.93,67.02,67.26,11277649,,
2018-02-01,66.08,67.36,65.46,66.25,4703530,,
2018-02-02,65.75,65.86,64.26,64.44,6628759,,
2018-02-05,63.64,64.93,61.56,61.56,6886480,,
2018-02-06,60.91,63.95,60.66,63.68,6397763,,
2018-02-07,63.45,64.49,62.81,63.27,4944977,,
2018-02-08,63.23,63.80,60.54,60.54,5016287,,
2018-02-09,61.07,61.97,58.88,60.91,6123902,,
2018-02-12,61.41,62.78,61.41,62.24,4361666,,
2018-02-13,61.87,63.08,61.66,62.71,3894118,,
2018-02-14,61.90,63.18,61.90,62.99,4330576,,
2018-02-15,63.39,63.96,62.71,63.90,4144562,,
2018-02-16,63.71,65.25,63.67,64.18,3965693,,
2018-02-20,63.59,66.02,63.58,65.35,4976729,,
2018-02-21,65.22,66.17,64.72,64.75,3421675,,
2018-02-22,64.96,65.96,64.45,64.65,3004004,,
2018-02-23,65.74,67.51,65.38,67.38,5635848,,
2018-02-26,67.38,67.66,66.68,67.44,3647643,,
2018-02-27,67.59,67.97,65.74,65.90,4513150,,
2018-02-28,66.62,66.96,65.77,65.79,4103020,,
2018-03-01,66.08,67.14,65.24,65.96,4702604,,
2018-03-02,65.22,66.82,65.03,66.70,3314644,,
2018-03-05,66.52,68.26,66.51,67.99,4512224,,
2018-03-06,68.88,71.16,68.55,70.90,8723333,,
2018-03-07,70.11,73.27,70.11,72.01,7944615,,
2018-03-08,72.18,74.01,72.09,73.48,5445203,,
2018-03-09,74.00,75.59,73.73,75.25,6007346,,
2018-03-12,75.59,77.94,75.40,77.75,7623258,,
2018-03-13,75.59,77.94,75.59,77.79,9119439,,
2018-03-14,78.19,79.06,76.63,78.00,5260645,,
2018-03-15,77.94,78.16,76.85,77.27,3567470,,
2018-03-16,78.52,80.85,78.18,80.46,9644538,,
2018-03-19,80.11,80.42,77.42,77.97,5866314,,
2018-03-20,78.26,78.99,77.94,78.36,3306442,,
2018-03-21,78.37,79.06,77.67,77.73,3150989,,
2018-03-22,76.78,77.66,75.88,76.21,4279640,,
2018-03-23,74.38,74.91,69.78,69.80,11330701,,
2018-03-26,71.21,71.44,69.24,71.25,5795269,,
2018-03-27,71.75,72.34,69.22,69.67,4400827,,
2018-03-28,69.40,70.20,68.19,68.63,3715249,0.377929,
2018-03-29,68.99,70.49,68.46,69.74,4462479,,
2018-04-02,69.92,70.60,67.20,68.02,4504418,,
2018-04-03,68.47,69.38,67.50,68.94,3092645,,
2018-04-04,66.58,70.13,66.58,69.92,3062877,,
2018-04-05,70.36,70.59,68.08,68.43,3069889,,
2018-04-06,67.63,68.50,65.87,66.34,4882796,,
2018-04-09,66.98,68.78,66.81,66.94,3125984,,
2018-04-10,68.42,69.77,68.13,68.57,3940556,,
2018-04-11,67.95,68.66,67.59,67.75,3494969,,
2018-04-12,68.32,68.95,67.99,68.41,3072403,,
2018-04-13,68.94,69.47,67.63,67.97,3795158,,
2018-04-16,68.45,68.48,67.30,68.42,3340707,,
2018-04-17,68.99,69.45,68.63,69.06,2845905,,
2018-04-18,68.18,69.58,67.35,69.31,3996122,,
2018-04-19,68.50,69.20,67.00,67.66,3149005,,
2018-04-20,67.40,69.16,67.11,67.69,4707896,,
2018-04-23,68.09,68.13,65.49,65.76,4448852,,
2018-04-24,66.57,67.86,64.91,65.33,4569774,,
2018-04-25,65.34,65.72,63.39,64.94,3451972,,
2018-04-26,65.99,66.81,65.41,66.45,5735073,,
2018-04-27,65.16,65.92,60.92,61.13,12079387,,
2018-04-30,61.00,61.98,57.97,59.55,10008892,,
2018-05-01,59.12,60.79,59.12,60.31,5987501,,
2018-05-02,60.08,60.29,57.97,58.03,7173174,,
2018-05-03,57.91,58.56,57.41,58.19,5989750,,
2018-05-04,57.93,58.78,57.48,58.41,6321426,,
2018-05-07,58.75,59.84,58.53,59.35,5981283,,
2018-05-08,59.33,59.64,58.22,58.75,3674103,,
2018-05-09,59.00,59.48,58.31,59.30,4594911,,
2018-05-10,59.74,59.89,59.03,59.74,4341821,,
2018-05-11,59.71,60.34,59.40,59.56,4009219,,
2018-05-14,61.18,62.71,60.94,61.32,8304339,,
2018-05-15,62.21,62.96,61.23,62.72,7810992,,
2018-05-16,63.11,65.87,63.00,65.77,9424787,,
2018-05-17,65.58,66.31,64.78,65.40,5325737,,
2018-05-18,64.86,65.54,63.79,64.06,4541727,,
2018-05-21,65.48,66.11,64.97,65.40,5340686,,
2018-05-22,66.63,66.98,65.95,66.42,5621295,,
2018-05-23,65.73,66.92,65.31,66.89,5850968,,
2018-05-24,66.55,66.98,65.66,66.11,6356089,,
2018-05-25,65.84,66.45,65.06,65.27,3726362,,
2018-05-29,64.80,65.96,64.72,65.37,3921769,,
2018-05-30,65.87,65.95,65.04,65.40,4036870,,
2018-05-31,65.23,65.69,63.06,63.12,6477540,,
2018-06-01,63.65,64.99,63.19,64.91,4959530,,
2018-06-04,64.57,64.61,63.32,64.13,5607271,,
2018-06-05,64.63,65.08,64.34,64.93,3772005,,
2018-06-06,65.38,65.88,63.92,64.04,6355692,,
2018-06-07,64.01,64.12,60.95,62.43,11674284,,
2018-06-08,61.78,62.62,61.34,62.45,3802037,,
2018-06-11,62.31,63.11,62.21,62.74,5181662,,
2018-06-12,62.99,62.99,61.50,62.07,5297557,,
2018-06-13,62.31,63.08,62.15,62.63,5577636,,
2018-06-14,62.81,63.21,62.28,62.40,5440308,,
2018-06-15,61.98,61.98,60.48,60.92,7303357,,
2018-06-18,60.51,60.85,59.61,60.67,5183382,,
2018-06-19,59.99,61.14,59.64,60.85,4127892,,
2018-06-20,61.22,61.35,60.50,60.63,3787881,,
2018-06-21,62.55,63.33,61.02,61.14,5005306,,
2018-06-22,61.42,61.51,60.12,60.23,4732503,,
2018-06-25,59.77,60.07,58.21,59.06,6042538,,
2018-06-26,59.19,59.57,58.75,59.34,4646905,,
2018-06-27,59.33,59.65,58.41,58.43,4475444,,
2018-06-28,58.16,58.64,57.75,58.15,4199996,0.377929,
2018-06-29,58.65,59.38,58.36,58.51,3453692,,
2018-07-02,57.82,59.09,57.49,58.99,3289640,,
2018-07-03,59.33,59.57,57.91,58.10,2466469,,
2018-07-05,58.37,58.75,57.86,58.55,3423395,,
2018-07-06,58.43,58.98,57.82,58.90,2959683,,
2018-07-09,59.26,60.24,59.05,60.23,3588241,,
2018-07-10,60.38,60.56,59.81,60.53,3684423,,
2018-07-11,59.90,59.97,58.87,59.10,4233997,,
2018-07-12,59.55,59.66,59.21,59.60,2710827,,
2018-07-13,59.57,60.51,59.55,60.11,2237590,,
2018-07-16,60.23,60.23,59.13,59.28,2877128,,
2018-07-17,58.84,59.80,58.70,59.71,2173028,,
2018-07-18,59.71,59.91,59.35,59.55,3307500,,
2018-07-19,59.27,59.59,58.34,58.55,3449723,,
2018-07-20,58.65,58.71,57.82,57.93,4372515,,
2018-07-23,57.63,57.85,56.55,57.73,5045790,,
2018-07-24,57.82,58.19,56.67,56.77,4323961,,
2018-07-25,56.82,57.55,56.73,57.17,3978790,,
2018-07-26,57.09,58.61,56.98,58.27,7130705,,
2018-07-27,56.30,56.69,52.88,53.76,14851733,,
2018-07-30,53.70,54.35,52.55,52.93,8544728,,
2018-07-31,53.70,54.21,53.00,53.02,6554804,,
2018-08-01,53.06,53.24,52.30,52.33,6217439,,
2018-08-02,52.15,52.28,51.71,51.79,6260568,,
2018-08-03,51.96,52.04,50.89,51.37,6208839,,
2018-08-06,51.12,51.75,51.11,51.63,4739515,,
2018-08-07,51.81,52.57,51.19,51.21,5377598,,
2018-08-08,51.17,51.21,50.66,50.68,4167847,,
2018-08-09,50.49,50.64,49.36,49.97,7814829,,
2018-08-10,49.52,49.86,48.89,48.97,6163592,,
2018-08-13,49.11,49.42,48.41,48.54,4743087,,
2018-08-14,48.91,49.73,48.65,49.12,4310202,,
2018-08-15,47.82,48.52,46.52,48.34,13458482,,
2018-08-16,48.68,49.50,48.65,49.18,5596158,,
2018-08-17,48.91,49.09,48.11,48.85,4500581,,
2018-08-20,49.02,49.02,47.85,48.39,4629309,,
2018-08-21,48.72,49.31,48.65,49.05,4072856,,
2018-08-22,49.00,49.02,48.33,48.39,3680454,,
2018-08-23,48.25,48.72,47.76,47.88,4166656,,
2018-08-24,48.16,48.56,47.97,48.23,3462291,,
2018-08-27,48.41,49.30,48.37,48.73,4185840,,
2018-08-28,48.95,49.08,48.50,48.88,2821827,,
2018-08-29,48.96,49.02,47.89,47.91,4781851,,
2018-08-30,47.87,48.00,47.54,47.83,4271702,,
2018-08-31,47.76,47.87,47.32,47.80,4394345,,
2018-09-04,46.67,46.67,44.54,45.53,11718869,,
2018-09-05,45.44,46.00,44.82,45.36,7534485,,
2018-09-06,45.25,45.25,43.48,43.68,7901750,,
2018-09-07,43.46,44.10,42.79,43.61,6333730,,
2018-09-10,43.84,43.89,43.02,43.12,4799844,,
2018-09-11,42.09,42.24,40.91,41.56,9754744,,
2018-09-12,40.70,43.59,40.52,42.76,9539756,,
2018-09-13,43.11,43.63,42.44,43.16,6790562,,
2018-09-14,43.35,43.80,42.46,43.05,4007235,,
2018-09-17,42.96,43.92,42.86,43.22,4632352,,
2018-09-18,43.43,44.68,43.28,43.92,6529534,,
2018-09-19,44.25,44.55,43.82,44.13,4700222,,
2018-09-20,44.81,45.86,44.70,45.39,8575951,,
2018-09-21,45.47,46.18,44.68,45.90,13125748,,
2018-09-24,45.56,45.82,44.99,45.29,7802922,,
2018-09-25,45.29,45.68,44.57,45.11,5922277,,
2018-09-26,44.66,44.93,43.79,44.55,6615529,,
2018-09-27,44.38,44.75,43.90,44.05,3887900,0.377929,
2018-09-28,43.93,44.77,43.56,44.25,5709671,,
2018-10-01,43.85,45.02,43.36,43.85,5862478,,
2018-10-02,43.91,44.81,43.59,43.63,5579620,,
2018-10-03,43.78,44.78,43.66,44.11,5652914,,
2018-10-04,43.65,43.76,42.37,42.79,7193151,,
2018-10-05,42.94,43.38,42.34,42.44,5238419,,
2018-10-08,42.25,42.68,41.82,42.06,3351291,,
2018-10-09,41.99,42.06,40.50,41.13,5345978,,
2018-10-10,40.83,41.84,40.78,40.93,7184816,,
2018-10-11,41.24,42.26,40.63,40.91,6004171,,
2018-10-12,41.70,42.07,40.73,41.13,5847131,,
2018-10-15,40.83,41.93,40.67,41.19,3877713,,
2018-10-16,41.80,42.51,41.41,42.37,4274216,,
2018-10-17,42.49,42.98,41.84,42.15,3979584,,
2018-10-18,41.89,42.99,41.87,42.20,6484817,,
2018-10-19,42.41,43.67,42.38,42.74,8306720,,
2018-10-22,42.88,43.17,41.77,41.84,5899257,,
2018-10-23,40.67,42.37,40.51,42.07,5163801,,
2018-10-24,41.94,42.12,39.49,39.56,7693907,,
2018-10-25,39.98,41.45,39.78,40.82,9612124,,
2018-10-26,35.83,35.96,31.75,33.40,39381476,,
2018-10-29,33.75,33.96,31.07,31.41,18153545,,
2018-10-30,31.41,32.20,30.67,31.27,13557310,,
2018-10-31,32.01,33.40,31.84,32.55,10184322,,
2018-11-01,32.72,35.83,32.69,35.59,12809418,,
2018-11-02,34.63,36.27,34.45,36.08,10257351,,
2018-11-05,36.10,37.20,35.50,36.55,7873570,,
2018-11-06,36.33,37.18,36.18,36.96,4852367,,
2018-11-07,37.34,37.48,35.90,36.68,5260248,,
2018-11-08,36.68,36.98,35.77,35.95,5290677,,
2018-11-09,35.52,35.72,33.91,34.57,7575895,,
2018-11-12,34.23,34.26,32.65,32.85,6698746,,
2018-11-13,33.02,33.89,32.85,33.78,8349982,,
2018-11-14,34.53,35.11,33.73,34.05,5790506,,
2018-11-15,33.92,35.62,33.54,35.32,6785535,,
2018-11-16,34.80,35.57,34.46,35.22,5143824,,
2018-11-19,34.87,35.36,34.04,34.10,5879941,,
2018-11-20,32.61,35.21,32.20,34.53,11210705,,
2018-11-21,35.19,36.05,34.90,35.45,8193736,,
2018-11-23,35.40,36.35,35.15,35.78,4311657,,
2018-11-26,36.64,36.66,35.64,36.22,5551837,,
2018-11-27,35.90,36.99,35.75,36.80,4615153,,
2018-11-28,37.13,37.32,33.67,36.39,13915843,,
2018-11-29,36.03,36.28,34.19,34.41,9852249,,
2018-11-30,34.33,34.55,32.81,34.31,12463322,,
2018-12-03,34.97,35.18,33.95,35.05,9976611,,
2018-12-04,34.74,35.05,32.14,32.53,13386511,,
2018-12-06,32.53,33.00,31.84,32.96,8935277,,
2018-12-07,32.80,33.08,31.57,31.77,6260304,,
2018-12-10,31.37,31.78,30.79,31.49,6538001,,
2018-12-11,31.90,32.24,31.02,31.44,5688900,,
2018-12-12,31.93,31.96,30.91,30.97,8066728,,
2018-12-13,31.15,31.16,30.04,30.20,6514849,,
2018-12-14,29.68,30.23,29.30,29.31,7560680,,
2018-12-17,29.27,30.32,28.68,28.91,8369960,,
2018-12-18,28.91,30.09,28.87,29.27,6907912,,
2018-12-19,29.04,29.61,27.31,27.65,10515336,,
2018-12-20,27.60,28.99,27.32,27.73,12195811,,
2018-12-21,27.91,28.43,27.11,27.14,14356138,,
2018-12-24,26.97,27.48,26.27,26.50,4942596,,
2018-12-26,27.01,27.97,25.57,27.91,9869051,,
2018-12-27,27.15,27.90,26.75,27.88,5839325,0.377929,
2018-12-28,28.18,28.40,27.36,27.77,6998405,,
2018-12-31,28.75,28.79,27.07,27.94,9208742,,
2019-01-02,27.32,29.38,27.23,28.92,8447620,,
2019-01-03,27.97,28.09,26.86,26.95,10233934,,
2019-01-04,27.66,28.28,27.41,28.09,8378427,,
2019-01-07,28.21,29.27,28.09,29.09,7895135,,
2019-01-08,29.68,29.80,28.08,28.81,10188555,,
2019-01-09,28.99,31.44,28.99,30.08,12517829,,
2019-01-10,29.87,30.42,29.39,30.09,6408480,,
2019-01-11,29.90,30.63,29.35,30.26,6663157,,
2019-01-14,28.64,28.85,27.33,28.77,17789852,,
2019-01-15,28.77,28.90,27.94,28.48,8318495,,
2019-01-16,28.59,29.28,28.47,28.59,6493019,,
2019-01-17,28.16,28.26,26.47,27.57,13073357,,
2019-01-18,27.63,29.64,27.41,29.63,12372696,,
2019-01-22,29.46,29.46,28.29,28.39,8664062,,
2019-01-23,28.67,28.99,28.11,28.44,6226832,,
2019-01-24,29.23,31.25,29.14,30.34,20798751,,
2019-01-25,34.39,36.24,31.39,32.62,49852228,,
2019-01-28,31.77,33.37,31.44,33.26,15724384,,
2019-01-29,33.26,33.66,32.09,32.16,8760377,,
2019-01-30,32.63,33.25,32.11,33.13,8902864,,
2019-01-31,33.11,34.07,32.88,34.01,9827906,,
2019-02-01,33.81,35.74,33.81,35.53,12145272,,
2019-02-04,35.57,36.20,34.85,36.17,8037622,,
2019-02-05,35.86,36.47,35.63,35.84,7871982,,
2019-02-06,35.84,36.80,35.84,36.28,6947867,,
2019-02-07,35.74,35.90,34.35,34.66,9321329,,
2019-02-08,33.60,35.32,33.30,35.31,9419363,,
2019-02-11,35.36,35.43,34.47,34.72,5521805,,
2019-02-12,35.12,36.15,35.03,35.72,6130782,,
2019-02-13,36.80,36.85,35.93,36.05,8083795,,
2019-02-14,35.95,36.59,35.88,36.27,7003433,,
2019-02-15,36.63,36.63,35.81,36.02,5873194,,
2019-02-19,36.60,37.03,36.02,36.28,6351988,,
2019-02-20,36.24,37.18,36.21,36.63,6255409,,
2019-02-21,36.57,36.66,35.56,35.67,5007687,,
2019-02-22,36.33,37.45,35.86,37.41,6380432,,
2019-02-25,38.47,39.49,38.37,38.82,10260130,,
2019-02-26,38.69,39.00,38.17,38.53,5315153,,
2019-02-27,38.42,38.83,36.66,36.69,9120630,,
2019-02-28,36.39,38.19,35.27,38.02,14631454,,
2019-03-01,38.56,39.27,38.24,39.05,10237506,,
2019-03-04,39.51,40.36,38.99,39.77,11006169,,
2019-03-05,39.30,39.49,38.16,38.35,8393906,,
2019-03-06,38.06,38.06,36.36,36.37,10472603,,
2019-03-07,36.18,36.18,34.32,35.52,11745197,,
2019-03-08,34.80,35.95,34.57,35.89,7039551,,
2019-03-11,36.09,37.79,36.02,37.54,8347998,,
2019-03-12,37.56,38.22,36.85,37.15,6387973,,
2019-03-13,37.14,37.39,36.33,37.03,7951495,,
2019-03-14,36.73,36.83,35.64,35.96,10354063,,
2019-03-15,36.02,37.14,36.01,36.36,15912779,,
2019-03-18,36.42,36.79,36.15,36.50,6486801,,
2019-03-19,36.83,36.92,36.07,36.19,6284382,,
2019-03-20,36.16,36.41,35.19,35.65,7164707,,
2019-03-21,36.18,39.51,36.18,39.14,19324003,,
2019-03-22,38.74,38.89,36.56,36.58,11471468,,
2019-03-25,36.47,36.92,35.59,36.20,5856260,,
2019-03-26,36.42,36.98,35.43,35.59,8443254,,
2019-03-27,35.70,35.87,33.97,34.30,11806981,,
2019-03-28,33.95,34.98,33.83,34.58,7555124,0.377929,
2019-03-29,34.98,36.73,34.98,36.33,11015695,,
2019-04-01,36.98,37.48,36.55,37.27,8704679,,
2019-04-02,37.21,38.43,36.92,38.08,8611407,,
2019-04-03,38.93,40.39,38.85,39.31,10901785,,
2019-04-04,38.86,39.21,38.36,38.85,5648152,,
2019-04-05,39.13,39.57,38.77,39.33,5579620,,
2019-04-08,38.87,39.12,38.06,38.99,5791962,,
2019-04-09,39.21,39.21,37.79,37.88,6262156,,
2019-04-10,37.85,38.48,37.49,38.31,5790639,,
2019-04-11,38.47,39.00,38.12,38.42,4461421,,
2019-04-12,39.02,39.52,38.75,39.18,5447320,,
2019-04-15,39.68,39.86,38.91,39.20,6155787,,
2019-04-16,40.18,41.32,39.96,41.04,11122593,,
2019-04-17,41.57,41.98,40.32,41.16,8806417,,
2019-04-18,41.17,41.90,40.74,41.87,7477728,,
2019-04-22,41.54,41.74,40.45,40.98,6044787,,
2019-04-23,41.10,41.38,40.38,41.16,5036793,,
2019-04-24,41.20,41.20,39.91,40.77,5033486,,
2019-04-25,41.19,41.31,39.71,40.02,5190923,,
2019-04-26,37.76,38.53,36.89,38.49,13543154,,
2019-04-29,38.25,38.96,38.03,38.15,12548258,,
2019-04-30,37.26,38.96,36.14,38.64,25146923,,
2019-05-01,38.99,40.09,38.27,38.40,9857805,,
2019-05-02,38.50,38.75,37.47,37.61,7601561,,
2019-05-03,37.88,38.50,37.55,38.40,5044996,,
2019-05-06,36.92,37.69,36.49,37.46,6040818,,
2019-05-07,36.82,37.40,35.26,35.68,8920592,,
2019-05-08,35.48,36.24,35.24,35.30,6498179,,
2019-05-09,34.75,35.21,33.69,35.09,8133407,,
2019-05-10,34.78,34.87,33.42,34.66,6152876,,
2019-05-13,33.28,33.39,32.38,32.49,9649301,,
2019-05-14,32.76,34.10,32.76,33.73,6989541,,
2019-05-15,33.33,34.73,33.25,34.38,5767486,,
2019-05-16,33.88,34.32,33.52,34.08,4439856,,
2019-05-17,33.52,34.63,32.83,33.73,5909973,,
2019-05-20,32.94,33.38,31.49,31.71,12102407,,
2019-05-21,32.16,33.05,32.16,32.84,5753066,,
2019-05-22,32.48,32.59,31.65,31.89,4201054,,
2019-05-23,31.21,31.44,30.41,31.36,5707687,,
2019-05-24,31.54,31.83,30.82,30.98,5008217,,
2019-05-28,31.17,31.42,29.90,29.92,6509028,,
2019-05-29,29.53,30.20,29.29,29.98,6945353,,
2019-05-30,30.17,30.92,29.54,29.83,5166977,,
2019-05-31,29.24,29.98,28.10,28.13,9421480,,
2019-06-03,28.22,28.70,27.84,28.03,7521255,,
2019-06-04,28.36,29.61,28.28,29.58,7154784,,
2019-06-05,29.82,30.23,28.57,28.65,6689882,,
2019-06-06,28.86,29.08,28.25,28.71,6533239,,
2019-06-07,28.55,28.86,27.82,27.92,7702109,,
2019-06-10,28.32,29.27,28.32,28.71,6291527,,
2019-06-11,29.49,29.55,28.78,29.03,5784685,,
2019-06-12,28.50,28.62,27.19,27.39,10526185,,
2019-06-13,27.54,28.24,27.26,28.22,9752627,,
2019-06-14,27.59,27.79,27.14,27.46,7290656,,
2019-06-17,27.37,27.71,26.92,27.41,5436869,,
2019-06-18,27.88,29.39,27.78,28.81,9340248,,
2019-06-19,29.09,29.77,28.96,29.36,7069318,,
2019-06-20,30.17,30.85,29.68,29.96,7200428,,
2019-06-21,29.71,30.46,29.33,30.26,12180464,,
2019-06-24,30.46,31.54,30.42,31.01,9264837,,
2019-06-25,31.23,31.70,30.91,31.07,7594682,,
2019-06-26,33.11,34.29,32.80,33.33,17958402,,
2019-06-27,33.11,34.09,32.82,33.67,10490067,0.377929,
2019-06-28,34.30,35.98,34.25,35.94,19590984,,
2019-07-01,38.10,38.59,36.69,37.53,14372014,,
2019-07-02,36.52,37.15,35.83,36.53,10244651,,
2019-07-03,36.73,36.80,36.05,36.24,5298880,,
2019-07-05,35.91,36.73,35.74,36.67,6196535,,
2019-07-08,36.13,37.72,36.12,37.69,8965310,,
2019-07-09,37.43,38.96,37.39,38.91,13339941,,
2019-07-10,39.57,40.95,39.54,40.85,12454987,,
2019-07-11,40.97,41.17,39.89,41.01,9342100,,
2019-07-12,41.16,42.09,40.65,41.80,8702297,,
2019-07-15,41.83,42.01,40.86,41.30,7170263,,
2019-07-16,41.28,41.28,38.18,38.92,15011420,,
2019-07-17,39.09,39.67,38.55,38.92,8325374,,
2019-07-18,38.82,40.00,38.78,39.97,6659056,,
2019-07-19,40.27,40.27,39.21,39.65,5711788,,
2019-07-22,40.02,41.88,39.92,41.81,9924352,,
2019-07-23,41.93,42.36,41.33,42.31,5782568,,
2019-07-24,42.05,43.55,42.05,43.36,7074346,,
2019-07-25,43.30,43.73,42.62,43.06,5120936,,
2019-07-26,42.98,43.37,42.47,42.71,3798201,,
2019-07-29,42.16,42.34,41.35,42.17,5729119,,
2019-07-30,41.72,42.95,41.50,42.77,4999749,,
2019-07-31,42.22,42.38,40.31,40.73,11326071,,
2019-08-01,42.79,44.22,40.54,41.96,17693273,,
2019-08-02,40.92,41.83,39.86,41.11,8102184,,
2019-08-05,39.72,40.12,39.12,39.87,7743122,,
2019-08-06,40.53,41.19,39.69,40.50,8092130,,
2019-08-07,39.76,41.19,38.87,39.93,10845557,,
2019-08-08,40.38,41.78,40.03,41.72,6341668,,
2019-08-09,41.44,41.53,40.46,41.01,4883590,,
2019-08-12,40.67,41.06,39.90,40.94,5484100,,
2019-08-13,41.02,42.87,40.68,42.03,6066617,,
2019-08-14,40.98,41.41,40.26,41.14,5638229,,
2019-08-15,41.23,41.35,40.40,40.86,3764067,,
2019-08-16,41.33,42.20,41.33,41.72,4711600,,
2019-08-19,42.81,43.59,42.49,43.27,6741743,,
2019-08-20,43.17,43.30,42.07,42.47,4712129,,
2019-08-21,43.02,43.48,42.48,42.59,3116459,,
2019-08-22,42.80,43.30,42.42,43.02,3246642,,
2019-08-23,42.42,43.04,41.17,41.29,4907933,,
2019-08-26,41.94,42.15,41.07,41.30,2863369,,
2019-08-27,41.68,41.80,39.76,39.80,4627722,,
2019-08-28,39.80,40.54,39.18,40.39,4387200,,
2019-08-29,41.12,42.13,41.07,41.63,4237569,,
2019-08-30,42.02,43.39,42.02,43.29,6337038,,
2019-09-03,42.80,43.72,42.41,43.44,5977843,,
2019-09-04,44.49,46.36,44.49,44.85,8333842,,
2019-09-05,45.74,47.02,45.53,46.83,7726320,,
2019-09-06,46.94,47.50,46.62,47.04,5891848,,
2019-09-09,46.95,47.75,46.87,47.43,4724830,,
2019-09-10,47.14,47.52,46.65,47.07,4847604,,
2019-09-11,47.55,49.04,47.39,48.60,6622673,,
2019-09-12,48.77,49.25,48.41,48.90,4555221,,
2019-09-13,48.62,49.37,48.61,48.83,3885783,,
2019-09-16,48.16,48.16,47.29,47.61,6074951,,
2019-09-17,47.57,48.39,47.35,48.31,3725303,,
2019-09-18,48.33,48.37,46.95,48.04,4264558,,
2019-09-19,48.14,48.28,46.92,47.35,5435016,,
2019-09-20,47.91,47.91,45.80,45.87,11409155,,
2019-09-23,46.17,46.66,45.84,46.10,4131994,,
2019-09-24,46.26,46.42,44.88,45.03,5199655,,
2019-09-25,45.12,46.90,44.94,46.15,8315717,,
2019-09-26,46.39,47.24,46.02,46.71,5873591,,
2019-09-27,46.44,47.24,45.49,45.72,7619819,,
2019-09-30,45.61,45.68,44.47,45.08,5026606,,
2019-10-01,45.40,46.19,44.12,44.29,4203303,,
2019-10-02,43.70,43.79,42.44,42.95,7396496,,
2019-10-03,42.76,43.70,41.94,43.67,5401941,0.377929,
2019-10-04,43.95,44.40,43.82,44.27,3195442,,
2019-10-07,44.06,44.41,43.79,43.83,3251008,,
2019-10-08,43.16,43.31,41.87,41.97,5826889,,
2019-10-09,42.53,43.06,42.28,42.73,2967224,,
2019-10-10,42.63,43.70,42.43,43.34,3124397,,
2019-10-11,44.25,44.81,43.85,44.10,3463349,,
2019-10-14,45.06,45.53,44.44,44.81,4954767,,
2019-10-15,44.83,46.06,44.79,45.97,4728005,,
2019-10-16,46.06,46.18,44.85,44.94,3594062,,
2019-10-17,45.42,45.42,44.38,45.06,4083704,,
2019-10-18,44.66,44.75,43.28,43.94,4398181,,
2019-10-21,44.29,44.64,44.05,44.29,2894195,,
2019-10-22,44.38,45.28,44.38,44.49,4090848,,
2019-10-23,43.94,43.94,42.99,43.58,4409427,,
2019-10-24,44.47,45.53,44.02,44.99,4954106,,
2019-10-25,45.00,46.35,44.81,46.28,4491056,,
2019-10-28,46.98,47.51,46.53,47.41,4103946,,
2019-10-29,47.51,47.72,47.04,47.46,3739460,,
2019-10-30,47.57,47.69,46.36,46.98,6281869,,
2019-10-31,43.32,43.84,38.96,39.04,29478425,,
2019-11-01,39.16,41.10,38.93,40.69,12718131,,
2019-11-04,41.26,41.63,40.69,41.54,6922862,,
2019-11-05,41.59,41.71,40.73,40.92,6002451,,
2019-11-06,40.77,40.79,39.89,40.60,7696949,,
2019-11-07,41.24,41.32,40.12,40.24,5115776,,
2019-11-08,40.07,40.14,38.99,39.32,7623258,,
2019-11-11,38.77,39.46,38.53,39.30,5790639,,
2019-11-12,39.41,39.93,39.12,39.71,5561231,,
2019-11-13,39.24,39.28,38.25,38.56,6902753,,
2019-11-14,38.41,38.46,37.38,38.08,6120727,,
2019-11-15,38.54,38.87,37.91,38.05,7113903,,
2019-11-18,37.98,38.10,36.98,37.42,7579599,,
2019-11-19,37.57,37.57,35.72,35.92,11011594,,
2019-11-20,35.90,36.98,35.89,36.66,14662809,,
2019-11-21,36.57,37.03,35.99,36.16,5635319,,
2019-11-22,36.45,36.94,36.25,36.63,3891208,,
2019-11-25,36.80,37.74,36.73,37.61,5065899,,
2019-11-26,37.59,37.65,36.64,36.82,5089581,,
2019-11-27,37.17,38.16,37.10,38.10,5065899,,
2019-11-29,38.09,38.34,37.79,38.04,2470438,,
2019-12-02,38.05,38.35,36.62,36.66,6823637,,
2019-12-03,35.90,36.11,35.26,36.06,5628042,,
2019-12-04,36.42,36.80,35.80,35.86,6323940,,
2019-12-05,36.13,36.42,35.71,35.82,5001205,,
2019-12-06,36.42,37.54,36.29,37.10,5326001,,
2019-12-09,36.83,37.10,35.98,36.33,5731633,,
2019-12-10,36.67,37.78,36.42,37.22,6864386,,
2019-12-11,37.57,38.92,37.41,38.60,6146526,,
2019-12-12,38.73,40.76,38.72,40.61,9660943,,
2019-12-13,40.86,41.87,40.63,41.04,8974174,,
2019-12-16,42.57,44.10,42.37,42.71,12236559,,
2019-12-17,42.93,43.53,42.58,43.27,6364688,,
2019-12-18,43.21,43.62,42.94,43.26,5093021,,
2019-12-19,44.52,44.90,43.49,44.42,7564517,,
2019-12-20,45.06,46.31,44.72,46.19,12851754,,
2019-12-23,46.13,47.67,46.03,47.39,7085723,,
2019-12-24,47.42,47.45,46.73,47.04,2557227,,
2019-12-26,46.95,47.77,46.88,47.47,3073726,,
2019-12-27,47.69,48.07,46.78,46.96,4205420,,
2019-12-30,46.86,47.23,45.80,47.15,4299882,,
2019-12-31,46.80,48.00,46.64,47.97,5093947,,
2020-01-02,48.53,49.87,48.53,49.60,8823749,0.377929,
2020-01-03,48.29,49.37,48.03,48.84,5236434,,
2020-01-06,47.59,48.79,47.43,47.90,5405646,,
2020-01-07,49.29,51.38,48.78,51.14,14672467,,
2020-01-08,50.80,52.15,50.36,51.88,8731932,,
2020-01-09,52.45,52.66,50.86,51.87,6867296,,
2020-01-10,52.07,52.18,51.14,51.35,5932729,,
2020-01-13,51.82,52.67,51.57,52.25,5505003,,
2020-01-14,52.31,53.29,52.08,52.31,5926246,,
2020-01-15,51.69,51.84,49.92,50.39,7727775,,
2020-01-16,51.43,52.08,51.14,51.90,6918629,,
2020-01-17,52.73,52.76,51.29,51.59,5579223,,
2020-01-21,51.07,52.15,51.00,52.00,6673477,,
2020-01-22,52.18,52.77,51.61,51.90,4003927,,
2020-01-23,53.18,54.42,51.88,53.61,9186251,,
2020-01-24,54.20,54.24,52.07,52.55,5880206,,
2020-01-27,50.09,51.02,49.37,50.39,6056562,,
2020-01-28,51.01,52.03,50.20,51.71,4539081,,
2020-01-29,51.53,51.87,50.36,50.46,4125776,,
2020-01-30,49.43,50.62,48.76,50.61,11573207,,
2020-01-31,52.28,52.53,49.26,49.51,18592384,,
2020-02-03,49.58,52.19,48.90,50.82,7644956,,
2020-02-04,52.15,52.82,51.66,51.72,6277635,,
2020-02-05,52.49,53.27,50.95,51.48,6443936,,
2020-02-06,51.99,52.25,51.13,51.93,4935055,,
2020-02-07,51.44,51.58,50.56,50.67,5346905,,
2020-02-10,50.19,51.41,50.08,51.41,4081058,,
2020-02-11,52.26,52.76,51.58,52.09,5121333,,
2020-02-12,52.68,53.89,52.68,53.17,5267789,,
2020-02-13,52.28,53.73,52.18,52.59,4856072,,
2020-02-14,53.02,53.11,51.66,52.34,4239421,,
2020-02-18,51.19,51.72,50.65,51.63,3508331,,
2020-02-19,52.14,53.12,52.00,52.58,3531616,,
2020-02-20,52.61,52.68,50.97,52.20,3140802,,
2020-02-21,51.76,51.98,50.00,50.63,5426152,,
2020-02-24,48.07,49.09,47.72,48.04,6706816,,
2020-02-25,48.10,48.46,44.67,45.00,7797630,,
2020-02-26,45.25,46.66,44.85,45.06,6383872,,
2020-02-27,43.16,44.13,41.53,41.70,8459791,,
2020-02-28,39.49,42.11,39.14,42.00,10411349,,
2020-03-02,43.35,45.40,42.62,45.38,9993016,,
2020-03-03,45.05,46.08,42.59,43.03,7171586,,
2020-03-04,44.10,44.81,42.89,44.70,6804454,,
2020-03-05,42.99,45.02,42.92,43.62,5936830,,
2020-03-06,41.61,43.14,40.34,41.37,7950172,,
2020-03-09,37.46,38.28,35.77,35.83,8923900,,
2020-03-10,37.77,38.17,35.09,37.76,9852381,,
2020-03-11,36.15,36.25,33.40,34.12,10134974,,
2020-03-12,30.72,32.54,27.82,29.56,12741152,,
2020-03-13,32.36,32.60,29.01,31.61,11080125,,
2020-03-16,26.71,28.55,25.04,25.15,11738714,,
2020-03-17,25.87,27.97,23.43,25.74,13591841,,
2020-03-18,23.47,24.19,21.12,22.06,11728660,,
2020-03-19,22.07,24.59,20.71,23.69,9052495,,
2020-03-20,24.45,26.33,23.43,23.47,12262887,,
2020-03-23,24.26,26.45,22.83,25.98,13896527,,
2020-03-24,28.41,31.25,27.67,30.59,13713292,,
2020-03-25,30.84,34.32,29.43,31.47,12476287,,
2020-03-26,32.87,34.91,32.28,33.48,11572281,,
2020-03-27,32.02,33.02,30.67,31.93,8651362,,
2020-03-30,32.31,33.70,31.61,32.89,7611351,,
2020-03-31,32.58,33.36,31.04,31.46,8992828,,
2020-04-01,30.01,31.20,28.65,29.23,8753762,,
2020-04-02,29.15,30.76,28.29,29.02,7177407,0.377929,
2020-04-03,29.18,29.77,28.34,28.88,4528497,,
2020-04-06,30.72,33.02,30.72,32.74,8554253,,
2020-04-07,34.43,35.66,32.24,32.40,9600482,,
2020-04-08,33.08,34.71,32.89,34.27,6580999,,
2020-04-09,35.31,36.40,32.94,34.05,8593943,,
2020-04-13,33.46,33.87,32.36,33.08,7526018,,
2020-04-14,33.83,34.69,33.41,33.84,7647602,,
2020-04-15,32.62,32.95,31.59,32.24,6699804,,
2020-04-16,32.34,32.50,30.54,31.05,8037622,,
2020-04-17,32.61,32.62,31.49,31.99,7748414,,
2020-04-20,31.43,31.43,29.85,29.89,10294792,,
2020-04-21,29.15,29.47,28.49,28.59,8160396,,
2020-04-22,29.64,30.50,29.40,30.18,6120330,,
2020-04-23,30.28,30.71,29.49,29.77,6836603,,
2020-04-24,29.98,30.92,29.51,30.76,5560966,,
2020-04-27,31.21,32.69,31.15,32.57,6436130,,
2020-04-28,33.50,34.04,32.74,33.79,7991317,,
2020-04-29,34.77,36.91,34.23,36.08,11623349,,
2020-04-30,35.64,35.69,34.17,34.83,12249128,,
2020-05-01,30.61,31.32,29.04,30.60,33259029,,
2020-05-04,30.20,30.71,29.37,29.98,11762528,,
2020-05-05,30.63,31.71,30.34,30.49,8210406,,
2020-05-06,30.82,31.55,30.45,30.71,5199655,,
2020-05-07,31.32,31.81,31.04,31.63,5864198,,
2020-05-08,32.24,33.48,32.21,33.41,6423694,,
2020-05-11,32.75,32.75,31.63,32.04,6846525,,
2020-05-12,32.46,32.54,30.97,30.98,6825225,,
2020-05-13,30.84,30.97,29.36,29.67,8413089,,
2020-05-14,29.18,30.54,28.46,30.49,7599180,,
2020-05-15,29.51,30.09,29.18,29.64,7305209,,
2020-05-18,30.85,32.14,30.76,32.03,8042252,,
2020-05-19,31.97,32.46,31.38,31.55,5539004,,
2020-05-20,32.58,33.45,32.04,32.49,7591242,,
2020-05-21,32.28,32.77,31.71,32.27,5684534,,
2020-05-22,32.41,32.42,31.68,32.06,4538287,,
2020-05-26,33.53,34.61,33.16,34.07,7425470,,
2020-05-27,34.39,35.00,32.62,34.78,11777478,,
2020-05-28,34.36,34.44,32.86,32.97,5707819,,
2020-05-29,33.05,33.67,32.32,33.54,7095646,,
2020-06-01,32.80,33.09,32.34,32.56,6162137,,
2020-06-02,32.62,33.30,32.41,33.26,5859302,,
2020-06-03,34.05,34.63,33.78,34.35,6487992,,
2020-06-04,34.01,35.28,33.61,34.75,9225279,,
2020-06-05,36.42,37.70,35.84,36.63,10197949,,
2020-06-08,37.38,37.43,35.95,36.68,7113374,,
2020-06-09,35.82,36.37,35.43,36.15,5456052,,
2020-06-10,36.19,36.28,35.03,35.41,6475424,,
2020-06-11,33.73,33.76,32.00,32.01,10800840,,
2020-06-12,33.21,33.76,31.57,32.46,7492678,,
2020-06-15,31.34,32.64,30.82,32.45,7642706,,
2020-06-16,34.13,34.85,32.98,33.61,7494663,,
2020-06-17,33.92,33.92,32.89,33.04,5275595,,
2020-06-18,32.71,32.89,32.10,32.37,5260116,,
2020-06-19,32.82,34.03,32.65,33.55,18907258,,
2020-06-22,34.40,34.42,33.07,34.10,7841024,,
2020-06-23,34.29,34.38,32.73,32.89,7491884,,
2020-06-24,32.80,32.82,31.69,31.93,7571926,,
2020-06-25,31.66,32.27,31.27,32.18,5563480,,
2020-06-26,32.03,32.10,30.77,30.89,7595740,,
2020-06-29,31.06,31.91,30.69,31.74,4933599,,
2020-06-30,32.67,33.49,32.37,33.37,9161510,,
2020-07-01,33.27,33.36,31.78,32.09,8000975,,
2020-07-02,32.52,32.80,31.89,32.08,5159965,,
2020-07-06,32.71,33.07,32.16,32.46,5746980,,
2020-07-07,32.05,32.38,31.37,31.53,6197726,,
2020-07-08,31.69,32.35,31.44,32.35,4927778,,
2020-07-09,32.37,32.50,31.30,31.99,4916533,,
2020-07-10,31.84,32.12,31.34,31.98,4312715,,
2020-07-13,32.28,32.60,31.62,31.63,5993587,,
2020-07-14,31.28,31.88,30.67,31.78,5131256,,
2020-07-15,32.49,33.39,32.26,33.31,6404246,,
2020-07-16,32.88,33.45,32.65,33.11,4327533,,
2020-07-17,33.37,33.37,32.53,32.81,3023187,,
2020-07-20,32.58,33.16,32.33,32.94,4091642,,
2020-07-21,33.23,33.98,33.11,33.39,5447585,,
2020-07-22,33.33,33.44,32.86,33.23,4306233,,
2020-07-23,33.21,35.82,33.20,34.89,14633438,,
2020-07-24,34.29,34.35,32.28,32.39,10627394,,
2020-07-27,32.68,33.08,32.16,33.05,5236699,,
2020-07-28,32.80,33.13,32.33,32.39,4142313,,
2020-07-29,31.81,32.46,31.63,32.06,7129250,,
2020-07-30,31.66,32.36,31.29,32.32,4654711,,
2020-07-31,32.43,32.61,31.77,32.58,5138929,,
2020-08-03,32.62,33.25,32.06,33.18,5376804,,
2020-08-04,32.83,33.85,32.78,33.83,4902244,,
2020-08-05,34.03,34.29,33.30,33.61,8596854,,
2020-08-06,29.55,29.64,27.89,28.19,44770849,,
2020-08-07,28.26,28.65,27.59,27.96,13560750,,
2020-08-10,28.12,28.56,27.76,28.24,10399971,,
2020-08-11,28.35,28.82,27.88,27.95,8132084,,
2020-08-12,28.20,28.21,27.60,27.79,8305662,,
2020-08-13,27.51,27.66,26.93,27.01,11044933,,
2020-08-14,26.98,27.26,26.77,27.01,6497782,,
2020-08-17,27.14,27.25,26.80,26.91,4385613,,
2020-08-18,26.95,26.95,26.13,26.24,8252345,,
2020-08-19,26.38,26.66,25.96,26.04,6811333,,
2020-08-20,25.55,25.98,25.40,25.77,6456769,,
2020-08-21,25.48,25.65,25.34,25.48,6711314,,
2020-08-24,25.67,26.18,25.50,26.11,7479581,,
2020-08-25,26.30,26.79,25.86,25.93,6444862,,
2020-08-26,26.16,26.16,25.73,25.93,5559643,,
2020-08-27,26.15,26.71,25.61,26.64,8901012,,
2020-08-28,26.80,28.62,26.73,28.60,15537709,,
2020-08-31,28.48,29.12,28.09,29.04,12248069,,
2020-09-01,28.76,28.98,27.84,28.22,7882831,,
2020-09-02,28.49,29.68,28.48,29.37,9814279,,
2020-09-03,29.15,29.33,27.74,28.50,9743498,,
2020-09-04,28.49,29.01,28.03,28.84,9928983,,
2020-09-08,27.99,28.36,27.52,27.55,7567957,,
2020-09-09,27.72,27.85,26.93,27.63,7921463,,
2020-09-10,27.82,28.11,27.24,27.40,6854463,,
2020-09-11,27.59,28.58,27.41,28.25,8401315,,
2020-09-14,28.72,29.48,28.72,29.43,8000446,,
2020-09-15,29.55,29.55,28.41,28.56,6597140,,
2020-09-16,28.79,29.77,28.73,29.31,7950965,,
2020-09-17,28.56,29.26,28.27,28.93,5401015,,
2020-09-18,28.98,29.02,27.73,28.13,8890825,,
2020-09-21,27.53,27.57,26.89,27.28,6400145,,
2020-09-22,27.51,27.68,27.20,27.57,4433902,,
2020-09-23,29.23,31.08,29.15,29.42,18030638,,
2020-09-24,29.06,29.21,28.28,28.37,7120386,,
2020-09-25,28.25,29.11,27.93,29.08,5095667,,
2020-09-28,29.37,29.66,29.02,29.19,6911087,,
2020-09-29,29.06,30.27,29.06,29.72,8805888,,
2020-09-30,28.56,28.74,27.57,27.63,18704574,,
2020-10-01,27.82,27.99,27.28,27.46,10313447,,
2020-10-02,26.83,27.65,26.67,27.18,7100012,,
2020-10-05,27.38,27.92,27.36,27.64,6880129,,
2020-10-06,27.69,28.06,27.34,27.41,6271417,,
2020-10-07,27.96,28.59,27.75,28.38,6958451,,
2020-10-08,28.71,29.34,28.64,29.25,6102999,,
2020-10-09,29.74,29.89,28.70,28.81,6250381,,
2020-10-12,28.78,29.07,28.42,28.96,6957392,,
2020-10-13,29.07,29.47,28.53,28.61,5628042,,
2020-10-14,28.80,28.98,28.44,28.52,4606421,,
2020-10-15,28.09,28.75,27.85,28.72,4861760,,
2020-10-16,28.79,29.41,28.41,28.68,23054201,,
2020-10-19,28.91,31.72,28.75,30.93,22682967,,
2020-10-20,30.91,31.63,30.84,31.30,9838357,,
2020-10-21,31.58,32.14,31.51,31.79,9090730,,
2020-10-22,31.81,33.08,31.48,32.46,8076650,,
2020-10-23,32.13,32.31,31.22,31.53,8858808,,
2020-10-26,31.25,31.35,30.11,30.60,6465369,,
2020-10-27,30.48,30.81,30.23,30.48,5298086,,
2020-10-28,29.20,29.93,29.18,29.33,7450739,,
2020-10-29,28.76,29.27,28.25,28.81,8518003,,
2020-10-30,28.71,28.90,27.94,28.52,6705361,,
2020-11-02,28.79,28.79,27.66,27.99,7145523,,
2020-11-03,28.44,28.79,28.20,28.33,5710597,,
2020-11-04,28.58,28.67,27.74,28.35,5530008,,
2020-11-05,28.53,29.66,28.52,29.59,6015284,,
2020-11-06,29.71,30.29,29.55,30.09,4033166,,
2020-11-09,31.37,32.47,31.11,31.35,7881905,,
2020-11-10,31.29,31.67,30.92,31.19,5241329,,
2020-11-11,31.50,31.69,30.51,30.69,4818895,,
2020-11-12,30.45,30.58,29.45,29.71,5381170,,
2020-11-13,30.08,31.42,29.97,31.35,6594097,,
2020-11-16,32.23,32.95,31.89,32.94,7356277,,
2020-11-17,32.52,32.63,31.87,32.29,4844826,,
2020-11-18,32.37,32.83,32.10,32.12,5168961,,
2020-11-19,31.85,32.25,31.59,32.21,3456602,,
2020-11-20,32.18,32.62,32.05,32.06,3419029,,
2020-11-23,32.34,33.82,32.21,33.62,7659641,,
2020-11-24,34.08,34.73,33.75,34.65,5992793,,
2020-11-25,34.40,34.49,33.60,34.21,4243787,,
2020-11-27,34.23,34.94,34.23,34.66,2802776,,
2020-11-30,34.75,35.18,33.82,33.92,6395514,,
2020-12-01,34.37,36.37,34.29,35.73,8898366,,
2020-12-02,35.65,36.22,35.47,36.07,5974536,,
2020-12-03,36.37,37.04,36.01,36.64,6224186,,
2020-12-04,37.04,39.17,36.97,39.12,8539171,,
2020-12-07,39.26,39.67,38.51,38.65,6245618,,
2020-12-08,38.41,39.65,38.37,39.62,4765181,,
2020-12-09,39.76,40.22,38.25,38.62,6173515,,
2020-12-10,37.79,39.27,37.72,39.01,4948682,,
2020-12-11,38.31,39.09,38.22,38.62,4147076,,
2020-12-14,39.15,39.60,38.58,38.65,4758037,,
2020-12-15,39.44,40.51,39.21,40.50,6471719,,
2020-12-16,40.59,40.77,39.95,40.08,3949420,,
2020-12-17,40.33,40.45,39.95,40.41,3965693,,
2020-12-18,40.54,41.26,40.03,40.20,9231894,,
2020-12-21,39.02,39.65,38.89,39.46,5050420,,
2020-12-22,39.46,39.60,37.55,37.58,5440970,,
2020-12-23,37.76,38.25,37.35,37.74,3552917,,
2020-12-24,38.03,38.08,37.30,37.73,1620014,,
2020-12-28,38.24,38.53,37.51,37.84,3655978,,
2020-12-29,38.28,38.28,36.45,36.50,6115435,,
2020-12-30,36.49,38.01,36.49,37.44,5246224,,
2020-12-31,37.72,42.29,37.65,41.87,20479775,,
2021-01-04,41.53,41.81,39.33,39.48,9920119,,
2021-01-05,39.80,40.82,39.80,40.11,5120010,,
2021-01-06,40.10,41.27,39.79,40.37,5981415,,
2021-01-07,40.89,41.87,40.75,41.38,5827154,,
2021-01-08,41.87,41.91,38.75,39.17,9981241,,
2021-01-11,38.44,39.46,38.25,38.97,4683023,,
2021-01-12,38.92,39.10,37.60,37.72,6517892,,
2021-01-13,37.41,37.60,36.75,37.39,8513770,,
2021-01-14,37.46,38.65,36.99,38.07,6094664,,
2021-01-15,37.94,39.40,37.78,38.71,7761776,,
2021-01-19,38.91,39.43,38.32,39.30,4772458,,
2021-01-20,39.74,40.00,38.84,39.17,3886313,,
2021-01-21,39.21,40.70,39.18,40.45,5755712,,
2021-01-22,39.37,39.58,37.91,38.33,6928948,,
2021-01-25,38.32,38.82,37.92,38.76,4314303,,
2021-01-26,39.15,39.76,38.92,39.35,4837814,,
2021-01-27,38.55,41.90,38.38,40.20,11497135,,
2021-01-28,40.48,40.73,39.36,39.80,8917417,,
2021-01-29,44.34,45.87,41.66,42.65,20501737,,
2021-02-01,43.08,43.81,42.65,43.53,6086197,,
2021-02-02,44.29,44.60,43.45,43.77,5325075,,
2021-02-03,43.82,44.38,43.25,43.61,4019936,,
2021-02-04,44.02,44.91,43.89,44.79,4364974,,
2021-02-05,44.98,45.57,44.78,45.15,3974689,,
2021-02-08,45.23,47.11,45.20,46.95,6090166,,
2021-02-09,47.14,47.32,46.39,46.63,2681192,,
2021-02-10,47.13,47.43,45.21,45.65,4796272,,
2021-02-11,47.44,48.93,46.92,48.34,9520573,,
2021-02-12,48.72,50.90,48.25,49.56,7345296,,
2021-02-16,51.40,51.61,49.40,50.39,8385042,,
2021-02-17,49.74,51.99,49.65,50.87,7955331,,
2021-02-18,50.25,52.76,50.20,51.94,8333445,,
2021-02-19,53.25,53.69,51.21,52.06,5975991,,
2021-02-22,51.21,52.52,51.21,51.29,4815852,,
2021-02-23,49.66,50.97,47.54,50.76,5838928,,
2021-02-24,51.49,53.73,50.88,53.31,8155369,,
2021-02-25,53.09,53.56,50.70,51.24,4993002,,
2021-02-26,51.55,53.15,50.98,51.80,6378183,,
2021-03-01,53.35,55.16,52.92,54.58,8703091,,
2021-03-02,54.39,54.95,52.52,52.56,5975991,,
2021-03-03,52.71,54.53,51.90,52.66,8525147,,
2021-03-04,52.49,52.62,47.36,47.99,12236692,,
2021-03-05,51.11,52.40,48.82,51.45,12171468,,
2021-03-08,52.88,53.80,52.00,52.05,9178313,,
2021-03-09,52.97,53.46,52.03,52.40,6501751,,
2021-03-10,52.54,52.83,50.26,50.33,6799955,,
2021-03-11,51.72,52.45,51.12,51.92,5747509,,
2021-03-12,51.40,52.53,51.03,51.75,3884196,,
2021-03-15,51.73,51.87,50.32,51.85,4560646,,
2021-03-16,52.71,54.30,52.40,52.74,7431291,,
2021-03-17,52.30,54.07,52.19,53.89,4375558,,
2021-03-18,53.31,54.57,52.03,52.28,5975330,,
2021-03-19,52.83,54.82,52.43,53.35,9086893,,
2021-03-22,53.67,54.01,52.74,53.16,4327401,,
2021-03-23,52.91,53.28,48.90,49.48,9298441,,
2021-03-24,50.12,50.57,48.03,48.12,6382020,,
2021-03-25,47.14,48.68,46.65,48.41,4654049,,
2021-03-26,49.49,50.89,49.02,50.85,4659209,,
2021-03-29,50.70,51.35,49.17,49.40,4810428,,
2021-03-30,49.30,49.80,48.69,49.48,3513227,,
2021-03-31,49.35,50.86,48.84,50.45,6718326,,
2021-04-01,53.22,54.11,52.37,53.95,9422671,,
2021-04-05,54.19,54.85,53.39,54.45,6208442,,
2021-04-06,53.58,55.19,53.44,55.04,5832975,,
2021-04-07,55.18,56.43,54.31,54.59,4767034,,
2021-04-08,55.34,55.74,54.27,55.13,3732448,,
2021-04-09,55.13,55.33,54.55,55.12,3113019,,
2021-04-12,54.94,54.98,53.80,53.99,3661138,,
2021-04-13,53.81,53.99,52.68,52.76,4753142,,
2021-04-14,52.44,53.24,51.85,51.92,3934602,,
2021-04-15,52.62,52.62,51.61,51.95,4556412,,
2021-04-16,52.40,53.29,52.04,52.07,4046792,,
2021-04-19,52.19,52.78,51.04,51.63,4654976,,
2021-04-20,51.66,52.00,50.97,51.38,3566147,,
2021-04-21,50.79,52.52,50.57,52.50,3889752,,
2021-04-22,52.52,52.55,49.84,50.08,6610237,,
2021-04-23,50.58,51.72,49.89,51.45,4113339,,
2021-04-26,52.13,54.41,52.08,53.98,7288804,,
2021-04-27,54.44,54.90,53.59,54.76,4610920,,
2021-04-28,54.75,55.04,53.05,53.36,6775877,,
2021-04-29,54.07,54.30,52.67,53.76,7638605,,
2021-04-30,55.25,56.46,52.71,53.39,14572845,,
2021-05-03,53.85,54.29,52.38,53.00,6270094,,
2021-05-04,52.46,52.51,49.82,50.85,8663930,,
2021-05-05,51.70,52.21,51.20,51.84,4445545,,
2021-05-06,51.84,52.67,51.29,52.62,4300941,,
2021-05-07,52.91,54.29,52.34,54.16,5564141,,
2021-05-10,54.23,54.28,51.84,51.87,5824640,,
2021-05-11,50.60,51.81,50.06,51.51,6354898,,
2021-05-12,50.63,50.92,48.44,48.66,5688106,,
2021-05-13,49.09,50.93,49.01,50.17,4267733,,
2021-05-14,51.29,54.59,50.66,54.32,9531554,,
2021-05-17,53.82,58.61,53.82,57.76,22438080,,
2021-05-18,58.37,58.56,55.27,55.34,9614638,,
2021-05-19,53.02,54.38,51.27,53.86,9475988,,
2021-05-20,55.25,55.45,53.58,55.14,6912940,,
2021-05-21,54.67,55.74,54.43,54.68,6400806,,
2021-05-24,55.04,56.46,54.78,55.87,4697841,,
2021-05-25,56.32,56.32,54.76,55.22,5375614,,
2021-05-26,55.64,56.73,55.26,56.51,4872344,,
2021-05-27,56.49,57.96,56.38,57.34,5577239,,
2021-05-28,57.26,57.53,56.61,56.86,3261460,,
2021-06-01,57.37,57.74,56.76,57.11,2687410,,
2021-06-02,57.54,58.86,57.19,57.90,5036000,,
2021-06-03,57.20,58.70,57.20,58.03,3883931,,
2021-06-04,58.49,59.10,58.10,58.33,3456205,,
2021-06-07,58.16,58.31,57.27,57.54,2806480,,
2021-06-08,58.31,58.56,56.49,57.22,5472457,,
2021-06-09,57.22,57.40,56.12,56.58,2949099,,
2021-06-10,56.70,56.95,55.50,55.60,3688127,,
2021-06-11,57.17,57.71,56.17,56.52,4291812,,
2021-06-14,56.86,57.07,56.02,56.47,3382779,,
2021-06-15,56.47,57.23,56.25,56.63,2598504,,
2021-06-16,56.30,56.54,54.88,55.38,4411676,,
2021-06-17,54.95,55.53,53.07,53.49,6506382,,
2021-06-18,52.87,52.96,51.69,52.51,6488257,,
2021-06-21,52.53,52.77,51.68,52.31,4157528,,
2021-06-22,51.81,52.03,51.05,51.75,4409162,,
2021-06-23,51.84,53.31,51.84,52.34,3871627,,
2021-06-24,53.05,53.20,52.10,52.75,4227647,,
2021-06-25,52.88,53.84,52.72,53.48,3852576,,
2021-06-28,54.04,54.08,52.39,52.90,3927458,,
2021-06-29,53.17,53.89,52.47,53.40,4003530,,
2021-06-30,53.67,54.53,53.13,53.79,4038325,,
2021-07-01,54.08,54.36,53.36,53.56,3852973,,
2021-07-02,53.92,53.92,52.49,53.07,3576863,,
2021-07-06,53.07,53.25,51.59,52.27,4018613,,
2021-07-07,52.54,53.04,51.59,52.40,3381720,,
2021-07-08,50.47,51.84,50.08,51.26,3735623,,
2021-07-09,51.58,53.18,51.56,53.04,4008425,,
2021-07-12,53.18,53.75,52.70,53.58,4005383,,
2021-07-13,53.14,53.65,52.52,52.97,3337003,,
2021-07-14,53.95,54.54,52.62,52.92,4292474,,
2021-07-15,52.69,52.85,50.39,50.57,6231462,,
2021-07-16,50.52,50.87,48.32,48.53,5320312,,
2021-07-19,47.54,47.85,46.95,47.61,5393077,,
2021-07-20,47.47,49.01,47.14,48.86,4712791,,
2021-07-21,48.72,49.27,46.49,48.72,8825601,,
2021-07-22,48.68,48.68,47.07,47.66,5594041,,
2021-07-23,47.96,48.27,47.23,48.19,3585065,,
2021-07-26,48.16,49.47,48.03,48.58,2915627,,
2021-07-27,47.77,48.10,46.02,47.14,5195024,,
2021-07-28,47.23,48.50,47.23,48.01,3537834,,
2021-07-29,48.35,49.28,48.00,48.72,3454750,,
2021-07-30,48.13,49.42,48.06,49.08,3211583,,
2021-08-02,49.59,50.47,48.81,48.90,3493249,,
2021-08-03,49.13,50.07,48.30,49.99,3899807,,
2021-08-04,49.28,50.04,49.01,49.09,6621615,,
2021-08-05,49.03,50.85,48.84,50.70,8582301,,
2021-08-06,51.08,52.03,50.52,51.97,5919499,,
2021-08-09,51.99,52.00,50.47,51.10,5243049,,
2021-08-10,50.89,51.01,49.36,49.51,9484984,,
2021-08-11,49.63,50.57,49.18,50.43,6695703,,
2021-08-12,49.37,49.37,45.88,47.15,15553188,,
2021-08-13,47.11,48.44,47.07,47.73,6567372,,
2021-08-16,47.05,48.03,46.62,46.75,4653123,,
2021-08-17,46.19,47.13,45.62,46.21,4881341,,
2021-08-18,46.36,47.36,46.08,46.11,4032107,,
2021-08-19,45.86,46.07,44.83,45.03,5944239,,
2021-08-20,45.20,45.53,44.62,45.38,4054466,,
2021-08-23,45.90,47.25,45.54,47.07,3496557,,
2021-08-24,46.83,46.93,44.78,45.93,7857826,,
2021-08-25,46.13,52.90,46.01,49.51,23522940,,
2021-08-26,50.03,50.11,46.98,47.29,9548753,,
2021-08-27,46.86,48.50,46.81,47.80,4500317,,
2021-08-30,48.11,48.24,46.69,46.92,3865012,,
2021-08-31,47.07,48.53,46.72,47.77,5120407,,
2021-09-01,48.07,48.08,46.10,46.14,6910161,,
2021-09-02,46.15,46.85,45.46,46.59,5805986,,
2021-09-03,46.89,47.28,45.96,46.42,3486370,,
2021-09-07,45.89,46.67,45.56,45.65,3559928,,
2021-09-08,45.30,45.30,43.33,43.90,6976179,,
2021-09-09,43.61,44.94,43.26,44.40,6355824,,
2021-09-10,44.90,45.17,43.73,43.82,3282760,,
2021-09-13,44.13,44.72,43.82,44.23,3216742,,
2021-09-14,44.23,44.37,43.33,43.49,3502113,,
2021-09-15,43.28,44.46,43.28,44.04,5131256,,
2021-09-16,43.88,44.44,43.67,44.05,3080870,,
2021-09-17,43.74,44.07,43.41,43.78,4798124,,
2021-09-20,42.65,43.12,42.03,42.80,4528761,,
2021-09-21,42.97,43.27,41.93,41.93,3714984,,
2021-09-22,42.47,43.12,42.13,42.77,2922110,,
2021-09-23,42.88,43.68,42.12,43.45,3145829,,
2021-09-24,43.15,43.95,42.80,43.79,2435775,,
2021-09-27,43.69,45.23,43.55,44.64,3348778,,
2021-09-28,44.37,44.66,43.58,44.08,3642219,,
2021-09-29,43.88,44.18,42.78,42.86,4843371,,
2021-09-30,43.28,43.46,42.64,42.66,3698314,,
2021-10-01,43.11,43.33,41.99,43.15,2837570,,
2021-10-04,43.02,43.73,42.75,43.05,3460571,,
2021-10-05,43.24,43.55,42.49,43.05,3075446,,
2021-10-06,42.21,42.91,41.66,42.65,4751819,,
2021-10-07,42.89,43.79,42.89,43.38,2589773,,
2021-10-08,43.69,43.75,42.72,42.77,2109127,,
2021-10-11,42.77,43.25,42.43,42.46,2019163,,
2021-10-12,42.47,42.59,40.52,40.97,6024545,,
2021-10-13,41.28,42.07,40.86,40.98,3894251,,
2021-10-14,41.46,43.13,41.21,42.74,4547680,,
2021-10-15,42.13,42.55,41.69,41.88,4496083,,
2021-10-18,41.69,42.25,41.24,41.87,2087165,,
2021-10-19,41.63,42.16,41.27,42.06,5134828,,
2021-10-20,41.47,42.92,41.24,42.64,4802622,,
2021-10-21,42.15,42.99,41.90,42.93,2604722,,
2021-10-22,43.43,44.54,42.74,43.12,4688977,,
2021-10-25,43.60,43.69,42.80,42.96,2713738,,
2021-10-26,43.10,43.24,42.55,42.57,2656319,,
2021-10-27,42.64,42.65,41.51,41.94,3218991,,
2021-10-28,42.22,43.34,42.21,43.30,5440970,,
2021-10-29,37.73,40.44,37.41,39.52,24132314,,
2021-11-01,39.42,41.42,39.40,40.95,5580017,,
2021-11-02,41.11,41.85,40.79,41.59,3961856,,
2021-11-03,41.69,42.29,41.22,42.15,5419008,,
2021-11-04,42.32,42.32,41.04,41.60,4452160,,
2021-11-05,41.94,42.86,41.70,42.46,3710486,,
2021-11-08,42.76,43.65,42.00,42.16,4404532,,
2021-11-09,42.16,43.01,42.06,42.52,3585595,,
2021-11-10,42.31,42.72,41.48,41.77,4840328,,
2021-11-11,41.87,44.55,41.87,44.46,7061777,,
2021-11-12,45.14,47.18,44.72,45.77,11352002,,
2021-11-15,45.67,45.88,44.40,44.54,4317214,,
2021-11-16,44.53,44.85,43.89,44.20,3323773,,
2021-11-17,44.03,44.14,42.12,42.70,6936621,,
2021-11-18,42.78,42.93,41.43,42.10,5370454,,
2021-11-19,42.10,43.51,41.60,42.34,5893436,,
2021-11-22,42.50,43.56,41.85,43.03,5070927,,
2021-11-23,44.90,46.27,44.65,45.75,11069541,,
2021-11-24,45.43,45.65,44.68,45.25,3137891,,
2021-11-26,43.99,44.19,42.98,43.66,3115004,,
2021-11-29,44.20,44.67,43.64,44.59,4632088,,
2021-11-30,43.91,44.61,42.85,43.72,6341139,,
2021-12-01,44.41,45.92,43.58,43.63,6610502,,
2021-12-02,43.52,43.63,42.55,43.05,4851838,,
2021-12-03,43.05,43.93,42.52,43.48,5397708,,
2021-12-06,43.70,44.11,42.25,43.13,4081852,,
2021-12-07,44.20,45.28,43.76,44.72,4994193,,
2021-12-08,44.72,44.92,43.92,44.60,3550006,,
2021-12-09,44.02,44.32,43.10,43.33,3218727,,
2021-12-10,43.05,43.81,42.96,43.74,3062613,,
2021-12-13,43.76,44.01,42.06,42.12,5400486,,
2021-12-14,41.77,42.77,41.61,42.05,4146017,,
2021-12-15,42.01,42.74,41.12,42.59,4380056,,
2021-12-16,42.96,43.97,42.61,42.86,3775313,,
2021-12-17,42.77,43.49,42.10,42.97,6754841,,
2021-12-20,42.30,42.74,41.71,42.25,4986255,,
2021-12-21,43.85,44.63,43.28,44.61,4208066,,
2021-12-22,44.63,45.41,44.38,45.19,3862102,,
2021-12-23,45.35,46.74,45.30,46.26,4840857,,
2021-12-27,46.53,47.27,46.45,46.93,2455753,,
2021-12-28,47.02,47.57,46.76,47.50,3029009,,
2021-12-29,48.67,50.82,48.60,49.98,11905280,,
2021-12-30,49.40,50.35,49.27,49.41,2979528,,
2021-12-31,49.38,49.96,49.26,49.29,2457473,,
2022-01-03,49.70,50.17,49.16,49.83,3899013,,
2022-01-04,50.04,51.32,49.83,51.11,4965219,,
2022-01-05,51.10,52.43,50.69,50.69,7826736,,
2022-01-06,50.88,51.76,48.77,48.93,9940096,,
2022-01-07,48.87,50.06,48.77,49.76,5082172,,
2022-01-10,49.40,49.86,48.14,49.54,4073385,,
2022-01-11,49.51,49.98,48.56,49.90,4810163,,
2022-01-12,50.30,50.98,49.59,50.29,2850668,,
2022-01-13,50.60,51.22,50.00,50.27,3471817,,
2022-01-14,49.97,50.97,49.86,50.37,2859003,,
2022-01-18,49.77,49.80,48.25,48.47,4074311,,
2022-01-19,48.99,49.96,46.76,46.82,4983609,,
2022-01-20,47.22,47.31,45.18,45.29,5059152,,
2022-01-21,44.85,45.19,43.48,43.70,6729440,,
2022-01-24,43.35,43.44,40.73,43.10,6436263,,
2022-01-25,42.00,42.38,40.80,41.64,6899445,,
2022-01-26,42.73,42.74,40.93,41.25,6058414,,
2022-01-27,42.77,43.45,40.39,40.70,13506904,,
2022-01-28,37.11,39.33,36.75,37.72,26371227,,
2022-01-31,37.42,39.38,37.32,39.11,8642365,,
2022-02-01,38.84,39.89,38.21,39.74,5964878,,
2022-02-02,39.74,40.51,39.30,40.39,5569962,,
2022-02-03,39.73,40.51,39.49,39.52,6753254,,
2022-02-04,39.30,39.68,38.44,39.16,4457319,,
2022-02-07,39.27,39.57,38.81,39.19,4182929,,
2022-02-08,39.02,39.80,38.99,39.58,3655581,,
2022-02-09,39.99,41.22,39.92,41.18,4169038,,
2022-02-10,40.47,43.03,40.39,40.88,8255652,,
2022-02-11,40.78,41.97,40.42,40.61,5903358,,
2022-02-14,40.64,41.20,39.70,39.95,4687786,,
2022-02-15,40.20,42.28,40.14,42.23,4309276,,
2022-02-16,41.62,43.17,41.53,42.62,3507405,,
2022-02-17,42.19,43.51,42.06,42.67,5015890,,
2022-02-18,42.49,42.60,41.28,41.97,4592133,,
2022-02-22,41.41,41.73,39.74,40.38,4559455,,
2022-02-23,40.85,40.94,39.13,39.29,3819633,,
2022-02-24,37.62,39.23,37.19,39.18,5718403,,
2022-02-25,39.46,40.06,38.68,40.02,4116911,,
2022-02-28,39.34,39.59,37.85,38.50,6280413,,
2022-03-01,38.44,38.85,36.52,37.41,5661514,,
2022-03-02,37.99,39.46,37.80,39.18,4612904,,
2022-03-03,39.58,40.21,38.81,39.32,5935110,,
2022-03-04,38.68,39.04,37.74,38.00,4976068,,
2022-03-07,37.54,37.98,35.12,35.23,6277503,,
2022-03-08,35.44,36.83,34.56,34.60,6948925,,
2022-03-09,35.61,36.80,35.53,36.11,4514076,,
2022-03-10,35.34,35.47,34.62,35.22,3655978,,
2022-03-11,35.74,35.75,34.12,34.24,3843712,,
2022-03-14,34.24,34.32,33.14,33.61,4327665,,
2022-03-15,33.79,34.79,33.71,34.72,3154694,,
2022-03-16,35.17,36.48,35.12,36.47,4614889,,
2022-03-17,36.03,36.95,35.76,36.93,3251008,,
2022-03-18,36.52,37.31,36.35,37.26,5599994,,
2022-03-21,37.38,37.52,36.54,37.00,2557227,,
2022-03-22,37.07,37.72,37.07,37.59,2714664,,
2022-03-23,37.07,37.54,36.63,36.80,2259419,,
2022-03-24,36.89,38.22,36.83,38.17,2696142,,
2022-03-25,38.10,38.42,37.34,38.41,3601735,,
2022-03-28,38.18,38.33,37.58,38.32,2997124,,
2022-03-29,39.30,39.52,38.34,39.22,3774387,,
2022-03-30,39.15,39.40,38.01,38.26,3858662,,
2022-03-31,37.89,38.31,37.53,37.53,3867526,,
2022-04-01,37.89,38.18,35.99,36.58,4776956,,
2022-04-04,36.81,37.32,36.54,37.29,3721996,,
2022-04-05,36.89,37.15,36.27,36.37,7859546,,
2022-04-06,35.70,36.33,34.88,36.18,6190449,,
2022-04-07,36.15,36.32,35.19,36.10,4827892,,
2022-04-08,35.90,36.39,35.62,35.68,3300224,,
2022-04-11,35.45,36.51,35.34,35.54,3183403,,
2022-04-12,36.05,36.60,35.85,35.90,3934734,,
2022-04-13,35.97,36.61,35.97,36.18,3072403,,
2022-04-14,35.10,35.96,34.97,35.03,6276709,,
2022-04-18,34.87,35.82,34.78,35.74,4253577,,
2022-04-19,35.74,37.07,35.60,37.00,4112810,,
2022-04-20,37.37,38.29,37.34,37.41,4672175,,
2022-04-21,37.73,38.58,37.71,37.97,5981415,,
2022-04-22,37.56,38.03,37.28,37.38,5632805,,
2022-04-25,36.99,38.63,36.92,38.56,7217097,,
2022-04-26,37.98,38.62,37.32,37.48,8092394,,
2022-04-27,37.07,38.38,37.07,37.83,6498179,,
2022-04-28,38.28,39.85,37.89,39.77,7674855,,
2022-04-29,40.17,41.31,40.00,40.11,10828755,,
2022-05-02,40.13,40.81,39.21,40.76,7452856,,
2022-05-03,45.38,47.32,44.75,46.65,29063003,,
2022-05-04,46.91,47.82,45.93,47.51,8517871,,
2022-05-05,46.66,47.10,45.60,46.25,5920425,,
2022-05-06,45.95,46.49,44.60,44.94,6130782,,
2022-05-09,43.88,45.71,42.48,42.73,6629156,,
2022-05-10,43.57,44.72,42.54,43.36,7257581,,
2022-05-11,43.33,44.82,42.02,42.14,5589278,,
2022-05-12,41.36,42.45,41.01,41.99,5617987,,
2022-05-13,42.67,44.35,42.67,44.18,4296972,,
2022-05-16,43.92,44.63,43.36,43.76,3836303,,
2022-05-17,44.63,46.61,44.62,46.25,6561286,,
2022-05-18,45.35,46.33,44.46,44.67,3620390,,
2022-05-19,44.29,45.04,43.79,43.85,3192134,,
2022-05-20,44.36,44.47,41.76,42.94,4163746,,
2022-05-23,43.18,43.89,43.08,43.34,4132258,,
2022-05-24,42.89,43.12,41.99,42.78,2947379,,
2022-05-25,42.34,44.93,42.33,44.67,4970511,,
2022-05-26,44.22,46.26,44.20,45.87,3601735,,
2022-05-27,46.32,47.05,46.15,47.05,3372856,,
2022-05-31,46.71,47.02,45.06,45.87,4809502,,
2022-06-01,46.02,46.45,44.92,45.56,2666903,,
2022-06-02,45.80,47.12,45.72,46.81,3114077,,
2022-06-03,45.89,46.24,45.34,45.41,2347002,,
2022-06-06,46.00,46.18,45.02,45.14,3264503,,
2022-06-07,44.49,45.71,44.31,45.59,3185123,,
2022-06-08,47.51,47.62,43.61,43.70,9526526,,
2022-06-09,43.36,43.92,42.69,42.77,5799371,,
2022-06-10,41.78,42.30,40.68,40.84,6189259,,
2022-06-13,39.26,39.67,37.97,38.06,6113583,,
2022-06-14,38.26,38.37,36.85,37.22,5513206,,
2022-06-15,37.39,38.19,36.70,37.76,6010786,,
2022-06-16,36.64,36.64,34.81,35.03,8005208,,
2022-06-17,35.15,35.55,34.22,35.03,8229986,,
2022-06-21,35.54,36.15,34.99,35.15,6648737,,
2022-06-22,34.39,35.28,34.10,34.41,5204021,,
2022-06-23,34.41,34.88,34.13,34.71,5422977,,
2022-06-24,35.00,36.08,34.84,35.58,3788014,,
2022-06-27,35.94,36.48,35.55,35.96,5578033,,
2022-06-28,36.15,36.63,35.25,35.33,2719823,,
2022-06-29,35.12,35.34,34.07,34.32,3432524,,
2022-06-30,33.64,34.41,33.11,33.89,5510692,,
2022-07-01,32.71,33.33,31.47,32.82,7969355,,
2022-07-05,32.00,33.23,31.72,33.10,4641481,,
2022-07-06,33.02,33.32,32.46,33.08,3574614,,
2022-07-07,33.58,34.15,33.40,33.91,3308955,,
2022-07-08,33.58,34.60,33.47,34.20,4165862,,
2022-07-11,33.88,34.39,33.30,33.88,4806856,,
2022-07-12,33.88,35.40,33.85,34.79,4675614,,
2022-07-13,33.90,35.14,33.89,35.00,3230501,,
2022-07-14,34.41,35.03,33.91,34.78,2587523,,
2022-07-15,35.64,35.90,34.56,35.84,3010487,,
2022-07-18,35.98,36.39,35.29,35.45,3903776,,
2022-07-19,36.15,36.88,35.97,36.70,3180095,,
2022-07-20,36.44,37.51,36.26,37.48,4770870,,
2022-07-21,37.58,38.13,36.88,38.12,3372592,,
2022-07-22,36.47,36.81,35.55,35.69,5489127,,
2022-07-25,35.80,36.39,35.06,35.40,6179468,,
2022-07-26,35.65,36.28,35.43,35.49,3079812,,
2022-07-27,35.75,36.84,35.29,36.61,2846567,,
2022-07-28,36.63,36.84,35.39,36.83,3539554,,
2022-07-29,36.83,37.16,36.34,37.11,3395876,,
2022-08-01,37.07,38.12,36.42,37.13,3840934,,
2022-08-02,36.89,37.17,36.24,36.64,3148211,,
2022-08-03,36.89,37.60,36.35,37.33,3624094,,
2022-08-04,37.32,37.83,36.81,37.72,4256223,,
2022-08-05,34.57,36.36,34.04,35.59,8000578,,
2022-08-08,35.35,36.80,35.21,35.96,7067334,,
2022-08-09,35.40,35.55,34.17,35.00,4784894,,
2022-08-10,35.84,36.54,35.62,36.04,3481475,,
2022-08-11,36.51,37.99,36.39,37.08,4768489,,
2022-08-12,37.29,38.51,37.14,38.30,3129689,,
2022-08-15,37.82,37.87,37.06,37.50,3089205,,
2022-08-16,37.20,37.67,37.10,37.22,2355337,,
2022-08-17,36.54,36.67,35.68,36.43,3178772,,
2022-08-18,36.52,37.21,36.28,36.83,2555507,,
2022-08-19,36.49,36.51,35.84,36.03,2418841,,
2022-08-22,35.19,35.30,34.71,34.81,5402471,,
2022-08-23,34.88,35.57,34.57,34.66,2576013,,
2022-08-24,34.34,35.32,34.30,34.93,3035491,,
2022-08-25,35.28,36.50,35.25,36.21,3325890,,
2022-08-26,36.18,36.21,34.38,34.38,3380530,,
2022-08-29,34.01,34.52,33.76,33.83,2842730,,
2022-08-30,33.76,33.79,32.60,32.77,5499446,,
2022-08-31,32.06,32.50,31.71,31.94,5684005,,
2022-09-01,30.83,31.87,30.52,31.74,9374910,,
2022-09-02,32.31,32.36,31.35,31.48,3772138,,
2022-09-06,31.35,31.66,30.63,30.97,4556015,,
2022-09-07,30.91,31.47,30.33,31.33,5406969,,
2022-09-08,31.12,32.10,30.72,32.06,5418876,,
2022-09-09,32.41,33.30,32.34,33.11,4663575,,
2022-09-12,33.33,33.63,32.57,32.71,6082228,,
2022-09-13,31.50,31.61,29.50,29.72,10977063,,
2022-09-14,29.72,29.88,28.53,28.97,7892224,,
2022-09-15,28.85,29.30,28.22,28.55,6765557,,
2022-09-16,28.02,28.44,27.45,28.13,9608684,,
2022-09-19,27.63,28.05,27.35,27.68,5172269,,
2022-09-20,27.14,27.27,26.41,26.86,7064688,,
2022-09-21,26.52,27.45,26.27,26.29,5717477,,
2022-09-22,26.12,26.30,25.34,25.56,6076671,,
2022-09-23,25.09,25.65,24.97,25.58,9895775,,
2022-09-26,25.27,25.53,24.45,24.49,6174573,,
2022-09-27,24.79,24.94,24.42,24.73,5065238,,
2022-09-28,24.73,25.34,24.59,25.06,4941670,,
2022-09-29,24.53,24.59,23.85,24.32,6012109,,
2022-09-30,24.28,25.67,24.28,24.60,8630723,,
2022-10-03,25.16,25.93,24.91,25.74,5490185,,
2022-10-04,26.44,27.59,26.41,27.56,13472374,,
2022-10-05,27.20,28.56,27.07,28.10,9325827,,
2022-10-06,27.91,28.23,26.61,28.01,11980823,,
2022-10-07,27.58,29.44,26.72,27.01,12858766,,
2022-10-10,26.89,27.20,25.99,26.20,4845884,,
2022-10-11,26.17,27.45,25.71,26.32,7628815,,
2022-10-12,26.26,26.32,25.15,25.91,9953987,,
2022-10-13,25.10,27.05,24.78,26.53,7766804,,
2022-10-14,26.73,26.77,25.43,25.49,4063462,,
2022-10-17,26.12,26.32,25.17,25.62,5063783,,
2022-10-18,26.42,26.56,25.07,25.40,4769283,,
2022-10-19,25.10,25.71,25.00,25.22,5132446,,
2022-10-20,25.40,25.97,24.96,25.30,5390431,,
2022-10-21,25.19,26.37,25.01,26.35,8243348,,
2022-10-24,26.27,26.64,25.74,26.39,6040157,,
2022-10-25,26.41,26.84,26.29,26.67,7577615,,
2022-10-26,26.08,27.39,25.82,26.67,10236845,,
2022-10-27,27.88,28.00,25.76,25.96,8978540,,
2022-10-28,25.89,27.07,25.84,26.83,6388899,,
2022-10-31,26.66,26.70,25.62,25.98,5863933,,
2022-11-01,26.50,27.15,26.39,26.98,11588289,,
2022-11-02,26.86,27.22,26.11,26.14,5488598,,
2022-11-03,25.75,25.90,24.97,25.48,4247624,,
2022-11-04,26.25,26.87,26.06,26.79,4626134,,
2022-11-07,27.04,27.71,26.59,27.68,5127683,,
2022-11-08,27.88,28.01,27.10,27.60,3425115,,
2022-11-09,27.01,27.13,25.90,25.96,6918496,,
2022-11-10,27.25,28.57,26.95,28.53,5934184,,
2022-11-11,28.72,30.23,28.62,30.05,5188012,,
2022-11-14,29.77,30.48,29.44,29.93,4831464,,
2022-11-15,30.66,30.97,29.64,29.83,4674821,,
2022-11-16,29.26,29.27,27.28,27.53,9066122,,
2022-11-17,26.86,27.63,26.61,27.61,5857847,,
2022-11-18,28.07,28.31,27.37,27.86,2962726,,
2022-11-21,27.46,27.49,26.82,27.17,4485499,,
2022-11-22,27.20,27.73,27.11,27.38,3709692,,
2022-11-23,27.23,28.05,27.23,27.97,4301735,,
2022-11-25,27.69,28.32,27.63,28.22,1615912,,
2022-11-28,27.79,27.86,27.14,27.29,3572894,,
2022-11-29,27.55,27.62,26.99,27.23,2632770,,
2022-11-30,26.77,27.87,26.05,27.78,8743839,,
2022-12-01,27.67,28.31,26.98,27.09,8108667,,
2022-12-02,26.53,26.91,26.25,26.80,5784421,,
2022-12-05,26.69,26.97,26.14,26.30,4030387,,
2022-12-06,26.24,26.32,25.37,25.62,7444521,,
2022-12-07,25.35,25.84,24.96,25.80,5136018,,
2022-12-08,26.06,26.74,25.96,26.63,11956745,,
2022-12-09,26.61,27.49,26.42,26.99,7117079,,
2022-12-12,26.86,27.42,26.71,27.37,5366353,,
2022-12-13,28.46,28.76,27.12,27.44,7813109,,
2022-12-14,27.34,27.79,26.89,27.08,5108235,,
2022-12-15,25.52,25.57,24.28,24.35,14330736,,
2022-12-16,24.15,24.68,24.01,24.14,12789176,,
2022-12-19,24.20,24.29,23.45,23.85,6167297,,
2022-12-20,24.14,24.69,23.96,24.25,7377710,,
2022-12-21,24.63,24.63,23.68,23.72,6256599,,
2022-12-22,23.11,23.20,22.47,23.16,7199237,,
2022-12-23,23.15,23.27,22.85,23.12,3384499,,
2022-12-27,22.99,23.64,22.52,23.56,4513282,,
2022-12-28,23.52,23.70,22.80,22.83,3969397,,
2022-12-29,23.10,23.91,23.00,23.86,5727664,,
2022-12-30,23.51,23.86,23.33,23.85,3482004,,
2023-01-03,24.13,24.41,23.40,23.74,4598616,,
2023-01-04,24.52,25.36,24.44,24.98,8398933,,
2023-01-05,25.29,26.73,25.14,26.63,13285831,,
2023-01-06,27.14,28.31,26.58,28.10,11097324,,
2023-01-09,28.20,28.71,27.67,28.41,10223086,,
2023-01-10,28.30,28.90,28.21,28.85,8665915,,
2023-01-11,28.96,29.06,28.59,29.04,4026286,,
2023-01-12,29.04,29.20,28.41,28.69,5413584,,
2023-01-13,28.40,28.53,27.95,28.13,5469017,,
2023-01-17,28.18,28.40,27.84,28.21,8843594,,
2023-01-18,28.63,28.99,28.21,28.32,3679660,,
2023-01-19,27.87,28.82,27.68,28.38,5621162,,
2023-01-20,28.50,29.08,28.12,29.07,6769791,,
2023-01-23,30.50,31.74,30.25,31.59,10954043,,
2023-01-24,31.09,31.69,30.79,31.07,6340610,,
2023-01-25,30.71,31.38,30.48,31.22,4067564,,
2023-01-26,32.10,33.13,31.61,33.08,9100520,,
2023-01-27,32.74,34.12,32.70,33.99,7135204,,
2023-01-30,33.19,33.87,33.14,33.44,9002618,,
2023-01-31,32.47,33.28,31.98,33.22,8343632,,
2023-02-01,33.14,33.54,31.02,32.74,20475145,,
2023-02-02,33.29,34.20,32.74,33.70,7125810,,
2023-02-03,32.96,33.88,32.55,32.69,7671680,,
2023-02-06,32.03,32.26,31.78,31.93,4684478,,
2023-02-07,31.93,32.71,31.66,32.56,5168696,,
2023-02-08,32.22,32.95,32.20,32.31,3823735,,
2023-02-09,32.54,32.80,31.63,31.74,4379130,,
2023-02-10,32.16,32.89,31.98,32.51,4002737,,
2023-02-13,32.34,32.75,32.09,32.53,3679660,,
2023-02-14,32.20,33.07,31.88,32.99,2869190,,
2023-02-15,32.62,33.02,32.53,33.01,4279244,,
2023-02-16,32.50,32.69,32.03,32.18,2652218,,
2023-02-17,32.01,32.12,31.31,31.43,3883402,,
2023-02-21,30.92,31.09,30.21,30.27,3610335,,
2023-02-22,30.20,30.66,29.73,29.91,3308955,,
2023-02-23,30.42,30.57,29.55,30.08,6968770,,
2023-02-24,29.43,29.78,29.19,29.56,3481607,,
2023-02-27,29.95,30.03,29.02,29.11,3178904,,
2023-02-28,29.35,29.35,28.93,29.09,4828156,,
2023-03-01,29.19,29.36,28.71,28.81,4805004,,
2023-03-02,28.60,29.12,28.10,29.01,3427232,,
2023-03-03,29.02,29.33,28.88,29.17,2991568,,
2023-03-06,29.30,29.37,28.47,28.56,8188444,,
2023-03-07,28.45,28.55,28.00,28.20,5459889,,
2023-03-08,28.30,28.67,28.14,28.65,3259078,,
2023-03-09,28.65,28.98,28.00,28.01,3523546,,
2023-03-10,27.94,28.00,27.03,27.26,7101599,,
2023-03-13,26.66,27.07,26.08,26.70,10970581,,
2023-03-14,27.30,27.49,26.42,26.67,5285782,,
2023-03-15,25.96,26.42,25.61,25.99,5865653,,
2023-03-16,25.59,26.82,25.51,26.71,6524110,,
2023-03-17,26.71,27.13,26.44,26.52,8356068,,
2023-03-20,26.55,26.79,26.31,26.61,7186404,,
2023-03-21,27.01,27.52,26.44,26.81,5236037,,
2023-03-22,26.64,27.14,26.21,26.23,3008767,,
2023-03-23,26.39,27.16,26.18,26.66,3347058,,
2023-03-24,26.41,26.75,26.36,26.65,2796822,,
2023-03-27,27.00,27.00,26.43,26.61,5246092,,
2023-03-28,26.48,26.55,25.87,26.16,4015702,,
2023-03-29,26.64,27.78,26.64,27.66,4900657,,
2023-03-30,27.88,28.27,27.88,28.18,2940103,,
2023-03-31,27.99,28.70,27.85,28.47,3393627,,
2023-04-03,28.46,28.49,27.82,28.12,3243731,,
2023-04-04,28.04,28.14,26.95,27.17,4776295,,
2023-04-05,26.89,26.89,26.26,26.50,8114885,,
2023-04-06,26.34,26.76,26.21,26.57,6178013,,
2023-04-10,27.59,29.05,27.58,28.75,12160619,,
2023-04-11,28.95,29.21,28.68,29.00,4242067,,
2023-04-12,29.33,29.39,28.40,28.72,3994534,,
2023-04-13,28.75,28.87,27.44,27.88,10243989,,
2023-04-14,27.90,27.97,26.72,26.80,6904737,,
2023-04-17,26.65,27.29,26.61,27.23,4891131,,
2023-04-18,27.32,27.41,26.77,27.00,3596046,,
2023-04-19,26.62,26.62,25.90,26.17,4858850,,
2023-04-20,25.53,25.96,25.00,25.19,6015946,,
2023-04-21,25.15,25.41,24.80,25.28,4690564,,
2023-04-24,25.04,25.13,24.69,24.87,4124188,,
2023-04-25,24.63,24.72,24.16,24.26,3847549,,
2023-04-26,24.38,24.94,24.38,24.70,4889940,,
2023-04-27,24.77,24.82,24.30,24.76,3575672,,
2023-04-28,25.01,26.11,24.83,26.03,5177561,,
2023-05-01,26.02,26.18,25.61,25.74,3611658,,
2023-05-02,25.77,25.86,25.12,25.30,3010883,,
2023-05-03,25.43,25.55,24.94,24.98,2741521,,
2023-05-04,24.95,25.05,24.67,24.97,3234735,,
2023-05-05,25.31,25.47,24.96,25.28,4011601,,
2023-05-08,25.20,25.90,24.92,25.84,5344259,,
2023-05-09,25.10,25.54,24.41,25.40,7824222,,
2023-05-10,25.67,26.08,24.43,24.85,5423109,,
2023-05-11,24.72,24.75,24.20,24.60,4871286,,
2023-05-12,24.74,24.97,24.47,24.97,4480075,,
2023-05-15,27.01,27.97,26.12,27.78,13815163,,
2023-05-16,27.78,28.03,27.09,27.67,5815247,,
2023-05-17,27.90,28.32,27.57,27.95,5151233,,
2023-05-18,27.98,29.38,27.90,29.28,7903999,,
2023-05-19,29.27,29.38,28.65,28.96,4145356,,
2023-05-22,28.91,29.25,28.41,29.00,4343409,,
2023-05-23,28.98,29.27,28.53,28.57,3347984,,
2023-05-24,28.25,28.61,28.07,28.14,3760628,,
2023-05-25,28.64,28.81,27.91,28.61,4402812,,
2023-05-26,28.75,30.23,28.71,30.02,7025130,,
2023-05-30,30.38,30.76,29.89,30.20,7266181,,
2023-05-31,29.37,29.65,29.02,29.27,10079276,,
2023-06-01,29.11,29.83,29.11,29.46,4052349,,
2023-06-02,29.99,30.51,29.68,30.42,4638570,,
2023-06-05,30.33,30.38,29.43,29.48,2942484,,
2023-06-06,29.18,30.08,29.12,29.84,3236720,,
2023-06-07,30.27,30.79,29.88,30.25,5704247,,
2023-06-08,30.23,30.42,29.47,30.31,4791641,,
2023-06-09,30.63,30.76,29.86,30.07,2986011,,
2023-06-12,30.11,30.52,30.01,30.47,4615153,,
2023-06-13,30.85,30.98,30.45,30.67,5651062,,
2023-06-14,30.63,30.97,30.34,30.58,3357113,,
2023-06-15,30.39,31.12,30.32,31.05,3802302,,
2023-06-16,31.31,31.35,30.17,30.59,7331008,,
2023-06-20,30.25,30.43,29.34,29.57,5792491,,
2023-06-21,29.34,29.55,28.98,29.04,3940556,,
2023-06-22,28.91,29.06,28.73,28.99,3069889,,
2023-06-23,28.57,28.83,28.37,28.62,6414036,,
2023-06-26,28.61,28.93,28.37,28.39,2463691,,
2023-06-27,28.45,29.00,27.96,28.88,8564441,,
2023-06-28,28.74,28.87,28.26,28.61,3496028,,
2023-06-29,28.75,28.87,28.33,28.42,3394289,,
2023-06-30,28.62,28.92,28.45,28.67,4305174,,
2023-07-03,28.62,29.12,28.59,29.11,1759590,,
2023-07-05,28.78,28.87,28.28,28.47,2706726,,
2023-07-06,28.03,28.25,27.55,28.24,3467715,,
2023-07-07,28.38,28.94,28.34,28.47,5243975,,
2023-07-10,28.34,28.81,28.23,28.62,5937095,,
2023-07-11,28.80,29.31,28.58,28.99,3853370,,
2023-07-12,29.40,29.55,28.63,29.04,3851650,,
2023-07-13,29.04,29.77,29.04,29.75,2617952,,
2023-07-14,29.63,30.97,28.98,29.98,10417302,,
2023-07-17,29.87,29.98,29.24,29.58,4079867,,
2023-07-18,29.30,29.40,28.59,29.07,5213943,,
2023-07-19,29.43,29.98,29.36,29.43,4267204,,
2023-07-20,29.13,29.38,28.79,28.93,5369660,,
2023-07-21,29.15,29.28,28.65,28.95,3608350,,
2023-07-24,29.00,29.49,28.83,29.42,4673762,,
2023-07-25,29.51,29.58,29.02,29.21,3518915,,
2023-07-26,29.05,29.59,29.05,29.39,3324302,,
2023-07-27,30.46,31.78,30.46,31.50,7570868,,
2023-07-28,31.98,32.29,31.65,31.77,5230084,,
2023-07-31,31.97,32.34,31.85,32.17,7875025,,
2023-08-01,31.75,32.52,31.13,32.40,7294890,,
2023-08-02,31.97,32.53,31.88,32.06,5032031,,
2023-08-03,31.77,33.01,31.56,32.70,5044996,,
2023-08-04,32.59,33.46,32.39,32.84,5168167,,
2023-08-07,33.11,33.25,32.65,32.88,2818916,,
2023-08-08,32.55,32.83,31.93,32.62,4616079,,
2023-08-09,32.46,32.59,32.09,32.18,3628989,,
2023-08-10,32.58,32.63,31.53,31.86,3856413,,
2023-08-11,31.66,31.99,31.59,31.66,2463955,,
2023-08-14,31.83,32.30,31.81,32.20,2667830,,
2023-08-15,31.93,31.95,31.01,31.03,3952595,,
2023-08-16,30.81,30.89,30.31,30.55,3131144,,
2023-08-17,30.72,31.20,30.33,30.45,2981777,,
2023-08-18,29.86,30.20,29.65,30.04,3182873,,
2023-08-21,30.00,30.57,29.89,30.54,1934491,,
2023-08-22,30.81,30.88,30.36,30.55,2429293,,
2023-08-23,30.48,31.16,30.37,31.03,1981854,,
2023-08-24,31.19,31.21,30.10,30.14,2543864,,
2023-08-25,30.18,30.25,29.36,29.85,3518651,,
2023-08-28,30.35,31.38,30.25,31.30,5647226,,
2023-08-29,31.25,31.53,30.96,31.41,3056924,,
2023-08-30,31.50,32.53,31.49,32.14,4642142,,
2023-08-31,33.11,34.49,33.08,34.01,9219326,,
2023-09-01,34.25,35.00,34.15,34.74,4268395,,
2023-09-05,34.32,35.02,34.07,34.61,5823846,,
2023-09-06,34.33,34.69,34.02,34.35,4494893,,
2023-09-07,33.51,33.51,32.59,32.83,5799635,,
2023-09-08,32.80,33.16,32.62,32.86,3584007,,
2023-09-11,33.24,33.30,32.34,32.43,3136965,,
2023-09-12,32.28,32.91,31.91,31.97,4603908,,
2023-09-13,32.30,33.08,32.26,32.67,4254107,,
2023-09-14,32.99,33.15,32.61,33.02,3298636,,
2023-09-15,32.98,33.14,32.71,32.96,5930612,,
2023-09-18,32.97,33.33,32.56,32.99,2921052,,
2023-09-19,32.96,33.47,32.83,33.20,4179357,,
2023-09-20,34.58,35.44,34.38,34.50,11214410,,
2023-09-21,34.13,34.38,33.55,33.59,5099768,,
2023-09-22,33.89,35.15,33.89,34.12,6718723,,
2023-09-25,33.85,34.14,33.55,33.73,3553446,,
2023-09-26,33.44,33.97,33.06,33.46,4724565,,
2023-09-27,33.76,34.18,33.47,33.68,3370739,,
2023-09-28,33.73,34.77,33.70,34.62,4342086,,
2023-09-29,34.81,34.90,34.42,34.49,3323376,,
2023-10-02,34.66,35.16,34.20,34.37,3414002,,
2023-10-03,34.20,34.85,33.75,33.88,2839423,,
2023-10-04,33.99,34.27,33.67,34.23,3235264,,
2023-10-05,35.15,35.63,34.48,34.85,5315549,,
2023-10-06,34.66,35.21,34.41,35.07,4228308,,
2023-10-09,34.68,34.78,33.88,34.32,2872630,,
2023-10-10,34.32,34.79,34.16,34.28,2900942,,
2023-10-11,34.28,35.07,34.28,35.06,3309749,,
2023-10-12,35.15,35.25,34.30,34.48,3966883,,
2023-10-13,34.82,35.26,34.46,34.54,4115985,,
2023-10-16,34.61,34.76,34.29,34.58,2965637,,
2023-10-17,34.10,34.78,32.94,33.36,10392430,,
2023-10-18,33.14,33.99,33.13,33.60,5039969,,
2023-10-19,33.55,33.69,32.37,32.55,4507593,,
2023-10-20,32.51,32.82,32.24,32.40,4985726,,
2023-10-23,32.09,32.26,31.48,31.60,5377201,,
2023-10-24,31.97,32.50,31.90,32.47,5707819,,
2023-10-25,32.46,32.87,31.77,31.88,3657301,,
2023-10-26,31.82,32.00,26.92,28.92,23644921,,
2023-10-27,29.23,29.79,28.78,29.46,8643556,,
2023-10-30,32.62,33.39,30.85,31.59,22438212,,
2023-10-31,29.48,31.41,29.05,30.35,25795325,,
2023-11-01,30.10,31.64,30.05,31.55,27729948,,
2023-11-02,31.66,32.45,31.62,31.87,10131005,,
2023-11-03,32.03,33.04,31.97,32.51,5926643,,
2023-11-06,32.29,33.03,31.58,32.63,5855598,,
2023-11-07,32.37,32.69,32.08,32.57,7568089,,
2023-11-08,32.58,32.85,32.24,32.70,4127495,,
2023-11-09,33.03,34.23,32.94,33.39,8198499,,
2023-11-10,33.53,34.16,33.29,34.01,5324149,,
2023-11-13,33.77,34.16,33.36,34.15,4574934,,
2023-11-14,34.90,35.13,34.54,34.67,5627777,,
2023-11-15,34.41,34.97,34.19,34.79,4796669,,
2023-11-16,34.54,35.03,34.19,34.78,4679848,,
2023-11-17,35.00,35.38,34.85,35.24,4590545,,
2023-11-20,35.30,35.84,35.22,35.79,4970511,,
2023-11-21,35.23,35.56,34.85,34.95,5769074,,
2023-11-22,35.08,35.71,35.08,35.46,4556544,,
2023-11-24,35.19,35.37,34.81,35.22,2992758,,
2023-11-27,35.08,35.93,34.99,35.68,5640875,,
2023-11-28,35.47,35.62,35.09,35.44,5568242,,
2023-11-29,35.99,36.45,35.62,35.77,6305153,,
2023-11-30,35.96,36.61,35.50,36.52,22154429,,
2023-12-01,36.17,36.93,35.99,36.58,15168327,,
2023-12-04,36.04,36.30,35.45,35.88,5085612,,
2023-12-05,35.68,35.90,35.12,35.35,4084895,,
2023-12-06,36.12,36.77,35.35,35.39,4536699,,
2023-12-07,35.81,36.08,35.34,35.76,5037058,,
2023-12-08,35.62,36.36,35.55,36.18,11186627,,
2023-12-11,36.61,37.55,36.58,37.22,8014469,,
2023-12-12,37.24,37.90,37.14,37.51,6465633,,
2023-12-13,37.46,38.31,37.46,38.12,9104754,,
2023-12-14,38.54,39.48,38.47,38.66,10736145,,
2023-12-15,38.55,38.79,37.99,38.31,9642156,,
2023-12-18,38.22,38.47,38.00,38.19,4167979,,
2023-12-19,38.19,38.62,38.01,38.50,5025812,,
2023-12-20,38.43,38.45,37.31,37.35,6881981,,
2023-12-21,38.74,39.62,38.44,39.59,9720081,,
2023-12-22,39.68,39.97,39.48,39.80,3884990,,
2023-12-26,39.86,40.22,39.82,39.88,2660288,,
2023-12-27,39.96,40.20,39.52,39.62,2867206,,
2023-12-28,39.68,40.02,39.57,40.01,5556600,,
2023-12-29,39.92,40.07,39.41,39.58,4601526,,
2024-01-02,39.12,39.27,38.31,38.44,9513164,,
2024-01-03,37.86,38.48,37.79,38.05,7829514,,
2024-01-04,38.02,38.39,37.75,37.81,6140043,,
2024-01-05,37.56,38.06,37.54,37.83,6305286,,
2024-01-08,37.90,38.29,37.83,37.94,4485235,,
2024-01-09,37.43,37.81,37.29,37.36,6349077,,
2024-01-10,37.32,38.30,37.01,38.18,5691414,,
2024-01-11,38.15,38.63,37.55,38.25,4105137,,
2024-01-12,38.47,38.68,37.79,37.80,3729934,,
2024-01-16,39.01,39.70,38.47,39.48,10667084,,
2024-01-17,39.43,39.89,39.12,39.55,7151212,,
2024-01-18,40.05,40.52,39.88,40.48,7468070,,
2024-01-19,40.82,41.41,40.55,41.40,6346960,,
2024-01-22,43.71,44.39,42.71,43.08,21794308,,
2024-01-23,44.09,44.71,43.24,43.64,14448351,,
2024-01-24,44.60,44.64,43.62,43.86,12864587,,
2024-01-25,44.60,45.77,44.55,45.60,31551830,,
2024-01-26,44.49,44.90,43.24,44.01,25991393,,
2024-01-29,44.90,45.69,44.63,45.16,12410137,,
2024-01-30,45.04,45.16,43.70,43.93,12855723,,
2024-01-31,43.61,43.98,43.24,43.27,7670754,,
2024-02-01,43.27,43.60,42.77,43.39,9621914,,
2024-02-02,43.27,44.03,43.08,43.96,7315396,,
2024-02-05,43.89,44.23,43.30,44.20,6400939,,
2024-02-06,44.63,44.78,44.04,44.18,6862666,,
2024-02-07,44.20,44.38,43.58,43.79,6544749,,
2024-02-08,43.51,43.82,43.10,43.17,9880693,,
2024-02-09,42.71,43.35,42.50,42.95,8623711,,
2024-02-12,42.76,43.89,42.71,43.33,5900448,,
2024-02-13,42.27,42.28,41.41,41.83,8694888,,
2024-02-14,42.28,42.75,42.24,42.39,5244637,,
2024-02-15,42.46,42.76,42.21,42.34,5802281,,
2024-02-16,42.36,42.55,40.76,40.82,7983776,,
2024-02-20,40.79,40.92,40.28,40.91,6802072,,
2024-02-21,40.73,40.82,39.98,40.36,5616267,,
2024-02-22,41.32,42.33,41.14,42.10,6748888,,
2024-02-23,41.94,42.49,41.79,42.37,4185443,,
2024-02-26,42.89,43.61,42.67,43.14,8156295,,
2024-02-27,44.03,44.14,43.30,43.45,8340589,,
2024-02-28,42.96,43.69,42.80,43.43,5469150,,
2024-02-29,43.92,45.09,43.61,44.95,10187497,,
2024-03-01,46.11,48.78,45.84,48.60,22594591,,
2024-03-04,49.13,49.16,47.81,48.62,8242952,,
2024-03-05,47.85,48.59,46.99,47.99,9441193,,
2024-03-06,49.08,49.83,48.06,48.90,12297550,,
2024-03-07,49.00,49.18,47.97,48.59,9030137,,
2024-03-08,49.03,49.68,47.48,47.62,8636015,,
2024-03-11,47.09,47.49,46.16,46.90,9612124,,
2024-03-12,47.35,47.89,46.63,47.60,7548377,,
2024-03-13,47.35,47.62,46.88,47.23,4572156,,
2024-03-14,47.11,47.16,45.46,45.96,4570436,,
2024-03-15,45.53,45.75,45.05,45.19,7619157,,
2024-03-18,45.37,45.71,44.59,44.83,5113263,,
2024-03-19,44.53,45.55,44.20,45.21,5728855,,
2024-03-20,45.50,45.97,44.91,45.90,5604493,,
2024-03-21,48.98,49.89,48.16,48.18,15355003,,
2024-03-22,48.08,48.68,47.69,48.33,7196326,,
2024-03-25,47.76,49.53,47.64,49.12,8280657,,
2024-03-26,49.74,52.37,49.54,51.51,15120435,,
2024-03-27,52.14,52.17,50.21,51.13,8312674,,
2024-03-28,51.69,52.30,51.44,51.58,10498799,,
2024-04-01,52.09,54.69,52.07,53.55,16538426,,
2024-04-02,52.53,52.70,51.20,52.03,8794113,,
2024-04-03,52.10,54.51,51.47,54.13,14459199,,
2024-04-04,55.28,56.58,53.16,53.32,12830851,,
2024-04-05,55.30,55.53,53.51,55.26,10933007,,
2024-04-08,56.69,58.14,54.10,55.14,9989179,,
2024-04-09,57.20,57.26,54.07,54.91,11014372,,
2024-04-10,54.09,55.25,53.67,54.61,10162360,,
2024-04-11,54.78,56.08,54.38,55.86,7843406,,
2024-04-12,55.37,55.42,54.22,54.47,7049870,,
2024-04-15,55.22,55.44,52.96,53.24,7445050,,
2024-04-16,52.90,53.85,52.30,53.71,5910767,,
2024-04-17,54.58,55.33,52.84,53.04,8631781,,
2024-04-18,52.88,53.45,51.57,51.64,5751346,,
2024-04-19,51.01,51.71,49.59,49.92,9300425,,
2024-04-22,50.15,51.55,49.77,50.68,9039662,,
2024-04-23,50.79,53.09,50.79,52.85,10201124,,
2024-04-24,53.70,54.52,51.52,52.57,9790729,,
2024-04-25,50.45,52.99,49.30,52.49,11395264,,
2024-04-26,53.67,54.26,50.63,53.94,18348819,,
2024-04-29,53.73,54.75,52.15,52.80,11905148,,
2024-04-30,52.68,54.54,52.59,53.54,10297306,,
2024-05-01,53.04,54.41,52.06,53.30,11433498,,
2024-05-02,53.40,53.52,51.33,52.70,8434787,,
2024-05-03,53.67,54.15,52.97,53.63,7942763,,
2024-05-06,54.42,55.80,54.36,54.88,8665782,,
2024-05-07,54.63,55.00,53.87,54.04,5202962,,
2024-05-08,53.30,54.59,53.05,54.45,5599068,,
2024-05-09,54.32,55.00,53.79,54.49,6042406,,
2024-05-10,55.04,55.37,54.10,54.12,4896555,,
2024-05-13,54.48,54.88,53.33,53.64,5064973,,
2024-05-14,53.69,55.68,53.33,55.59,9372000,,
2024-05-15,55.96,57.27,55.84,57.21,10549999,,
2024-05-16,57.07,57.33,55.97,56.01,6574252,,
2024-05-17,55.53,55.69,54.41,54.50,8196250,,
2024-05-20,54.72,56.11,54.70,55.22,7413034,,
2024-05-21,54.20,56.45,53.82,55.94,6326586,,
2024-05-22,56.16,56.21,54.88,55.59,4560249,,
2024-05-23,57.20,58.12,55.82,56.05,7134939,,
2024-05-24,56.50,57.05,55.93,56.55,3629783,,
2024-05-28,57.26,57.84,56.89,57.55,6322749,,
2024-05-29,56.87,58.70,56.76,58.53,9954914,,
2024-05-30,57.96,58.01,56.27,57.07,8315055,,
2024-05-31,57.07,57.55,54.99,56.91,10188158,,
2024-06-03,57.28,57.60,56.02,56.67,5505929,,
2024-06-04,56.50,56.61,55.37,55.89,5059284,,
2024-06-05,56.67,58.32,56.50,58.13,7278220,,
2024-06-06,57.97,58.12,56.76,56.88,5129933,,
2024-06-07,56.60,57.30,56.28,56.67,7462117,,
2024-06-10,56.28,58.42,56.20,58.28,8044105,,
2024-06-11,58.25,58.56,57.35,57.84,5197273,,
2024-06-12,58.70,60.35,58.50,59.86,7434731,,
2024-06-13,59.69,60.82,59.52,60.15,8985155,,
2024-06-14,59.08,59.71,58.13,59.05,4170625,,
2024-06-17,58.96,60.52,58.41,60.36,6181718,,
2024-06-18,60.75,61.64,60.19,60.64,7228343,,
2024-06-20,60.74,60.82,57.50,57.66,7808478,,
2024-06-21,57.32,58.05,56.46,57.27,8997988,,
2024-06-24,56.92,57.78,56.57,56.99,6777200,,
2024-06-25,57.25,58.25,56.80,58.10,3725568,,
2024-06-26,58.08,58.30,56.70,57.04,4846678,,
2024-06-27,56.45,58.76,55.79,57.91,5748303,,
2024-06-28,57.82,59.09,57.07,57.27,11355044,,
2024-07-01,57.60,57.91,56.22,57.73,4769415,,
2024-07-02,57.27,59.04,57.04,58.99,3574085,,
2024-07-03,58.99,59.44,58.56,58.80,2591757,,
2024-07-05,58.96,58.96,58.09,58.33,3061290,,
2024-07-08,58.74,59.80,58.45,59.33,4901450,,
2024-07-09,59.30,60.28,59.06,59.28,4124320,,
2024-07-10,59.83,60.76,59.52,60.65,5859038,,
2024-07-11,60.59,60.62,58.42,58.84,5464784,,
2024-07-12,58.61,59.92,58.10,59.54,6024810,,
2024-07-15,60.09,60.54,58.95,59.58,7151344,,
2024-07-16,59.14,59.80,58.19,58.25,5632011,,
2024-07-17,57.06,57.12,54.17,54.26,14155968,,
2024-07-18,54.83,54.87,52.02,53.09,11545689,,
2024-07-19,53.40,54.16,52.31,52.77,5709936,,
2024-07-22,53.83,55.29,53.43,55.22,7172115,,
2024-07-23,54.69,55.52,54.69,55.15,3690244,,
2024-07-24,55.11,56.21,54.29,54.43,8449869,,
2024-07-25,51.76,52.21,50.19,50.26,17994123,,
2024-07-26,51.25,51.63,50.67,51.59,5917911,,
2024-07-29,52.15,52.28,49.92,50.21,8406474,,
2024-07-30,50.29,50.37,47.69,47.76,12242381,,
2024-07-31,50.17,51.11,48.88,50.68,17911965,,
2024-08-01,45.61,47.76,43.92,45.75,35572692,,
2024-08-02,44.15,44.18,42.00,43.26,17530808,,
2024-08-05,40.84,43.58,39.89,43.08,14409190,,
2024-08-06,42.80,44.44,42.80,43.37,12626315,,
2024-08-07,44.33,45.00,42.12,42.52,10845293,,
2024-08-08,43.53,44.93,42.68,44.58,8026641,,
2024-08-09,44.60,45.29,43.94,45.11,7058205,,
2024-08-12,45.11,46.48,44.61,45.63,9080543,,
2024-08-13,46.10,46.83,45.96,46.55,6753518,,
2024-08-14,47.05,47.43,45.81,46.49,5970038,,
2024-08-15,47.39,48.19,46.80,48.00,7490032,,
2024-08-16,47.75,48.70,47.57,48.41,5949266,,
2024-08-19,48.22,49.30,47.76,49.21,6809613,,
2024-08-20,49.17,49.24,48.55,48.69,4900789,,
2024-08-21,49.05,49.21,48.30,49.15,5700146,,
2024-08-22,48.97,49.50,48.26,48.41,4203833,,
2024-08-23,48.56,49.16,47.96,48.64,4029064,,
2024-08-26,48.29,48.59,47.19,47.38,4296046,,
2024-08-27,46.73,47.69,46.23,47.51,6675461,,
2024-08-28,47.02,47.40,46.19,47.19,6182511,,
2024-08-29,47.82,48.54,47.01,47.64,5716948,,
2024-08-30,48.47,49.65,47.96,49.58,8489030,,
2024-09-03,48.77,48.77,47.01,47.66,7794587,,
2024-09-04,46.83,48.23,46.46,47.58,4870228,,
2024-09-05,47.16,48.07,47.16,47.32,3064994,,
2024-09-06,46.98,47.26,45.35,45.93,5491905,,
2024-09-09,46.80,47.45,46.42,47.32,5518233,,
2024-09-10,47.29,47.87,46.90,47.46,4349230,,
2024-09-11,47.83,47.96,46.07,47.85,4786085,,
2024-09-12,47.85,48.45,47.12,47.81,5268715,,
2024-09-13,48.06,49.24,48.06,49.15,4738325,,
2024-09-16,48.44,48.62,47.82,48.44,5943445,,
2024-09-17,48.88,50.08,48.70,49.80,6882775,,
2024-09-18,49.43,49.92,48.46,48.69,5873326,,
2024-09-19,50.18,50.33,49.40,49.86,6377125,,
2024-09-20,49.32,50.55,49.12,50.45,10165403,,
2024-09-23,50.67,50.90,50.10,50.11,3847549,,
2024-09-24,50.11,50.54,48.52,50.23,8797950,,
2024-09-25,49.82,50.14,49.33,49.89,5016022,,
2024-09-26,53.15,53.99,51.78,53.26,11688573,,
2024-09-27,53.26,53.26,52.03,52.47,5413451,,
2024-09-30,52.07,52.58,51.38,51.62,7047621,,
2024-10-01,51.47,51.60,50.25,50.46,4617402,,
2024-10-02,50.36,51.47,50.20,50.28,5065502,,
2024-10-03,49.89,51.16,49.75,50.33,5244769,,
2024-10-04,51.28,51.37,49.80,50.15,6039230,,
2024-10-07,50.09,50.85,49.79,50.22,4314832,,
2024-10-08,50.29,50.45,49.64,50.02,5125831,,
2024-10-09,49.71,49.77,48.50,48.74,5869754,,
2024-10-10,48.08,49.06,47.96,48.41,4646111,,
2024-10-11,48.17,49.41,48.13,49.04,5353255,,
2024-10-14,49.46,50.56,49.43,50.51,5856656,,
2024-10-15,50.64,51.94,50.53,50.60,7904396,,
2024-10-16,50.64,51.44,50.28,51.24,5876105,,
2024-10-17,52.00,52.12,50.76,50.91,4825907,,
2024-10-18,51.34,51.55,50.39,50.67,3901659,,
2024-10-21,50.39,51.14,49.94,50.84,6713696,,
2024-10-22,50.50,51.53,49.86,51.22,8320744,,
2024-10-23,50.73,51.24,49.83,50.35,7245145,,
2024-10-24,50.88,51.05,50.04,50.13,11646501,,
2024-10-25,54.86,55.56,52.40,52.49,23343541,,
2024-10-28,52.62,53.76,51.60,52.69,10454346,,
2024-10-29,52.80,52.91,51.22,51.63,8270205,,
2024-10-30,51.23,52.32,50.62,50.66,6203812,,
2024-10-31,50.27,50.99,49.13,49.37,6048888,,
2024-11-01,49.70,50.73,49.58,49.80,5059681,,
2024-11-04,49.62,50.26,49.21,49.30,3578583,,
2024-11-05,49.51,50.74,49.51,50.51,5521276,,
2024-11-06,52.05,53.05,51.59,52.84,7572984,,
2024-11-07,53.29,53.84,52.68,53.24,4984535,,
2024-11-08,52.91,53.24,52.29,52.62,4653520,,
2024-11-11,52.96,53.02,50.85,50.93,5891451,,
2024-11-12,50.04,50.27,47.66,48.34,11215071,,
2024-11-13,48.19,48.19,47.09,47.41,5995836,,
2024-11-14,47.43,48.14,47.41,47.79,4804210,,
2024-11-15,47.20,47.71,47.09,47.47,4633014,,
2024-11-18,47.51,48.89,47.31,48.81,4801299,,
2024-11-19,48.37,49.44,48.14,49.35,3792512,,
2024-11-20,49.62,49.64,47.48,48.25,5063915,,
2024-11-21,48.73,50.27,48.30,49.80,5344259,,
2024-11-22,50.20,50.51,49.77,50.21,6854331,,
2024-11-25,50.72,52.86,50.69,52.48,11667537,,
2024-11-26,52.43,55.36,52.43,55.19,14193276,,
2024-11-27,55.21,55.54,53.36,54.04,13606394,,
2024-11-29,54.42,55.67,54.17,55.17,3646585,,
2024-12-02,55.31,55.87,54.93,55.50,7134410,,
2024-12-03,55.26,56.02,53.05,54.19,7114697,,
2024-12-04,54.87,54.87,53.36,54.68,5517042,,
2024-12-05,54.69,55.80,54.38,54.50,4122600,,
2024-12-06,54.73,54.94,53.42,53.72,4975009,,
2024-12-09,53.64,54.27,53.39,53.47,4133846,,
2024-12-10,53.51,53.66,51.63,52.02,4366165,,
2024-12-11,52.68,53.21,52.28,52.83,3414398,,
2024-12-12,52.83,52.94,49.12,49.88,13066345,,
2024-12-13,50.06,50.09,48.90,49.22,10579502,,
2024-12-16,48.78,50.34,48.41,49.36,7134807,,
2024-12-17,49.28,49.89,48.81,48.86,5183646,,
2024-12-18,50.22,50.79,47.69,48.03,7343047,,
2024-12-19,46.80,47.10,44.91,45.06,17911965,,
2024-12-20,44.75,46.45,44.59,45.53,16844965,,
2024-12-23,45.36,46.57,45.36,46.53,5439118,,
2024-12-24,46.38,46.67,46.20,46.64,2000508,,
2024-12-26,46.49,47.01,46.46,46.64,2839158,,
2024-12-27,46.39,46.57,45.65,45.88,5506061,,
2024-12-30,45.09,45.46,44.46,45.06,5834562,,
2024-12-31,45.10,45.70,44.88,45.07,5206137,,
2025-01-02,45.25,47.51,45.25,46.76,6975650,,
2025-01-03,46.90,48.47,46.90,48.43,5484232,,
2025-01-06,49.36,51.00,49.33,49.62,8775194,,
2025-01-07,49.78,50.36,48.97,49.03,5982209,,
2025-01-08,48.45,49.02,47.91,48.42,6107762,,
2025-01-10,47.70,48.21,46.33,47.48,6156316,,
2025-01-13,46.68,47.56,46.38,46.88,5228231,,
2025-01-14,47.22,47.77,46.80,47.42,5924923,,
2025-01-15,48.42,49.71,48.37,48.85,6624129,,
2025-01-16,48.63,49.18,47.93,48.56,7025527,,
2025-01-17,49.38,50.14,48.22,49.16,9473342,,
2025-01-21,49.61,51.54,49.35,50.97,9321329,,
2025-01-22,51.78,53.28,51.61,51.87,12357482,,
2025-01-23,51.10,52.14,50.99,51.91,9339719,,
2025-01-24,52.09,52.49,50.91,50.95,7999520,,
2025-01-27,49.59,49.59,47.57,48.68,10044348,,
2025-01-28,48.81,48.90,46.73,47.52,9649036,,
2025-01-29,48.17,48.49,47.16,47.47,14111912,,
2025-01-30,50.23,51.09,48.15,49.72,21901207,,
2025-01-31,49.28,51.37,49.00,49.23,10873605,,
2025-02-03,48.40,50.10,48.03,48.69,8414015,,
2025-02-04,48.25,49.33,47.85,48.23,6841233,,
2025-02-05,48.23,49.33,47.93,48.92,7064291,,
2025-02-06,49.06,49.49,48.50,48.74,4065844,,
2025-02-07,48.93,49.55,48.05,48.72,5050420,,
2025-02-10,49.58,52.43,49.50,52.18,13865305,,
2025-02-11,52.00,53.44,51.45,52.09,12215656,,
2025-02-12,51.56,52.17,50.11,50.85,10940549,,
2025-02-13,50.91,51.61,50.39,51.07,7400465,,
2025-02-14,51.30,52.06,51.00,51.69,7511862,,
2025-02-18,53.07,54.49,52.83,54.44,12388043,,
2025-02-19,54.16,54.62,53.80,54.04,6930271,,
2025-02-20,54.04,54.23,52.84,53.89,6119404,,
2025-02-21,54.16,54.16,51.22,51.94,11982940,,
2025-02-24,52.61,52.67,48.23,49.02,18354400,,1.323
2025-02-25,48.71,51.13,48.71,49.07,11679700,,
2025-02-26,49.77,50.71,48.77,50.16,8546700,,
2025-02-27,50.49,51.48,48.11,48.20,9392100,,
2025-02-28,48.33,50.08,48.00,48.93,9268600,,
2025-03-03,49.54,49.83,46.50,47.01,8841500,,
2025-03-04,46.21,46.35,44.25,44.63,11765400,,
2025-03-05,44.66,44.69,43.25,44.20,7615500,,
2025-03-06,42.92,43.12,41.36,41.45,11790200,,
2025-03-07,41.49,42.48,40.41,41.70,12084700,,
2025-03-10,40.68,40.89,39.42,40.54,10563700,,
2025-03-11,40.40,42.84,40.31,41.80,9283700,,
2025-03-12,42.61,43.70,42.26,42.96,5998300,,
2025-03-13,42.57,43.04,41.71,42.03,5495100,,
2025-03-14,43.19,44.85,42.95,44.53,7882100,,
2025-03-17,44.56,45.44,44.42,44.75,5734100,,
2025-03-18,44.54,44.56,43.67,44.34,5205800,,
2025-03-19,44.37,45.43,44.15,44.90,3603100,,
2025-03-20,44.26,45.53,44.25,44.51,4910100,,
2025-03-21,43.89,44.11,43.18,43.66,7712800,,
2025-03-24,44.70,44.86,43.45,44.31,5619600,,
2025-03-25,44.09,44.28,42.54,43.39,8749500,,
2025-03-26,43.50,43.63,42.21,42.62,7243700,,
2025-03-27,42.20,42.91,41.86,41.91,4909700,,
2025-03-28,41.40,41.99,40.49,40.62,4640100,,
2025-03-31,39.79,40.51,39.10,40.43,8212200,,
2025-04-01,40.10,40.97,39.85,40.89,5292700,,
2025-04-02,40.32,42.23,40.26,41.78,5017500,,
2025-04-03,38.76,38.90,34.01,34.15,21307200,,
2025-04-04,32.71,33.10,29.76,30.54,22939100,,
2025-04-07,29.62,33.41,28.83,31.16,14472100,,
2025-04-08,32.65,34.78,30.72,31.55,17547200,,
2025-04-09,31.34,37.37,30.57,36.30,20134800,,
2025-04-10,35.80,36.12,33.71,34.87,15245500,,
2025-04-11,34.36,35.07,33.42,34.40,8654100,,
2025-04-14,36.46,36.62,35.28,35.82,9947400,,
2025-04-15,35.81,36.33,35.48,35.93,6199500,,
2025-04-16,35.79,36.25,35.00,35.62,7265300,,
2025-04-17,36.18,36.70,35.51,36.51,7393300,,
2025-04-21,36.09,36.28,35.51,35.96,6676600,,
2025-04-22,36.36,37.00,35.98,36.68,5086900,,
2025-04-23,38.33,39.10,37.47,37.70,5526000,,
2025-04-24,38.23,40.36,38.19,40.17,5943900,,
2025-04-25,40.20,41.07,39.90,40.78,4158500,,
2025-04-28,40.59,41.13,40.18,40.91,5916400,,
2025-04-29,40.71,41.25,40.59,40.62,6871700,,
2025-04-30,42.98,44.07,41.83,43.86,15906000,,
2025-05-01,44.70,45.15,43.86,43.95,9378300,,
2025-05-02,44.99,45.38,44.48,44.69,8263300,,
2025-05-05,43.95,45.61,43.95,45.03,7522000,,
2025-05-06,44.58,44.91,44.11,44.29,4952400,,
2025-05-07,44.41,44.66,43.60,44.30,7564600,,
2025-05-08,44.95,45.13,44.17,44.30,5320500,,
2025-05-09,44.66,45.23,43.88,44.10,4960100,,
2025-05-12,46.88,47.49,46.40,46.57,6957400,,
2025-05-13,47.05,49.87,46.68,49.01,8113500,,
2025-05-14,48.83,49.84,48.58,49.20,8649600,,
2025-05-15,49.17,49.77,48.81,49.75,8249400,,
2025-05-16,50.00,50.27,49.54,49.99,4955600,,
2025-05-19,49.06,50.80,49.02,50.72,5283200,,
2025-05-20,50.72,51.59,50.35,50.63,4930400,,
2025-05-21,50.13,51.26,49.33,49.49,7278800,,
2025-05-22,49.56,51.09,49.28,49.84,5802900,,
2025-05-23,49.22,50.39,49.00,50.18,5763200,,
2025-05-27,51.07,51.99,50.62,51.82,6374500,,
2025-05-28,51.77,52.79,51.64,52.35,6782100,,
2025-05-29,53.22,53.35,51.99,52.55,4570900,,
2025-05-30,52.03,52.41,51.25,51.55,7402800,,
2025-06-02,51.43,52.41,51.17,52.19,4214600,,
2025-06-03,52.34,53.92,51.88,53.77,5635300,,
2025-06-04,54.00,54.76,53.47,54.43,4739600,0.1,
2025-06-05,54.88,55.61,54.22,55.05,10981500,,
2025-06-06,55.91,56.75,55.42,55.45,5952100,,
2025-06-09,56.53,57.46,56.08,57.02,6549900,,
2025-06-10,57.20,57.39,55.57,55.95,7168100,,
2025-06-11,56.41,56.84,55.18,55.67,4411400,,
2025-06-12,55.28,56.05,55.13,55.78,3608800,,
2025-06-13,54.85,56.27,54.60,55.70,10554500,,
2025-06-16,56.49,57.69,56.27,57.41,5552500,,
2025-06-17,58.08,60.59,57.88,58.57,9616500,,
2025-06-18,58.69,59.93,58.53,59.19,6647400,,
2025-06-20,59.88,59.94,58.97,59.29,9426300,,
2025-06-23,59.00,60.51,58.66,60.38,4627000,,
2025-06-24,60.79,62.32,60.57,62.07,6021000,,
2025-06-25,62.53,62.89,62.13,62.55,4530300,,
2025-06-26,62.65,63.76,62.53,63.51,5930300,,
2025-06-27,63.51,63.66,62.65,63.29,6642300,,
2025-06-30,63.60,64.34,63.11,63.99,6074400,,
2025-07-01,63.68,64.21,62.94,63.84,5360800,,
2025-07-02,63.64,65.93,63.01,65.78,7125000,,
2025-07-03,65.93,66.83,65.77,66.08,5162100,,
2025-07-07,65.80,66.13,64.96,65.22,6232200,,
2025-07-08,65.93,66.00,63.67,64.02,8355200,,
2025-07-09,64.34,65.12,64.16,64.64,8534200,,
2025-07-10,64.96,65.61,64.58,65.06,3916700,,
2025-07-11,64.75,66.63,64.23,66.14,5339200,,
2025-07-14,66.04,67.35,65.24,66.93,5100300,,
2025-07-15,67.95,68.06,67.17,67.53,6334700,,
2025-07-16,67.53,67.60,65.80,66.53,4780100,,
2025-07-17,66.51,67.68,66.35,67.02,6211300,,
2025-07-18,67.86,68.52,67.27,68.00,4275300,,
2025-07-21,68.19,68.77,67.70,68.74,4128000,,
2025-07-22,68.53,68.77,66.04,67.06,5096700,,
2025-07-23,67.61,69.60,67.58,69.32,7210600,,
2025-07-24,69.20,69.62,68.34,69.02,8054300,,
2025-07-25,69.25,69.72,66.51,68.82,7880400,,
2025-07-28,69.40,69.62,68.67,68.99,4508800,,
2025-07-29,69.45,71.31,69.41,70.61,8861400,,
2025-07-30,69.45,71.81,69.30,71.43,13984000,,
2025-07-31,74.25,78.80,73.25,78.69,24012700,,
2025-08-01,75.71,77.02,74.49,76.55,8789800,,
2025-08-04,77.77,78.02,76.05,77.29,5097400,,
2025-08-05,77.94,78.21,74.21,75.84,5898200,,
2025-08-06,75.93,76.46,73.51,73.78,7647000,,
2025-08-07,73.71,74.61,73.44,74.44,6938300,,
2025-08-08,74.93,75.80,74.49,74.97,4983600,,
2025-08-11,75.32,76.67,74.37,74.64,7304300,,
2025-08-12,74.90,75.93,74.62,75.91,7694700,,
2025-08-13,76.28,77.18,75.67,76.07,5298600,,
2025-08-14,75.28,76.61,74.72,76.24,6621400,,
2025-08-15,76.50,76.58,74.54,75.06,4258400,,
2025-08-18,74.79,76.42,74.63,76.29,5191900,,
2025-08-19,75.90,76.46,75.11,75.86,3770800,,
2025-08-20,75.68,75.68,73.14,75.64,5478100,,
2025-08-21,75.75,76.00,74.42,74.66,5490400,,
2025-08-22,74.78,77.35,74.57,76.97,6521300,,
2025-08-25,76.97,79.84,76.70,79.22,5401400,,
2025-08-26,79.10,80.30,79.10,79.71,8724600,,
2025-08-27,80.25,80.80,79.55,80.67,5536600,,
2025-08-28,80.90,82.16,80.70,82.04,4557500,,
2025-08-29,81.57,82.32,79.80,80.34,5004400,,
2025-09-02,78.52,81.94,77.90,81.91,5777800,,
2025-09-03,84.10,86.28,83.34,86.00,12194800,,
2025-09-04,86.39,90.90,85.92,90.49,13542500,0.1,
2025-09-05,92.49,93.10,91.43,92.04,20310400,,
2025-09-08,92.54,93.50,91.65,93.29,8499400,,
2025-09-09,93.00,95.37,92.70,94.54,7195000,,
2025-09-10,95.89,96.18,93.92,95.02,8398400,,
2025-09-11,96.87,97.78,94.41,96.15,6985100,,
2025-09-12,96.21,98.86,95.98,97.66,6753100,,
2025-09-15,100.45,103.78,100.00,102.39,12523300,,
2025-09-16,102.53,103.98,101.44,103.09,8734900,,
2025-09-17,102.23,102.40,99.72,100.94,8787600,,
2025-09-18,102.46,106.11,102.00,105.15,10389100,,
2025-09-19,105.88,107.18,105.32,106.63,11030700,,
2025-09-22,107.21,112.83,107.21,112.41,9686300,,
2025-09-23,112.48,113.76,109.40,110.25,7375500,,
2025-09-24,110.84,112.81,108.91,109.69,8412700,,
2025-09-25,106.62,108.70,106.29,107.21,8499400,,
2025-09-26,107.47,108.06,105.42,106.88,5520000,,
2025-09-29,112.02,118.14,111.83,116.74,14023900,,
2025-09-30,117.81,122.59,117.45,120.06,13861700,,
2025-10-01,118.18,131.12,117.51,130.59,18540400,,
2025-10-02,136.01,137.40,128.43,131.26,15306200,,
2025-10-03,131.74,136.22,129.93,131.31,8465900,,
2025-10-06,135.00,136.20,124.94,125.28,13060300,,
2025-10-07,127.47,127.64,117.81,119.93,13674300,,
2025-10-08,120.77,123.30,119.41,121.18,7191700,,
2025-10-09,119.78,120.84,118.00,119.70,6234300,,
2025-10-10,120.00,121.95,115.03,115.42,7046200,,
2025-10-13,122.25,122.56,116.01,118.86,8388900,,
2025-10-14,116.11,117.28,112.52,113.13,7844200,,
2025-10-15,116.70,120.64,113.50,120.44,9943300,,
2025-10-16,123.27,130.40,122.40,125.92,13878600,,
2025-10-17,124.87,129.12,123.45,126.20,6868400,,
2025-10-20,128.94,132.00,119.85,121.53,10172200,,
2025-10-21,121.47,121.99,119.60,121.41,4594400,,
2025-10-22,121.17,125.12,117.23,120.47,9033800,,
2025-10-23,121.95,126.72,121.72,125.72,7263500,,
2025-10-24,129.40,133.54,129.03,129.43,6546400,,
2025-10-27,133.00,133.10,123.22,126.67,7249300,,
2025-10-28,126.70,126.82,121.85,124.92,7031900,,
2025-10-29,131.43,145.68,131.25,141.38,18267300,,
2025-10-30,137.76,142.00,135.01,138.13,13870700,,
2025-10-31,155.50,157.65,140.15,150.21,20139900,,
2025-11-03,152.07,160.21,148.05,158.02,13275400,,
2025-11-04,151.34,155.18,150.02,152.18,8870900,,
2025-11-05,153.20,165.39,152.98,160.10,9749000,,
2025-11-06,159.99,167.50,159.80,163.60,8419200,,
2025-11-07,159.76,163.24,152.81,162.96,9652800,,
2025-11-10,169.97,176.23,169.32,174.22,11230700,,
2025-11-11,171.55,178.45,169.64,169.99,9244000,,
2025-11-12,169.73,175.62,165.03,166.11,9868300,,
2025-11-13,162.45,164.88,154.78,157.16,10238600,,
2025-11-14,150.58,161.68,150.08,157.83,9677800,,
2025-11-17,155.51,167.49,155.51,162.45,8774200,,
2025-11-18,158.36,161.32,150.75,152.86,9321300,,
2025-11-19,152.86,156.64,150.08,153.97,6499100,,
2025-11-20,162.68,163.78,137.63,140.23,11373600,,
2025-11-21,140.54,141.49,132.43,139.19,11191100,,
2025-11-24,142.55,152.70,142.55,150.93,10818400,,
2025-11-25,150.00,156.01,147.70,155.41,5467700,,
2025-11-26,156.98,161.31,156.36,157.74,4853800,,
2025-11-28,160.00,163.67,156.79,163.33,3232100,,
2025-12-01,160.20,165.25,157.23,163.54,7882200,,
2025-12-02,167.00,169.72,156.27,159.99,7657400,,
2025-12-03,159.52,159.55,151.42,155.59,6756400,,
2025-12-04,154.91,161.53,153.01,161.00,6303300,0.125,
2025-12-05,162.00,169.47,162.00,168.89,5815300,,
2025-12-08,170.93,173.00,166.75,169.78,4272200,,
2025-12-09,169.70,171.85,166.88,169.54,3709900,,
2025-12-10,169.71,182.47,168.90,181.95,7966000,,
2025-12-11,176.82,188.77,173.45,187.20,7468900,,
2025-12-12,184.34,185.82,170.02,176.34,9677900,,
2025-12-15,178.29,180.98,171.82,172.04,5781900,,
2025-12-16,172.08,177.38,170.74,174.58,5857000,,
2025-12-17,179.90,181.67,165.47,166.26,6693100,,
2025-12-18,174.80,181.49,174.43,175.01,9147100,,
2025-12-19,176.83,185.27,175.68,181.08,36269600,,
2025-12-22,186.47,187.18,171.85,176.76,8685200,,
2025-12-23,175.52,178.40,174.50,178.25,3721100,,
2025-12-24,179.21,182.55,177.78,179.56,3067000,,
2025-12-26,182.31,182.52,178.19,181.54,3351600,,
2025-12-29,179.00,184.77,176.70,179.68,3906300,,
2025-12-30,180.27,181.46,175.26,176.06,6008000,,
2025-12-31,176.77,177.00,171.26,172.27,3552200,,
2026-01-02,177.20,187.77,176.70,187.70,6808300,,
2026-01-05,193.17,195.86,182.80,187.88,9826700,,
2026-01-06,189.62,221.23,188.36,219.38,17178400,,
2026-01-07,211.99,212.85,195.12,199.88,14305000,,
2026-01-08,200.51,200.90,180.70,187.68,11902300,,
2026-01-09,187.85,200.92,186.00,200.46,9887700,,
2026-01-12,193.50,213.43,193.50,212.14,7465400,,
2026-01-13,209.26,218.00,208.48,214.00,6485600,,
2026-01-14,214.00,218.52,210.14,215.00,5611900,,
2026-01-15,223.90,230.48,221.00,222.10,7536200,,
2026-01-16,228.79,229.99,216.83,221.51,8972800,,
2026-01-20,220.80,230.27,220.00,222.97,7125400,,
2026-01-21,228.01,244.90,226.10,241.90,9447100,,
2026-01-22,246.71,247.94,228.35,243.29,8926900,,
2026-01-23,240.75,243.25,232.20,236.39,6115700,,
2026-01-26,236.10,250.44,234.32,240.85,7128300,,
2026-01-27,244.09,256.50,243.70,252.66,7483000,,
2026-01-28,263.45,284.00,260.80,279.70,16090500,,
2026-01-29,285.00,285.42,268.35,278.41,15770500,,
2026-01-30,278.24,283.70,237.58,250.23,21695100,,
2026-02-02,243.76,275.70,241.37,270.23,16019300,,
2026-02-03,279.51,296.50,271.70,290.24,15378400,,
2026-02-04,285.37,294.99,254.33,269.41,14795800,,
2026-02-05,256.07,269.88,254.91,260.19,10663900,,
2026-02-06,270.49,283.93,262.00,282.58,9913300,,
2026-02-09,279.79,295.43,271.53,285.99,8044900,,
2026-02-10,280.03,283.82,260.75,262.56,9560700,,
2026-02-11,275.08,279.79,266.34,273.74,9362700,,
2026-02-12,285.00,307.50,283.00,284.10,16651700,,
2026-02-13,273.09,289.66,266.46,281.58,9901700,,
2026-02-17,277.36,288.34,272.00,284.11,5524200,,
2026-02-18,289.00,309.90,284.79,296.56,12173000,,
2026-02-19,295.03,299.52,281.68,284.67,10399800,,
2026-02-20,278.04,297.50,278.04,285.52,10510500,,
2026-02-23,283.62,294.82,278.18,280.42,8617300,,
2026-02-24,281.94,284.00,267.85,270.57,8679700,,
2026-02-25,280.50,297.56,280.14,290.95,10801200,,
2026-02-26,286.15,290.00,270.56,282.25,10841400,,
2026-02-27,275.80,287.83,274.10,279.70,9899000,,
2026-03-02,270.50,283.92,261.50,270.08,7408700,,
2026-03-03,254.57,257.04,244.24,250.61,9983000,,
2026-03-04,257.00,272.76,254.10,261.30,9724800,,
2026-03-05,257.05,269.61,251.67,259.03,6296300,0.125,
2026-03-06,249.98,259.16,244.20,245.25,6352700,,
2026-03-09,239.19,262.16,238.00,262.06,10377400,,
2026-03-10,268.45,280.75,265.65,266.22,9668000,,
2026-03-11,269.80,273.00,263.76,268.81,5672200,,
2026-03-12,265.66,268.80,257.30,261.18,5426400,,
2026-03-13,265.98,278.44,265.34,272.29,8201200,,
2026-03-16,282.79,289.87,278.77,286.21,8565000,,
2026-03-17,288.32,314.92,284.72,313.81,14247500,,
2026-03-18,309.55,319.62,300.60,304.90,12453900,,
2026-03-19,292.07,319.20,289.03,316.93,9092000,,
2026-03-20,309.52,312.99,291.18,293.10,12877100,,
2026-03-23,298.61,316.93,283.16,294.79,8990500,,
2026-03-24,294.52,301.35,280.20,301.05,7194700,,
2026-03-25,292.00,300.72,280.75,296.14,7642100,,
2026-03-26,286.79,291.81,272.83,273.35,9726800,,
2026-03-27,274.90,282.50,270.00,275.34,6956000,,
2026-03-30,282.43,286.87,249.06,251.67,9063600,,
2026-03-31,259.00,271.09,254.50,270.49,8781900,,
2026-04-01,280.50,304.95,280.50,297.73,12920000,,
2026-04-02,278.17,298.15,278.00,294.97,7860400,,
2026-04-06,303.18,311.59,299.14,304.15,8532200,,
2026-04-07,297.83,312.20,295.73,311.96,5891600,,
2026-04-08,335.00,348.00,331.66,338.78,9163500,,
2026-04-09,343.88,345.10,329.50,337.88,6391800,,
2026-04-10,343.95,349.75,330.00,343.43,6122600,,
2026-04-13,341.55,351.87,339.50,350.16,5429400,,
2026-04-14,358.75,366.30,341.50,366.22,7301100,,
2026-04-15,362.00,365.49,351.61,365.00,6438800,,
2026-04-16,362.51,368.40,353.11,361.69,5887400,,
2026-04-17,370.35,378.98,366.18,372.52,5627500,,
2026-04-20,375.99,380.65,366.40,374.11,5410700,,
2026-04-21,377.00,389.71,369.50,383.81,6125700,,
2026-04-22,398.57,402.00,381.76,389.10,7001900,,
2026-04-23,387.00,416.37,385.81,403.12,6774800,,
2026-04-24,410.11,414.50,400.05,404.00,5603000,,
2026-04-27,411.73,414.00,396.28,400.73,5788200,,
2026-04-28,384.18,396.33,374.02,390.99,7285500,,
2026-04-29,424.35,441.99,410.05,412.76,10458100,,
2026-04-30,427.13,438.86,422.00,434.52,11700600,,
2026-05-01,406.22,446.62,404.00,431.52,15485300,,
2026-05-04,430.73,453.83,428.51,442.36,10175700,,
2026-05-05,455.80,480.11,455.19,465.26,9794500,,
2026-05-06,472.00,483.87,448.99,483.15,8338900,,
2026-05-07,472.02,475.57,450.28,463.91,7162900,,
2026-05-08,475.06,483.66,469.32,480.00,7929800,,
2026-05-11,489.03,525.15,488.00,515.83,10022600,,
2026-05-12,497.85,508.60,466.80,488.74,7773000,,
2026-05-13,503.32,503.66,475.37,494.09,5772800,,
2026-05-14,484.76,507.97,480.34,489.15,5540900,,
2026-05-15,470.75,486.41,465.00,482.02,7014400,,
2026-05-18,485.34,487.00,441.67,458.68,8996700,,
2026-05-19,441.70,464.23,434.00,455.80,5891600,,
2026-05-20,469.38,469.65,456.18,459.62,5311700,,
2026-05-21,458.93,487.29,458.87,486.46,5046800,,
2026-05-22,488.43,489.99,478.55,484.28,4492800,,
2026-05-26,504.83,536.12,500.50,524.65,7552500,,
2026-05-27,538.97,546.68,521.70,530.60,6263200,,
2026-05-28,540.51,553.50,527.43,531.18,6002800,,
2026-05-29,542.30,544.26,518.68,531.21,8383500,,
2026-06-01,536.00,564.14,534.27,546.20,6240900,,
2026-06-02,559.00,571.18,541.00,563.10,5029100,,
2026-06-03,571.25,602.54,571.25,594.11,7846100,,
2026-06-04,566.01,594.00,564.56,575.50,6488200,,
2026-06-05,545.25,554.16,511.33,511.72,9009200,0.15,
2026-06-08,540.21,540.21,519.05,526.93,6226300,,
2026-06-09,535.50,545.41,480.87,517.72,7278700,,
2026-06-10,502.70,515.22,484.50,490.09,5978300,,
2026-06-11,497.77,529.72,489.00,529.29,6334600,,
2026-06-12,541.99,572.29,531.96,562.93,6285300,,
2026-06-15,618.78,658.80,612.00,653.53,9522900,,
2026-06-16,686.78,729.92,667.35,681.08,15860100,,
2026-06-17,695.48,741.85,694.12,712.13,13569100,,
2026-06-18,764.15,799.87,739.11,746.23,16683900,,
2026-06-22,772.75,779.80,726.60,732.62,13160100,,
2026-06-23,665.21,682.53,653.00,670.75,12684400,,
2026-06-24,658.46,665.00,612.41,643.83,12214400,,
2026-06-25,729.00,729.00,658.50,675.39,11717600,,
2026-06-26,643.15,647.42,579.51,586.45,23404400,,
2026-06-29,600.56,652.98,590.00,651.88,11268900,,
2026-06-30,632.44,663.98,630.30,638.72,9277300,,
2026-07-01,604.56,617.39,585.80,598.37,7934200,,
2026-07-02,595.50,609.47,525.84,539.00,8925700,,
2026-07-06,567.00,601.00,563.61,577.46,7600700,,
2026-07-07,532.40,550.00,510.37,532.10,7993500,,
2026-07-08,526.00,562.76,526.00,550.30,6870000,,
2026-07-09,594.14,601.50,574.00,578.05,6868500,,
2026-07-10,564.00,585.20,562.76,582.59,4814100,,
2026-07-13,551.67,559.99,532.16,555.55,4780800,,
2026-07-14,587.65,589.65,559.11,563.32,5293200,,
2026-07-15,562.64,569.35,496.50,513.84,7926900,,
2026-07-16,486.68,498.72,453.94,466.81,10527000,,
2026-07-17,451.13,492.93,430.52,477.22,11777100,,
2026-07-20,491.36,505.99,485.28,487.42,5403500,,
2026-07-21,528.81,553.63,517.01,548.39,7449100,,
2026-07-22,525.74,564.43,525.02,556.67,5435000,,
2026-07-23,555.72,576.37,554.00,558.30,5689300,,
2026-07-24,538.50,552.00,509.56,519.80,4775600,,
2026-07-27,523.00,531.29,471.32,497.92,6217000,,
2026-07-28,466.09,467.26,422.11,463.51,10511900,,
2026-07-29,480.40,499.19,456.72,462.04,9231500,,
2026-07-30,511.65,547.07,507.00,533.04,8408800,,
2026-07-31,569.11,580.00,530.55,544.84,9502300,,
2026-08-03,524.36,539.43,501.27,527.22,8257300,,
2026-08-04,555.01,559.84,537.29,548.56,7781500,,
